0
SECTION
2
HEADER
0
ENDSEC
0
SECTION
2
TABLES
0
TABLE
2
LTYPE
0
LTYPE
72
65
70
64
2
CONTINUOUS
3
______
73
0
40
0
0
ENDTAB
0
TABLE
2
LAYER
0
ENDTAB
0
ENDSEC
0
SECTION
2
ENTITIES
0
CIRCLE
8
0
10
0
20
0
40
21
0
CIRCLE
8
0
10
0
20
0
40
21
0
LINE
8
0
10
00
20
-0.7853982
11
00
21
0.7853982
0
LINE
8
0
10
-0.7853982
20
00
11
0.7853982
21
00
0
LINE
8
0
10
00
20
-0.7853982
11
00
21
0.7853982
0
LINE
8
0
10
-0.7853982
20
00
11
0.7853982
21
00
0
LINE
8
0
10
00
20
-0.7853982
11
00
21
0.7853982
0
LINE
8
0
10
-0.7853982
20
00
11
0.7853982
21
00
0
LINE
8
0
10
00
20
-0.7853982
11
00
21
0.7853982
0
LINE
8
0
10
-0.7853982
20
00
11
0.7853982
21
00
0
LINE
8
layer0
10
27.5489749
20
-4.3396711
11
27.7509531
21
-4.2135436
0
LINE
8
layer0
10
27.7509531
20
-4.2135436
11
27.9454808
21
-4.0976547
0
LINE
8
layer0
10
27.9454808
20
-4.0976547
11
28.1342498
21
-3.9904955
0
LINE
8
layer0
10
28.1342498
20
-3.9904955
11
28.3120136
21
-3.8944484
0
LINE
8
layer0
10
28.3120136
20
-3.8944484
11
28.4837379
21
-3.8062467
0
LINE
8
layer0
10
28.4837379
20
-3.8062467
11
28.6476554
21
-3.7263716
0
LINE
8
layer0
10
28.6476554
20
-3.7263716
11
28.8006324
21
-3.6557697
0
LINE
8
layer0
10
28.8006324
20
-3.6557697
11
28.9442448
21
-3.5930659
0
LINE
8
layer0
10
28.9442448
20
-3.5930659
11
29.1528435
21
-3.5078343
0
LINE
8
layer0
10
29.1528435
20
-3.5078343
11
29.2001849
21
-3.4837524
0
LINE
8
layer0
10
29.2001849
20
-3.4837524
11
29.2347656
21
-3.459488
0
LINE
8
layer0
10
29.2347656
20
-3.459488
11
29.2565831
21
-3.4355547
0
LINE
8
layer0
10
29.2565831
20
-3.4355547
11
29.2656868
21
-3.4124803
0
LINE
8
layer0
10
29.2656868
20
-3.4124803
11
29.2611608
21
-3.3677559
0
LINE
8
layer0
10
29.2611608
20
-3.3677559
11
29.2194559
21
-3.0174426
0
LINE
8
layer0
10
29.2194559
20
-3.0174426
11
29.1821632
21
-2.6666323
0
LINE
8
layer0
10
29.1821632
20
-2.6666323
11
29.1766236
21
-2.622022
0
LINE
8
layer0
10
29.1766236
20
-2.622022
11
29.1626135
21
-2.6015519
0
LINE
8
layer0
10
29.1626135
20
-2.6015519
11
29.1360174
21
-2.5830736
0
LINE
8
layer0
10
29.1360174
20
-2.5830736
11
29.0969044
21
-2.5671125
0
LINE
8
layer0
10
29.0969044
20
-2.5671125
11
29.0453912
21
-2.5541687
0
LINE
8
layer0
10
29.0453912
20
-2.5541687
11
28.8230567
21
-2.5174917
0
LINE
8
layer0
10
28.8230567
20
-2.5174917
11
28.6690921
21
-2.4883168
0
LINE
8
layer0
10
28.6690921
20
-2.4883168
11
28.5042401
21
-2.4535256
0
LINE
8
layer0
10
28.5042401
20
-2.4535256
11
28.3266585
21
-2.4121281
0
LINE
8
layer0
10
28.3266585
20
-2.4121281
11
28.139613
21
-2.3643502
0
LINE
8
layer0
10
28.139613
20
-2.3643502
11
27.9449335
21
-2.3102673
0
LINE
8
layer0
10
27.9449335
20
-2.3102673
11
27.7370522
21
-2.2477998
0
LINE
8
layer0
10
27.7370522
20
-2.2477998
11
27.521614
21
-2.178103
0
LINE
8
layer0
10
27.521614
20
-2.178103
11
27.2966339
21
-2.1000822
0
LINE
8
layer0
10
27.2966339
20
-2.1000822
11
27.0701775
21
-2.0162472
0
ARC
8
layer0
10
56.0000021
20
-4e-7
40
29
50
182.4418208
51
183.9867484
0
LINE
8
layer0
10
27.0263341
20
-1.2355429
11
27.24198
21
-1.12688
0
LINE
8
layer0
10
27.24198
20
-1.12688
11
27.45681
21
-1.02416
0
LINE
8
layer0
10
27.45681
20
-1.02416
11
27.66309
21
-0.93078
0
LINE
8
layer0
10
27.66309
20
-0.93078
11
27.86267
21
-0.84543
0
LINE
8
layer0
10
27.86267
20
-0.84543
11
28.05007
21
-0.76989
0
LINE
8
layer0
10
28.05007
20
-0.76989
11
28.23059
21
-0.70147
0
LINE
8
layer0
10
28.23059
20
-0.70147
11
28.40242
21
-0.64045
0
LINE
8
layer0
10
28.40242
20
-0.64045
11
28.56234
21
-0.58742
0
LINE
8
layer0
10
28.56234
20
-0.58742
11
28.71207
21
-0.54119
0
LINE
8
layer0
10
28.71207
20
-0.54119
11
28.9289
21
-0.47985
0
LINE
8
layer0
10
28.9289
20
-0.47985
11
28.97864
21
-0.46122
0
LINE
8
layer0
10
28.97864
20
-0.46122
11
29.01572
21
-0.44098
0
LINE
8
layer0
10
29.01572
20
-0.44098
11
29.04008
21
-0.41964
0
LINE
8
layer0
10
29.04008
20
-0.41964
11
29.05171
21
-0.39773
0
LINE
8
layer0
10
29.05171
20
-0.39773
11
29.05222
21
-0.35278
0
LINE
8
layer0
10
29.05222
20
-0.35278
11
29.05
21
0
0
LINE
8
layer0
10
29.05
20
0
11
29.05222
21
0.35278
0
LINE
8
layer0
10
29.05222
20
0.35278
11
29.05171
21
0.39773
0
LINE
8
layer0
10
29.05171
20
0.39773
11
29.04008
21
0.41964
0
LINE
8
layer0
10
29.04008
20
0.41964
11
29.01572
21
0.44098
0
LINE
8
layer0
10
29.01572
20
0.44098
11
28.97864
21
0.46122
0
LINE
8
layer0
10
28.97864
20
0.46122
11
28.9289
21
0.47985
0
LINE
8
layer0
10
28.9289
20
0.47985
11
28.71207
21
0.54119
0
LINE
8
layer0
10
28.71207
20
0.54119
11
28.56234
21
0.58742
0
LINE
8
layer0
10
28.56234
20
0.58742
11
28.40242
21
0.64045
0
LINE
8
layer0
10
28.40242
20
0.64045
11
28.23059
21
0.70147
0
LINE
8
layer0
10
28.23059
20
0.70147
11
28.05007
21
0.76989
0
LINE
8
layer0
10
28.05007
20
0.76989
11
27.86267
21
0.84543
0
LINE
8
layer0
10
27.86267
20
0.84543
11
27.66309
21
0.93078
0
LINE
8
layer0
10
27.66309
20
0.93078
11
27.45681
21
1.02416
0
LINE
8
layer0
10
27.45681
20
1.02416
11
27.24198
21
1.12688
0
LINE
8
layer0
10
27.24198
20
1.12688
11
27.0263341
21
1.2355429
0
ARC
8
layer0
10
56.0000021
20
3e-7
40
29
50
176.0132514
51
177.558179
0
LINE
8
layer0
10
27.0701775
20
2.0162472
11
27.2966339
21
2.1000822
0
LINE
8
layer0
10
27.2966339
20
2.1000822
11
27.521614
21
2.178103
0
LINE
8
layer0
10
27.521614
20
2.178103
11
27.7370522
21
2.2477998
0
LINE
8
layer0
10
27.7370522
20
2.2477998
11
27.9449335
21
2.3102673
0
LINE
8
layer0
10
27.9449335
20
2.3102673
11
28.139613
21
2.3643502
0
LINE
8
layer0
10
28.139613
20
2.3643502
11
28.3266585
21
2.4121281
0
LINE
8
layer0
10
28.3266585
20
2.4121281
11
28.5042401
21
2.4535256
0
LINE
8
layer0
10
28.5042401
20
2.4535256
11
28.6690921
21
2.4883168
0
LINE
8
layer0
10
28.6690921
20
2.4883168
11
28.8230567
21
2.5174917
0
LINE
8
layer0
10
28.8230567
20
2.5174917
11
29.0453912
21
2.5541687
0
LINE
8
layer0
10
29.0453912
20
2.5541687
11
29.0969044
21
2.5671125
0
LINE
8
layer0
10
29.0969044
20
2.5671125
11
29.1360174
21
2.5830736
0
LINE
8
layer0
10
29.1360174
20
2.5830736
11
29.1626135
21
2.6015519
0
LINE
8
layer0
10
29.1626135
20
2.6015519
11
29.1766236
21
2.622022
0
LINE
8
layer0
10
29.1766236
20
2.622022
11
29.1821632
21
2.6666323
0
LINE
8
layer0
10
29.1821632
20
2.6666323
11
29.2194559
21
3.0174426
0
LINE
8
layer0
10
29.2194559
20
3.0174426
11
29.2611608
21
3.3677559
0
LINE
8
layer0
10
29.2611608
20
3.3677559
11
29.2656868
21
3.4124803
0
LINE
8
layer0
10
29.2656868
20
3.4124803
11
29.2565831
21
3.4355547
0
LINE
8
layer0
10
29.2565831
20
3.4355547
11
29.2347656
21
3.459488
0
LINE
8
layer0
10
29.2347656
20
3.459488
11
29.2001849
21
3.4837524
0
LINE
8
layer0
10
29.2001849
20
3.4837524
11
29.1528435
21
3.5078343
0
LINE
8
layer0
10
29.1528435
20
3.5078343
11
28.9442448
21
3.5930659
0
LINE
8
layer0
10
28.9442448
20
3.5930659
11
28.8006324
21
3.6557697
0
LINE
8
layer0
10
28.8006324
20
3.6557697
11
28.6476554
21
3.7263716
0
LINE
8
layer0
10
28.6476554
20
3.7263716
11
28.4837379
21
3.8062467
0
LINE
8
layer0
10
28.4837379
20
3.8062467
11
28.3120136
21
3.8944484
0
LINE
8
layer0
10
28.3120136
20
3.8944484
11
28.1342498
21
3.9904955
0
LINE
8
layer0
10
28.1342498
20
3.9904955
11
27.9454808
21
4.0976547
0
LINE
8
layer0
10
27.9454808
20
4.0976547
11
27.7509531
21
4.2135436
0
LINE
8
layer0
10
27.7509531
20
4.2135436
11
27.5489749
21
4.3396711
0
LINE
8
layer0
10
27.5489749
20
4.3396711
11
27.3468514
21
4.4717954
0
ARC
8
layer0
10
56.000002
20
-9e-7
40
29
50
169.584678
51
171.1296056
0
LINE
8
layer0
10
27.4778302
20
5.2426819
11
27.7122492
21
5.3006347
0
LINE
8
layer0
10
27.7122492
20
5.3006347
11
27.9445503
21
5.3529751
0
LINE
8
layer0
10
27.9445503
20
5.3529751
11
28.1664375
21
5.3981123
0
LINE
8
layer0
10
28.1664375
20
5.3981123
11
28.3800057
21
5.4369116
0
LINE
8
layer0
10
28.3800057
20
5.4369116
11
28.5795165
21
5.4688573
0
LINE
8
layer0
10
28.5795165
20
5.4688573
11
28.7707353
21
5.4953924
0
LINE
8
layer0
10
28.7707353
20
5.4953924
11
28.9518354
21
5.5166467
0
LINE
8
layer0
10
28.9518354
20
5.5166467
11
29.1195462
21
5.5327616
0
LINE
8
layer0
10
29.1195462
20
5.5327616
11
29.2758093
21
5.5445144
0
LINE
8
layer0
10
29.2758093
20
5.5445144
11
29.5008523
21
5.5560673
0
LINE
8
layer0
10
29.5008523
20
5.5560673
11
29.5534908
21
5.563162
0
LINE
8
layer0
10
29.5534908
20
5.563162
11
29.594145
21
5.5746435
0
LINE
8
layer0
10
29.594145
20
5.5746435
11
29.6226428
21
5.5900278
0
LINE
8
layer0
10
29.6226428
20
5.5900278
11
29.6388566
21
5.6088006
0
LINE
8
layer0
10
29.6388566
20
5.6088006
11
29.6493562
21
5.6525101
0
LINE
8
layer0
10
29.6493562
20
5.6525101
11
29.7256928
21
5.9969392
0
LINE
8
layer0
10
29.7256928
20
5.9969392
11
29.806358
21
6.3403802
0
LINE
8
layer0
10
29.806358
20
6.3403802
11
29.8158631
21
6.3843167
0
LINE
8
layer0
10
29.8158631
20
6.3843167
11
29.8094002
21
6.4082653
0
LINE
8
layer0
10
29.8094002
20
6.4082653
11
29.7903995
21
6.4344909
0
LINE
8
layer0
10
29.7903995
20
6.4344909
11
29.758753
21
6.4624745
0
LINE
8
layer0
10
29.758753
20
6.4624745
11
29.7144057
21
6.4917056
0
LINE
8
layer0
10
29.7144057
20
6.4917056
11
29.5166615
21
6.5997569
0
LINE
8
layer0
10
29.5166615
20
6.5997569
11
29.3809727
21
6.6781459
0
LINE
8
layer0
10
29.3809727
20
6.6781459
11
29.2368625
21
6.7654319
0
LINE
8
layer0
10
29.2368625
20
6.7654319
11
29.0829188
21
6.8631577
0
LINE
8
layer0
10
29.0829188
20
6.8631577
11
28.9221497
21
6.9700318
0
LINE
8
layer0
10
28.9221497
20
6.9700318
11
28.7562575
21
7.0853783
0
LINE
8
layer0
10
28.7562575
20
7.0853783
11
28.5806735
21
7.2129991
0
LINE
8
layer0
10
28.5806735
20
7.2129991
11
28.4003444
21
7.3499395
0
LINE
8
layer0
10
28.4003444
20
7.3499395
11
28.213758
21
7.4978882
0
LINE
8
layer0
10
28.213758
20
7.4978882
11
28.0276986
21
7.6518125
0
ARC
8
layer0
10
56.0000023
20
7e-7
40
29
50
163.1561101
51
164.7010378
0
LINE
8
layer0
10
28.2441658
20
8.4031868
11
28.4835994
21
8.4345286
0
LINE
8
layer0
10
28.4835994
20
8.4345286
11
28.7203002
21
8.4605305
0
LINE
8
layer0
10
28.7203002
20
8.4605305
11
28.9458459
21
8.4805403
0
LINE
8
layer0
10
28.9458459
20
8.4805403
11
29.1624154
21
8.4951837
0
LINE
8
layer0
10
29.1624154
20
8.4951837
11
29.3642484
21
8.5045903
0
LINE
8
layer0
10
29.3642484
20
8.5045903
11
29.557236
21
8.5095488
0
LINE
8
layer0
10
29.557236
20
8.5095488
11
29.7395771
21
8.5103928
0
LINE
8
layer0
10
29.7395771
20
8.5103928
11
29.9080376
21
8.5076287
0
LINE
8
layer0
10
29.9080376
20
8.5076287
11
30.064634
21
8.5018117
0
LINE
8
layer0
10
30.064634
20
8.5018117
11
30.2895556
21
8.4880951
0
LINE
8
layer0
10
30.2895556
20
8.4880951
11
30.3426574
21
8.4892516
0
LINE
8
layer0
10
30.3426574
20
8.4892516
11
30.3843415
21
8.496109
0
LINE
8
layer0
10
30.3843415
20
8.496109
11
30.4143826
21
8.5082059
0
LINE
8
layer0
10
30.4143826
20
8.5082059
11
30.4325964
21
8.5250452
0
LINE
8
layer0
10
30.4325964
20
8.5250452
11
30.4479238
21
8.5673043
0
LINE
8
layer0
10
30.4479238
20
8.5673043
11
30.5623442
21
8.9010207
0
LINE
8
layer0
10
30.5623442
20
8.9010207
11
30.6809555
21
9.2332707
0
LINE
8
layer0
10
30.6809555
20
9.2332707
11
30.6953202
21
9.2758667
0
LINE
8
layer0
10
30.6953202
20
9.2758667
11
30.6915792
21
9.3003883
0
LINE
8
layer0
10
30.6915792
20
9.3003883
11
30.6756344
21
9.3285764
0
LINE
8
layer0
10
30.6756344
20
9.3285764
11
30.64732
21
9.3599273
0
LINE
8
layer0
10
30.64732
20
9.3599273
11
30.6065244
21
9.3939399
0
LINE
8
layer0
10
30.6065244
20
9.3939399
11
30.4221215
21
9.5234521
0
LINE
8
layer0
10
30.4221215
20
9.5234521
11
30.2960626
21
9.6165406
0
LINE
8
layer0
10
30.2960626
20
9.6165406
11
30.1626315
21
9.7194129
0
LINE
8
layer0
10
30.1626315
20
9.7194129
11
30.0205977
21
9.8337605
0
LINE
8
layer0
10
30.0205977
20
9.8337605
11
29.8728055
21
9.957963
0
LINE
8
layer0
10
29.8728055
20
9.957963
11
29.7208711
21
10.0911582
0
LINE
8
layer0
10
29.7208711
20
10.0911582
11
29.5606802
21
10.2376358
0
LINE
8
layer0
10
29.5606802
20
10.2376358
11
29.3968174
21
10.3939056
0
LINE
8
layer0
10
29.3968174
20
10.3939056
11
29.2279692
21
10.5618151
0
LINE
8
layer0
10
29.2279692
20
10.5618151
11
29.0603137
21
10.7356036
0
ARC
8
layer0
10
56.0000012
20
-0.0000025
40
29
50
156.7275325
51
158.2724601
0
LINE
8
layer0
10
29.3595471
20
11.4580168
11
29.6009844
21
11.4623534
0
LINE
8
layer0
10
29.6009844
20
11.4623534
11
29.839108
21
11.4616897
0
LINE
8
layer0
10
29.839108
20
11.4616897
11
30.065476
21
11.4563207
0
LINE
8
layer0
10
30.065476
20
11.4563207
11
30.2823233
21
11.4466238
0
LINE
8
layer0
10
30.2823233
20
11.4466238
11
30.4839405
21
11.4333732
0
LINE
8
layer0
10
30.4839405
20
11.4333732
11
30.6762697
21
11.4166928
0
LINE
8
layer0
10
30.6762697
20
11.4166928
11
30.8575587
21
11.3971157
0
LINE
8
layer0
10
30.8575587
20
11.3971157
11
31.0246505
21
11.3755074
0
LINE
8
layer0
10
31.0246505
20
11.3755074
11
31.1796111
21
11.3521938
0
LINE
8
layer0
10
31.1796111
20
11.3521938
11
31.4015826
21
11.3133802
0
LINE
8
layer0
10
31.4015826
20
11.3133802
11
31.45448
21
11.3085839
0
LINE
8
layer0
10
31.45448
20
11.3085839
11
31.4966697
21
11.3107311
0
LINE
8
layer0
10
31.4966697
20
11.3107311
11
31.5278764
21
11.3193883
0
LINE
8
layer0
10
31.5278764
20
11.3193883
11
31.5478611
21
11.3340825
0
LINE
8
layer0
10
31.5478611
20
11.3340825
11
31.5678237
21
11.3743598
0
LINE
8
layer0
10
31.5678237
20
11.3743598
11
31.718889
21
11.6931668
0
LINE
8
layer0
10
31.718889
20
11.6931668
11
31.8739547
21
12.0100473
0
LINE
8
layer0
10
31.8739547
20
12.0100473
11
31.8929982
21
12.0507672
0
LINE
8
layer0
10
31.8929982
20
12.0507672
11
31.8920264
21
12.0755535
0
LINE
8
layer0
10
31.8920264
20
12.0755535
11
31.8793378
21
12.1053496
0
LINE
8
layer0
10
31.8793378
20
12.1053496
11
31.8547117
21
12.1396736
0
LINE
8
layer0
10
31.8547117
20
12.1396736
11
31.8179808
21
12.17804
0
LINE
8
layer0
10
31.8179808
20
12.17804
11
31.6492381
21
12.3273844
0
LINE
8
layer0
10
31.6492381
20
12.3273844
11
31.5343945
21
12.4340016
0
LINE
8
layer0
10
31.5343945
20
12.4340016
11
31.4133204
21
12.5511667
0
LINE
8
layer0
10
31.4133204
20
12.5511667
11
31.2849825
21
12.6806981
0
LINE
8
layer0
10
31.2849825
20
12.6806981
11
31.152026
21
12.8206671
0
LINE
8
layer0
10
31.152026
20
12.8206671
11
31.01596
21
12.9700361
0
LINE
8
layer0
10
31.01596
20
12.9700361
11
30.8731766
21
13.1335283
0
LINE
8
layer0
10
30.8731766
20
13.1335283
11
30.7278408
21
13.3071623
0
LINE
8
layer0
10
30.7278408
20
13.3071623
11
30.5788542
21
13.492921
0
LINE
8
layer0
10
30.5788542
20
13.492921
11
30.431711
21
13.6843882
0
ARC
8
layer0
10
56.0000008
20
-0.0000028
40
29
50
150.2989607
51
151.8438883
0
LINE
8
layer0
10
30.8099475
20
14.3687555
11
31.0503522
21
14.3460325
0
LINE
8
layer0
10
31.0503522
20
14.3460325
11
31.2869043
21
14.3187116
0
LINE
8
layer0
10
31.2869043
20
14.3187116
11
31.5112478
21
14.2880311
0
LINE
8
layer0
10
31.5112478
20
14.2880311
11
31.7256459
21
14.2541161
0
LINE
8
layer0
10
31.7256459
20
14.2541161
11
31.9245117
21
14.2183748
0
LINE
8
layer0
10
31.9245117
20
14.2183748
11
32.113764
21
14.1802652
0
LINE
8
layer0
10
32.113764
20
14.1802652
11
32.2917212
21
14.1405133
0
LINE
8
layer0
10
32.2917212
20
14.1405133
11
32.455343
21
14.1003325
0
LINE
8
layer0
10
32.455343
20
14.1003325
11
32.6067189
21
14.0598154
0
LINE
8
layer0
10
32.6067189
20
14.0598154
11
32.8229489
21
13.9963929
0
LINE
8
layer0
10
32.8229489
20
13.9963929
11
32.8749768
21
13.9857041
0
LINE
8
layer0
10
32.8749768
20
13.9857041
11
32.9171416
21
13.9831141
0
LINE
8
layer0
10
32.9171416
20
13.9831141
11
32.9491214
21
13.9882229
0
LINE
8
layer0
10
32.9491214
20
13.9882229
11
32.9706256
21
14.0005871
0
LINE
8
layer0
10
32.9706256
20
14.0005871
11
32.9949723
21
14.038376
0
LINE
8
layer0
10
32.9949723
20
14.038376
11
33.1807828
21
14.3382645
0
LINE
8
layer0
10
33.1807828
20
14.3382645
11
33.3703528
21
14.6357907
0
LINE
8
layer0
10
33.3703528
20
14.6357907
11
33.3938358
21
14.6741223
0
LINE
8
layer0
10
33.3938358
20
14.6741223
11
33.3956453
21
14.6988616
0
LINE
8
layer0
10
33.3956453
20
14.6988616
11
33.3863726
21
14.729891
0
LINE
8
layer0
10
33.3863726
20
14.729891
11
33.3657444
21
14.7667564
0
LINE
8
layer0
10
33.3657444
20
14.7667564
11
33.3335401
21
14.8089942
0
LINE
8
layer0
10
33.3335401
20
14.8089942
11
33.1825798
21
14.9762927
0
LINE
8
layer0
10
33.1825798
20
14.9762927
11
33.0803956
21
15.095098
0
LINE
8
layer0
10
33.0803956
20
15.095098
11
32.9732011
21
15.2250823
0
LINE
8
layer0
10
32.9732011
20
15.2250823
11
32.8601731
21
15.3681685
0
LINE
8
layer0
10
32.8601731
20
15.3681685
11
32.7437241
21
15.5221438
0
LINE
8
layer0
10
32.7437241
20
15.5221438
11
32.6252377
21
15.6858081
0
LINE
8
layer0
10
32.6252377
20
15.6858081
11
32.5016574
21
15.864259
0
LINE
8
layer0
10
32.5016574
20
15.864259
11
32.3766763
21
16.0530737
0
LINE
8
layer0
10
32.3766763
20
16.0530737
11
32.2494249
21
16.2543457
0
LINE
8
layer0
10
32.2494249
20
16.2543457
11
32.1246444
21
16.4610837
0
ARC
8
layer0
10
56.0000015
20
-0.0000014
40
29
50
143.8703929
51
145.4153205
0
LINE
8
layer0
10
32.5771274
20
17.0987989
11
32.8134764
21
17.0493019
0
LINE
8
layer0
10
32.8134764
20
17.0493019
11
33.0454821
21
16.9956673
0
LINE
8
layer0
10
33.0454821
20
16.9956673
11
33.2649798
21
16.9400613
0
LINE
8
layer0
10
33.2649798
20
16.9400613
11
33.4742326
21
16.8823545
0
LINE
8
layer0
10
33.4742326
20
16.8823545
11
33.6678462
21
16.8245721
0
LINE
8
layer0
10
33.6678462
20
16.8245721
11
33.8516416
21
16.7655126
0
LINE
8
layer0
10
33.8516416
20
16.7655126
11
34.0240291
21
16.7060857
0
LINE
8
layer0
10
34.0240291
20
16.7060857
11
34.1821232
21
16.6478377
0
LINE
8
layer0
10
34.1821232
20
16.6478377
11
34.3280108
21
16.5906267
0
LINE
8
layer0
10
34.3280108
20
16.5906267
11
34.5357802
21
16.5033929
0
LINE
8
layer0
10
34.5357802
20
16.5033929
11
34.5862841
21
16.4869461
0
LINE
8
layer0
10
34.5862841
20
16.4869461
11
34.6278938
21
16.4796513
0
LINE
8
layer0
10
34.6278938
20
16.4796513
11
34.6602445
21
16.4811474
0
LINE
8
layer0
10
34.6602445
20
16.4811474
11
34.6829979
21
16.4910262
0
LINE
8
layer0
10
34.6829979
20
16.4910262
11
34.7114225
21
16.5258515
0
LINE
8
layer0
10
34.7114225
20
16.5258515
11
34.9296415
21
16.8030502
0
LINE
8
layer0
10
34.9296415
20
16.8030502
11
35.1513319
21
17.0774805
0
LINE
8
layer0
10
35.1513319
20
17.0774805
11
35.1789591
21
17.1129418
0
LINE
8
layer0
10
35.1789591
20
17.1129418
11
35.183527
21
17.1373229
0
LINE
8
layer0
10
35.183527
20
17.1373229
11
35.1777869
21
17.1691954
0
LINE
8
layer0
10
35.1777869
20
17.1691954
11
35.161416
21
17.2081387
0
LINE
8
layer0
10
35.161416
20
17.2081387
11
35.1341433
21
17.2537166
0
LINE
8
layer0
10
35.1341433
20
17.2537166
11
35.0028637
21
17.4368654
0
LINE
8
layer0
10
35.0028637
20
17.4368654
11
34.914624
21
17.5663646
0
LINE
8
layer0
10
34.914624
20
17.5663646
11
34.8226572
21
17.7075337
0
LINE
8
layer0
10
34.8226572
20
17.7075337
11
34.7263604
21
17.8623753
0
LINE
8
layer0
10
34.7263604
20
17.8623753
11
34.6278834
21
18.0284206
0
LINE
8
layer0
10
34.6278834
20
18.0284206
11
34.5284666
21
18.2043221
0
LINE
8
layer0
10
34.5284666
20
18.2043221
11
34.4256435
21
18.3954875
0
LINE
8
layer0
10
34.4256435
20
18.3954875
11
34.3225888
21
18.5971084
0
LINE
8
layer0
10
34.3225888
20
18.5971084
11
34.2186728
21
18.8113625
0
LINE
8
layer0
10
34.2186728
20
18.8113625
11
34.1178243
21
19.0307716
0
ARC
8
layer0
10
56.0000024
20
-3e-7
40
29
50
137.4418245
51
138.9867521
0
LINE
8
layer0
10
34.6388636
20
19.6138148
11
34.8681846
21
19.5381665
0
LINE
8
layer0
10
34.8681846
20
19.5381665
11
35.0927263
21
19.4588927
0
LINE
8
layer0
10
35.0927263
20
19.4588927
11
35.3046179
21
19.3790604
0
LINE
8
layer0
10
35.3046179
20
19.3790604
11
35.5060939
21
19.2982876
0
LINE
8
layer0
10
35.5060939
20
19.2982876
11
35.6920205
21
19.2191906
0
LINE
8
layer0
10
35.6920205
20
19.2191906
11
35.8680477
21
19.1399239
0
LINE
8
layer0
10
35.8680477
20
19.1399239
11
36.0326975
21
19.0615694
0
LINE
8
layer0
10
36.0326975
20
19.0615694
11
36.1832759
21
18.9859868
0
LINE
8
layer0
10
36.1832759
20
18.9859868
11
36.3218405
21
18.9128012
0
LINE
8
layer0
10
36.3218405
20
18.9128012
11
36.5185364
21
18.8028532
0
LINE
8
layer0
10
36.5185364
20
18.8028532
11
36.5668813
21
18.7808551
0
LINE
8
layer0
10
36.5668813
20
18.7808551
11
36.6074127
21
18.7689474
0
LINE
8
layer0
10
36.6074127
20
18.7689474
11
36.6397275
21
18.766812
0
LINE
8
layer0
10
36.6397275
20
18.766812
11
36.6634438
21
18.774081
0
LINE
8
layer0
10
36.6634438
20
18.774081
11
36.6955889
21
18.8055048
0
LINE
8
layer0
10
36.6955889
20
18.8055048
11
36.9434722
21
19.0565278
0
LINE
8
layer0
10
36.9434722
20
19.0565278
11
37.1944952
21
19.3044111
0
LINE
8
layer0
10
37.1944952
20
19.3044111
11
37.225919
21
19.3365562
0
LINE
8
layer0
10
37.225919
20
19.3365562
11
37.233188
21
19.3602725
0
LINE
8
layer0
10
37.233188
20
19.3602725
11
37.2310526
21
19.3925873
0
LINE
8
layer0
10
37.2310526
20
19.3925873
11
37.2191449
21
19.4331187
0
LINE
8
layer0
10
37.2191449
20
19.4331187
11
37.1971468
21
19.4814636
0
LINE
8
layer0
10
37.1971468
20
19.4814636
11
37.0871988
21
19.6781595
0
LINE
8
layer0
10
37.0871988
20
19.6781595
11
37.0140132
21
19.8167241
0
LINE
8
layer0
10
37.0140132
20
19.8167241
11
36.9384306
21
19.9673025
0
LINE
8
layer0
10
36.9384306
20
19.9673025
11
36.8600761
21
20.1319523
0
LINE
8
layer0
10
36.8600761
20
20.1319523
11
36.7808094
21
20.3079795
0
LINE
8
layer0
10
36.7808094
20
20.3079795
11
36.7017124
21
20.4939061
0
LINE
8
layer0
10
36.7017124
20
20.4939061
11
36.6209396
21
20.6953821
0
LINE
8
layer0
10
36.6209396
20
20.6953821
11
36.5411073
21
20.9072737
0
LINE
8
layer0
10
36.5411073
20
20.9072737
11
36.4618335
21
21.1318154
0
LINE
8
layer0
10
36.4618335
20
21.1318154
11
36.3861852
21
21.3611364
0
ARC
8
layer0
10
56.0000004
20
-0.0000024
40
29
50
131.0132479
51
132.5581755
0
LINE
8
layer0
10
36.9692284
20
21.8821757
11
37.1886375
21
21.7813272
0
LINE
8
layer0
10
37.1886375
20
21.7813272
11
37.4028916
21
21.6774112
0
LINE
8
layer0
10
37.4028916
20
21.6774112
11
37.6045125
21
21.5743565
0
LINE
8
layer0
10
37.6045125
20
21.5743565
11
37.7956779
21
21.4715334
0
LINE
8
layer0
10
37.7956779
20
21.4715334
11
37.9715794
21
21.3721166
0
LINE
8
layer0
10
37.9715794
20
21.3721166
11
38.1376247
21
21.2736396
0
LINE
8
layer0
10
38.1376247
20
21.2736396
11
38.2924663
21
21.1773428
0
LINE
8
layer0
10
38.2924663
20
21.1773428
11
38.4336354
21
21.085376
0
LINE
8
layer0
10
38.4336354
20
21.085376
11
38.5631346
21
20.9971363
0
LINE
8
layer0
10
38.5631346
20
20.9971363
11
38.7462834
21
20.8658567
0
LINE
8
layer0
10
38.7462834
20
20.8658567
11
38.7918613
21
20.838584
0
LINE
8
layer0
10
38.7918613
20
20.838584
11
38.8308046
21
20.8222131
0
LINE
8
layer0
10
38.8308046
20
20.8222131
11
38.8626771
21
20.816473
0
LINE
8
layer0
10
38.8626771
20
20.816473
11
38.8870582
21
20.8210409
0
LINE
8
layer0
10
38.8870582
20
20.8210409
11
38.9225195
21
20.8486681
0
LINE
8
layer0
10
38.9225195
20
20.8486681
11
39.1969498
21
21.0703585
0
LINE
8
layer0
10
39.1969498
20
21.0703585
11
39.4741485
21
21.2885775
0
LINE
8
layer0
10
39.4741485
20
21.2885775
11
39.5089738
21
21.3170021
0
LINE
8
layer0
10
39.5089738
20
21.3170021
11
39.5188526
21
21.3397555
0
LINE
8
layer0
10
39.5188526
20
21.3397555
11
39.5203487
21
21.3721062
0
LINE
8
layer0
10
39.5203487
20
21.3721062
11
39.5130539
21
21.4137159
0
LINE
8
layer0
10
39.5130539
20
21.4137159
11
39.4966071
21
21.4642198
0
LINE
8
layer0
10
39.4966071
20
21.4642198
11
39.4093733
21
21.6719892
0
LINE
8
layer0
10
39.4093733
20
21.6719892
11
39.3521623
21
21.8178768
0
LINE
8
layer0
10
39.3521623
20
21.8178768
11
39.2939143
21
21.9759709
0
LINE
8
layer0
10
39.2939143
20
21.9759709
11
39.2344874
21
22.1483584
0
LINE
8
layer0
10
39.2344874
20
22.1483584
11
39.1754279
21
22.3321538
0
LINE
8
layer0
10
39.1754279
20
22.3321538
11
39.1176455
21
22.5257674
0
LINE
8
layer0
10
39.1176455
20
22.5257674
11
39.0599387
21
22.7350202
0
LINE
8
layer0
10
39.0599387
20
22.7350202
11
39.0043327
21
22.9545179
0
LINE
8
layer0
10
39.0043327
20
22.9545179
11
38.9506981
21
23.1865236
0
LINE
8
layer0
10
38.9506981
20
23.1865236
11
38.9012011
21
23.4228726
0
ARC
8
layer0
10
56.0000013
20
-0.0000015
40
29
50
124.5846795
51
126.1296071
0
LINE
8
layer0
10
39.5389163
20
23.8753556
11
39.7456543
21
23.7505751
0
LINE
8
layer0
10
39.7456543
20
23.7505751
11
39.9469263
21
23.6233237
0
LINE
8
layer0
10
39.9469263
20
23.6233237
11
40.135741
21
23.4983426
0
LINE
8
layer0
10
40.135741
20
23.4983426
11
40.3141919
21
23.3747623
0
LINE
8
layer0
10
40.3141919
20
23.3747623
11
40.4778562
21
23.2562759
0
LINE
8
layer0
10
40.4778562
20
23.2562759
11
40.6318315
21
23.1398269
0
LINE
8
layer0
10
40.6318315
20
23.1398269
11
40.7749177
21
23.0267989
0
LINE
8
layer0
10
40.7749177
20
23.0267989
11
40.904902
21
22.9196044
0
LINE
8
layer0
10
40.904902
20
22.9196044
11
41.0237073
21
22.8174202
0
LINE
8
layer0
10
41.0237073
20
22.8174202
11
41.1910058
21
22.6664599
0
LINE
8
layer0
10
41.1910058
20
22.6664599
11
41.2332436
21
22.6342556
0
LINE
8
layer0
10
41.2332436
20
22.6342556
11
41.270109
21
22.6136274
0
LINE
8
layer0
10
41.270109
20
22.6136274
11
41.3011384
21
22.6043547
0
LINE
8
layer0
10
41.3011384
20
22.6043547
11
41.3258777
21
22.6061642
0
LINE
8
layer0
10
41.3258777
20
22.6061642
11
41.3642093
21
22.6296472
0
LINE
8
layer0
10
41.3642093
20
22.6296472
11
41.6617355
21
22.8192172
0
LINE
8
layer0
10
41.6617355
20
22.8192172
11
41.961624
21
23.0050277
0
LINE
8
layer0
10
41.961624
20
23.0050277
11
41.9994129
21
23.0293744
0
LINE
8
layer0
10
41.9994129
20
23.0293744
11
42.0117771
21
23.0508786
0
LINE
8
layer0
10
42.0117771
20
23.0508786
11
42.0168859
21
23.0828584
0
LINE
8
layer0
10
42.0168859
20
23.0828584
11
42.0142959
21
23.1250232
0
LINE
8
layer0
10
42.0142959
20
23.1250232
11
42.0036071
21
23.1770511
0
LINE
8
layer0
10
42.0036071
20
23.1770511
11
41.9401846
21
23.3932811
0
LINE
8
layer0
10
41.9401846
20
23.3932811
11
41.8996675
21
23.544657
0
LINE
8
layer0
10
41.8996675
20
23.544657
11
41.8594867
21
23.7082788
0
LINE
8
layer0
10
41.8594867
20
23.7082788
11
41.8197348
21
23.886236
0
LINE
8
layer0
10
41.8197348
20
23.886236
11
41.7816252
21
24.0754883
0
LINE
8
layer0
10
41.7816252
20
24.0754883
11
41.7458839
21
24.2743541
0
LINE
8
layer0
10
41.7458839
20
24.2743541
11
41.7119689
21
24.4887522
0
LINE
8
layer0
10
41.7119689
20
24.4887522
11
41.6812884
21
24.7130957
0
LINE
8
layer0
10
41.6812884
20
24.7130957
11
41.6539675
21
24.9496478
0
LINE
8
layer0
10
41.6539675
20
24.9496478
11
41.6312445
21
25.1900525
0
ARC
8
layer0
10
56.0000028
20
-8e-7
40
29
50
118.1561117
51
119.7010393
0
LINE
8
layer0
10
42.3156118
20
25.568289
11
42.507079
21
25.4211458
0
LINE
8
layer0
10
42.507079
20
25.4211458
11
42.6928377
21
25.2721592
0
LINE
8
layer0
10
42.6928377
20
25.2721592
11
42.8664717
21
25.1268234
0
LINE
8
layer0
10
42.8664717
20
25.1268234
11
43.0299639
21
24.98404
0
LINE
8
layer0
10
43.0299639
20
24.98404
11
43.1793329
21
24.847974
0
LINE
8
layer0
10
43.1793329
20
24.847974
11
43.3193019
21
24.7150175
0
LINE
8
layer0
10
43.3193019
20
24.7150175
11
43.4488333
21
24.5866796
0
LINE
8
layer0
10
43.4488333
20
24.5866796
11
43.5659984
21
24.4656055
0
LINE
8
layer0
10
43.5659984
20
24.4656055
11
43.6726156
21
24.3507619
0
LINE
8
layer0
10
43.6726156
20
24.3507619
11
43.82196
21
24.1820192
0
LINE
8
layer0
10
43.82196
20
24.1820192
11
43.8603264
21
24.1452883
0
LINE
8
layer0
10
43.8603264
20
24.1452883
11
43.8946504
21
24.1206622
0
LINE
8
layer0
10
43.8946504
20
24.1206622
11
43.9244465
21
24.1079736
0
LINE
8
layer0
10
43.9244465
20
24.1079736
11
43.9492328
21
24.1070018
0
LINE
8
layer0
10
43.9492328
20
24.1070018
11
43.9899527
21
24.1260453
0
LINE
8
layer0
10
43.9899527
20
24.1260453
11
44.3068332
21
24.281111
0
LINE
8
layer0
10
44.3068332
20
24.281111
11
44.6256402
21
24.4321763
0
LINE
8
layer0
10
44.6256402
20
24.4321763
11
44.6659175
21
24.4521389
0
LINE
8
layer0
10
44.6659175
20
24.4521389
11
44.6806117
21
24.4721236
0
LINE
8
layer0
10
44.6806117
20
24.4721236
11
44.6892689
21
24.5033303
0
LINE
8
layer0
10
44.6892689
20
24.5033303
11
44.6914161
21
24.54552
0
LINE
8
layer0
10
44.6914161
20
24.54552
11
44.6866198
21
24.5984174
0
LINE
8
layer0
10
44.6866198
20
24.5984174
11
44.6478062
21
24.8203889
0
LINE
8
layer0
10
44.6478062
20
24.8203889
11
44.6244926
21
24.9753495
0
LINE
8
layer0
10
44.6244926
20
24.9753495
11
44.6028843
21
25.1424413
0
LINE
8
layer0
10
44.6028843
20
25.1424413
11
44.5833072
21
25.3237303
0
LINE
8
layer0
10
44.5833072
20
25.3237303
11
44.5666268
21
25.5160595
0
LINE
8
layer0
10
44.5666268
20
25.5160595
11
44.5533762
21
25.7176767
0
LINE
8
layer0
10
44.5533762
20
25.7176767
11
44.5436793
21
25.934524
0
LINE
8
layer0
10
44.5436793
20
25.934524
11
44.5383103
21
26.160892
0
LINE
8
layer0
10
44.5383103
20
26.160892
11
44.5376466
21
26.3990156
0
LINE
8
layer0
10
44.5376466
20
26.3990156
11
44.5419832
21
26.6404529
0
ARC
8
layer0
10
56.0000025
20
-0.0000012
40
29
50
111.7275399
51
113.2724675
0
LINE
8
layer0
10
45.2643964
20
26.9396863
11
45.4381849
21
26.7720308
0
LINE
8
layer0
10
45.4381849
20
26.7720308
11
45.6060944
21
26.6031826
0
LINE
8
layer0
10
45.6060944
20
26.6031826
11
45.7623642
21
26.4393198
0
LINE
8
layer0
10
45.7623642
20
26.4393198
11
45.9088418
21
26.2791289
0
LINE
8
layer0
10
45.9088418
20
26.2791289
11
46.042037
21
26.1271945
0
LINE
8
layer0
10
46.042037
20
26.1271945
11
46.1662395
21
25.9794023
0
LINE
8
layer0
10
46.1662395
20
25.9794023
11
46.2805871
21
25.8373685
0
LINE
8
layer0
10
46.2805871
20
25.8373685
11
46.3834594
21
25.7039374
0
LINE
8
layer0
10
46.3834594
20
25.7039374
11
46.4765479
21
25.5778785
0
LINE
8
layer0
10
46.4765479
20
25.5778785
11
46.6060601
21
25.3934756
0
LINE
8
layer0
10
46.6060601
20
25.3934756
11
46.6400727
21
25.35268
0
LINE
8
layer0
10
46.6400727
20
25.35268
11
46.6714236
21
25.3243656
0
LINE
8
layer0
10
46.6714236
20
25.3243656
11
46.6996117
21
25.3084208
0
LINE
8
layer0
10
46.6996117
20
25.3084208
11
46.7241333
21
25.3046798
0
LINE
8
layer0
10
46.7241333
20
25.3046798
11
46.7667293
21
25.3190445
0
LINE
8
layer0
10
46.7667293
20
25.3190445
11
47.0989793
21
25.4376558
0
LINE
8
layer0
10
47.0989793
20
25.4376558
11
47.4326957
21
25.5520762
0
LINE
8
layer0
10
47.4326957
20
25.5520762
11
47.4749548
21
25.5674036
0
LINE
8
layer0
10
47.4749548
20
25.5674036
11
47.4917941
21
25.5856174
0
LINE
8
layer0
10
47.4917941
20
25.5856174
11
47.503891
21
25.6156585
0
LINE
8
layer0
10
47.503891
20
25.6156585
11
47.5107484
21
25.6573426
0
LINE
8
layer0
10
47.5107484
20
25.6573426
11
47.5119049
21
25.7104444
0
LINE
8
layer0
10
47.5119049
20
25.7104444
11
47.4981883
21
25.935366
0
LINE
8
layer0
10
47.4981883
20
25.935366
11
47.4923713
21
26.0919624
0
LINE
8
layer0
10
47.4923713
20
26.0919624
11
47.4896072
21
26.2604229
0
LINE
8
layer0
10
47.4896072
20
26.2604229
11
47.4904512
21
26.442764
0
LINE
8
layer0
10
47.4904512
20
26.442764
11
47.4954097
21
26.6357516
0
LINE
8
layer0
10
47.4954097
20
26.6357516
11
47.5048163
21
26.8375846
0
LINE
8
layer0
10
47.5048163
20
26.8375846
11
47.5194597
21
27.0541541
0
LINE
8
layer0
10
47.5194597
20
27.0541541
11
47.5394695
21
27.2796998
0
LINE
8
layer0
10
47.5394695
20
27.2796998
11
47.5654714
21
27.5164006
0
LINE
8
layer0
10
47.5654714
20
27.5164006
11
47.5968132
21
27.7558342
0
ARC
8
layer0
10
55.9999994
20
-0.0000023
40
29
50
105.2989622
51
106.8438899
0
LINE
8
layer0
10
48.3481875
20
27.9723014
11
48.5021118
21
27.786242
0
LINE
8
layer0
10
48.5021118
20
27.786242
11
48.6500605
21
27.5996556
0
LINE
8
layer0
10
48.6500605
20
27.5996556
11
48.7870009
21
27.4193265
0
LINE
8
layer0
10
48.7870009
20
27.4193265
11
48.9146217
21
27.2437425
0
LINE
8
layer0
10
48.9146217
20
27.2437425
11
49.0299682
21
27.0778503
0
LINE
8
layer0
10
49.0299682
20
27.0778503
11
49.1368423
21
26.9170812
0
LINE
8
layer0
10
49.1368423
20
26.9170812
11
49.2345681
21
26.7631375
0
LINE
8
layer0
10
49.2345681
20
26.7631375
11
49.3218541
21
26.6190273
0
LINE
8
layer0
10
49.3218541
20
26.6190273
11
49.4002431
21
26.4833385
0
LINE
8
layer0
10
49.4002431
20
26.4833385
11
49.5082944
21
26.2855943
0
LINE
8
layer0
10
49.5082944
20
26.2855943
11
49.5375255
21
26.241247
0
LINE
8
layer0
10
49.5375255
20
26.241247
11
49.5655091
21
26.2096005
0
LINE
8
layer0
10
49.5655091
20
26.2096005
11
49.5917347
21
26.1905998
0
LINE
8
layer0
10
49.5917347
20
26.1905998
11
49.6156833
21
26.1841369
0
LINE
8
layer0
10
49.6156833
20
26.1841369
11
49.6596198
21
26.193642
0
LINE
8
layer0
10
49.6596198
20
26.193642
11
50.0030608
21
26.2743072
0
LINE
8
layer0
10
50.0030608
20
26.2743072
11
50.3474899
21
26.3506438
0
LINE
8
layer0
10
50.3474899
20
26.3506438
11
50.3911994
21
26.3611434
0
LINE
8
layer0
10
50.3911994
20
26.3611434
11
50.4099722
21
26.3773572
0
LINE
8
layer0
10
50.4099722
20
26.3773572
11
50.4253565
21
26.405855
0
LINE
8
layer0
10
50.4253565
20
26.405855
11
50.436838
21
26.4465092
0
LINE
8
layer0
10
50.436838
20
26.4465092
11
50.4439327
21
26.4991477
0
LINE
8
layer0
10
50.4439327
20
26.4991477
11
50.4554856
21
26.7241907
0
LINE
8
layer0
10
50.4554856
20
26.7241907
11
50.4672384
21
26.8804538
0
LINE
8
layer0
10
50.4672384
20
26.8804538
11
50.4833533
21
27.0481646
0
LINE
8
layer0
10
50.4833533
20
27.0481646
11
50.5046076
21
27.2292647
0
LINE
8
layer0
10
50.5046076
20
27.2292647
11
50.5311427
21
27.4204835
0
LINE
8
layer0
10
50.5311427
20
27.4204835
11
50.5630884
21
27.6199943
0
LINE
8
layer0
10
50.5630884
20
27.6199943
11
50.6018877
21
27.8335625
0
LINE
8
layer0
10
50.6018877
20
27.8335625
11
50.6470249
21
28.0554497
0
LINE
8
layer0
10
50.6470249
20
28.0554497
11
50.6993653
21
28.2877508
0
LINE
8
layer0
10
50.6993653
20
28.2877508
11
50.7573181
21
28.5221698
0
ARC
8
layer0
10
56.0000009
20
-0.0000019
40
29
50
98.8703944
51
100.415322
0
LINE
8
layer0
10
51.5282046
20
28.6531486
11
51.6603289
21
28.4510251
0
LINE
8
layer0
10
51.6603289
20
28.4510251
11
51.7864564
21
28.2490469
0
LINE
8
layer0
10
51.7864564
20
28.2490469
11
51.9023453
21
28.0545192
0
LINE
8
layer0
10
51.9023453
20
28.0545192
11
52.0095045
21
27.8657502
0
LINE
8
layer0
10
52.0095045
20
27.8657502
11
52.1055516
21
27.6879864
0
LINE
8
layer0
10
52.1055516
20
27.6879864
11
52.1937533
21
27.5162621
0
LINE
8
layer0
10
52.1937533
20
27.5162621
11
52.2736284
21
27.3523446
0
LINE
8
layer0
10
52.2736284
20
27.3523446
11
52.3442303
21
27.1993676
0
LINE
8
layer0
10
52.3442303
20
27.1993676
11
52.4069341
21
27.0557552
0
LINE
8
layer0
10
52.4069341
20
27.0557552
11
52.4921657
21
26.8471565
0
LINE
8
layer0
10
52.4921657
20
26.8471565
11
52.5162476
21
26.7998151
0
LINE
8
layer0
10
52.5162476
20
26.7998151
11
52.540512
21
26.7652344
0
LINE
8
layer0
10
52.540512
20
26.7652344
11
52.5644453
21
26.7434169
0
LINE
8
layer0
10
52.5644453
20
26.7434169
11
52.5875197
21
26.7343132
0
LINE
8
layer0
10
52.5875197
20
26.7343132
11
52.6322441
21
26.7388392
0
LINE
8
layer0
10
52.6322441
20
26.7388392
11
52.9825574
21
26.7805441
0
LINE
8
layer0
10
52.9825574
20
26.7805441
11
53.3333677
21
26.8178368
0
LINE
8
layer0
10
53.3333677
20
26.8178368
11
53.377978
21
26.8233764
0
LINE
8
layer0
10
53.377978
20
26.8233764
11
53.3984481
21
26.8373865
0
LINE
8
layer0
10
53.3984481
20
26.8373865
11
53.4169264
21
26.8639826
0
LINE
8
layer0
10
53.4169264
20
26.8639826
11
53.4328875
21
26.9030956
0
LINE
8
layer0
10
53.4328875
20
26.9030956
11
53.4458313
21
26.9546088
0
LINE
8
layer0
10
53.4458313
20
26.9546088
11
53.4825083
21
27.1769433
0
LINE
8
layer0
10
53.4825083
20
27.1769433
11
53.5116832
21
27.3309079
0
LINE
8
layer0
10
53.5116832
20
27.3309079
11
53.5464744
21
27.4957599
0
LINE
8
layer0
10
53.5464744
20
27.4957599
11
53.5878719
21
27.6733415
0
LINE
8
layer0
10
53.5878719
20
27.6733415
11
53.6356498
21
27.860387
0
LINE
8
layer0
10
53.6356498
20
27.860387
11
53.6897327
21
28.0550665
0
LINE
8
layer0
10
53.6897327
20
28.0550665
11
53.7522002
21
28.2629478
0
LINE
8
layer0
10
53.7522002
20
28.2629478
11
53.821897
21
28.478386
0
LINE
8
layer0
10
53.821897
20
28.478386
11
53.8999178
21
28.7033661
0
LINE
8
layer0
10
53.8999178
20
28.7033661
11
53.9837528
21
28.9298225
0
ARC
8
layer0
10
55.9999996
20
-0.0000021
40
29
50
92.4418208
51
93.9867484
0
LINE
8
layer0
10
54.7644571
20
28.9736659
11
54.87312
21
28.75802
0
LINE
8
layer0
10
54.87312
20
28.75802
11
54.97584
21
28.54319
0
LINE
8
layer0
10
54.97584
20
28.54319
11
55.06922
21
28.33691
0
LINE
8
layer0
10
55.06922
20
28.33691
11
55.15457
21
28.13733
0
LINE
8
layer0
10
55.15457
20
28.13733
11
55.23011
21
27.94993
0
LINE
8
layer0
10
55.23011
20
27.94993
11
55.29853
21
27.76941
0
LINE
8
layer0
10
55.29853
20
27.76941
11
55.35955
21
27.59758
0
LINE
8
layer0
10
55.35955
20
27.59758
11
55.41258
21
27.43766
0
LINE
8
layer0
10
55.41258
20
27.43766
11
55.45881
21
27.28793
0
LINE
8
layer0
10
55.45881
20
27.28793
11
55.52015
21
27.0711
0
LINE
8
layer0
10
55.52015
20
27.0711
11
55.53878
21
27.02136
0
LINE
8
layer0
10
55.53878
20
27.02136
11
55.55902
21
26.98428
0
LINE
8
layer0
10
55.55902
20
26.98428
11
55.58036
21
26.95992
0
LINE
8
layer0
10
55.58036
20
26.95992
11
55.60227
21
26.94829
0
LINE
8
layer0
10
55.60227
20
26.94829
11
55.64722
21
26.94778
0
LINE
8
layer0
10
55.64722
20
26.94778
11
56
21
26.95
0
LINE
8
layer0
10
56
20
26.95
11
56.35278
21
26.94778
0
LINE
8
layer0
10
56.35278
20
26.94778
11
56.39773
21
26.94829
0
LINE
8
layer0
10
56.39773
20
26.94829
11
56.41964
21
26.95992
0
LINE
8
layer0
10
56.41964
20
26.95992
11
56.44098
21
26.98428
0
LINE
8
layer0
10
56.44098
20
26.98428
11
56.46122
21
27.02136
0
LINE
8
layer0
10
56.46122
20
27.02136
11
56.47985
21
27.0711
0
LINE
8
layer0
10
56.47985
20
27.0711
11
56.54119
21
27.28793
0
LINE
8
layer0
10
56.54119
20
27.28793
11
56.58742
21
27.43766
0
LINE
8
layer0
10
56.58742
20
27.43766
11
56.64045
21
27.59758
0
LINE
8
layer0
10
56.64045
20
27.59758
11
56.70147
21
27.76941
0
LINE
8
layer0
10
56.70147
20
27.76941
11
56.76989
21
27.94993
0
LINE
8
layer0
10
56.76989
20
27.94993
11
56.84543
21
28.13733
0
LINE
8
layer0
10
56.84543
20
28.13733
11
56.93078
21
28.33691
0
LINE
8
layer0
10
56.93078
20
28.33691
11
57.02416
21
28.54319
0
LINE
8
layer0
10
57.02416
20
28.54319
11
57.12688
21
28.75802
0
LINE
8
layer0
10
57.12688
20
28.75802
11
57.2355429
21
28.9736659
0
ARC
8
layer0
10
56.0000003
20
-0.0000021
40
29
50
86.0132514
51
87.558179
0
LINE
8
layer0
10
58.0162472
20
28.9298225
11
58.1000822
21
28.7033661
0
LINE
8
layer0
10
58.1000822
20
28.7033661
11
58.178103
21
28.478386
0
LINE
8
layer0
10
58.178103
20
28.478386
11
58.2477998
21
28.2629478
0
LINE
8
layer0
10
58.2477998
20
28.2629478
11
58.3102673
21
28.0550665
0
LINE
8
layer0
10
58.3102673
20
28.0550665
11
58.3643502
21
27.860387
0
LINE
8
layer0
10
58.3643502
20
27.860387
11
58.4121281
21
27.6733415
0
LINE
8
layer0
10
58.4121281
20
27.6733415
11
58.4535256
21
27.4957599
0
LINE
8
layer0
10
58.4535256
20
27.4957599
11
58.4883168
21
27.3309079
0
LINE
8
layer0
10
58.4883168
20
27.3309079
11
58.5174917
21
27.1769433
0
LINE
8
layer0
10
58.5174917
20
27.1769433
11
58.5541687
21
26.9546088
0
LINE
8
layer0
10
58.5541687
20
26.9546088
11
58.5671125
21
26.9030956
0
LINE
8
layer0
10
58.5671125
20
26.9030956
11
58.5830736
21
26.8639826
0
LINE
8
layer0
10
58.5830736
20
26.8639826
11
58.6015519
21
26.8373865
0
LINE
8
layer0
10
58.6015519
20
26.8373865
11
58.622022
21
26.8233764
0
LINE
8
layer0
10
58.622022
20
26.8233764
11
58.6666323
21
26.8178368
0
LINE
8
layer0
10
58.6666323
20
26.8178368
11
59.0174426
21
26.7805441
0
LINE
8
layer0
10
59.0174426
20
26.7805441
11
59.3677559
21
26.7388392
0
LINE
8
layer0
10
59.3677559
20
26.7388392
11
59.4124803
21
26.7343132
0
LINE
8
layer0
10
59.4124803
20
26.7343132
11
59.4355547
21
26.7434169
0
LINE
8
layer0
10
59.4355547
20
26.7434169
11
59.459488
21
26.7652344
0
LINE
8
layer0
10
59.459488
20
26.7652344
11
59.4837524
21
26.7998151
0
LINE
8
layer0
10
59.4837524
20
26.7998151
11
59.5078343
21
26.8471565
0
LINE
8
layer0
10
59.5078343
20
26.8471565
11
59.5930659
21
27.0557552
0
LINE
8
layer0
10
59.5930659
20
27.0557552
11
59.6557697
21
27.1993676
0
LINE
8
layer0
10
59.6557697
20
27.1993676
11
59.7263716
21
27.3523446
0
LINE
8
layer0
10
59.7263716
20
27.3523446
11
59.8062467
21
27.5162621
0
LINE
8
layer0
10
59.8062467
20
27.5162621
11
59.8944484
21
27.6879864
0
LINE
8
layer0
10
59.8944484
20
27.6879864
11
59.9904955
21
27.8657502
0
LINE
8
layer0
10
59.9904955
20
27.8657502
11
60.0976547
21
28.0545192
0
LINE
8
layer0
10
60.0976547
20
28.0545192
11
60.2135436
21
28.2490469
0
LINE
8
layer0
10
60.2135436
20
28.2490469
11
60.3396711
21
28.4510251
0
LINE
8
layer0
10
60.3396711
20
28.4510251
11
60.4717954
21
28.6531486
0
ARC
8
layer0
10
55.9999991
20
-0.000002
40
29
50
79.584678
51
81.1296056
0
LINE
8
layer0
10
61.2426819
20
28.5221698
11
61.3006347
21
28.2877508
0
LINE
8
layer0
10
61.3006347
20
28.2877508
11
61.3529751
21
28.0554497
0
LINE
8
layer0
10
61.3529751
20
28.0554497
11
61.3981123
21
27.8335625
0
LINE
8
layer0
10
61.3981123
20
27.8335625
11
61.4369116
21
27.6199943
0
LINE
8
layer0
10
61.4369116
20
27.6199943
11
61.4688573
21
27.4204835
0
LINE
8
layer0
10
61.4688573
20
27.4204835
11
61.4953924
21
27.2292647
0
LINE
8
layer0
10
61.4953924
20
27.2292647
11
61.5166467
21
27.0481646
0
LINE
8
layer0
10
61.5166467
20
27.0481646
11
61.5327616
21
26.8804538
0
LINE
8
layer0
10
61.5327616
20
26.8804538
11
61.5445144
21
26.7241907
0
LINE
8
layer0
10
61.5445144
20
26.7241907
11
61.5560673
21
26.4991477
0
LINE
8
layer0
10
61.5560673
20
26.4991477
11
61.563162
21
26.4465092
0
LINE
8
layer0
10
61.563162
20
26.4465092
11
61.5746435
21
26.405855
0
LINE
8
layer0
10
61.5746435
20
26.405855
11
61.5900278
21
26.3773572
0
LINE
8
layer0
10
61.5900278
20
26.3773572
11
61.6088006
21
26.3611434
0
LINE
8
layer0
10
61.6088006
20
26.3611434
11
61.6525101
21
26.3506438
0
LINE
8
layer0
10
61.6525101
20
26.3506438
11
61.9969392
21
26.2743072
0
LINE
8
layer0
10
61.9969392
20
26.2743072
11
62.3403802
21
26.193642
0
LINE
8
layer0
10
62.3403802
20
26.193642
11
62.3843167
21
26.1841369
0
LINE
8
layer0
10
62.3843167
20
26.1841369
11
62.4082653
21
26.1905998
0
LINE
8
layer0
10
62.4082653
20
26.1905998
11
62.4344909
21
26.2096005
0
LINE
8
layer0
10
62.4344909
20
26.2096005
11
62.4624745
21
26.241247
0
LINE
8
layer0
10
62.4624745
20
26.241247
11
62.4917056
21
26.2855943
0
LINE
8
layer0
10
62.4917056
20
26.2855943
11
62.5997569
21
26.4833385
0
LINE
8
layer0
10
62.5997569
20
26.4833385
11
62.6781459
21
26.6190273
0
LINE
8
layer0
10
62.6781459
20
26.6190273
11
62.7654319
21
26.7631375
0
LINE
8
layer0
10
62.7654319
20
26.7631375
11
62.8631577
21
26.9170812
0
LINE
8
layer0
10
62.8631577
20
26.9170812
11
62.9700318
21
27.0778503
0
LINE
8
layer0
10
62.9700318
20
27.0778503
11
63.0853783
21
27.2437425
0
LINE
8
layer0
10
63.0853783
20
27.2437425
11
63.2129991
21
27.4193265
0
LINE
8
layer0
10
63.2129991
20
27.4193265
11
63.3499395
21
27.5996556
0
LINE
8
layer0
10
63.3499395
20
27.5996556
11
63.4978882
21
27.786242
0
LINE
8
layer0
10
63.4978882
20
27.786242
11
63.6518125
21
27.9723014
0
ARC
8
layer0
10
56.0000007
20
-0.0000023
40
29
50
73.1561101
51
74.7010378
0
LINE
8
layer0
10
64.4031868
20
27.7558342
11
64.4345286
21
27.5164006
0
LINE
8
layer0
10
64.4345286
20
27.5164006
11
64.4605305
21
27.2796998
0
LINE
8
layer0
10
64.4605305
20
27.2796998
11
64.4805403
21
27.0541541
0
LINE
8
layer0
10
64.4805403
20
27.0541541
11
64.4951837
21
26.8375846
0
LINE
8
layer0
10
64.4951837
20
26.8375846
11
64.5045903
21
26.6357516
0
LINE
8
layer0
10
64.5045903
20
26.6357516
11
64.5095488
21
26.442764
0
LINE
8
layer0
10
64.5095488
20
26.442764
11
64.5103928
21
26.2604229
0
LINE
8
layer0
10
64.5103928
20
26.2604229
11
64.5076287
21
26.0919624
0
LINE
8
layer0
10
64.5076287
20
26.0919624
11
64.5018117
21
25.935366
0
LINE
8
layer0
10
64.5018117
20
25.935366
11
64.4880951
21
25.7104444
0
LINE
8
layer0
10
64.4880951
20
25.7104444
11
64.4892516
21
25.6573426
0
LINE
8
layer0
10
64.4892516
20
25.6573426
11
64.496109
21
25.6156585
0
LINE
8
layer0
10
64.496109
20
25.6156585
11
64.5082059
21
25.5856174
0
LINE
8
layer0
10
64.5082059
20
25.5856174
11
64.5250452
21
25.5674036
0
LINE
8
layer0
10
64.5250452
20
25.5674036
11
64.5673043
21
25.5520762
0
LINE
8
layer0
10
64.5673043
20
25.5520762
11
64.9010207
21
25.4376558
0
LINE
8
layer0
10
64.9010207
20
25.4376558
11
65.2332707
21
25.3190445
0
LINE
8
layer0
10
65.2332707
20
25.3190445
11
65.2758667
21
25.3046798
0
LINE
8
layer0
10
65.2758667
20
25.3046798
11
65.3003883
21
25.3084208
0
LINE
8
layer0
10
65.3003883
20
25.3084208
11
65.3285764
21
25.3243656
0
LINE
8
layer0
10
65.3285764
20
25.3243656
11
65.3599273
21
25.35268
0
LINE
8
layer0
10
65.3599273
20
25.35268
11
65.3939399
21
25.3934756
0
LINE
8
layer0
10
65.3939399
20
25.3934756
11
65.5234521
21
25.5778785
0
LINE
8
layer0
10
65.5234521
20
25.5778785
11
65.6165406
21
25.7039374
0
LINE
8
layer0
10
65.6165406
20
25.7039374
11
65.7194129
21
25.8373685
0
LINE
8
layer0
10
65.7194129
20
25.8373685
11
65.8337605
21
25.9794023
0
LINE
8
layer0
10
65.8337605
20
25.9794023
11
65.957963
21
26.1271945
0
LINE
8
layer0
10
65.957963
20
26.1271945
11
66.0911582
21
26.2791289
0
LINE
8
layer0
10
66.0911582
20
26.2791289
11
66.2376358
21
26.4393198
0
LINE
8
layer0
10
66.2376358
20
26.4393198
11
66.3939056
21
26.6031826
0
LINE
8
layer0
10
66.3939056
20
26.6031826
11
66.5618151
21
26.7720308
0
LINE
8
layer0
10
66.5618151
20
26.7720308
11
66.7356036
21
26.9396863
0
ARC
8
layer0
10
55.9999975
20
-0.0000012
40
29
50
66.7275325
51
68.2724601
0
LINE
8
layer0
10
67.4580168
20
26.6404529
11
67.4623534
21
26.3990156
0
LINE
8
layer0
10
67.4623534
20
26.3990156
11
67.4616897
21
26.160892
0
LINE
8
layer0
10
67.4616897
20
26.160892
11
67.4563207
21
25.934524
0
LINE
8
layer0
10
67.4563207
20
25.934524
11
67.4466238
21
25.7176767
0
LINE
8
layer0
10
67.4466238
20
25.7176767
11
67.4333732
21
25.5160595
0
LINE
8
layer0
10
67.4333732
20
25.5160595
11
67.4166928
21
25.3237303
0
LINE
8
layer0
10
67.4166928
20
25.3237303
11
67.3971157
21
25.1424413
0
LINE
8
layer0
10
67.3971157
20
25.1424413
11
67.3755074
21
24.9753495
0
LINE
8
layer0
10
67.3755074
20
24.9753495
11
67.3521938
21
24.8203889
0
LINE
8
layer0
10
67.3521938
20
24.8203889
11
67.3133802
21
24.5984174
0
LINE
8
layer0
10
67.3133802
20
24.5984174
11
67.3085839
21
24.54552
0
LINE
8
layer0
10
67.3085839
20
24.54552
11
67.3107311
21
24.5033303
0
LINE
8
layer0
10
67.3107311
20
24.5033303
11
67.3193883
21
24.4721236
0
LINE
8
layer0
10
67.3193883
20
24.4721236
11
67.3340825
21
24.4521389
0
LINE
8
layer0
10
67.3340825
20
24.4521389
11
67.3743598
21
24.4321763
0
LINE
8
layer0
10
67.3743598
20
24.4321763
11
67.6931668
21
24.281111
0
LINE
8
layer0
10
67.6931668
20
24.281111
11
68.0100473
21
24.1260453
0
LINE
8
layer0
10
68.0100473
20
24.1260453
11
68.0507672
21
24.1070018
0
LINE
8
layer0
10
68.0507672
20
24.1070018
11
68.0755535
21
24.1079736
0
LINE
8
layer0
10
68.0755535
20
24.1079736
11
68.1053496
21
24.1206622
0
LINE
8
layer0
10
68.1053496
20
24.1206622
11
68.1396736
21
24.1452883
0
LINE
8
layer0
10
68.1396736
20
24.1452883
11
68.17804
21
24.1820192
0
LINE
8
layer0
10
68.17804
20
24.1820192
11
68.3273844
21
24.3507619
0
LINE
8
layer0
10
68.3273844
20
24.3507619
11
68.4340016
21
24.4656055
0
LINE
8
layer0
10
68.4340016
20
24.4656055
11
68.5511667
21
24.5866796
0
LINE
8
layer0
10
68.5511667
20
24.5866796
11
68.6806981
21
24.7150175
0
LINE
8
layer0
10
68.6806981
20
24.7150175
11
68.8206671
21
24.847974
0
LINE
8
layer0
10
68.8206671
20
24.847974
11
68.9700361
21
24.98404
0
LINE
8
layer0
10
68.9700361
20
24.98404
11
69.1335283
21
25.1268234
0
LINE
8
layer0
10
69.1335283
20
25.1268234
11
69.3071623
21
25.2721592
0
LINE
8
layer0
10
69.3071623
20
25.2721592
11
69.492921
21
25.4211458
0
LINE
8
layer0
10
69.492921
20
25.4211458
11
69.6843882
21
25.568289
0
ARC
8
layer0
10
55.9999972
20
-8e-7
40
29
50
60.2989607
51
61.8438883
0
LINE
8
layer0
10
70.3687555
20
25.1900525
11
70.3460325
21
24.9496478
0
LINE
8
layer0
10
70.3460325
20
24.9496478
11
70.3187116
21
24.7130957
0
LINE
8
layer0
10
70.3187116
20
24.7130957
11
70.2880311
21
24.4887522
0
LINE
8
layer0
10
70.2880311
20
24.4887522
11
70.2541161
21
24.2743541
0
LINE
8
layer0
10
70.2541161
20
24.2743541
11
70.2183748
21
24.0754883
0
LINE
8
layer0
10
70.2183748
20
24.0754883
11
70.1802652
21
23.886236
0
LINE
8
layer0
10
70.1802652
20
23.886236
11
70.1405133
21
23.7082788
0
LINE
8
layer0
10
70.1405133
20
23.7082788
11
70.1003325
21
23.544657
0
LINE
8
layer0
10
70.1003325
20
23.544657
11
70.0598154
21
23.3932811
0
LINE
8
layer0
10
70.0598154
20
23.3932811
11
69.9963929
21
23.1770511
0
LINE
8
layer0
10
69.9963929
20
23.1770511
11
69.9857041
21
23.1250232
0
LINE
8
layer0
10
69.9857041
20
23.1250232
11
69.9831141
21
23.0828584
0
LINE
8
layer0
10
69.9831141
20
23.0828584
11
69.9882229
21
23.0508786
0
LINE
8
layer0
10
69.9882229
20
23.0508786
11
70.0005871
21
23.0293744
0
LINE
8
layer0
10
70.0005871
20
23.0293744
11
70.038376
21
23.0050277
0
LINE
8
layer0
10
70.038376
20
23.0050277
11
70.3382645
21
22.8192172
0
LINE
8
layer0
10
70.3382645
20
22.8192172
11
70.6357907
21
22.6296472
0
LINE
8
layer0
10
70.6357907
20
22.6296472
11
70.6741223
21
22.6061642
0
LINE
8
layer0
10
70.6741223
20
22.6061642
11
70.6988616
21
22.6043547
0
LINE
8
layer0
10
70.6988616
20
22.6043547
11
70.729891
21
22.6136274
0
LINE
8
layer0
10
70.729891
20
22.6136274
11
70.7667564
21
22.6342556
0
LINE
8
layer0
10
70.7667564
20
22.6342556
11
70.8089942
21
22.6664599
0
LINE
8
layer0
10
70.8089942
20
22.6664599
11
70.9762927
21
22.8174202
0
LINE
8
layer0
10
70.9762927
20
22.8174202
11
71.095098
21
22.9196044
0
LINE
8
layer0
10
71.095098
20
22.9196044
11
71.2250823
21
23.0267989
0
LINE
8
layer0
10
71.2250823
20
23.0267989
11
71.3681685
21
23.1398269
0
LINE
8
layer0
10
71.3681685
20
23.1398269
11
71.5221438
21
23.2562759
0
LINE
8
layer0
10
71.5221438
20
23.2562759
11
71.6858081
21
23.3747623
0
LINE
8
layer0
10
71.6858081
20
23.3747623
11
71.864259
21
23.4983426
0
LINE
8
layer0
10
71.864259
20
23.4983426
11
72.0530737
21
23.6233237
0
LINE
8
layer0
10
72.0530737
20
23.6233237
11
72.2543457
21
23.7505751
0
LINE
8
layer0
10
72.2543457
20
23.7505751
11
72.4610837
21
23.8753556
0
ARC
8
layer0
10
55.9999986
20
-0.0000015
40
29
50
53.8703929
51
55.4153205
0
LINE
8
layer0
10
73.0987989
20
23.4228726
11
73.0493019
21
23.1865236
0
LINE
8
layer0
10
73.0493019
20
23.1865236
11
72.9956673
21
22.9545179
0
LINE
8
layer0
10
72.9956673
20
22.9545179
11
72.9400613
21
22.7350202
0
LINE
8
layer0
10
72.9400613
20
22.7350202
11
72.8823545
21
22.5257674
0
LINE
8
layer0
10
72.8823545
20
22.5257674
11
72.8245721
21
22.3321538
0
LINE
8
layer0
10
72.8245721
20
22.3321538
11
72.7655126
21
22.1483584
0
LINE
8
layer0
10
72.7655126
20
22.1483584
11
72.7060857
21
21.9759709
0
LINE
8
layer0
10
72.7060857
20
21.9759709
11
72.6478377
21
21.8178768
0
LINE
8
layer0
10
72.6478377
20
21.8178768
11
72.5906267
21
21.6719892
0
LINE
8
layer0
10
72.5906267
20
21.6719892
11
72.5033929
21
21.4642198
0
LINE
8
layer0
10
72.5033929
20
21.4642198
11
72.4869461
21
21.4137159
0
LINE
8
layer0
10
72.4869461
20
21.4137159
11
72.4796513
21
21.3721062
0
LINE
8
layer0
10
72.4796513
20
21.3721062
11
72.4811474
21
21.3397555
0
LINE
8
layer0
10
72.4811474
20
21.3397555
11
72.4910262
21
21.3170021
0
LINE
8
layer0
10
72.4910262
20
21.3170021
11
72.5258515
21
21.2885775
0
LINE
8
layer0
10
72.5258515
20
21.2885775
11
72.8030502
21
21.0703585
0
LINE
8
layer0
10
72.8030502
20
21.0703585
11
73.0774805
21
20.8486681
0
LINE
8
layer0
10
73.0774805
20
20.8486681
11
73.1129418
21
20.8210409
0
LINE
8
layer0
10
73.1129418
20
20.8210409
11
73.1373229
21
20.816473
0
LINE
8
layer0
10
73.1373229
20
20.816473
11
73.1691954
21
20.8222131
0
LINE
8
layer0
10
73.1691954
20
20.8222131
11
73.2081387
21
20.838584
0
LINE
8
layer0
10
73.2081387
20
20.838584
11
73.2537166
21
20.8658567
0
LINE
8
layer0
10
73.2537166
20
20.8658567
11
73.4368654
21
20.9971363
0
LINE
8
layer0
10
73.4368654
20
20.9971363
11
73.5663646
21
21.085376
0
LINE
8
layer0
10
73.5663646
20
21.085376
11
73.7075337
21
21.1773428
0
LINE
8
layer0
10
73.7075337
20
21.1773428
11
73.8623753
21
21.2736396
0
LINE
8
layer0
10
73.8623753
20
21.2736396
11
74.0284206
21
21.3721166
0
LINE
8
layer0
10
74.0284206
20
21.3721166
11
74.2043221
21
21.4715334
0
LINE
8
layer0
10
74.2043221
20
21.4715334
11
74.3954875
21
21.5743565
0
LINE
8
layer0
10
74.3954875
20
21.5743565
11
74.5971084
21
21.6774112
0
LINE
8
layer0
10
74.5971084
20
21.6774112
11
74.8113625
21
21.7813272
0
LINE
8
layer0
10
74.8113625
20
21.7813272
11
75.0307716
21
21.8821757
0
ARC
8
layer0
10
55.9999997
20
-0.0000024
40
29
50
47.4418245
51
48.9867521
0
LINE
8
layer0
10
75.6138148
20
21.3611364
11
75.5381665
21
21.1318154
0
LINE
8
layer0
10
75.5381665
20
21.1318154
11
75.4588927
21
20.9072737
0
LINE
8
layer0
10
75.4588927
20
20.9072737
11
75.3790604
21
20.6953821
0
LINE
8
layer0
10
75.3790604
20
20.6953821
11
75.2982876
21
20.4939061
0
LINE
8
layer0
10
75.2982876
20
20.4939061
11
75.2191906
21
20.3079795
0
LINE
8
layer0
10
75.2191906
20
20.3079795
11
75.1399239
21
20.1319523
0
LINE
8
layer0
10
75.1399239
20
20.1319523
11
75.0615694
21
19.9673025
0
LINE
8
layer0
10
75.0615694
20
19.9673025
11
74.9859868
21
19.8167241
0
LINE
8
layer0
10
74.9859868
20
19.8167241
11
74.9128012
21
19.6781595
0
LINE
8
layer0
10
74.9128012
20
19.6781595
11
74.8028532
21
19.4814636
0
LINE
8
layer0
10
74.8028532
20
19.4814636
11
74.7808551
21
19.4331187
0
LINE
8
layer0
10
74.7808551
20
19.4331187
11
74.7689474
21
19.3925873
0
LINE
8
layer0
10
74.7689474
20
19.3925873
11
74.766812
21
19.3602725
0
LINE
8
layer0
10
74.766812
20
19.3602725
11
74.774081
21
19.3365562
0
LINE
8
layer0
10
74.774081
20
19.3365562
11
74.8055048
21
19.3044111
0
LINE
8
layer0
10
74.8055048
20
19.3044111
11
75.0565278
21
19.0565278
0
LINE
8
layer0
10
75.0565278
20
19.0565278
11
75.3044111
21
18.8055048
0
LINE
8
layer0
10
75.3044111
20
18.8055048
11
75.3365562
21
18.774081
0
LINE
8
layer0
10
75.3365562
20
18.774081
11
75.3602725
21
18.766812
0
LINE
8
layer0
10
75.3602725
20
18.766812
11
75.3925873
21
18.7689474
0
LINE
8
layer0
10
75.3925873
20
18.7689474
11
75.4331187
21
18.7808551
0
LINE
8
layer0
10
75.4331187
20
18.7808551
11
75.4814636
21
18.8028532
0
LINE
8
layer0
10
75.4814636
20
18.8028532
11
75.6781595
21
18.9128012
0
LINE
8
layer0
10
75.6781595
20
18.9128012
11
75.8167241
21
18.9859868
0
LINE
8
layer0
10
75.8167241
20
18.9859868
11
75.9673025
21
19.0615694
0
LINE
8
layer0
10
75.9673025
20
19.0615694
11
76.1319523
21
19.1399239
0
LINE
8
layer0
10
76.1319523
20
19.1399239
11
76.3079795
21
19.2191906
0
LINE
8
layer0
10
76.3079795
20
19.2191906
11
76.4939061
21
19.2982876
0
LINE
8
layer0
10
76.4939061
20
19.2982876
11
76.6953821
21
19.3790604
0
LINE
8
layer0
10
76.6953821
20
19.3790604
11
76.9072737
21
19.4588927
0
LINE
8
layer0
10
76.9072737
20
19.4588927
11
77.1318154
21
19.5381665
0
LINE
8
layer0
10
77.1318154
20
19.5381665
11
77.3611364
21
19.6138148
0
ARC
8
layer0
10
55.9999976
20
-4e-7
40
29
50
41.0132479
51
42.5581755
0
LINE
8
layer0
10
77.8821757
20
19.0307716
11
77.7813272
21
18.8113625
0
LINE
8
layer0
10
77.7813272
20
18.8113625
11
77.6774112
21
18.5971084
0
LINE
8
layer0
10
77.6774112
20
18.5971084
11
77.5743565
21
18.3954875
0
LINE
8
layer0
10
77.5743565
20
18.3954875
11
77.4715334
21
18.2043221
0
LINE
8
layer0
10
77.4715334
20
18.2043221
11
77.3721166
21
18.0284206
0
LINE
8
layer0
10
77.3721166
20
18.0284206
11
77.2736396
21
17.8623753
0
LINE
8
layer0
10
77.2736396
20
17.8623753
11
77.1773428
21
17.7075337
0
LINE
8
layer0
10
77.1773428
20
17.7075337
11
77.085376
21
17.5663646
0
LINE
8
layer0
10
77.085376
20
17.5663646
11
76.9971363
21
17.4368654
0
LINE
8
layer0
10
76.9971363
20
17.4368654
11
76.8658567
21
17.2537166
0
LINE
8
layer0
10
76.8658567
20
17.2537166
11
76.838584
21
17.2081387
0
LINE
8
layer0
10
76.838584
20
17.2081387
11
76.8222131
21
17.1691954
0
LINE
8
layer0
10
76.8222131
20
17.1691954
11
76.816473
21
17.1373229
0
LINE
8
layer0
10
76.816473
20
17.1373229
11
76.8210409
21
17.1129418
0
LINE
8
layer0
10
76.8210409
20
17.1129418
11
76.8486681
21
17.0774805
0
LINE
8
layer0
10
76.8486681
20
17.0774805
11
77.0703585
21
16.8030502
0
LINE
8
layer0
10
77.0703585
20
16.8030502
11
77.2885775
21
16.5258515
0
LINE
8
layer0
10
77.2885775
20
16.5258515
11
77.3170021
21
16.4910262
0
LINE
8
layer0
10
77.3170021
20
16.4910262
11
77.3397555
21
16.4811474
0
LINE
8
layer0
10
77.3397555
20
16.4811474
11
77.3721062
21
16.4796513
0
LINE
8
layer0
10
77.3721062
20
16.4796513
11
77.4137159
21
16.4869461
0
LINE
8
layer0
10
77.4137159
20
16.4869461
11
77.4642198
21
16.5033929
0
LINE
8
layer0
10
77.4642198
20
16.5033929
11
77.6719892
21
16.5906267
0
LINE
8
layer0
10
77.6719892
20
16.5906267
11
77.8178768
21
16.6478377
0
LINE
8
layer0
10
77.8178768
20
16.6478377
11
77.9759709
21
16.7060857
0
LINE
8
layer0
10
77.9759709
20
16.7060857
11
78.1483584
21
16.7655126
0
LINE
8
layer0
10
78.1483584
20
16.7655126
11
78.3321538
21
16.8245721
0
LINE
8
layer0
10
78.3321538
20
16.8245721
11
78.5257674
21
16.8823545
0
LINE
8
layer0
10
78.5257674
20
16.8823545
11
78.7350202
21
16.9400613
0
LINE
8
layer0
10
78.7350202
20
16.9400613
11
78.9545179
21
16.9956673
0
LINE
8
layer0
10
78.9545179
20
16.9956673
11
79.1865236
21
17.0493019
0
LINE
8
layer0
10
79.1865236
20
17.0493019
11
79.4228726
21
17.0987989
0
ARC
8
layer0
10
55.9999985
20
-0.0000013
40
29
50
34.5846795
51
36.1296071
0
LINE
8
layer0
10
79.8753556
20
16.4610837
11
79.7505751
21
16.2543457
0
LINE
8
layer0
10
79.7505751
20
16.2543457
11
79.6233237
21
16.0530737
0
LINE
8
layer0
10
79.6233237
20
16.0530737
11
79.4983426
21
15.864259
0
LINE
8
layer0
10
79.4983426
20
15.864259
11
79.3747623
21
15.6858081
0
LINE
8
layer0
10
79.3747623
20
15.6858081
11
79.2562759
21
15.5221438
0
LINE
8
layer0
10
79.2562759
20
15.5221438
11
79.1398269
21
15.3681685
0
LINE
8
layer0
10
79.1398269
20
15.3681685
11
79.0267989
21
15.2250823
0
LINE
8
layer0
10
79.0267989
20
15.2250823
11
78.9196044
21
15.095098
0
LINE
8
layer0
10
78.9196044
20
15.095098
11
78.8174202
21
14.9762927
0
LINE
8
layer0
10
78.8174202
20
14.9762927
11
78.6664599
21
14.8089942
0
LINE
8
layer0
10
78.6664599
20
14.8089942
11
78.6342556
21
14.7667564
0
LINE
8
layer0
10
78.6342556
20
14.7667564
11
78.6136274
21
14.729891
0
LINE
8
layer0
10
78.6136274
20
14.729891
11
78.6043547
21
14.6988616
0
LINE
8
layer0
10
78.6043547
20
14.6988616
11
78.6061642
21
14.6741223
0
LINE
8
layer0
10
78.6061642
20
14.6741223
11
78.6296472
21
14.6357907
0
LINE
8
layer0
10
78.6296472
20
14.6357907
11
78.8192172
21
14.3382645
0
LINE
8
layer0
10
78.8192172
20
14.3382645
11
79.0050277
21
14.038376
0
LINE
8
layer0
10
79.0050277
20
14.038376
11
79.0293744
21
14.0005871
0
LINE
8
layer0
10
79.0293744
20
14.0005871
11
79.0508786
21
13.9882229
0
LINE
8
layer0
10
79.0508786
20
13.9882229
11
79.0828584
21
13.9831141
0
LINE
8
layer0
10
79.0828584
20
13.9831141
11
79.1250232
21
13.9857041
0
LINE
8
layer0
10
79.1250232
20
13.9857041
11
79.1770511
21
13.9963929
0
LINE
8
layer0
10
79.1770511
20
13.9963929
11
79.3932811
21
14.0598154
0
LINE
8
layer0
10
79.3932811
20
14.0598154
11
79.544657
21
14.1003325
0
LINE
8
layer0
10
79.544657
20
14.1003325
11
79.7082788
21
14.1405133
0
LINE
8
layer0
10
79.7082788
20
14.1405133
11
79.886236
21
14.1802652
0
LINE
8
layer0
10
79.886236
20
14.1802652
11
80.0754883
21
14.2183748
0
LINE
8
layer0
10
80.0754883
20
14.2183748
11
80.2743541
21
14.2541161
0
LINE
8
layer0
10
80.2743541
20
14.2541161
11
80.4887522
21
14.2880311
0
LINE
8
layer0
10
80.4887522
20
14.2880311
11
80.7130957
21
14.3187116
0
LINE
8
layer0
10
80.7130957
20
14.3187116
11
80.9496478
21
14.3460325
0
LINE
8
layer0
10
80.9496478
20
14.3460325
11
81.1900525
21
14.3687555
0
ARC
8
layer0
10
55.9999992
20
-0.0000028
40
29
50
28.1561117
51
29.7010393
0
LINE
8
layer0
10
81.568289
20
13.6843882
11
81.4211458
21
13.492921
0
LINE
8
layer0
10
81.4211458
20
13.492921
11
81.2721592
21
13.3071623
0
LINE
8
layer0
10
81.2721592
20
13.3071623
11
81.1268234
21
13.1335283
0
LINE
8
layer0
10
81.1268234
20
13.1335283
11
80.98404
21
12.9700361
0
LINE
8
layer0
10
80.98404
20
12.9700361
11
80.847974
21
12.8206671
0
LINE
8
layer0
10
80.847974
20
12.8206671
11
80.7150175
21
12.6806981
0
LINE
8
layer0
10
80.7150175
20
12.6806981
11
80.5866796
21
12.5511667
0
LINE
8
layer0
10
80.5866796
20
12.5511667
11
80.4656055
21
12.4340016
0
LINE
8
layer0
10
80.4656055
20
12.4340016
11
80.3507619
21
12.3273844
0
LINE
8
layer0
10
80.3507619
20
12.3273844
11
80.1820192
21
12.17804
0
LINE
8
layer0
10
80.1820192
20
12.17804
11
80.1452883
21
12.1396736
0
LINE
8
layer0
10
80.1452883
20
12.1396736
11
80.1206622
21
12.1053496
0
LINE
8
layer0
10
80.1206622
20
12.1053496
11
80.1079736
21
12.0755535
0
LINE
8
layer0
10
80.1079736
20
12.0755535
11
80.1070018
21
12.0507672
0
LINE
8
layer0
10
80.1070018
20
12.0507672
11
80.1260453
21
12.0100473
0
LINE
8
layer0
10
80.1260453
20
12.0100473
11
80.281111
21
11.6931668
0
LINE
8
layer0
10
80.281111
20
11.6931668
11
80.4321763
21
11.3743598
0
LINE
8
layer0
10
80.4321763
20
11.3743598
11
80.4521389
21
11.3340825
0
LINE
8
layer0
10
80.4521389
20
11.3340825
11
80.4721236
21
11.3193883
0
LINE
8
layer0
10
80.4721236
20
11.3193883
11
80.5033303
21
11.3107311
0
LINE
8
layer0
10
80.5033303
20
11.3107311
11
80.54552
21
11.3085839
0
LINE
8
layer0
10
80.54552
20
11.3085839
11
80.5984174
21
11.3133802
0
LINE
8
layer0
10
80.5984174
20
11.3133802
11
80.8203889
21
11.3521938
0
LINE
8
layer0
10
80.8203889
20
11.3521938
11
80.9753495
21
11.3755074
0
LINE
8
layer0
10
80.9753495
20
11.3755074
11
81.1424413
21
11.3971157
0
LINE
8
layer0
10
81.1424413
20
11.3971157
11
81.3237303
21
11.4166928
0
LINE
8
layer0
10
81.3237303
20
11.4166928
11
81.5160595
21
11.4333732
0
LINE
8
layer0
10
81.5160595
20
11.4333732
11
81.7176767
21
11.4466238
0
LINE
8
layer0
10
81.7176767
20
11.4466238
11
81.934524
21
11.4563207
0
LINE
8
layer0
10
81.934524
20
11.4563207
11
82.160892
21
11.4616897
0
LINE
8
layer0
10
82.160892
20
11.4616897
11
82.3990156
21
11.4623534
0
LINE
8
layer0
10
82.3990156
20
11.4623534
11
82.6404529
21
11.4580168
0
ARC
8
layer0
10
55.9999988
20
-0.0000025
40
29
50
21.7275399
51
23.2724675
0
LINE
8
layer0
10
82.9396863
20
10.7356036
11
82.7720308
21
10.5618151
0
LINE
8
layer0
10
82.7720308
20
10.5618151
11
82.6031826
21
10.3939056
0
LINE
8
layer0
10
82.6031826
20
10.3939056
11
82.4393198
21
10.2376358
0
LINE
8
layer0
10
82.4393198
20
10.2376358
11
82.2791289
21
10.0911582
0
LINE
8
layer0
10
82.2791289
20
10.0911582
11
82.1271945
21
9.957963
0
LINE
8
layer0
10
82.1271945
20
9.957963
11
81.9794023
21
9.8337605
0
LINE
8
layer0
10
81.9794023
20
9.8337605
11
81.8373685
21
9.7194129
0
LINE
8
layer0
10
81.8373685
20
9.7194129
11
81.7039374
21
9.6165406
0
LINE
8
layer0
10
81.7039374
20
9.6165406
11
81.5778785
21
9.5234521
0
LINE
8
layer0
10
81.5778785
20
9.5234521
11
81.3934756
21
9.3939399
0
LINE
8
layer0
10
81.3934756
20
9.3939399
11
81.35268
21
9.3599273
0
LINE
8
layer0
10
81.35268
20
9.3599273
11
81.3243656
21
9.3285764
0
LINE
8
layer0
10
81.3243656
20
9.3285764
11
81.3084208
21
9.3003883
0
LINE
8
layer0
10
81.3084208
20
9.3003883
11
81.3046798
21
9.2758667
0
LINE
8
layer0
10
81.3046798
20
9.2758667
11
81.3190445
21
9.2332707
0
LINE
8
layer0
10
81.3190445
20
9.2332707
11
81.4376558
21
8.9010207
0
LINE
8
layer0
10
81.4376558
20
8.9010207
11
81.5520762
21
8.5673043
0
LINE
8
layer0
10
81.5520762
20
8.5673043
11
81.5674036
21
8.5250452
0
LINE
8
layer0
10
81.5674036
20
8.5250452
11
81.5856174
21
8.5082059
0
LINE
8
layer0
10
81.5856174
20
8.5082059
11
81.6156585
21
8.496109
0
LINE
8
layer0
10
81.6156585
20
8.496109
11
81.6573426
21
8.4892516
0
LINE
8
layer0
10
81.6573426
20
8.4892516
11
81.7104444
21
8.4880951
0
LINE
8
layer0
10
81.7104444
20
8.4880951
11
81.935366
21
8.5018117
0
LINE
8
layer0
10
81.935366
20
8.5018117
11
82.0919624
21
8.5076287
0
LINE
8
layer0
10
82.0919624
20
8.5076287
11
82.2604229
21
8.5103928
0
LINE
8
layer0
10
82.2604229
20
8.5103928
11
82.442764
21
8.5095488
0
LINE
8
layer0
10
82.442764
20
8.5095488
11
82.6357516
21
8.5045903
0
LINE
8
layer0
10
82.6357516
20
8.5045903
11
82.8375846
21
8.4951837
0
LINE
8
layer0
10
82.8375846
20
8.4951837
11
83.0541541
21
8.4805403
0
LINE
8
layer0
10
83.0541541
20
8.4805403
11
83.2796998
21
8.4605305
0
LINE
8
layer0
10
83.2796998
20
8.4605305
11
83.5164006
21
8.4345286
0
LINE
8
layer0
10
83.5164006
20
8.4345286
11
83.7558342
21
8.4031868
0
ARC
8
layer0
10
55.9999977
20
6e-7
40
29
50
15.2989622
51
16.8438899
0
LINE
8
layer0
10
83.9723014
20
7.6518125
11
83.786242
21
7.4978882
0
LINE
8
layer0
10
83.786242
20
7.4978882
11
83.5996556
21
7.3499395
0
LINE
8
layer0
10
83.5996556
20
7.3499395
11
83.4193265
21
7.2129991
0
LINE
8
layer0
10
83.4193265
20
7.2129991
11
83.2437425
21
7.0853783
0
LINE
8
layer0
10
83.2437425
20
7.0853783
11
83.0778503
21
6.9700318
0
LINE
8
layer0
10
83.0778503
20
6.9700318
11
82.9170812
21
6.8631577
0
LINE
8
layer0
10
82.9170812
20
6.8631577
11
82.7631375
21
6.7654319
0
LINE
8
layer0
10
82.7631375
20
6.7654319
11
82.6190273
21
6.6781459
0
LINE
8
layer0
10
82.6190273
20
6.6781459
11
82.4833385
21
6.5997569
0
LINE
8
layer0
10
82.4833385
20
6.5997569
11
82.2855943
21
6.4917056
0
LINE
8
layer0
10
82.2855943
20
6.4917056
11
82.241247
21
6.4624745
0
LINE
8
layer0
10
82.241247
20
6.4624745
11
82.2096005
21
6.4344909
0
LINE
8
layer0
10
82.2096005
20
6.4344909
11
82.1905998
21
6.4082653
0
LINE
8
layer0
10
82.1905998
20
6.4082653
11
82.1841369
21
6.3843167
0
LINE
8
layer0
10
82.1841369
20
6.3843167
11
82.193642
21
6.3403802
0
LINE
8
layer0
10
82.193642
20
6.3403802
11
82.2743072
21
5.9969392
0
LINE
8
layer0
10
82.2743072
20
5.9969392
11
82.3506438
21
5.6525101
0
LINE
8
layer0
10
82.3506438
20
5.6525101
11
82.3611434
21
5.6088006
0
LINE
8
layer0
10
82.3611434
20
5.6088006
11
82.3773572
21
5.5900278
0
LINE
8
layer0
10
82.3773572
20
5.5900278
11
82.405855
21
5.5746435
0
LINE
8
layer0
10
82.405855
20
5.5746435
11
82.4465092
21
5.563162
0
LINE
8
layer0
10
82.4465092
20
5.563162
11
82.4991477
21
5.5560673
0
LINE
8
layer0
10
82.4991477
20
5.5560673
11
82.7241907
21
5.5445144
0
LINE
8
layer0
10
82.7241907
20
5.5445144
11
82.8804538
21
5.5327616
0
LINE
8
layer0
10
82.8804538
20
5.5327616
11
83.0481646
21
5.5166467
0
LINE
8
layer0
10
83.0481646
20
5.5166467
11
83.2292647
21
5.4953924
0
LINE
8
layer0
10
83.2292647
20
5.4953924
11
83.4204835
21
5.4688573
0
LINE
8
layer0
10
83.4204835
20
5.4688573
11
83.6199943
21
5.4369116
0
LINE
8
layer0
10
83.6199943
20
5.4369116
11
83.8335625
21
5.3981123
0
LINE
8
layer0
10
83.8335625
20
5.3981123
11
84.0554497
21
5.3529751
0
LINE
8
layer0
10
84.0554497
20
5.3529751
11
84.2877508
21
5.3006347
0
LINE
8
layer0
10
84.2877508
20
5.3006347
11
84.5221698
21
5.2426819
0
ARC
8
layer0
10
55.9999981
20
-9e-7
40
29
50
8.8703944
51
10.415322
0
LINE
8
layer0
10
84.6531486
20
4.4717954
11
84.4510251
21
4.3396711
0
LINE
8
layer0
10
84.4510251
20
4.3396711
11
84.2490469
21
4.2135436
0
LINE
8
layer0
10
84.2490469
20
4.2135436
11
84.0545192
21
4.0976547
0
LINE
8
layer0
10
84.0545192
20
4.0976547
11
83.8657502
21
3.9904955
0
LINE
8
layer0
10
83.8657502
20
3.9904955
11
83.6879864
21
3.8944484
0
LINE
8
layer0
10
83.6879864
20
3.8944484
11
83.5162621
21
3.8062467
0
LINE
8
layer0
10
83.5162621
20
3.8062467
11
83.3523446
21
3.7263716
0
LINE
8
layer0
10
83.3523446
20
3.7263716
11
83.1993676
21
3.6557697
0
LINE
8
layer0
10
83.1993676
20
3.6557697
11
83.0557552
21
3.5930659
0
LINE
8
layer0
10
83.0557552
20
3.5930659
11
82.8471565
21
3.5078343
0
LINE
8
layer0
10
82.8471565
20
3.5078343
11
82.7998151
21
3.4837524
0
LINE
8
layer0
10
82.7998151
20
3.4837524
11
82.7652344
21
3.459488
0
LINE
8
layer0
10
82.7652344
20
3.459488
11
82.7434169
21
3.4355547
0
LINE
8
layer0
10
82.7434169
20
3.4355547
11
82.7343132
21
3.4124803
0
LINE
8
layer0
10
82.7343132
20
3.4124803
11
82.7388392
21
3.3677559
0
LINE
8
layer0
10
82.7388392
20
3.3677559
11
82.7805441
21
3.0174426
0
LINE
8
layer0
10
82.7805441
20
3.0174426
11
82.8178368
21
2.6666323
0
LINE
8
layer0
10
82.8178368
20
2.6666323
11
82.8233764
21
2.622022
0
LINE
8
layer0
10
82.8233764
20
2.622022
11
82.8373865
21
2.6015519
0
LINE
8
layer0
10
82.8373865
20
2.6015519
11
82.8639826
21
2.5830736
0
LINE
8
layer0
10
82.8639826
20
2.5830736
11
82.9030956
21
2.5671125
0
LINE
8
layer0
10
82.9030956
20
2.5671125
11
82.9546088
21
2.5541687
0
LINE
8
layer0
10
82.9546088
20
2.5541687
11
83.1769433
21
2.5174917
0
LINE
8
layer0
10
83.1769433
20
2.5174917
11
83.3309079
21
2.4883168
0
LINE
8
layer0
10
83.3309079
20
2.4883168
11
83.4957599
21
2.4535256
0
LINE
8
layer0
10
83.4957599
20
2.4535256
11
83.6733415
21
2.4121281
0
LINE
8
layer0
10
83.6733415
20
2.4121281
11
83.860387
21
2.3643502
0
LINE
8
layer0
10
83.860387
20
2.3643502
11
84.0550665
21
2.3102673
0
LINE
8
layer0
10
84.0550665
20
2.3102673
11
84.2629478
21
2.2477998
0
LINE
8
layer0
10
84.2629478
20
2.2477998
11
84.478386
21
2.178103
0
LINE
8
layer0
10
84.478386
20
2.178103
11
84.7033661
21
2.1000822
0
LINE
8
layer0
10
84.7033661
20
2.1000822
11
84.9298225
21
2.0162472
0
ARC
8
layer0
10
55.9999979
20
4e-7
40
29
50
2.4418208
51
3.9867484
0
LINE
8
layer0
10
84.9736659
20
1.2355429
11
84.75802
21
1.12688
0
LINE
8
layer0
10
84.75802
20
1.12688
11
84.54319
21
1.02416
0
LINE
8
layer0
10
84.54319
20
1.02416
11
84.33691
21
0.93078
0
LINE
8
layer0
10
84.33691
20
0.93078
11
84.13733
21
0.84543
0
LINE
8
layer0
10
84.13733
20
0.84543
11
83.94993
21
0.76989
0
LINE
8
layer0
10
83.94993
20
0.76989
11
83.76941
21
0.70147
0
LINE
8
layer0
10
83.76941
20
0.70147
11
83.59758
21
0.64045
0
LINE
8
layer0
10
83.59758
20
0.64045
11
83.43766
21
0.58742
0
LINE
8
layer0
10
83.43766
20
0.58742
11
83.28793
21
0.54119
0
LINE
8
layer0
10
83.28793
20
0.54119
11
83.0711
21
0.47985
0
LINE
8
layer0
10
83.0711
20
0.47985
11
83.02136
21
0.46122
0
LINE
8
layer0
10
83.02136
20
0.46122
11
82.98428
21
0.44098
0
LINE
8
layer0
10
82.98428
20
0.44098
11
82.95992
21
0.41964
0
LINE
8
layer0
10
82.95992
20
0.41964
11
82.94829
21
0.39773
0
LINE
8
layer0
10
82.94829
20
0.39773
11
82.94778
21
0.35278
0
LINE
8
layer0
10
82.94778
20
0.35278
11
82.95
21
0
0
LINE
8
layer0
10
82.95
20
0
11
82.94778
21
-0.35278
0
LINE
8
layer0
10
82.94778
20
-0.35278
11
82.94829
21
-0.39773
0
LINE
8
layer0
10
82.94829
20
-0.39773
11
82.95992
21
-0.41964
0
LINE
8
layer0
10
82.95992
20
-0.41964
11
82.98428
21
-0.44098
0
LINE
8
layer0
10
82.98428
20
-0.44098
11
83.02136
21
-0.46122
0
LINE
8
layer0
10
83.02136
20
-0.46122
11
83.0711
21
-0.47985
0
LINE
8
layer0
10
83.0711
20
-0.47985
11
83.28793
21
-0.54119
0
LINE
8
layer0
10
83.28793
20
-0.54119
11
83.43766
21
-0.58742
0
LINE
8
layer0
10
83.43766
20
-0.58742
11
83.59758
21
-0.64045
0
LINE
8
layer0
10
83.59758
20
-0.64045
11
83.76941
21
-0.70147
0
LINE
8
layer0
10
83.76941
20
-0.70147
11
83.94993
21
-0.76989
0
LINE
8
layer0
10
83.94993
20
-0.76989
11
84.13733
21
-0.84543
0
LINE
8
layer0
10
84.13733
20
-0.84543
11
84.33691
21
-0.93078
0
LINE
8
layer0
10
84.33691
20
-0.93078
11
84.54319
21
-1.02416
0
LINE
8
layer0
10
84.54319
20
-1.02416
11
84.75802
21
-1.12688
0
LINE
8
layer0
10
84.75802
20
-1.12688
11
84.9736659
21
-1.2355429
0
ARC
8
layer0
10
55.9999979
20
-3e-7
40
29
50
356.0132514
51
357.558179
0
LINE
8
layer0
10
84.9298225
20
-2.0162472
11
84.7033661
21
-2.1000822
0
LINE
8
layer0
10
84.7033661
20
-2.1000822
11
84.478386
21
-2.178103
0
LINE
8
layer0
10
84.478386
20
-2.178103
11
84.2629478
21
-2.2477998
0
LINE
8
layer0
10
84.2629478
20
-2.2477998
11
84.0550665
21
-2.3102673
0
LINE
8
layer0
10
84.0550665
20
-2.3102673
11
83.860387
21
-2.3643502
0
LINE
8
layer0
10
83.860387
20
-2.3643502
11
83.6733415
21
-2.4121281
0
LINE
8
layer0
10
83.6733415
20
-2.4121281
11
83.4957599
21
-2.4535256
0
LINE
8
layer0
10
83.4957599
20
-2.4535256
11
83.3309079
21
-2.4883168
0
LINE
8
layer0
10
83.3309079
20
-2.4883168
11
83.1769433
21
-2.5174917
0
LINE
8
layer0
10
83.1769433
20
-2.5174917
11
82.9546088
21
-2.5541687
0
LINE
8
layer0
10
82.9546088
20
-2.5541687
11
82.9030956
21
-2.5671125
0
LINE
8
layer0
10
82.9030956
20
-2.5671125
11
82.8639826
21
-2.5830736
0
LINE
8
layer0
10
82.8639826
20
-2.5830736
11
82.8373865
21
-2.6015519
0
LINE
8
layer0
10
82.8373865
20
-2.6015519
11
82.8233764
21
-2.622022
0
LINE
8
layer0
10
82.8233764
20
-2.622022
11
82.8178368
21
-2.6666323
0
LINE
8
layer0
10
82.8178368
20
-2.6666323
11
82.7805441
21
-3.0174426
0
LINE
8
layer0
10
82.7805441
20
-3.0174426
11
82.7388392
21
-3.3677559
0
LINE
8
layer0
10
82.7388392
20
-3.3677559
11
82.7343132
21
-3.4124803
0
LINE
8
layer0
10
82.7343132
20
-3.4124803
11
82.7434169
21
-3.4355547
0
LINE
8
layer0
10
82.7434169
20
-3.4355547
11
82.7652344
21
-3.459488
0
LINE
8
layer0
10
82.7652344
20
-3.459488
11
82.7998151
21
-3.4837524
0
LINE
8
layer0
10
82.7998151
20
-3.4837524
11
82.8471565
21
-3.5078343
0
LINE
8
layer0
10
82.8471565
20
-3.5078343
11
83.0557552
21
-3.5930659
0
LINE
8
layer0
10
83.0557552
20
-3.5930659
11
83.1993676
21
-3.6557697
0
LINE
8
layer0
10
83.1993676
20
-3.6557697
11
83.3523446
21
-3.7263716
0
LINE
8
layer0
10
83.3523446
20
-3.7263716
11
83.5162621
21
-3.8062467
0
LINE
8
layer0
10
83.5162621
20
-3.8062467
11
83.6879864
21
-3.8944484
0
LINE
8
layer0
10
83.6879864
20
-3.8944484
11
83.8657502
21
-3.9904955
0
LINE
8
layer0
10
83.8657502
20
-3.9904955
11
84.0545192
21
-4.0976547
0
LINE
8
layer0
10
84.0545192
20
-4.0976547
11
84.2490469
21
-4.2135436
0
LINE
8
layer0
10
84.2490469
20
-4.2135436
11
84.4510251
21
-4.3396711
0
LINE
8
layer0
10
84.4510251
20
-4.3396711
11
84.6531486
21
-4.4717954
0
ARC
8
layer0
10
55.999998
20
9e-7
40
29
50
349.584678
51
351.1296056
0
LINE
8
layer0
10
84.5221698
20
-5.2426819
11
84.2877508
21
-5.3006347
0
LINE
8
layer0
10
84.2877508
20
-5.3006347
11
84.0554497
21
-5.3529751
0
LINE
8
layer0
10
84.0554497
20
-5.3529751
11
83.8335625
21
-5.3981123
0
LINE
8
layer0
10
83.8335625
20
-5.3981123
11
83.6199943
21
-5.4369116
0
LINE
8
layer0
10
83.6199943
20
-5.4369116
11
83.4204835
21
-5.4688573
0
LINE
8
layer0
10
83.4204835
20
-5.4688573
11
83.2292647
21
-5.4953924
0
LINE
8
layer0
10
83.2292647
20
-5.4953924
11
83.0481646
21
-5.5166467
0
LINE
8
layer0
10
83.0481646
20
-5.5166467
11
82.8804538
21
-5.5327616
0
LINE
8
layer0
10
82.8804538
20
-5.5327616
11
82.7241907
21
-5.5445144
0
LINE
8
layer0
10
82.7241907
20
-5.5445144
11
82.4991477
21
-5.5560673
0
LINE
8
layer0
10
82.4991477
20
-5.5560673
11
82.4465092
21
-5.563162
0
LINE
8
layer0
10
82.4465092
20
-5.563162
11
82.405855
21
-5.5746435
0
LINE
8
layer0
10
82.405855
20
-5.5746435
11
82.3773572
21
-5.5900278
0
LINE
8
layer0
10
82.3773572
20
-5.5900278
11
82.3611434
21
-5.6088006
0
LINE
8
layer0
10
82.3611434
20
-5.6088006
11
82.3506438
21
-5.6525101
0
LINE
8
layer0
10
82.3506438
20
-5.6525101
11
82.2743072
21
-5.9969392
0
LINE
8
layer0
10
82.2743072
20
-5.9969392
11
82.193642
21
-6.3403802
0
LINE
8
layer0
10
82.193642
20
-6.3403802
11
82.1841369
21
-6.3843167
0
LINE
8
layer0
10
82.1841369
20
-6.3843167
11
82.1905998
21
-6.4082653
0
LINE
8
layer0
10
82.1905998
20
-6.4082653
11
82.2096005
21
-6.4344909
0
LINE
8
layer0
10
82.2096005
20
-6.4344909
11
82.241247
21
-6.4624745
0
LINE
8
layer0
10
82.241247
20
-6.4624745
11
82.2855943
21
-6.4917056
0
LINE
8
layer0
10
82.2855943
20
-6.4917056
11
82.4833385
21
-6.5997569
0
LINE
8
layer0
10
82.4833385
20
-6.5997569
11
82.6190273
21
-6.6781459
0
LINE
8
layer0
10
82.6190273
20
-6.6781459
11
82.7631375
21
-6.7654319
0
LINE
8
layer0
10
82.7631375
20
-6.7654319
11
82.9170812
21
-6.8631577
0
LINE
8
layer0
10
82.9170812
20
-6.8631577
11
83.0778503
21
-6.9700318
0
LINE
8
layer0
10
83.0778503
20
-6.9700318
11
83.2437425
21
-7.0853783
0
LINE
8
layer0
10
83.2437425
20
-7.0853783
11
83.4193265
21
-7.2129991
0
LINE
8
layer0
10
83.4193265
20
-7.2129991
11
83.5996556
21
-7.3499395
0
LINE
8
layer0
10
83.5996556
20
-7.3499395
11
83.786242
21
-7.4978882
0
LINE
8
layer0
10
83.786242
20
-7.4978882
11
83.9723014
21
-7.6518125
0
ARC
8
layer0
10
55.9999977
20
-7e-7
40
29
50
343.1561101
51
344.7010378
0
LINE
8
layer0
10
83.7558342
20
-8.4031868
11
83.5164006
21
-8.4345286
0
LINE
8
layer0
10
83.5164006
20
-8.4345286
11
83.2796998
21
-8.4605305
0
LINE
8
layer0
10
83.2796998
20
-8.4605305
11
83.0541541
21
-8.4805403
0
LINE
8
layer0
10
83.0541541
20
-8.4805403
11
82.8375846
21
-8.4951837
0
LINE
8
layer0
10
82.8375846
20
-8.4951837
11
82.6357516
21
-8.5045903
0
LINE
8
layer0
10
82.6357516
20
-8.5045903
11
82.442764
21
-8.5095488
0
LINE
8
layer0
10
82.442764
20
-8.5095488
11
82.2604229
21
-8.5103928
0
LINE
8
layer0
10
82.2604229
20
-8.5103928
11
82.0919624
21
-8.5076287
0
LINE
8
layer0
10
82.0919624
20
-8.5076287
11
81.935366
21
-8.5018117
0
LINE
8
layer0
10
81.935366
20
-8.5018117
11
81.7104444
21
-8.4880951
0
LINE
8
layer0
10
81.7104444
20
-8.4880951
11
81.6573426
21
-8.4892516
0
LINE
8
layer0
10
81.6573426
20
-8.4892516
11
81.6156585
21
-8.496109
0
LINE
8
layer0
10
81.6156585
20
-8.496109
11
81.5856174
21
-8.5082059
0
LINE
8
layer0
10
81.5856174
20
-8.5082059
11
81.5674036
21
-8.5250452
0
LINE
8
layer0
10
81.5674036
20
-8.5250452
11
81.5520762
21
-8.5673043
0
LINE
8
layer0
10
81.5520762
20
-8.5673043
11
81.4376558
21
-8.9010207
0
LINE
8
layer0
10
81.4376558
20
-8.9010207
11
81.3190445
21
-9.2332707
0
LINE
8
layer0
10
81.3190445
20
-9.2332707
11
81.3046798
21
-9.2758667
0
LINE
8
layer0
10
81.3046798
20
-9.2758667
11
81.3084208
21
-9.3003883
0
LINE
8
layer0
10
81.3084208
20
-9.3003883
11
81.3243656
21
-9.3285764
0
LINE
8
layer0
10
81.3243656
20
-9.3285764
11
81.35268
21
-9.3599273
0
LINE
8
layer0
10
81.35268
20
-9.3599273
11
81.3934756
21
-9.3939399
0
LINE
8
layer0
10
81.3934756
20
-9.3939399
11
81.5778785
21
-9.5234521
0
LINE
8
layer0
10
81.5778785
20
-9.5234521
11
81.7039374
21
-9.6165406
0
LINE
8
layer0
10
81.7039374
20
-9.6165406
11
81.8373685
21
-9.7194129
0
LINE
8
layer0
10
81.8373685
20
-9.7194129
11
81.9794023
21
-9.8337605
0
LINE
8
layer0
10
81.9794023
20
-9.8337605
11
82.1271945
21
-9.957963
0
LINE
8
layer0
10
82.1271945
20
-9.957963
11
82.2791289
21
-10.0911582
0
LINE
8
layer0
10
82.2791289
20
-10.0911582
11
82.4393198
21
-10.2376358
0
LINE
8
layer0
10
82.4393198
20
-10.2376358
11
82.6031826
21
-10.3939056
0
LINE
8
layer0
10
82.6031826
20
-10.3939056
11
82.7720308
21
-10.5618151
0
LINE
8
layer0
10
82.7720308
20
-10.5618151
11
82.9396863
21
-10.7356036
0
ARC
8
layer0
10
55.9999988
20
0.0000025
40
29
50
336.7275325
51
338.2724601
0
LINE
8
layer0
10
82.6404529
20
-11.4580168
11
82.3990156
21
-11.4623534
0
LINE
8
layer0
10
82.3990156
20
-11.4623534
11
82.160892
21
-11.4616897
0
LINE
8
layer0
10
82.160892
20
-11.4616897
11
81.934524
21
-11.4563207
0
LINE
8
layer0
10
81.934524
20
-11.4563207
11
81.7176767
21
-11.4466238
0
LINE
8
layer0
10
81.7176767
20
-11.4466238
11
81.5160595
21
-11.4333732
0
LINE
8
layer0
10
81.5160595
20
-11.4333732
11
81.3237303
21
-11.4166928
0
LINE
8
layer0
10
81.3237303
20
-11.4166928
11
81.1424413
21
-11.3971157
0
LINE
8
layer0
10
81.1424413
20
-11.3971157
11
80.9753495
21
-11.3755074
0
LINE
8
layer0
10
80.9753495
20
-11.3755074
11
80.8203889
21
-11.3521938
0
LINE
8
layer0
10
80.8203889
20
-11.3521938
11
80.5984174
21
-11.3133802
0
LINE
8
layer0
10
80.5984174
20
-11.3133802
11
80.54552
21
-11.3085839
0
LINE
8
layer0
10
80.54552
20
-11.3085839
11
80.5033303
21
-11.3107311
0
LINE
8
layer0
10
80.5033303
20
-11.3107311
11
80.4721236
21
-11.3193883
0
LINE
8
layer0
10
80.4721236
20
-11.3193883
11
80.4521389
21
-11.3340825
0
LINE
8
layer0
10
80.4521389
20
-11.3340825
11
80.4321763
21
-11.3743598
0
LINE
8
layer0
10
80.4321763
20
-11.3743598
11
80.281111
21
-11.6931668
0
LINE
8
layer0
10
80.281111
20
-11.6931668
11
80.1260453
21
-12.0100473
0
LINE
8
layer0
10
80.1260453
20
-12.0100473
11
80.1070018
21
-12.0507672
0
LINE
8
layer0
10
80.1070018
20
-12.0507672
11
80.1079736
21
-12.0755535
0
LINE
8
layer0
10
80.1079736
20
-12.0755535
11
80.1206622
21
-12.1053496
0
LINE
8
layer0
10
80.1206622
20
-12.1053496
11
80.1452883
21
-12.1396736
0
LINE
8
layer0
10
80.1452883
20
-12.1396736
11
80.1820192
21
-12.17804
0
LINE
8
layer0
10
80.1820192
20
-12.17804
11
80.3507619
21
-12.3273844
0
LINE
8
layer0
10
80.3507619
20
-12.3273844
11
80.4656055
21
-12.4340016
0
LINE
8
layer0
10
80.4656055
20
-12.4340016
11
80.5866796
21
-12.5511667
0
LINE
8
layer0
10
80.5866796
20
-12.5511667
11
80.7150175
21
-12.6806981
0
LINE
8
layer0
10
80.7150175
20
-12.6806981
11
80.847974
21
-12.8206671
0
LINE
8
layer0
10
80.847974
20
-12.8206671
11
80.98404
21
-12.9700361
0
LINE
8
layer0
10
80.98404
20
-12.9700361
11
81.1268234
21
-13.1335283
0
LINE
8
layer0
10
81.1268234
20
-13.1335283
11
81.2721592
21
-13.3071623
0
LINE
8
layer0
10
81.2721592
20
-13.3071623
11
81.4211458
21
-13.492921
0
LINE
8
layer0
10
81.4211458
20
-13.492921
11
81.568289
21
-13.6843882
0
ARC
8
layer0
10
55.9999992
20
0.0000028
40
29
50
330.2989607
51
331.8438883
0
LINE
8
layer0
10
81.1900525
20
-14.3687555
11
80.9496478
21
-14.3460325
0
LINE
8
layer0
10
80.9496478
20
-14.3460325
11
80.7130957
21
-14.3187116
0
LINE
8
layer0
10
80.7130957
20
-14.3187116
11
80.4887522
21
-14.2880311
0
LINE
8
layer0
10
80.4887522
20
-14.2880311
11
80.2743541
21
-14.2541161
0
LINE
8
layer0
10
80.2743541
20
-14.2541161
11
80.0754883
21
-14.2183748
0
LINE
8
layer0
10
80.0754883
20
-14.2183748
11
79.886236
21
-14.1802652
0
LINE
8
layer0
10
79.886236
20
-14.1802652
11
79.7082788
21
-14.1405133
0
LINE
8
layer0
10
79.7082788
20
-14.1405133
11
79.544657
21
-14.1003325
0
LINE
8
layer0
10
79.544657
20
-14.1003325
11
79.3932811
21
-14.0598154
0
LINE
8
layer0
10
79.3932811
20
-14.0598154
11
79.1770511
21
-13.9963929
0
LINE
8
layer0
10
79.1770511
20
-13.9963929
11
79.1250232
21
-13.9857041
0
LINE
8
layer0
10
79.1250232
20
-13.9857041
11
79.0828584
21
-13.9831141
0
LINE
8
layer0
10
79.0828584
20
-13.9831141
11
79.0508786
21
-13.9882229
0
LINE
8
layer0
10
79.0508786
20
-13.9882229
11
79.0293744
21
-14.0005871
0
LINE
8
layer0
10
79.0293744
20
-14.0005871
11
79.0050277
21
-14.038376
0
LINE
8
layer0
10
79.0050277
20
-14.038376
11
78.8192172
21
-14.3382645
0
LINE
8
layer0
10
78.8192172
20
-14.3382645
11
78.6296472
21
-14.6357907
0
LINE
8
layer0
10
78.6296472
20
-14.6357907
11
78.6061642
21
-14.6741223
0
LINE
8
layer0
10
78.6061642
20
-14.6741223
11
78.6043547
21
-14.6988616
0
LINE
8
layer0
10
78.6043547
20
-14.6988616
11
78.6136274
21
-14.729891
0
LINE
8
layer0
10
78.6136274
20
-14.729891
11
78.6342556
21
-14.7667564
0
LINE
8
layer0
10
78.6342556
20
-14.7667564
11
78.6664599
21
-14.8089942
0
LINE
8
layer0
10
78.6664599
20
-14.8089942
11
78.8174202
21
-14.9762927
0
LINE
8
layer0
10
78.8174202
20
-14.9762927
11
78.9196044
21
-15.095098
0
LINE
8
layer0
10
78.9196044
20
-15.095098
11
79.0267989
21
-15.2250823
0
LINE
8
layer0
10
79.0267989
20
-15.2250823
11
79.1398269
21
-15.3681685
0
LINE
8
layer0
10
79.1398269
20
-15.3681685
11
79.2562759
21
-15.5221438
0
LINE
8
layer0
10
79.2562759
20
-15.5221438
11
79.3747623
21
-15.6858081
0
LINE
8
layer0
10
79.3747623
20
-15.6858081
11
79.4983426
21
-15.864259
0
LINE
8
layer0
10
79.4983426
20
-15.864259
11
79.6233237
21
-16.0530737
0
LINE
8
layer0
10
79.6233237
20
-16.0530737
11
79.7505751
21
-16.2543457
0
LINE
8
layer0
10
79.7505751
20
-16.2543457
11
79.8753556
21
-16.4610837
0
ARC
8
layer0
10
55.9999985
20
0.0000014
40
29
50
323.8703929
51
325.4153205
0
LINE
8
layer0
10
79.4228726
20
-17.0987989
11
79.1865236
21
-17.0493019
0
LINE
8
layer0
10
79.1865236
20
-17.0493019
11
78.9545179
21
-16.9956673
0
LINE
8
layer0
10
78.9545179
20
-16.9956673
11
78.7350202
21
-16.9400613
0
LINE
8
layer0
10
78.7350202
20
-16.9400613
11
78.5257674
21
-16.8823545
0
LINE
8
layer0
10
78.5257674
20
-16.8823545
11
78.3321538
21
-16.8245721
0
LINE
8
layer0
10
78.3321538
20
-16.8245721
11
78.1483584
21
-16.7655126
0
LINE
8
layer0
10
78.1483584
20
-16.7655126
11
77.9759709
21
-16.7060857
0
LINE
8
layer0
10
77.9759709
20
-16.7060857
11
77.8178768
21
-16.6478377
0
LINE
8
layer0
10
77.8178768
20
-16.6478377
11
77.6719892
21
-16.5906267
0
LINE
8
layer0
10
77.6719892
20
-16.5906267
11
77.4642198
21
-16.5033929
0
LINE
8
layer0
10
77.4642198
20
-16.5033929
11
77.4137159
21
-16.4869461
0
LINE
8
layer0
10
77.4137159
20
-16.4869461
11
77.3721062
21
-16.4796513
0
LINE
8
layer0
10
77.3721062
20
-16.4796513
11
77.3397555
21
-16.4811474
0
LINE
8
layer0
10
77.3397555
20
-16.4811474
11
77.3170021
21
-16.4910262
0
LINE
8
layer0
10
77.3170021
20
-16.4910262
11
77.2885775
21
-16.5258515
0
LINE
8
layer0
10
77.2885775
20
-16.5258515
11
77.0703585
21
-16.8030502
0
LINE
8
layer0
10
77.0703585
20
-16.8030502
11
76.8486681
21
-17.0774805
0
LINE
8
layer0
10
76.8486681
20
-17.0774805
11
76.8210409
21
-17.1129418
0
LINE
8
layer0
10
76.8210409
20
-17.1129418
11
76.816473
21
-17.1373229
0
LINE
8
layer0
10
76.816473
20
-17.1373229
11
76.8222131
21
-17.1691954
0
LINE
8
layer0
10
76.8222131
20
-17.1691954
11
76.838584
21
-17.2081387
0
LINE
8
layer0
10
76.838584
20
-17.2081387
11
76.8658567
21
-17.2537166
0
LINE
8
layer0
10
76.8658567
20
-17.2537166
11
76.9971363
21
-17.4368654
0
LINE
8
layer0
10
76.9971363
20
-17.4368654
11
77.085376
21
-17.5663646
0
LINE
8
layer0
10
77.085376
20
-17.5663646
11
77.1773428
21
-17.7075337
0
LINE
8
layer0
10
77.1773428
20
-17.7075337
11
77.2736396
21
-17.8623753
0
LINE
8
layer0
10
77.2736396
20
-17.8623753
11
77.3721166
21
-18.0284206
0
LINE
8
layer0
10
77.3721166
20
-18.0284206
11
77.4715334
21
-18.2043221
0
LINE
8
layer0
10
77.4715334
20
-18.2043221
11
77.5743565
21
-18.3954875
0
LINE
8
layer0
10
77.5743565
20
-18.3954875
11
77.6774112
21
-18.5971084
0
LINE
8
layer0
10
77.6774112
20
-18.5971084
11
77.7813272
21
-18.8113625
0
LINE
8
layer0
10
77.7813272
20
-18.8113625
11
77.8821757
21
-19.0307716
0
ARC
8
layer0
10
55.9999976
20
3e-7
40
29
50
317.4418245
51
318.9867521
0
LINE
8
layer0
10
77.3611364
20
-19.6138148
11
77.1318154
21
-19.5381665
0
LINE
8
layer0
10
77.1318154
20
-19.5381665
11
76.9072737
21
-19.4588927
0
LINE
8
layer0
10
76.9072737
20
-19.4588927
11
76.6953821
21
-19.3790604
0
LINE
8
layer0
10
76.6953821
20
-19.3790604
11
76.4939061
21
-19.2982876
0
LINE
8
layer0
10
76.4939061
20
-19.2982876
11
76.3079795
21
-19.2191906
0
LINE
8
layer0
10
76.3079795
20
-19.2191906
11
76.1319523
21
-19.1399239
0
LINE
8
layer0
10
76.1319523
20
-19.1399239
11
75.9673025
21
-19.0615694
0
LINE
8
layer0
10
75.9673025
20
-19.0615694
11
75.8167241
21
-18.9859868
0
LINE
8
layer0
10
75.8167241
20
-18.9859868
11
75.6781595
21
-18.9128012
0
LINE
8
layer0
10
75.6781595
20
-18.9128012
11
75.4814636
21
-18.8028532
0
LINE
8
layer0
10
75.4814636
20
-18.8028532
11
75.4331187
21
-18.7808551
0
LINE
8
layer0
10
75.4331187
20
-18.7808551
11
75.3925873
21
-18.7689474
0
LINE
8
layer0
10
75.3925873
20
-18.7689474
11
75.3602725
21
-18.766812
0
LINE
8
layer0
10
75.3602725
20
-18.766812
11
75.3365562
21
-18.774081
0
LINE
8
layer0
10
75.3365562
20
-18.774081
11
75.3044111
21
-18.8055048
0
LINE
8
layer0
10
75.3044111
20
-18.8055048
11
75.0565278
21
-19.0565278
0
LINE
8
layer0
10
75.0565278
20
-19.0565278
11
74.8055048
21
-19.3044111
0
LINE
8
layer0
10
74.8055048
20
-19.3044111
11
74.774081
21
-19.3365562
0
LINE
8
layer0
10
74.774081
20
-19.3365562
11
74.766812
21
-19.3602725
0
LINE
8
layer0
10
74.766812
20
-19.3602725
11
74.7689474
21
-19.3925873
0
LINE
8
layer0
10
74.7689474
20
-19.3925873
11
74.7808551
21
-19.4331187
0
LINE
8
layer0
10
74.7808551
20
-19.4331187
11
74.8028532
21
-19.4814636
0
LINE
8
layer0
10
74.8028532
20
-19.4814636
11
74.9128012
21
-19.6781595
0
LINE
8
layer0
10
74.9128012
20
-19.6781595
11
74.9859868
21
-19.8167241
0
LINE
8
layer0
10
74.9859868
20
-19.8167241
11
75.0615694
21
-19.9673025
0
LINE
8
layer0
10
75.0615694
20
-19.9673025
11
75.1399239
21
-20.1319523
0
LINE
8
layer0
10
75.1399239
20
-20.1319523
11
75.2191906
21
-20.3079795
0
LINE
8
layer0
10
75.2191906
20
-20.3079795
11
75.2982876
21
-20.4939061
0
LINE
8
layer0
10
75.2982876
20
-20.4939061
11
75.3790604
21
-20.6953821
0
LINE
8
layer0
10
75.3790604
20
-20.6953821
11
75.4588927
21
-20.9072737
0
LINE
8
layer0
10
75.4588927
20
-20.9072737
11
75.5381665
21
-21.1318154
0
LINE
8
layer0
10
75.5381665
20
-21.1318154
11
75.6138148
21
-21.3611364
0
ARC
8
layer0
10
55.9999996
20
0.0000024
40
29
50
311.0132479
51
312.5581755
0
LINE
8
layer0
10
75.0307716
20
-21.8821757
11
74.8113625
21
-21.7813272
0
LINE
8
layer0
10
74.8113625
20
-21.7813272
11
74.5971084
21
-21.6774112
0
LINE
8
layer0
10
74.5971084
20
-21.6774112
11
74.3954875
21
-21.5743565
0
LINE
8
layer0
10
74.3954875
20
-21.5743565
11
74.2043221
21
-21.4715334
0
LINE
8
layer0
10
74.2043221
20
-21.4715334
11
74.0284206
21
-21.3721166
0
LINE
8
layer0
10
74.0284206
20
-21.3721166
11
73.8623753
21
-21.2736396
0
LINE
8
layer0
10
73.8623753
20
-21.2736396
11
73.7075337
21
-21.1773428
0
LINE
8
layer0
10
73.7075337
20
-21.1773428
11
73.5663646
21
-21.085376
0
LINE
8
layer0
10
73.5663646
20
-21.085376
11
73.4368654
21
-20.9971363
0
LINE
8
layer0
10
73.4368654
20
-20.9971363
11
73.2537166
21
-20.8658567
0
LINE
8
layer0
10
73.2537166
20
-20.8658567
11
73.2081387
21
-20.838584
0
LINE
8
layer0
10
73.2081387
20
-20.838584
11
73.1691954
21
-20.8222131
0
LINE
8
layer0
10
73.1691954
20
-20.8222131
11
73.1373229
21
-20.816473
0
LINE
8
layer0
10
73.1373229
20
-20.816473
11
73.1129418
21
-20.8210409
0
LINE
8
layer0
10
73.1129418
20
-20.8210409
11
73.0774805
21
-20.8486681
0
LINE
8
layer0
10
73.0774805
20
-20.8486681
11
72.8030502
21
-21.0703585
0
LINE
8
layer0
10
72.8030502
20
-21.0703585
11
72.5258515
21
-21.2885775
0
LINE
8
layer0
10
72.5258515
20
-21.2885775
11
72.4910262
21
-21.3170021
0
LINE
8
layer0
10
72.4910262
20
-21.3170021
11
72.4811474
21
-21.3397555
0
LINE
8
layer0
10
72.4811474
20
-21.3397555
11
72.4796513
21
-21.3721062
0
LINE
8
layer0
10
72.4796513
20
-21.3721062
11
72.4869461
21
-21.4137159
0
LINE
8
layer0
10
72.4869461
20
-21.4137159
11
72.5033929
21
-21.4642198
0
LINE
8
layer0
10
72.5033929
20
-21.4642198
11
72.5906267
21
-21.6719892
0
LINE
8
layer0
10
72.5906267
20
-21.6719892
11
72.6478377
21
-21.8178768
0
LINE
8
layer0
10
72.6478377
20
-21.8178768
11
72.7060857
21
-21.9759709
0
LINE
8
layer0
10
72.7060857
20
-21.9759709
11
72.7655126
21
-22.1483584
0
LINE
8
layer0
10
72.7655126
20
-22.1483584
11
72.8245721
21
-22.3321538
0
LINE
8
layer0
10
72.8245721
20
-22.3321538
11
72.8823545
21
-22.5257674
0
LINE
8
layer0
10
72.8823545
20
-22.5257674
11
72.9400613
21
-22.7350202
0
LINE
8
layer0
10
72.9400613
20
-22.7350202
11
72.9956673
21
-22.9545179
0
LINE
8
layer0
10
72.9956673
20
-22.9545179
11
73.0493019
21
-23.1865236
0
LINE
8
layer0
10
73.0493019
20
-23.1865236
11
73.0987989
21
-23.4228726
0
ARC
8
layer0
10
55.9999987
20
0.0000015
40
29
50
304.5846795
51
306.1296071
0
LINE
8
layer0
10
72.4610837
20
-23.8753556
11
72.2543457
21
-23.7505751
0
LINE
8
layer0
10
72.2543457
20
-23.7505751
11
72.0530737
21
-23.6233237
0
LINE
8
layer0
10
72.0530737
20
-23.6233237
11
71.864259
21
-23.4983426
0
LINE
8
layer0
10
71.864259
20
-23.4983426
11
71.6858081
21
-23.3747623
0
LINE
8
layer0
10
71.6858081
20
-23.3747623
11
71.5221438
21
-23.2562759
0
LINE
8
layer0
10
71.5221438
20
-23.2562759
11
71.3681685
21
-23.1398269
0
LINE
8
layer0
10
71.3681685
20
-23.1398269
11
71.2250823
21
-23.0267989
0
LINE
8
layer0
10
71.2250823
20
-23.0267989
11
71.095098
21
-22.9196044
0
LINE
8
layer0
10
71.095098
20
-22.9196044
11
70.9762927
21
-22.8174202
0
LINE
8
layer0
10
70.9762927
20
-22.8174202
11
70.8089942
21
-22.6664599
0
LINE
8
layer0
10
70.8089942
20
-22.6664599
11
70.7667564
21
-22.6342556
0
LINE
8
layer0
10
70.7667564
20
-22.6342556
11
70.729891
21
-22.6136274
0
LINE
8
layer0
10
70.729891
20
-22.6136274
11
70.6988616
21
-22.6043547
0
LINE
8
layer0
10
70.6988616
20
-22.6043547
11
70.6741223
21
-22.6061642
0
LINE
8
layer0
10
70.6741223
20
-22.6061642
11
70.6357907
21
-22.6296472
0
LINE
8
layer0
10
70.6357907
20
-22.6296472
11
70.3382645
21
-22.8192172
0
LINE
8
layer0
10
70.3382645
20
-22.8192172
11
70.038376
21
-23.0050277
0
LINE
8
layer0
10
70.038376
20
-23.0050277
11
70.0005871
21
-23.0293744
0
LINE
8
layer0
10
70.0005871
20
-23.0293744
11
69.9882229
21
-23.0508786
0
LINE
8
layer0
10
69.9882229
20
-23.0508786
11
69.9831141
21
-23.0828584
0
LINE
8
layer0
10
69.9831141
20
-23.0828584
11
69.9857041
21
-23.1250232
0
LINE
8
layer0
10
69.9857041
20
-23.1250232
11
69.9963929
21
-23.1770511
0
LINE
8
layer0
10
69.9963929
20
-23.1770511
11
70.0598154
21
-23.3932811
0
LINE
8
layer0
10
70.0598154
20
-23.3932811
11
70.1003325
21
-23.544657
0
LINE
8
layer0
10
70.1003325
20
-23.544657
11
70.1405133
21
-23.7082788
0
LINE
8
layer0
10
70.1405133
20
-23.7082788
11
70.1802652
21
-23.886236
0
LINE
8
layer0
10
70.1802652
20
-23.886236
11
70.2183748
21
-24.0754883
0
LINE
8
layer0
10
70.2183748
20
-24.0754883
11
70.2541161
21
-24.2743541
0
LINE
8
layer0
10
70.2541161
20
-24.2743541
11
70.2880311
21
-24.4887522
0
LINE
8
layer0
10
70.2880311
20
-24.4887522
11
70.3187116
21
-24.7130957
0
LINE
8
layer0
10
70.3187116
20
-24.7130957
11
70.3460325
21
-24.9496478
0
LINE
8
layer0
10
70.3460325
20
-24.9496478
11
70.3687555
21
-25.1900525
0
ARC
8
layer0
10
55.9999972
20
8e-7
40
29
50
298.1561117
51
299.7010393
0
LINE
8
layer0
10
69.6843882
20
-25.568289
11
69.492921
21
-25.4211458
0
LINE
8
layer0
10
69.492921
20
-25.4211458
11
69.3071623
21
-25.2721592
0
LINE
8
layer0
10
69.3071623
20
-25.2721592
11
69.1335283
21
-25.1268234
0
LINE
8
layer0
10
69.1335283
20
-25.1268234
11
68.9700361
21
-24.98404
0
LINE
8
layer0
10
68.9700361
20
-24.98404
11
68.8206671
21
-24.847974
0
LINE
8
layer0
10
68.8206671
20
-24.847974
11
68.6806981
21
-24.7150175
0
LINE
8
layer0
10
68.6806981
20
-24.7150175
11
68.5511667
21
-24.5866796
0
LINE
8
layer0
10
68.5511667
20
-24.5866796
11
68.4340016
21
-24.4656055
0
LINE
8
layer0
10
68.4340016
20
-24.4656055
11
68.3273844
21
-24.3507619
0
LINE
8
layer0
10
68.3273844
20
-24.3507619
11
68.17804
21
-24.1820192
0
LINE
8
layer0
10
68.17804
20
-24.1820192
11
68.1396736
21
-24.1452883
0
LINE
8
layer0
10
68.1396736
20
-24.1452883
11
68.1053496
21
-24.1206622
0
LINE
8
layer0
10
68.1053496
20
-24.1206622
11
68.0755535
21
-24.1079736
0
LINE
8
layer0
10
68.0755535
20
-24.1079736
11
68.0507672
21
-24.1070018
0
LINE
8
layer0
10
68.0507672
20
-24.1070018
11
68.0100473
21
-24.1260453
0
LINE
8
layer0
10
68.0100473
20
-24.1260453
11
67.6931668
21
-24.281111
0
LINE
8
layer0
10
67.6931668
20
-24.281111
11
67.3743598
21
-24.4321763
0
LINE
8
layer0
10
67.3743598
20
-24.4321763
11
67.3340825
21
-24.4521389
0
LINE
8
layer0
10
67.3340825
20
-24.4521389
11
67.3193883
21
-24.4721236
0
LINE
8
layer0
10
67.3193883
20
-24.4721236
11
67.3107311
21
-24.5033303
0
LINE
8
layer0
10
67.3107311
20
-24.5033303
11
67.3085839
21
-24.54552
0
LINE
8
layer0
10
67.3085839
20
-24.54552
11
67.3133802
21
-24.5984174
0
LINE
8
layer0
10
67.3133802
20
-24.5984174
11
67.3521938
21
-24.8203889
0
LINE
8
layer0
10
67.3521938
20
-24.8203889
11
67.3755074
21
-24.9753495
0
LINE
8
layer0
10
67.3755074
20
-24.9753495
11
67.3971157
21
-25.1424413
0
LINE
8
layer0
10
67.3971157
20
-25.1424413
11
67.4166928
21
-25.3237303
0
LINE
8
layer0
10
67.4166928
20
-25.3237303
11
67.4333732
21
-25.5160595
0
LINE
8
layer0
10
67.4333732
20
-25.5160595
11
67.4466238
21
-25.7176767
0
LINE
8
layer0
10
67.4466238
20
-25.7176767
11
67.4563207
21
-25.934524
0
LINE
8
layer0
10
67.4563207
20
-25.934524
11
67.4616897
21
-26.160892
0
LINE
8
layer0
10
67.4616897
20
-26.160892
11
67.4623534
21
-26.3990156
0
LINE
8
layer0
10
67.4623534
20
-26.3990156
11
67.4580168
21
-26.6404529
0
ARC
8
layer0
10
55.9999975
20
0.0000012
40
29
50
291.7275399
51
293.2724675
0
LINE
8
layer0
10
66.7356036
20
-26.9396863
11
66.5618151
21
-26.7720308
0
LINE
8
layer0
10
66.5618151
20
-26.7720308
11
66.3939056
21
-26.6031826
0
LINE
8
layer0
10
66.3939056
20
-26.6031826
11
66.2376358
21
-26.4393198
0
LINE
8
layer0
10
66.2376358
20
-26.4393198
11
66.0911582
21
-26.2791289
0
LINE
8
layer0
10
66.0911582
20
-26.2791289
11
65.957963
21
-26.1271945
0
LINE
8
layer0
10
65.957963
20
-26.1271945
11
65.8337605
21
-25.9794023
0
LINE
8
layer0
10
65.8337605
20
-25.9794023
11
65.7194129
21
-25.8373685
0
LINE
8
layer0
10
65.7194129
20
-25.8373685
11
65.6165406
21
-25.7039374
0
LINE
8
layer0
10
65.6165406
20
-25.7039374
11
65.5234521
21
-25.5778785
0
LINE
8
layer0
10
65.5234521
20
-25.5778785
11
65.3939399
21
-25.3934756
0
LINE
8
layer0
10
65.3939399
20
-25.3934756
11
65.3599273
21
-25.35268
0
LINE
8
layer0
10
65.3599273
20
-25.35268
11
65.3285764
21
-25.3243656
0
LINE
8
layer0
10
65.3285764
20
-25.3243656
11
65.3003883
21
-25.3084208
0
LINE
8
layer0
10
65.3003883
20
-25.3084208
11
65.2758667
21
-25.3046798
0
LINE
8
layer0
10
65.2758667
20
-25.3046798
11
65.2332707
21
-25.3190445
0
LINE
8
layer0
10
65.2332707
20
-25.3190445
11
64.9010207
21
-25.4376558
0
LINE
8
layer0
10
64.9010207
20
-25.4376558
11
64.5673043
21
-25.5520762
0
LINE
8
layer0
10
64.5673043
20
-25.5520762
11
64.5250452
21
-25.5674036
0
LINE
8
layer0
10
64.5250452
20
-25.5674036
11
64.5082059
21
-25.5856174
0
LINE
8
layer0
10
64.5082059
20
-25.5856174
11
64.496109
21
-25.6156585
0
LINE
8
layer0
10
64.496109
20
-25.6156585
11
64.4892516
21
-25.6573426
0
LINE
8
layer0
10
64.4892516
20
-25.6573426
11
64.4880951
21
-25.7104444
0
LINE
8
layer0
10
64.4880951
20
-25.7104444
11
64.5018117
21
-25.935366
0
LINE
8
layer0
10
64.5018117
20
-25.935366
11
64.5076287
21
-26.0919624
0
LINE
8
layer0
10
64.5076287
20
-26.0919624
11
64.5103928
21
-26.2604229
0
LINE
8
layer0
10
64.5103928
20
-26.2604229
11
64.5095488
21
-26.442764
0
LINE
8
layer0
10
64.5095488
20
-26.442764
11
64.5045903
21
-26.6357516
0
LINE
8
layer0
10
64.5045903
20
-26.6357516
11
64.4951837
21
-26.8375846
0
LINE
8
layer0
10
64.4951837
20
-26.8375846
11
64.4805403
21
-27.0541541
0
LINE
8
layer0
10
64.4805403
20
-27.0541541
11
64.4605305
21
-27.2796998
0
LINE
8
layer0
10
64.4605305
20
-27.2796998
11
64.4345286
21
-27.5164006
0
LINE
8
layer0
10
64.4345286
20
-27.5164006
11
64.4031868
21
-27.7558342
0
ARC
8
layer0
10
56.0000006
20
0.0000023
40
29
50
285.2989622
51
286.8438899
0
LINE
8
layer0
10
63.6518125
20
-27.9723014
11
63.4978882
21
-27.786242
0
LINE
8
layer0
10
63.4978882
20
-27.786242
11
63.3499395
21
-27.5996556
0
LINE
8
layer0
10
63.3499395
20
-27.5996556
11
63.2129991
21
-27.4193265
0
LINE
8
layer0
10
63.2129991
20
-27.4193265
11
63.0853783
21
-27.2437425
0
LINE
8
layer0
10
63.0853783
20
-27.2437425
11
62.9700318
21
-27.0778503
0
LINE
8
layer0
10
62.9700318
20
-27.0778503
11
62.8631577
21
-26.9170812
0
LINE
8
layer0
10
62.8631577
20
-26.9170812
11
62.7654319
21
-26.7631375
0
LINE
8
layer0
10
62.7654319
20
-26.7631375
11
62.6781459
21
-26.6190273
0
LINE
8
layer0
10
62.6781459
20
-26.6190273
11
62.5997569
21
-26.4833385
0
LINE
8
layer0
10
62.5997569
20
-26.4833385
11
62.4917056
21
-26.2855943
0
LINE
8
layer0
10
62.4917056
20
-26.2855943
11
62.4624745
21
-26.241247
0
LINE
8
layer0
10
62.4624745
20
-26.241247
11
62.4344909
21
-26.2096005
0
LINE
8
layer0
10
62.4344909
20
-26.2096005
11
62.4082653
21
-26.1905998
0
LINE
8
layer0
10
62.4082653
20
-26.1905998
11
62.3843167
21
-26.1841369
0
LINE
8
layer0
10
62.3843167
20
-26.1841369
11
62.3403802
21
-26.193642
0
LINE
8
layer0
10
62.3403802
20
-26.193642
11
61.9969392
21
-26.2743072
0
LINE
8
layer0
10
61.9969392
20
-26.2743072
11
61.6525101
21
-26.3506438
0
LINE
8
layer0
10
61.6525101
20
-26.3506438
11
61.6088006
21
-26.3611434
0
LINE
8
layer0
10
61.6088006
20
-26.3611434
11
61.5900278
21
-26.3773572
0
LINE
8
layer0
10
61.5900278
20
-26.3773572
11
61.5746435
21
-26.405855
0
LINE
8
layer0
10
61.5746435
20
-26.405855
11
61.563162
21
-26.4465092
0
LINE
8
layer0
10
61.563162
20
-26.4465092
11
61.5560673
21
-26.4991477
0
LINE
8
layer0
10
61.5560673
20
-26.4991477
11
61.5445144
21
-26.7241907
0
LINE
8
layer0
10
61.5445144
20
-26.7241907
11
61.5327616
21
-26.8804538
0
LINE
8
layer0
10
61.5327616
20
-26.8804538
11
61.5166467
21
-27.0481646
0
LINE
8
layer0
10
61.5166467
20
-27.0481646
11
61.4953924
21
-27.2292647
0
LINE
8
layer0
10
61.4953924
20
-27.2292647
11
61.4688573
21
-27.4204835
0
LINE
8
layer0
10
61.4688573
20
-27.4204835
11
61.4369116
21
-27.6199943
0
LINE
8
layer0
10
61.4369116
20
-27.6199943
11
61.3981123
21
-27.8335625
0
LINE
8
layer0
10
61.3981123
20
-27.8335625
11
61.3529751
21
-28.0554497
0
LINE
8
layer0
10
61.3529751
20
-28.0554497
11
61.3006347
21
-28.2877508
0
LINE
8
layer0
10
61.3006347
20
-28.2877508
11
61.2426819
21
-28.5221698
0
ARC
8
layer0
10
55.9999991
20
0.0000019
40
29
50
278.8703944
51
280.415322
0
LINE
8
layer0
10
60.4717954
20
-28.6531486
11
60.3396711
21
-28.4510251
0
LINE
8
layer0
10
60.3396711
20
-28.4510251
11
60.2135436
21
-28.2490469
0
LINE
8
layer0
10
60.2135436
20
-28.2490469
11
60.0976547
21
-28.0545192
0
LINE
8
layer0
10
60.0976547
20
-28.0545192
11
59.9904955
21
-27.8657502
0
LINE
8
layer0
10
59.9904955
20
-27.8657502
11
59.8944484
21
-27.6879864
0
LINE
8
layer0
10
59.8944484
20
-27.6879864
11
59.8062467
21
-27.5162621
0
LINE
8
layer0
10
59.8062467
20
-27.5162621
11
59.7263716
21
-27.3523446
0
LINE
8
layer0
10
59.7263716
20
-27.3523446
11
59.6557697
21
-27.1993676
0
LINE
8
layer0
10
59.6557697
20
-27.1993676
11
59.5930659
21
-27.0557552
0
LINE
8
layer0
10
59.5930659
20
-27.0557552
11
59.5078343
21
-26.8471565
0
LINE
8
layer0
10
59.5078343
20
-26.8471565
11
59.4837524
21
-26.7998151
0
LINE
8
layer0
10
59.4837524
20
-26.7998151
11
59.459488
21
-26.7652344
0
LINE
8
layer0
10
59.459488
20
-26.7652344
11
59.4355547
21
-26.7434169
0
LINE
8
layer0
10
59.4355547
20
-26.7434169
11
59.4124803
21
-26.7343132
0
LINE
8
layer0
10
59.4124803
20
-26.7343132
11
59.3677559
21
-26.7388392
0
LINE
8
layer0
10
59.3677559
20
-26.7388392
11
59.0174426
21
-26.7805441
0
LINE
8
layer0
10
59.0174426
20
-26.7805441
11
58.6666323
21
-26.8178368
0
LINE
8
layer0
10
58.6666323
20
-26.8178368
11
58.622022
21
-26.8233764
0
LINE
8
layer0
10
58.622022
20
-26.8233764
11
58.6015519
21
-26.8373865
0
LINE
8
layer0
10
58.6015519
20
-26.8373865
11
58.5830736
21
-26.8639826
0
LINE
8
layer0
10
58.5830736
20
-26.8639826
11
58.5671125
21
-26.9030956
0
LINE
8
layer0
10
58.5671125
20
-26.9030956
11
58.5541687
21
-26.9546088
0
LINE
8
layer0
10
58.5541687
20
-26.9546088
11
58.5174917
21
-27.1769433
0
LINE
8
layer0
10
58.5174917
20
-27.1769433
11
58.4883168
21
-27.3309079
0
LINE
8
layer0
10
58.4883168
20
-27.3309079
11
58.4535256
21
-27.4957599
0
LINE
8
layer0
10
58.4535256
20
-27.4957599
11
58.4121281
21
-27.6733415
0
LINE
8
layer0
10
58.4121281
20
-27.6733415
11
58.3643502
21
-27.860387
0
LINE
8
layer0
10
58.3643502
20
-27.860387
11
58.3102673
21
-28.0550665
0
LINE
8
layer0
10
58.3102673
20
-28.0550665
11
58.2477998
21
-28.2629478
0
LINE
8
layer0
10
58.2477998
20
-28.2629478
11
58.178103
21
-28.478386
0
LINE
8
layer0
10
58.178103
20
-28.478386
11
58.1000822
21
-28.7033661
0
LINE
8
layer0
10
58.1000822
20
-28.7033661
11
58.0162472
21
-28.9298225
0
ARC
8
layer0
10
56.0000004
20
0.0000021
40
29
50
272.4418208
51
273.9867484
0
LINE
8
layer0
10
57.2355429
20
-28.9736659
11
57.12688
21
-28.75802
0
LINE
8
layer0
10
57.12688
20
-28.75802
11
57.02416
21
-28.54319
0
LINE
8
layer0
10
57.02416
20
-28.54319
11
56.93078
21
-28.33691
0
LINE
8
layer0
10
56.93078
20
-28.33691
11
56.84543
21
-28.13733
0
LINE
8
layer0
10
56.84543
20
-28.13733
11
56.76989
21
-27.94993
0
LINE
8
layer0
10
56.76989
20
-27.94993
11
56.70147
21
-27.76941
0
LINE
8
layer0
10
56.70147
20
-27.76941
11
56.64045
21
-27.59758
0
LINE
8
layer0
10
56.64045
20
-27.59758
11
56.58742
21
-27.43766
0
LINE
8
layer0
10
56.58742
20
-27.43766
11
56.54119
21
-27.28793
0
LINE
8
layer0
10
56.54119
20
-27.28793
11
56.47985
21
-27.0711
0
LINE
8
layer0
10
56.47985
20
-27.0711
11
56.46122
21
-27.02136
0
LINE
8
layer0
10
56.46122
20
-27.02136
11
56.44098
21
-26.98428
0
LINE
8
layer0
10
56.44098
20
-26.98428
11
56.41964
21
-26.95992
0
LINE
8
layer0
10
56.41964
20
-26.95992
11
56.39773
21
-26.94829
0
LINE
8
layer0
10
56.39773
20
-26.94829
11
56.35278
21
-26.94778
0
LINE
8
layer0
10
56.35278
20
-26.94778
11
56
21
-26.95
0
LINE
8
layer0
10
56
20
-26.95
11
55.64722
21
-26.94778
0
LINE
8
layer0
10
55.64722
20
-26.94778
11
55.60227
21
-26.94829
0
LINE
8
layer0
10
55.60227
20
-26.94829
11
55.58036
21
-26.95992
0
LINE
8
layer0
10
55.58036
20
-26.95992
11
55.55902
21
-26.98428
0
LINE
8
layer0
10
55.55902
20
-26.98428
11
55.53878
21
-27.02136
0
LINE
8
layer0
10
55.53878
20
-27.02136
11
55.52015
21
-27.0711
0
LINE
8
layer0
10
55.52015
20
-27.0711
11
55.45881
21
-27.28793
0
LINE
8
layer0
10
55.45881
20
-27.28793
11
55.41258
21
-27.43766
0
LINE
8
layer0
10
55.41258
20
-27.43766
11
55.35955
21
-27.59758
0
LINE
8
layer0
10
55.35955
20
-27.59758
11
55.29853
21
-27.76941
0
LINE
8
layer0
10
55.29853
20
-27.76941
11
55.23011
21
-27.94993
0
LINE
8
layer0
10
55.23011
20
-27.94993
11
55.15457
21
-28.13733
0
LINE
8
layer0
10
55.15457
20
-28.13733
11
55.06922
21
-28.33691
0
LINE
8
layer0
10
55.06922
20
-28.33691
11
54.97584
21
-28.54319
0
LINE
8
layer0
10
54.97584
20
-28.54319
11
54.87312
21
-28.75802
0
LINE
8
layer0
10
54.87312
20
-28.75802
11
54.7644571
21
-28.9736659
0
ARC
8
layer0
10
55.9999997
20
0.0000021
40
29
50
266.0132514
51
267.558179
0
LINE
8
layer0
10
53.9837528
20
-28.9298225
11
53.8999178
21
-28.7033661
0
LINE
8
layer0
10
53.8999178
20
-28.7033661
11
53.821897
21
-28.478386
0
LINE
8
layer0
10
53.821897
20
-28.478386
11
53.7522002
21
-28.2629478
0
LINE
8
layer0
10
53.7522002
20
-28.2629478
11
53.6897327
21
-28.0550665
0
LINE
8
layer0
10
53.6897327
20
-28.0550665
11
53.6356498
21
-27.860387
0
LINE
8
layer0
10
53.6356498
20
-27.860387
11
53.5878719
21
-27.6733415
0
LINE
8
layer0
10
53.5878719
20
-27.6733415
11
53.5464744
21
-27.4957599
0
LINE
8
layer0
10
53.5464744
20
-27.4957599
11
53.5116832
21
-27.3309079
0
LINE
8
layer0
10
53.5116832
20
-27.3309079
11
53.4825083
21
-27.1769433
0
LINE
8
layer0
10
53.4825083
20
-27.1769433
11
53.4458313
21
-26.9546088
0
LINE
8
layer0
10
53.4458313
20
-26.9546088
11
53.4328875
21
-26.9030956
0
LINE
8
layer0
10
53.4328875
20
-26.9030956
11
53.4169264
21
-26.8639826
0
LINE
8
layer0
10
53.4169264
20
-26.8639826
11
53.3984481
21
-26.8373865
0
LINE
8
layer0
10
53.3984481
20
-26.8373865
11
53.377978
21
-26.8233764
0
LINE
8
layer0
10
53.377978
20
-26.8233764
11
53.3333677
21
-26.8178368
0
LINE
8
layer0
10
53.3333677
20
-26.8178368
11
52.9825574
21
-26.7805441
0
LINE
8
layer0
10
52.9825574
20
-26.7805441
11
52.6322441
21
-26.7388392
0
LINE
8
layer0
10
52.6322441
20
-26.7388392
11
52.5875197
21
-26.7343132
0
LINE
8
layer0
10
52.5875197
20
-26.7343132
11
52.5644453
21
-26.7434169
0
LINE
8
layer0
10
52.5644453
20
-26.7434169
11
52.540512
21
-26.7652344
0
LINE
8
layer0
10
52.540512
20
-26.7652344
11
52.5162476
21
-26.7998151
0
LINE
8
layer0
10
52.5162476
20
-26.7998151
11
52.4921657
21
-26.8471565
0
LINE
8
layer0
10
52.4921657
20
-26.8471565
11
52.4069341
21
-27.0557552
0
LINE
8
layer0
10
52.4069341
20
-27.0557552
11
52.3442303
21
-27.1993676
0
LINE
8
layer0
10
52.3442303
20
-27.1993676
11
52.2736284
21
-27.3523446
0
LINE
8
layer0
10
52.2736284
20
-27.3523446
11
52.1937533
21
-27.5162621
0
LINE
8
layer0
10
52.1937533
20
-27.5162621
11
52.1055516
21
-27.6879864
0
LINE
8
layer0
10
52.1055516
20
-27.6879864
11
52.0095045
21
-27.8657502
0
LINE
8
layer0
10
52.0095045
20
-27.8657502
11
51.9023453
21
-28.0545192
0
LINE
8
layer0
10
51.9023453
20
-28.0545192
11
51.7864564
21
-28.2490469
0
LINE
8
layer0
10
51.7864564
20
-28.2490469
11
51.6603289
21
-28.4510251
0
LINE
8
layer0
10
51.6603289
20
-28.4510251
11
51.5282046
21
-28.6531486
0
ARC
8
layer0
10
56.0000009
20
0.000002
40
29
50
259.584678
51
261.1296056
0
LINE
8
layer0
10
50.7573181
20
-28.5221698
11
50.6993653
21
-28.2877508
0
LINE
8
layer0
10
50.6993653
20
-28.2877508
11
50.6470249
21
-28.0554497
0
LINE
8
layer0
10
50.6470249
20
-28.0554497
11
50.6018877
21
-27.8335625
0
LINE
8
layer0
10
50.6018877
20
-27.8335625
11
50.5630884
21
-27.6199943
0
LINE
8
layer0
10
50.5630884
20
-27.6199943
11
50.5311427
21
-27.4204835
0
LINE
8
layer0
10
50.5311427
20
-27.4204835
11
50.5046076
21
-27.2292647
0
LINE
8
layer0
10
50.5046076
20
-27.2292647
11
50.4833533
21
-27.0481646
0
LINE
8
layer0
10
50.4833533
20
-27.0481646
11
50.4672384
21
-26.8804538
0
LINE
8
layer0
10
50.4672384
20
-26.8804538
11
50.4554856
21
-26.7241907
0
LINE
8
layer0
10
50.4554856
20
-26.7241907
11
50.4439327
21
-26.4991477
0
LINE
8
layer0
10
50.4439327
20
-26.4991477
11
50.436838
21
-26.4465092
0
LINE
8
layer0
10
50.436838
20
-26.4465092
11
50.4253565
21
-26.405855
0
LINE
8
layer0
10
50.4253565
20
-26.405855
11
50.4099722
21
-26.3773572
0
LINE
8
layer0
10
50.4099722
20
-26.3773572
11
50.3911994
21
-26.3611434
0
LINE
8
layer0
10
50.3911994
20
-26.3611434
11
50.3474899
21
-26.3506438
0
LINE
8
layer0
10
50.3474899
20
-26.3506438
11
50.0030608
21
-26.2743072
0
LINE
8
layer0
10
50.0030608
20
-26.2743072
11
49.6596198
21
-26.193642
0
LINE
8
layer0
10
49.6596198
20
-26.193642
11
49.6156833
21
-26.1841369
0
LINE
8
layer0
10
49.6156833
20
-26.1841369
11
49.5917347
21
-26.1905998
0
LINE
8
layer0
10
49.5917347
20
-26.1905998
11
49.5655091
21
-26.2096005
0
LINE
8
layer0
10
49.5655091
20
-26.2096005
11
49.5375255
21
-26.241247
0
LINE
8
layer0
10
49.5375255
20
-26.241247
11
49.5082944
21
-26.2855943
0
LINE
8
layer0
10
49.5082944
20
-26.2855943
11
49.4002431
21
-26.4833385
0
LINE
8
layer0
10
49.4002431
20
-26.4833385
11
49.3218541
21
-26.6190273
0
LINE
8
layer0
10
49.3218541
20
-26.6190273
11
49.2345681
21
-26.7631375
0
LINE
8
layer0
10
49.2345681
20
-26.7631375
11
49.1368423
21
-26.9170812
0
LINE
8
layer0
10
49.1368423
20
-26.9170812
11
49.0299682
21
-27.0778503
0
LINE
8
layer0
10
49.0299682
20
-27.0778503
11
48.9146217
21
-27.2437425
0
LINE
8
layer0
10
48.9146217
20
-27.2437425
11
48.7870009
21
-27.4193265
0
LINE
8
layer0
10
48.7870009
20
-27.4193265
11
48.6500605
21
-27.5996556
0
LINE
8
layer0
10
48.6500605
20
-27.5996556
11
48.5021118
21
-27.786242
0
LINE
8
layer0
10
48.5021118
20
-27.786242
11
48.3481875
21
-27.9723014
0
ARC
8
layer0
10
55.9999993
20
0.0000023
40
29
50
253.1561101
51
254.7010378
0
LINE
8
layer0
10
47.5968132
20
-27.7558342
11
47.5654714
21
-27.5164006
0
LINE
8
layer0
10
47.5654714
20
-27.5164006
11
47.5394695
21
-27.2796998
0
LINE
8
layer0
10
47.5394695
20
-27.2796998
11
47.5194597
21
-27.0541541
0
LINE
8
layer0
10
47.5194597
20
-27.0541541
11
47.5048163
21
-26.8375846
0
LINE
8
layer0
10
47.5048163
20
-26.8375846
11
47.4954097
21
-26.6357516
0
LINE
8
layer0
10
47.4954097
20
-26.6357516
11
47.4904512
21
-26.442764
0
LINE
8
layer0
10
47.4904512
20
-26.442764
11
47.4896072
21
-26.2604229
0
LINE
8
layer0
10
47.4896072
20
-26.2604229
11
47.4923713
21
-26.0919624
0
LINE
8
layer0
10
47.4923713
20
-26.0919624
11
47.4981883
21
-25.935366
0
LINE
8
layer0
10
47.4981883
20
-25.935366
11
47.5119049
21
-25.7104444
0
LINE
8
layer0
10
47.5119049
20
-25.7104444
11
47.5107484
21
-25.6573426
0
LINE
8
layer0
10
47.5107484
20
-25.6573426
11
47.503891
21
-25.6156585
0
LINE
8
layer0
10
47.503891
20
-25.6156585
11
47.4917941
21
-25.5856174
0
LINE
8
layer0
10
47.4917941
20
-25.5856174
11
47.4749548
21
-25.5674036
0
LINE
8
layer0
10
47.4749548
20
-25.5674036
11
47.4326957
21
-25.5520762
0
LINE
8
layer0
10
47.4326957
20
-25.5520762
11
47.0989793
21
-25.4376558
0
LINE
8
layer0
10
47.0989793
20
-25.4376558
11
46.7667293
21
-25.3190445
0
LINE
8
layer0
10
46.7667293
20
-25.3190445
11
46.7241333
21
-25.3046798
0
LINE
8
layer0
10
46.7241333
20
-25.3046798
11
46.6996117
21
-25.3084208
0
LINE
8
layer0
10
46.6996117
20
-25.3084208
11
46.6714236
21
-25.3243656
0
LINE
8
layer0
10
46.6714236
20
-25.3243656
11
46.6400727
21
-25.35268
0
LINE
8
layer0
10
46.6400727
20
-25.35268
11
46.6060601
21
-25.3934756
0
LINE
8
layer0
10
46.6060601
20
-25.3934756
11
46.4765479
21
-25.5778785
0
LINE
8
layer0
10
46.4765479
20
-25.5778785
11
46.3834594
21
-25.7039374
0
LINE
8
layer0
10
46.3834594
20
-25.7039374
11
46.2805871
21
-25.8373685
0
LINE
8
layer0
10
46.2805871
20
-25.8373685
11
46.1662395
21
-25.9794023
0
LINE
8
layer0
10
46.1662395
20
-25.9794023
11
46.042037
21
-26.1271945
0
LINE
8
layer0
10
46.042037
20
-26.1271945
11
45.9088418
21
-26.2791289
0
LINE
8
layer0
10
45.9088418
20
-26.2791289
11
45.7623642
21
-26.4393198
0
LINE
8
layer0
10
45.7623642
20
-26.4393198
11
45.6060944
21
-26.6031826
0
LINE
8
layer0
10
45.6060944
20
-26.6031826
11
45.4381849
21
-26.7720308
0
LINE
8
layer0
10
45.4381849
20
-26.7720308
11
45.2643964
21
-26.9396863
0
ARC
8
layer0
10
56.0000025
20
0.0000012
40
29
50
246.7275325
51
248.2724601
0
LINE
8
layer0
10
44.5419832
20
-26.6404529
11
44.5376466
21
-26.3990156
0
LINE
8
layer0
10
44.5376466
20
-26.3990156
11
44.5383103
21
-26.160892
0
LINE
8
layer0
10
44.5383103
20
-26.160892
11
44.5436793
21
-25.934524
0
LINE
8
layer0
10
44.5436793
20
-25.934524
11
44.5533762
21
-25.7176767
0
LINE
8
layer0
10
44.5533762
20
-25.7176767
11
44.5666268
21
-25.5160595
0
LINE
8
layer0
10
44.5666268
20
-25.5160595
11
44.5833072
21
-25.3237303
0
LINE
8
layer0
10
44.5833072
20
-25.3237303
11
44.6028843
21
-25.1424413
0
LINE
8
layer0
10
44.6028843
20
-25.1424413
11
44.6244926
21
-24.9753495
0
LINE
8
layer0
10
44.6244926
20
-24.9753495
11
44.6478062
21
-24.8203889
0
LINE
8
layer0
10
44.6478062
20
-24.8203889
11
44.6866198
21
-24.5984174
0
LINE
8
layer0
10
44.6866198
20
-24.5984174
11
44.6914161
21
-24.54552
0
LINE
8
layer0
10
44.6914161
20
-24.54552
11
44.6892689
21
-24.5033303
0
LINE
8
layer0
10
44.6892689
20
-24.5033303
11
44.6806117
21
-24.4721236
0
LINE
8
layer0
10
44.6806117
20
-24.4721236
11
44.6659175
21
-24.4521389
0
LINE
8
layer0
10
44.6659175
20
-24.4521389
11
44.6256402
21
-24.4321763
0
LINE
8
layer0
10
44.6256402
20
-24.4321763
11
44.3068332
21
-24.281111
0
LINE
8
layer0
10
44.3068332
20
-24.281111
11
43.9899527
21
-24.1260453
0
LINE
8
layer0
10
43.9899527
20
-24.1260453
11
43.9492328
21
-24.1070018
0
LINE
8
layer0
10
43.9492328
20
-24.1070018
11
43.9244465
21
-24.1079736
0
LINE
8
layer0
10
43.9244465
20
-24.1079736
11
43.8946504
21
-24.1206622
0
LINE
8
layer0
10
43.8946504
20
-24.1206622
11
43.8603264
21
-24.1452883
0
LINE
8
layer0
10
43.8603264
20
-24.1452883
11
43.82196
21
-24.1820192
0
LINE
8
layer0
10
43.82196
20
-24.1820192
11
43.6726156
21
-24.3507619
0
LINE
8
layer0
10
43.6726156
20
-24.3507619
11
43.5659984
21
-24.4656055
0
LINE
8
layer0
10
43.5659984
20
-24.4656055
11
43.4488333
21
-24.5866796
0
LINE
8
layer0
10
43.4488333
20
-24.5866796
11
43.3193019
21
-24.7150175
0
LINE
8
layer0
10
43.3193019
20
-24.7150175
11
43.1793329
21
-24.847974
0
LINE
8
layer0
10
43.1793329
20
-24.847974
11
43.0299639
21
-24.98404
0
LINE
8
layer0
10
43.0299639
20
-24.98404
11
42.8664717
21
-25.1268234
0
LINE
8
layer0
10
42.8664717
20
-25.1268234
11
42.6928377
21
-25.2721592
0
LINE
8
layer0
10
42.6928377
20
-25.2721592
11
42.507079
21
-25.4211458
0
LINE
8
layer0
10
42.507079
20
-25.4211458
11
42.3156118
21
-25.568289
0
ARC
8
layer0
10
56.0000028
20
8e-7
40
29
50
240.2989607
51
241.8438883
0
LINE
8
layer0
10
41.6312445
20
-25.1900525
11
41.6539675
21
-24.9496478
0
LINE
8
layer0
10
41.6539675
20
-24.9496478
11
41.6812884
21
-24.7130957
0
LINE
8
layer0
10
41.6812884
20
-24.7130957
11
41.7119689
21
-24.4887522
0
LINE
8
layer0
10
41.7119689
20
-24.4887522
11
41.7458839
21
-24.2743541
0
LINE
8
layer0
10
41.7458839
20
-24.2743541
11
41.7816252
21
-24.0754883
0
LINE
8
layer0
10
41.7816252
20
-24.0754883
11
41.8197348
21
-23.886236
0
LINE
8
layer0
10
41.8197348
20
-23.886236
11
41.8594867
21
-23.7082788
0
LINE
8
layer0
10
41.8594867
20
-23.7082788
11
41.8996675
21
-23.544657
0
LINE
8
layer0
10
41.8996675
20
-23.544657
11
41.9401846
21
-23.3932811
0
LINE
8
layer0
10
41.9401846
20
-23.3932811
11
42.0036071
21
-23.1770511
0
LINE
8
layer0
10
42.0036071
20
-23.1770511
11
42.0142959
21
-23.1250232
0
LINE
8
layer0
10
42.0142959
20
-23.1250232
11
42.0168859
21
-23.0828584
0
LINE
8
layer0
10
42.0168859
20
-23.0828584
11
42.0117771
21
-23.0508786
0
LINE
8
layer0
10
42.0117771
20
-23.0508786
11
41.9994129
21
-23.0293744
0
LINE
8
layer0
10
41.9994129
20
-23.0293744
11
41.961624
21
-23.0050277
0
LINE
8
layer0
10
41.961624
20
-23.0050277
11
41.6617355
21
-22.8192172
0
LINE
8
layer0
10
41.6617355
20
-22.8192172
11
41.3642093
21
-22.6296472
0
LINE
8
layer0
10
41.3642093
20
-22.6296472
11
41.3258777
21
-22.6061642
0
LINE
8
layer0
10
41.3258777
20
-22.6061642
11
41.3011384
21
-22.6043547
0
LINE
8
layer0
10
41.3011384
20
-22.6043547
11
41.270109
21
-22.6136274
0
LINE
8
layer0
10
41.270109
20
-22.6136274
11
41.2332436
21
-22.6342556
0
LINE
8
layer0
10
41.2332436
20
-22.6342556
11
41.1910058
21
-22.6664599
0
LINE
8
layer0
10
41.1910058
20
-22.6664599
11
41.0237073
21
-22.8174202
0
LINE
8
layer0
10
41.0237073
20
-22.8174202
11
40.904902
21
-22.9196044
0
LINE
8
layer0
10
40.904902
20
-22.9196044
11
40.7749177
21
-23.0267989
0
LINE
8
layer0
10
40.7749177
20
-23.0267989
11
40.6318315
21
-23.1398269
0
LINE
8
layer0
10
40.6318315
20
-23.1398269
11
40.4778562
21
-23.2562759
0
LINE
8
layer0
10
40.4778562
20
-23.2562759
11
40.3141919
21
-23.3747623
0
LINE
8
layer0
10
40.3141919
20
-23.3747623
11
40.135741
21
-23.4983426
0
LINE
8
layer0
10
40.135741
20
-23.4983426
11
39.9469263
21
-23.6233237
0
LINE
8
layer0
10
39.9469263
20
-23.6233237
11
39.7456543
21
-23.7505751
0
LINE
8
layer0
10
39.7456543
20
-23.7505751
11
39.5389163
21
-23.8753556
0
ARC
8
layer0
10
56.0000014
20
0.0000015
40
29
50
233.8703929
51
235.4153205
0
LINE
8
layer0
10
38.9012011
20
-23.4228726
11
38.9506981
21
-23.1865236
0
LINE
8
layer0
10
38.9506981
20
-23.1865236
11
39.0043327
21
-22.9545179
0
LINE
8
layer0
10
39.0043327
20
-22.9545179
11
39.0599387
21
-22.7350202
0
LINE
8
layer0
10
39.0599387
20
-22.7350202
11
39.1176455
21
-22.5257674
0
LINE
8
layer0
10
39.1176455
20
-22.5257674
11
39.1754279
21
-22.3321538
0
LINE
8
layer0
10
39.1754279
20
-22.3321538
11
39.2344874
21
-22.1483584
0
LINE
8
layer0
10
39.2344874
20
-22.1483584
11
39.2939143
21
-21.9759709
0
LINE
8
layer0
10
39.2939143
20
-21.9759709
11
39.3521623
21
-21.8178768
0
LINE
8
layer0
10
39.3521623
20
-21.8178768
11
39.4093733
21
-21.6719892
0
LINE
8
layer0
10
39.4093733
20
-21.6719892
11
39.4966071
21
-21.4642198
0
LINE
8
layer0
10
39.4966071
20
-21.4642198
11
39.5130539
21
-21.4137159
0
LINE
8
layer0
10
39.5130539
20
-21.4137159
11
39.5203487
21
-21.3721062
0
LINE
8
layer0
10
39.5203487
20
-21.3721062
11
39.5188526
21
-21.3397555
0
LINE
8
layer0
10
39.5188526
20
-21.3397555
11
39.5089738
21
-21.3170021
0
LINE
8
layer0
10
39.5089738
20
-21.3170021
11
39.4741485
21
-21.2885775
0
LINE
8
layer0
10
39.4741485
20
-21.2885775
11
39.1969498
21
-21.0703585
0
LINE
8
layer0
10
39.1969498
20
-21.0703585
11
38.9225195
21
-20.8486681
0
LINE
8
layer0
10
38.9225195
20
-20.8486681
11
38.8870582
21
-20.8210409
0
LINE
8
layer0
10
38.8870582
20
-20.8210409
11
38.8626771
21
-20.816473
0
LINE
8
layer0
10
38.8626771
20
-20.816473
11
38.8308046
21
-20.8222131
0
LINE
8
layer0
10
38.8308046
20
-20.8222131
11
38.7918613
21
-20.838584
0
LINE
8
layer0
10
38.7918613
20
-20.838584
11
38.7462834
21
-20.8658567
0
LINE
8
layer0
10
38.7462834
20
-20.8658567
11
38.5631346
21
-20.9971363
0
LINE
8
layer0
10
38.5631346
20
-20.9971363
11
38.4336354
21
-21.085376
0
LINE
8
layer0
10
38.4336354
20
-21.085376
11
38.2924663
21
-21.1773428
0
LINE
8
layer0
10
38.2924663
20
-21.1773428
11
38.1376247
21
-21.2736396
0
LINE
8
layer0
10
38.1376247
20
-21.2736396
11
37.9715794
21
-21.3721166
0
LINE
8
layer0
10
37.9715794
20
-21.3721166
11
37.7956779
21
-21.4715334
0
LINE
8
layer0
10
37.7956779
20
-21.4715334
11
37.6045125
21
-21.5743565
0
LINE
8
layer0
10
37.6045125
20
-21.5743565
11
37.4028916
21
-21.6774112
0
LINE
8
layer0
10
37.4028916
20
-21.6774112
11
37.1886375
21
-21.7813272
0
LINE
8
layer0
10
37.1886375
20
-21.7813272
11
36.9692284
21
-21.8821757
0
ARC
8
layer0
10
56.0000003
20
0.0000024
40
29
50
227.4418245
51
228.9867521
0
LINE
8
layer0
10
36.3861852
20
-21.3611364
11
36.4618335
21
-21.1318154
0
LINE
8
layer0
10
36.4618335
20
-21.1318154
11
36.5411073
21
-20.9072737
0
LINE
8
layer0
10
36.5411073
20
-20.9072737
11
36.6209396
21
-20.6953821
0
LINE
8
layer0
10
36.6209396
20
-20.6953821
11
36.7017124
21
-20.4939061
0
LINE
8
layer0
10
36.7017124
20
-20.4939061
11
36.7808094
21
-20.3079795
0
LINE
8
layer0
10
36.7808094
20
-20.3079795
11
36.8600761
21
-20.1319523
0
LINE
8
layer0
10
36.8600761
20
-20.1319523
11
36.9384306
21
-19.9673025
0
LINE
8
layer0
10
36.9384306
20
-19.9673025
11
37.0140132
21
-19.8167241
0
LINE
8
layer0
10
37.0140132
20
-19.8167241
11
37.0871988
21
-19.6781595
0
LINE
8
layer0
10
37.0871988
20
-19.6781595
11
37.1971468
21
-19.4814636
0
LINE
8
layer0
10
37.1971468
20
-19.4814636
11
37.2191449
21
-19.4331187
0
LINE
8
layer0
10
37.2191449
20
-19.4331187
11
37.2310526
21
-19.3925873
0
LINE
8
layer0
10
37.2310526
20
-19.3925873
11
37.233188
21
-19.3602725
0
LINE
8
layer0
10
37.233188
20
-19.3602725
11
37.225919
21
-19.3365562
0
LINE
8
layer0
10
37.225919
20
-19.3365562
11
37.1944952
21
-19.3044111
0
LINE
8
layer0
10
37.1944952
20
-19.3044111
11
36.9434722
21
-19.0565278
0
LINE
8
layer0
10
36.9434722
20
-19.0565278
11
36.6955889
21
-18.8055048
0
LINE
8
layer0
10
36.6955889
20
-18.8055048
11
36.6634438
21
-18.774081
0
LINE
8
layer0
10
36.6634438
20
-18.774081
11
36.6397275
21
-18.766812
0
LINE
8
layer0
10
36.6397275
20
-18.766812
11
36.6074127
21
-18.7689474
0
LINE
8
layer0
10
36.6074127
20
-18.7689474
11
36.5668813
21
-18.7808551
0
LINE
8
layer0
10
36.5668813
20
-18.7808551
11
36.5185364
21
-18.8028532
0
LINE
8
layer0
10
36.5185364
20
-18.8028532
11
36.3218405
21
-18.9128012
0
LINE
8
layer0
10
36.3218405
20
-18.9128012
11
36.1832759
21
-18.9859868
0
LINE
8
layer0
10
36.1832759
20
-18.9859868
11
36.0326975
21
-19.0615694
0
LINE
8
layer0
10
36.0326975
20
-19.0615694
11
35.8680477
21
-19.1399239
0
LINE
8
layer0
10
35.8680477
20
-19.1399239
11
35.6920205
21
-19.2191906
0
LINE
8
layer0
10
35.6920205
20
-19.2191906
11
35.5060939
21
-19.2982876
0
LINE
8
layer0
10
35.5060939
20
-19.2982876
11
35.3046179
21
-19.3790604
0
LINE
8
layer0
10
35.3046179
20
-19.3790604
11
35.0927263
21
-19.4588927
0
LINE
8
layer0
10
35.0927263
20
-19.4588927
11
34.8681846
21
-19.5381665
0
LINE
8
layer0
10
34.8681846
20
-19.5381665
11
34.6388636
21
-19.6138148
0
ARC
8
layer0
10
56.0000024
20
4e-7
40
29
50
221.0132479
51
222.5581755
0
LINE
8
layer0
10
34.1178243
20
-19.0307716
11
34.2186728
21
-18.8113625
0
LINE
8
layer0
10
34.2186728
20
-18.8113625
11
34.3225888
21
-18.5971084
0
LINE
8
layer0
10
34.3225888
20
-18.5971084
11
34.4256435
21
-18.3954875
0
LINE
8
layer0
10
34.4256435
20
-18.3954875
11
34.5284666
21
-18.2043221
0
LINE
8
layer0
10
34.5284666
20
-18.2043221
11
34.6278834
21
-18.0284206
0
LINE
8
layer0
10
34.6278834
20
-18.0284206
11
34.7263604
21
-17.8623753
0
LINE
8
layer0
10
34.7263604
20
-17.8623753
11
34.8226572
21
-17.7075337
0
LINE
8
layer0
10
34.8226572
20
-17.7075337
11
34.914624
21
-17.5663646
0
LINE
8
layer0
10
34.914624
20
-17.5663646
11
35.0028637
21
-17.4368654
0
LINE
8
layer0
10
35.0028637
20
-17.4368654
11
35.1341433
21
-17.2537166
0
LINE
8
layer0
10
35.1341433
20
-17.2537166
11
35.161416
21
-17.2081387
0
LINE
8
layer0
10
35.161416
20
-17.2081387
11
35.1777869
21
-17.1691954
0
LINE
8
layer0
10
35.1777869
20
-17.1691954
11
35.183527
21
-17.1373229
0
LINE
8
layer0
10
35.183527
20
-17.1373229
11
35.1789591
21
-17.1129418
0
LINE
8
layer0
10
35.1789591
20
-17.1129418
11
35.1513319
21
-17.0774805
0
LINE
8
layer0
10
35.1513319
20
-17.0774805
11
34.9296415
21
-16.8030502
0
LINE
8
layer0
10
34.9296415
20
-16.8030502
11
34.7114225
21
-16.5258515
0
LINE
8
layer0
10
34.7114225
20
-16.5258515
11
34.6829979
21
-16.4910262
0
LINE
8
layer0
10
34.6829979
20
-16.4910262
11
34.6602445
21
-16.4811474
0
LINE
8
layer0
10
34.6602445
20
-16.4811474
11
34.6278938
21
-16.4796513
0
LINE
8
layer0
10
34.6278938
20
-16.4796513
11
34.5862841
21
-16.4869461
0
LINE
8
layer0
10
34.5862841
20
-16.4869461
11
34.5357802
21
-16.5033929
0
LINE
8
layer0
10
34.5357802
20
-16.5033929
11
34.3280108
21
-16.5906267
0
LINE
8
layer0
10
34.3280108
20
-16.5906267
11
34.1821232
21
-16.6478377
0
LINE
8
layer0
10
34.1821232
20
-16.6478377
11
34.0240291
21
-16.7060857
0
LINE
8
layer0
10
34.0240291
20
-16.7060857
11
33.8516416
21
-16.7655126
0
LINE
8
layer0
10
33.8516416
20
-16.7655126
11
33.6678462
21
-16.8245721
0
LINE
8
layer0
10
33.6678462
20
-16.8245721
11
33.4742326
21
-16.8823545
0
LINE
8
layer0
10
33.4742326
20
-16.8823545
11
33.2649798
21
-16.9400613
0
LINE
8
layer0
10
33.2649798
20
-16.9400613
11
33.0454821
21
-16.9956673
0
LINE
8
layer0
10
33.0454821
20
-16.9956673
11
32.8134764
21
-17.0493019
0
LINE
8
layer0
10
32.8134764
20
-17.0493019
11
32.5771274
21
-17.0987989
0
ARC
8
layer0
10
56.0000015
20
0.0000013
40
29
50
214.5846795
51
216.1296071
0
LINE
8
layer0
10
32.1246444
20
-16.4610837
11
32.2494249
21
-16.2543457
0
LINE
8
layer0
10
32.2494249
20
-16.2543457
11
32.3766763
21
-16.0530737
0
LINE
8
layer0
10
32.3766763
20
-16.0530737
11
32.5016574
21
-15.864259
0
LINE
8
layer0
10
32.5016574
20
-15.864259
11
32.6252377
21
-15.6858081
0
LINE
8
layer0
10
32.6252377
20
-15.6858081
11
32.7437241
21
-15.5221438
0
LINE
8
layer0
10
32.7437241
20
-15.5221438
11
32.8601731
21
-15.3681685
0
LINE
8
layer0
10
32.8601731
20
-15.3681685
11
32.9732011
21
-15.2250823
0
LINE
8
layer0
10
32.9732011
20
-15.2250823
11
33.0803956
21
-15.095098
0
LINE
8
layer0
10
33.0803956
20
-15.095098
11
33.1825798
21
-14.9762927
0
LINE
8
layer0
10
33.1825798
20
-14.9762927
11
33.3335401
21
-14.8089942
0
LINE
8
layer0
10
33.3335401
20
-14.8089942
11
33.3657444
21
-14.7667564
0
LINE
8
layer0
10
33.3657444
20
-14.7667564
11
33.3863726
21
-14.729891
0
LINE
8
layer0
10
33.3863726
20
-14.729891
11
33.3956453
21
-14.6988616
0
LINE
8
layer0
10
33.3956453
20
-14.6988616
11
33.3938358
21
-14.6741223
0
LINE
8
layer0
10
33.3938358
20
-14.6741223
11
33.3703528
21
-14.6357907
0
LINE
8
layer0
10
33.3703528
20
-14.6357907
11
33.1807828
21
-14.3382645
0
LINE
8
layer0
10
33.1807828
20
-14.3382645
11
32.9949723
21
-14.038376
0
LINE
8
layer0
10
32.9949723
20
-14.038376
11
32.9706256
21
-14.0005871
0
LINE
8
layer0
10
32.9706256
20
-14.0005871
11
32.9491214
21
-13.9882229
0
LINE
8
layer0
10
32.9491214
20
-13.9882229
11
32.9171416
21
-13.9831141
0
LINE
8
layer0
10
32.9171416
20
-13.9831141
11
32.8749768
21
-13.9857041
0
LINE
8
layer0
10
32.8749768
20
-13.9857041
11
32.8229489
21
-13.9963929
0
LINE
8
layer0
10
32.8229489
20
-13.9963929
11
32.6067189
21
-14.0598154
0
LINE
8
layer0
10
32.6067189
20
-14.0598154
11
32.455343
21
-14.1003325
0
LINE
8
layer0
10
32.455343
20
-14.1003325
11
32.2917212
21
-14.1405133
0
LINE
8
layer0
10
32.2917212
20
-14.1405133
11
32.113764
21
-14.1802652
0
LINE
8
layer0
10
32.113764
20
-14.1802652
11
31.9245117
21
-14.2183748
0
LINE
8
layer0
10
31.9245117
20
-14.2183748
11
31.7256459
21
-14.2541161
0
LINE
8
layer0
10
31.7256459
20
-14.2541161
11
31.5112478
21
-14.2880311
0
LINE
8
layer0
10
31.5112478
20
-14.2880311
11
31.2869043
21
-14.3187116
0
LINE
8
layer0
10
31.2869043
20
-14.3187116
11
31.0503522
21
-14.3460325
0
LINE
8
layer0
10
31.0503522
20
-14.3460325
11
30.8099475
21
-14.3687555
0
ARC
8
layer0
10
56.0000008
20
0.0000028
40
29
50
208.1561117
51
209.7010393
0
LINE
8
layer0
10
30.431711
20
-13.6843882
11
30.5788542
21
-13.492921
0
LINE
8
layer0
10
30.5788542
20
-13.492921
11
30.7278408
21
-13.3071623
0
LINE
8
layer0
10
30.7278408
20
-13.3071623
11
30.8731766
21
-13.1335283
0
LINE
8
layer0
10
30.8731766
20
-13.1335283
11
31.01596
21
-12.9700361
0
LINE
8
layer0
10
31.01596
20
-12.9700361
11
31.152026
21
-12.8206671
0
LINE
8
layer0
10
31.152026
20
-12.8206671
11
31.2849825
21
-12.6806981
0
LINE
8
layer0
10
31.2849825
20
-12.6806981
11
31.4133204
21
-12.5511667
0
LINE
8
layer0
10
31.4133204
20
-12.5511667
11
31.5343945
21
-12.4340016
0
LINE
8
layer0
10
31.5343945
20
-12.4340016
11
31.6492381
21
-12.3273844
0
LINE
8
layer0
10
31.6492381
20
-12.3273844
11
31.8179808
21
-12.17804
0
LINE
8
layer0
10
31.8179808
20
-12.17804
11
31.8547117
21
-12.1396736
0
LINE
8
layer0
10
31.8547117
20
-12.1396736
11
31.8793378
21
-12.1053496
0
LINE
8
layer0
10
31.8793378
20
-12.1053496
11
31.8920264
21
-12.0755535
0
LINE
8
layer0
10
31.8920264
20
-12.0755535
11
31.8929982
21
-12.0507672
0
LINE
8
layer0
10
31.8929982
20
-12.0507672
11
31.8739547
21
-12.0100473
0
LINE
8
layer0
10
31.8739547
20
-12.0100473
11
31.718889
21
-11.6931668
0
LINE
8
layer0
10
31.718889
20
-11.6931668
11
31.5678237
21
-11.3743598
0
LINE
8
layer0
10
31.5678237
20
-11.3743598
11
31.5478611
21
-11.3340825
0
LINE
8
layer0
10
31.5478611
20
-11.3340825
11
31.5278764
21
-11.3193883
0
LINE
8
layer0
10
31.5278764
20
-11.3193883
11
31.4966697
21
-11.3107311
0
LINE
8
layer0
10
31.4966697
20
-11.3107311
11
31.45448
21
-11.3085839
0
LINE
8
layer0
10
31.45448
20
-11.3085839
11
31.4015826
21
-11.3133802
0
LINE
8
layer0
10
31.4015826
20
-11.3133802
11
31.1796111
21
-11.3521938
0
LINE
8
layer0
10
31.1796111
20
-11.3521938
11
31.0246505
21
-11.3755074
0
LINE
8
layer0
10
31.0246505
20
-11.3755074
11
30.8575587
21
-11.3971157
0
LINE
8
layer0
10
30.8575587
20
-11.3971157
11
30.6762697
21
-11.4166928
0
LINE
8
layer0
10
30.6762697
20
-11.4166928
11
30.4839405
21
-11.4333732
0
LINE
8
layer0
10
30.4839405
20
-11.4333732
11
30.2823233
21
-11.4466238
0
LINE
8
layer0
10
30.2823233
20
-11.4466238
11
30.065476
21
-11.4563207
0
LINE
8
layer0
10
30.065476
20
-11.4563207
11
29.839108
21
-11.4616897
0
LINE
8
layer0
10
29.839108
20
-11.4616897
11
29.6009844
21
-11.4623534
0
LINE
8
layer0
10
29.6009844
20
-11.4623534
11
29.3595471
21
-11.4580168
0
ARC
8
layer0
10
56.0000012
20
0.0000025
40
29
50
201.7275399
51
203.2724675
0
LINE
8
layer0
10
29.0603137
20
-10.7356036
11
29.2279692
21
-10.5618151
0
LINE
8
layer0
10
29.2279692
20
-10.5618151
11
29.3968174
21
-10.3939056
0
LINE
8
layer0
10
29.3968174
20
-10.3939056
11
29.5606802
21
-10.2376358
0
LINE
8
layer0
10
29.5606802
20
-10.2376358
11
29.7208711
21
-10.0911582
0
LINE
8
layer0
10
29.7208711
20
-10.0911582
11
29.8728055
21
-9.957963
0
LINE
8
layer0
10
29.8728055
20
-9.957963
11
30.0205977
21
-9.8337605
0
LINE
8
layer0
10
30.0205977
20
-9.8337605
11
30.1626315
21
-9.7194129
0
LINE
8
layer0
10
30.1626315
20
-9.7194129
11
30.2960626
21
-9.6165406
0
LINE
8
layer0
10
30.2960626
20
-9.6165406
11
30.4221215
21
-9.5234521
0
LINE
8
layer0
10
30.4221215
20
-9.5234521
11
30.6065244
21
-9.3939399
0
LINE
8
layer0
10
30.6065244
20
-9.3939399
11
30.64732
21
-9.3599273
0
LINE
8
layer0
10
30.64732
20
-9.3599273
11
30.6756344
21
-9.3285764
0
LINE
8
layer0
10
30.6756344
20
-9.3285764
11
30.6915792
21
-9.3003883
0
LINE
8
layer0
10
30.6915792
20
-9.3003883
11
30.6953202
21
-9.2758667
0
LINE
8
layer0
10
30.6953202
20
-9.2758667
11
30.6809555
21
-9.2332707
0
LINE
8
layer0
10
30.6809555
20
-9.2332707
11
30.5623442
21
-8.9010207
0
LINE
8
layer0
10
30.5623442
20
-8.9010207
11
30.4479238
21
-8.5673043
0
LINE
8
layer0
10
30.4479238
20
-8.5673043
11
30.4325964
21
-8.5250452
0
LINE
8
layer0
10
30.4325964
20
-8.5250452
11
30.4143826
21
-8.5082059
0
LINE
8
layer0
10
30.4143826
20
-8.5082059
11
30.3843415
21
-8.496109
0
LINE
8
layer0
10
30.3843415
20
-8.496109
11
30.3426574
21
-8.4892516
0
LINE
8
layer0
10
30.3426574
20
-8.4892516
11
30.2895556
21
-8.4880951
0
LINE
8
layer0
10
30.2895556
20
-8.4880951
11
30.064634
21
-8.5018117
0
LINE
8
layer0
10
30.064634
20
-8.5018117
11
29.9080376
21
-8.5076287
0
LINE
8
layer0
10
29.9080376
20
-8.5076287
11
29.7395771
21
-8.5103928
0
LINE
8
layer0
10
29.7395771
20
-8.5103928
11
29.557236
21
-8.5095488
0
LINE
8
layer0
10
29.557236
20
-8.5095488
11
29.3642484
21
-8.5045903
0
LINE
8
layer0
10
29.3642484
20
-8.5045903
11
29.1624154
21
-8.4951837
0
LINE
8
layer0
10
29.1624154
20
-8.4951837
11
28.9458459
21
-8.4805403
0
LINE
8
layer0
10
28.9458459
20
-8.4805403
11
28.7203002
21
-8.4605305
0
LINE
8
layer0
10
28.7203002
20
-8.4605305
11
28.4835994
21
-8.4345286
0
LINE
8
layer0
10
28.4835994
20
-8.4345286
11
28.2441658
21
-8.4031868
0
ARC
8
layer0
10
56.0000023
20
-6e-7
40
29
50
195.2989622
51
196.8438899
0
LINE
8
layer0
10
28.0276986
20
-7.6518125
11
28.213758
21
-7.4978882
0
LINE
8
layer0
10
28.213758
20
-7.4978882
11
28.4003444
21
-7.3499395
0
LINE
8
layer0
10
28.4003444
20
-7.3499395
11
28.5806735
21
-7.2129991
0
LINE
8
layer0
10
28.5806735
20
-7.2129991
11
28.7562575
21
-7.0853783
0
LINE
8
layer0
10
28.7562575
20
-7.0853783
11
28.9221497
21
-6.9700318
0
LINE
8
layer0
10
28.9221497
20
-6.9700318
11
29.0829188
21
-6.8631577
0
LINE
8
layer0
10
29.0829188
20
-6.8631577
11
29.2368625
21
-6.7654319
0
LINE
8
layer0
10
29.2368625
20
-6.7654319
11
29.3809727
21
-6.6781459
0
LINE
8
layer0
10
29.3809727
20
-6.6781459
11
29.5166615
21
-6.5997569
0
LINE
8
layer0
10
29.5166615
20
-6.5997569
11
29.7144057
21
-6.4917056
0
LINE
8
layer0
10
29.7144057
20
-6.4917056
11
29.758753
21
-6.4624745
0
LINE
8
layer0
10
29.758753
20
-6.4624745
11
29.7903995
21
-6.4344909
0
LINE
8
layer0
10
29.7903995
20
-6.4344909
11
29.8094002
21
-6.4082653
0
LINE
8
layer0
10
29.8094002
20
-6.4082653
11
29.8158631
21
-6.3843167
0
LINE
8
layer0
10
29.8158631
20
-6.3843167
11
29.806358
21
-6.3403802
0
LINE
8
layer0
10
29.806358
20
-6.3403802
11
29.7256928
21
-5.9969392
0
LINE
8
layer0
10
29.7256928
20
-5.9969392
11
29.6493562
21
-5.6525101
0
LINE
8
layer0
10
29.6493562
20
-5.6525101
11
29.6388566
21
-5.6088006
0
LINE
8
layer0
10
29.6388566
20
-5.6088006
11
29.6226428
21
-5.5900278
0
LINE
8
layer0
10
29.6226428
20
-5.5900278
11
29.594145
21
-5.5746435
0
LINE
8
layer0
10
29.594145
20
-5.5746435
11
29.5534908
21
-5.563162
0
LINE
8
layer0
10
29.5534908
20
-5.563162
11
29.5008523
21
-5.5560673
0
LINE
8
layer0
10
29.5008523
20
-5.5560673
11
29.2758093
21
-5.5445144
0
LINE
8
layer0
10
29.2758093
20
-5.5445144
11
29.1195462
21
-5.5327616
0
LINE
8
layer0
10
29.1195462
20
-5.5327616
11
28.9518354
21
-5.5166467
0
LINE
8
layer0
10
28.9518354
20
-5.5166467
11
28.7707353
21
-5.4953924
0
LINE
8
layer0
10
28.7707353
20
-5.4953924
11
28.5795165
21
-5.4688573
0
LINE
8
layer0
10
28.5795165
20
-5.4688573
11
28.3800057
21
-5.4369116
0
LINE
8
layer0
10
28.3800057
20
-5.4369116
11
28.1664375
21
-5.3981123
0
LINE
8
layer0
10
28.1664375
20
-5.3981123
11
27.9445503
21
-5.3529751
0
LINE
8
layer0
10
27.9445503
20
-5.3529751
11
27.7122492
21
-5.3006347
0
LINE
8
layer0
10
27.7122492
20
-5.3006347
11
27.4778302
21
-5.2426819
0
ARC
8
layer0
10
56.0000019
20
9e-7
40
29
50
188.8703944
51
190.415322
0
LINE
8
layer0
10
27.3468514
20
-4.4717954
11
27.5489749
21
-4.3396711
0
LINE
8
layer1
10
28.6495936
20
2.7375823
11
28.4408612
21
2.6229782
0
LINE
8
layer1
10
28.4408612
20
2.6229782
11
28.2401415
21
2.5181789
0
LINE
8
layer1
10
28.2401415
20
2.5181789
11
28.0456611
21
2.4217727
0
LINE
8
layer1
10
28.0456611
20
2.4217727
11
27.8627915
21
2.3358439
0
LINE
8
layer1
10
27.8627915
20
2.3358439
11
27.6863918
21
2.2574097
0
LINE
8
layer1
10
27.6863918
20
2.2574097
11
27.5182536
21
2.1868511
0
LINE
8
layer1
10
27.5182536
20
2.1868511
11
27.3615586
21
2.1249377
0
LINE
8
layer1
10
27.3615586
20
2.1249377
11
27.2146563
21
2.070385
0
LINE
8
layer1
10
27.2146563
20
2.070385
11
27.0016067
21
1.9969838
0
LINE
8
layer1
10
27.0016067
20
1.9969838
11
26.9529896
21
1.9755942
0
LINE
8
layer1
10
26.9529896
20
1.9755942
11
26.9171028
21
1.9533069
0
LINE
8
layer1
10
26.9171028
20
1.9533069
11
26.8939777
21
1.9306346
0
LINE
8
layer1
10
26.8939777
20
1.9306346
11
26.8835945
21
1.908107
0
LINE
8
layer1
10
26.8835945
20
1.908107
11
26.8856056
21
1.8631991
0
LINE
8
layer1
10
26.8856056
20
1.8631991
11
26.9076027
21
1.5110986
0
LINE
8
layer1
10
26.9076027
20
1.5110986
11
26.9251667
21
1.1587491
0
LINE
8
layer1
10
26.9251667
20
1.1587491
11
26.9281963
21
1.1138984
0
LINE
8
layer1
10
26.9281963
20
1.1138984
11
26.9410365
21
1.0926749
0
LINE
8
layer1
10
26.9410365
20
1.0926749
11
26.9665547
21
1.0727344
0
LINE
8
layer1
10
26.9665547
20
1.0727344
11
27.0047112
21
1.0546053
0
LINE
8
layer1
10
27.0047112
20
1.0546053
11
27.0554176
21
1.0387936
0
LINE
8
layer1
10
27.0554176
20
1.0387936
11
27.2753458
21
0.9897078
0
LINE
8
layer1
10
27.2753458
20
0.9897078
11
27.4274324
21
0.951946
0
LINE
8
layer1
10
27.4274324
20
0.951946
11
27.5900742
21
0.9079662
0
LINE
8
layer1
10
27.5900742
20
0.9079662
11
27.7650553
21
0.8566768
0
LINE
8
layer1
10
27.7650553
20
0.8566768
11
27.9491277
21
0.7984863
0
LINE
8
layer1
10
27.9491277
20
0.7984863
11
28.1404684
21
0.7335727
0
LINE
8
layer1
10
28.1404684
20
0.7335727
11
28.34452
21
0.6595475
0
LINE
8
layer1
10
28.34452
20
0.6595475
11
28.5557114
21
0.5778806
0
LINE
8
layer1
10
28.5557114
20
0.5778806
11
28.775963
21
0.4873678
0
LINE
8
layer1
10
28.775963
20
0.4873678
11
28.9973624
21
0.3909672
0
ARC
8
layer1
10
-0.000002
20
0
40
29
50
359.227536
51
360.7724638
0
LINE
8
layer1
10
28.9973624
20
-0.3909672
11
28.775963
21
-0.4873678
0
LINE
8
layer1
10
28.775963
20
-0.4873678
11
28.5557114
21
-0.5778806
0
LINE
8
layer1
10
28.5557114
20
-0.5778806
11
28.34452
21
-0.6595475
0
LINE
8
layer1
10
28.34452
20
-0.6595475
11
28.1404684
21
-0.7335727
0
LINE
8
layer1
10
28.1404684
20
-0.7335727
11
27.9491277
21
-0.7984863
0
LINE
8
layer1
10
27.9491277
20
-0.7984863
11
27.7650553
21
-0.8566768
0
LINE
8
layer1
10
27.7650553
20
-0.8566768
11
27.5900742
21
-0.9079662
0
LINE
8
layer1
10
27.5900742
20
-0.9079662
11
27.4274324
21
-0.951946
0
LINE
8
layer1
10
27.4274324
20
-0.951946
11
27.2753458
21
-0.9897078
0
LINE
8
layer1
10
27.2753458
20
-0.9897078
11
27.0554176
21
-1.0387936
0
LINE
8
layer1
10
27.0554176
20
-1.0387936
11
27.0047112
21
-1.0546053
0
LINE
8
layer1
10
27.0047112
20
-1.0546053
11
26.9665547
21
-1.0727344
0
LINE
8
layer1
10
26.9665547
20
-1.0727344
11
26.9410365
21
-1.0926749
0
LINE
8
layer1
10
26.9410365
20
-1.0926749
11
26.9281963
21
-1.1138984
0
LINE
8
layer1
10
26.9281963
20
-1.1138984
11
26.9251667
21
-1.1587491
0
LINE
8
layer1
10
26.9251667
20
-1.1587491
11
26.9076027
21
-1.5110986
0
LINE
8
layer1
10
26.9076027
20
-1.5110986
11
26.8856056
21
-1.8631991
0
LINE
8
layer1
10
26.8856056
20
-1.8631991
11
26.8835945
21
-1.908107
0
LINE
8
layer1
10
26.8835945
20
-1.908107
11
26.8939777
21
-1.9306346
0
LINE
8
layer1
10
26.8939777
20
-1.9306346
11
26.9171028
21
-1.9533069
0
LINE
8
layer1
10
26.9171028
20
-1.9533069
11
26.9529896
21
-1.9755942
0
LINE
8
layer1
10
26.9529896
20
-1.9755942
11
27.0016067
21
-1.9969838
0
LINE
8
layer1
10
27.0016067
20
-1.9969838
11
27.2146563
21
-2.070385
0
LINE
8
layer1
10
27.2146563
20
-2.070385
11
27.3615586
21
-2.1249377
0
LINE
8
layer1
10
27.3615586
20
-2.1249377
11
27.5182536
21
-2.1868511
0
LINE
8
layer1
10
27.5182536
20
-2.1868511
11
27.6863918
21
-2.2574097
0
LINE
8
layer1
10
27.6863918
20
-2.2574097
11
27.8627915
21
-2.3358439
0
LINE
8
layer1
10
27.8627915
20
-2.3358439
11
28.0456611
21
-2.4217727
0
LINE
8
layer1
10
28.0456611
20
-2.4217727
11
28.2401415
21
-2.5181789
0
LINE
8
layer1
10
28.2401415
20
-2.5181789
11
28.4408612
21
-2.6229782
0
LINE
8
layer1
10
28.4408612
20
-2.6229782
11
28.6495936
21
-2.7375823
0
LINE
8
layer1
10
28.6495936
20
-2.7375823
11
28.8588075
21
-2.8581656
0
ARC
8
layer1
10
-0.000002
20
0.000001
40
29
50
352.7989632
51
354.3438908
0
LINE
8
layer1
10
28.7712586
20
-3.6351834
11
28.5404579
21
-3.706189
0
LINE
8
layer1
10
28.5404579
20
-3.706189
11
28.311457
21
-3.7714723
0
LINE
8
layer1
10
28.311457
20
-3.7714723
11
28.0924498
21
-3.8289797
0
LINE
8
layer1
10
28.0924498
20
-3.8289797
11
27.881393
21
-3.8796929
0
LINE
8
layer1
10
27.881393
20
-3.8796929
11
27.6839873
21
-3.922775
0
LINE
8
layer1
10
27.6839873
20
-3.922775
11
27.4945571
21
-3.95999
0
LINE
8
layer1
10
27.4945571
20
-3.95999
11
27.3149337
21
-3.9913653
0
LINE
8
layer1
10
27.3149337
20
-3.9913653
11
27.1483903
21
-4.0168584
0
LINE
8
layer1
10
27.1483903
20
-4.0168584
11
26.993032
21
-4.0373546
0
LINE
8
layer1
10
26.993032
20
-4.0373546
11
26.7689908
21
-4.0615075
0
LINE
8
layer1
10
26.7689908
20
-4.0615075
11
26.7168329
21
-4.0715425
0
LINE
8
layer1
10
26.7168329
20
-4.0715425
11
26.6768865
21
-4.0852854
0
LINE
8
layer1
10
26.6768865
20
-4.0852854
11
26.6492961
21
-4.1022435
0
LINE
8
layer1
10
26.6492961
20
-4.1022435
11
26.6341604
21
-4.1218958
0
LINE
8
layer1
10
26.6341604
20
-4.1218958
11
26.6261282
21
-4.1661253
0
LINE
8
layer1
10
26.6261282
20
-4.1661253
11
26.5692239
21
-4.5142927
0
LINE
8
layer1
10
26.5692239
20
-4.5142927
11
26.5079425
21
-4.8617164
0
LINE
8
layer1
10
26.5079425
20
-4.8617164
11
26.5009159
21
-4.9061168
0
LINE
8
layer1
10
26.5009159
20
-4.9061168
11
26.5087115
21
-4.9296653
0
LINE
8
layer1
10
26.5087115
20
-4.9296653
11
26.5291527
21
-4.9547842
0
LINE
8
layer1
10
26.5291527
20
-4.9547842
11
26.5623185
21
-4.9809494
0
LINE
8
layer1
10
26.5623185
20
-4.9809494
11
26.6082351
21
-5.0076479
0
LINE
8
layer1
10
26.6082351
20
-5.0076479
11
26.8117266
21
-5.1044416
0
LINE
8
layer1
10
26.8117266
20
-5.1044416
11
26.9515973
21
-5.1750992
0
LINE
8
layer1
10
26.9515973
20
-5.1750992
11
27.1003749
21
-5.2541675
0
LINE
8
layer1
10
27.1003749
20
-5.2541675
11
27.2595559
21
-5.3431079
0
LINE
8
layer1
10
27.2595559
20
-5.3431079
11
27.4260646
21
-5.4407995
0
LINE
8
layer1
10
27.4260646
20
-5.4407995
11
27.5981634
21
-5.5466628
0
LINE
8
layer1
10
27.5981634
20
-5.5466628
11
27.7806269
21
-5.6642378
0
LINE
8
layer1
10
27.7806269
20
-5.6642378
11
27.9683506
21
-5.7908516
0
LINE
8
layer1
10
27.9683506
20
-5.7908516
11
28.1629391
21
-5.9281057
0
LINE
8
layer1
10
28.1629391
20
-5.9281057
11
28.3573364
21
-6.0713553
0
ARC
8
layer1
10
-0.0000018
20
0.0000012
40
29
50
346.3703919
51
347.9153195
0
LINE
8
layer1
10
28.1833396
20
-6.833685
11
27.94604
21
-6.8784027
0
LINE
8
layer1
10
27.94604
20
-6.8784027
11
27.7111696
21
-6.9176355
0
LINE
8
layer1
10
27.7111696
20
-6.9176355
11
27.4871006
21
-6.9502603
0
LINE
8
layer1
10
27.4871006
20
-6.9502603
11
27.2716928
21
-6.9770238
0
LINE
8
layer1
10
27.2716928
20
-6.9770238
11
27.0707048
21
-6.9977325
0
LINE
8
layer1
10
27.0707048
20
-6.9977325
11
26.8782989
21
-7.0135041
0
LINE
8
layer1
10
26.8782989
20
-7.0135041
11
26.696292
21
-7.0245707
0
LINE
8
layer1
10
26.696292
20
-7.0245707
11
26.5279415
21
-7.0312566
0
LINE
8
layer1
10
26.5279415
20
-7.0312566
11
26.3712652
21
-7.0342292
0
LINE
8
layer1
10
26.3712652
20
-7.0342292
11
26.1459284
21
-7.0331456
0
LINE
8
layer1
10
26.1459284
20
-7.0331456
11
26.092975
21
-7.0372777
0
LINE
8
layer1
10
26.092975
20
-7.0372777
11
26.051741
21
-7.0464616
0
LINE
8
layer1
10
26.051741
20
-7.0464616
11
26.0224254
21
-7.0602239
0
LINE
8
layer1
10
26.0224254
20
-7.0602239
11
26.0051844
21
-7.078058
0
LINE
8
layer1
10
26.0051844
20
-7.078058
11
25.9922506
21
-7.12111
0
LINE
8
layer1
10
25.9922506
20
-7.12111
11
25.8967218
21
-7.460717
0
LINE
8
layer1
10
25.8967218
20
-7.460717
11
25.7969266
21
-7.7990949
0
LINE
8
layer1
10
25.7969266
20
-7.7990949
11
25.7849729
21
-7.8424293
0
LINE
8
layer1
10
25.7849729
20
-7.8424293
11
25.7900829
21
-7.8667026
0
LINE
8
layer1
10
25.7900829
20
-7.8667026
11
25.8075831
21
-7.8939523
0
LINE
8
layer1
10
25.8075831
20
-7.8939523
11
25.8376108
21
-7.9236663
0
LINE
8
layer1
10
25.8376108
20
-7.9236663
11
25.8802494
21
-7.955338
0
LINE
8
layer1
10
25.8802494
20
-7.955338
11
26.071624
21
-8.0743069
0
LINE
8
layer1
10
26.071624
20
-8.0743069
11
26.2027041
21
-8.1601807
0
LINE
8
layer1
10
26.2027041
20
-8.1601807
11
26.3416934
21
-8.2554097
0
LINE
8
layer1
10
26.3416934
20
-8.2554097
11
26.4899153
21
-8.3616135
0
LINE
8
layer1
10
26.4899153
20
-8.3616135
11
26.644439
21
-8.4773338
0
LINE
8
layer1
10
26.644439
20
-8.4773338
11
26.8036027
21
-8.6018005
0
LINE
8
layer1
10
26.8036027
20
-8.6018005
11
26.9717547
21
-8.7390656
0
LINE
8
layer1
10
26.9717547
20
-8.7390656
11
27.1441218
21
-8.8859017
0
LINE
8
layer1
10
27.1441218
20
-8.8859017
11
27.3221192
21
-9.0440797
0
LINE
8
layer1
10
27.3221192
20
-9.0440797
11
27.4992553
21
-9.2081942
0
ARC
8
layer1
10
-0.0000017
20
0.0000013
40
29
50
339.9418206
51
341.4867482
0
LINE
8
layer1
10
27.2409987
20
-9.9462491
11
27.0001844
21
-9.9641164
0
LINE
8
layer1
10
27.0001844
20
-9.9641164
11
26.7623981
21
-9.9768055
0
LINE
8
layer1
10
26.7623981
20
-9.9768055
11
26.5360852
21
-9.9841374
0
LINE
8
layer1
10
26.5360852
20
-9.9841374
11
26.3190353
21
-9.9866145
0
LINE
8
layer1
10
26.3190353
20
-9.9866145
11
26.1169924
21
-9.9846895
0
LINE
8
layer1
10
26.1169924
20
-9.9846895
11
25.9240305
21
-9.9788194
0
LINE
8
layer1
10
25.9240305
20
-9.9788194
11
25.7419289
21
-9.969438
0
LINE
8
layer1
10
25.7419289
20
-9.969438
11
25.5738884
21
-9.9572326
0
LINE
8
layer1
10
25.5738884
20
-9.9572326
11
25.4178645
21
-9.9426444
0
LINE
8
layer1
10
25.4178645
20
-9.9426444
11
25.1940659
21
-9.9163379
0
LINE
8
layer1
10
25.1940659
20
-9.9163379
11
25.1409827
21
-9.9145151
0
LINE
8
layer1
10
25.1409827
20
-9.9145151
11
25.0989797
21
-9.9190245
0
LINE
8
layer1
10
25.0989797
20
-9.9190245
11
25.0683076
21
-9.9294179
0
LINE
8
layer1
10
25.0683076
20
-9.9294179
11
25.0491782
21
-9.9452095
0
LINE
8
layer1
10
25.0491782
20
-9.9452095
11
25.0315054
21
-9.9865427
0
LINE
8
layer1
10
25.0315054
20
-9.9865427
11
24.8985534
21
-10.3133185
0
LINE
8
layer1
10
24.8985534
20
-10.3133185
11
24.7614993
21
-10.6383952
0
LINE
8
layer1
10
24.7614993
20
-10.6383952
11
24.7447689
21
-10.6801187
0
LINE
8
layer1
10
24.7447689
20
-10.6801187
11
24.747129
21
-10.7048115
0
LINE
8
layer1
10
24.747129
20
-10.7048115
11
24.7614683
21
-10.7338493
0
LINE
8
layer1
10
24.7614683
20
-10.7338493
11
24.7879802
21
-10.7667385
0
LINE
8
layer1
10
24.7879802
20
-10.7667385
11
24.8268046
21
-10.8029851
0
LINE
8
layer1
10
24.8268046
20
-10.8029851
11
25.0036556
21
-10.9426331
0
LINE
8
layer1
10
25.0036556
20
-10.9426331
11
25.1242966
21
-11.0426432
0
LINE
8
layer1
10
25.1242966
20
-11.0426432
11
25.2517497
21
-11.1528353
0
LINE
8
layer1
10
25.2517497
20
-11.1528353
11
25.3871486
21
-11.2749669
0
LINE
8
layer1
10
25.3871486
20
-11.2749669
11
25.5277441
21
-11.4072608
0
LINE
8
layer1
10
25.5277441
20
-11.4072608
11
25.6719712
21
-11.5487655
0
LINE
8
layer1
10
25.6719712
20
-11.5487655
11
25.8236971
21
-11.7039946
0
LINE
8
layer1
10
25.8236971
20
-11.7039946
11
25.97854
21
-11.8692064
0
LINE
8
layer1
10
25.97854
20
-11.8692064
11
26.1377078
21
-12.0463192
0
LINE
8
layer1
10
26.1377078
20
-12.0463192
11
26.2953551
21
-12.2292347
0
ARC
8
layer1
10
-0.0000025
20
-4e-7
40
29
50
333.5132534
51
335.058181
0
LINE
8
layer1
10
25.9560864
20
-12.9337333
11
25.7147858
21
-12.9245257
0
LINE
8
layer1
10
25.7147858
20
-12.9245257
11
25.477074
21
-12.9105113
0
LINE
8
layer1
10
25.477074
20
-12.9105113
11
25.2513632
21
-12.8924581
0
LINE
8
layer1
10
25.2513632
20
-12.8924581
11
25.0354007
21
-12.8706178
0
LINE
8
layer1
10
25.0354007
20
-12.8706178
11
24.8348437
21
-12.8460833
0
LINE
8
layer1
10
24.8348437
20
-12.8460833
11
24.6437523
21
-12.8186451
0
LINE
8
layer1
10
24.6437523
20
-12.8186451
11
24.4638462
21
-12.7889338
0
LINE
8
layer1
10
24.4638462
20
-12.7889338
11
24.2982288
21
-12.7579906
0
LINE
8
layer1
10
24.2982288
20
-12.7579906
11
24.1448193
21
-12.726025
0
LINE
8
layer1
10
24.1448193
20
-12.726025
11
23.9253733
21
-12.6748264
0
LINE
8
layer1
10
23.9253733
20
-12.6748264
11
23.872828
21
-12.6670716
0
LINE
8
layer1
10
23.872828
20
-12.6670716
11
23.8305842
21
-12.6668499
0
LINE
8
layer1
10
23.8305842
20
-12.6668499
11
23.7989412
21
-12.6737437
0
LINE
8
layer1
10
23.7989412
20
-12.6737437
11
23.7781641
21
-12.6872942
0
LINE
8
layer1
10
23.7781641
20
-12.6872942
11
23.7559746
21
-12.7263888
0
LINE
8
layer1
10
23.7559746
20
-12.7263888
11
23.5872712
21
-13.036224
0
LINE
8
layer1
10
23.5872712
20
-13.036224
11
23.4146819
21
-13.3439115
0
LINE
8
layer1
10
23.4146819
20
-13.3439115
11
23.3933851
21
-13.3834995
0
LINE
8
layer1
10
23.3933851
20
-13.3834995
11
23.3929656
21
-13.4083013
0
LINE
8
layer1
10
23.3929656
20
-13.4083013
11
23.4039635
21
-13.4387619
0
LINE
8
layer1
10
23.4039635
20
-13.4387619
11
23.4266263
21
-13.4744127
0
LINE
8
layer1
10
23.4266263
20
-13.4744127
11
23.4611483
21
-13.5147783
0
LINE
8
layer1
10
23.4611483
20
-13.5147783
11
23.6212516
21
-13.6733493
0
LINE
8
layer1
10
23.6212516
20
-13.6733493
11
23.7299365
21
-13.7862381
0
LINE
8
layer1
10
23.7299365
20
-13.7862381
11
23.8442506
21
-13.9100075
0
LINE
8
layer1
10
23.8442506
20
-13.9100075
11
23.9651238
21
-14.0465311
0
LINE
8
layer1
10
23.9651238
20
-14.0465311
11
24.090023
21
-14.1937348
0
LINE
8
layer1
10
24.090023
20
-14.1937348
11
24.2174998
21
-14.3504981
0
LINE
8
layer1
10
24.2174998
20
-14.3504981
11
24.3508915
21
-14.521739
0
LINE
8
layer1
10
24.3508915
20
-14.521739
11
24.4862629
21
-14.7032489
0
LINE
8
layer1
10
24.4862629
20
-14.7032489
11
24.6245995
21
-14.8970692
0
LINE
8
layer1
10
24.6245995
20
-14.8970692
11
24.7607756
21
-15.0964855
0
ARC
8
layer1
10
-0.0000016
20
0.0000012
40
29
50
327.0846788
51
328.6296064
0
LINE
8
layer1
10
24.3447613
20
-15.7585683
11
24.1060089
21
-15.7224015
0
LINE
8
layer1
10
24.1060089
20
-15.7224015
11
23.8713608
21
-15.6818599
0
LINE
8
layer1
10
23.8713608
20
-15.6818599
11
23.6490906
21
-15.6386487
0
LINE
8
layer1
10
23.6490906
20
-15.6386487
11
23.4369314
21
-15.5927656
0
LINE
8
layer1
10
23.4369314
20
-15.5927656
11
23.2403824
21
-15.5459301
0
LINE
8
layer1
10
23.2403824
20
-15.5459301
11
23.0535647
21
-15.497269
0
LINE
8
layer1
10
23.0535647
20
-15.497269
11
22.8781164
21
-15.4476014
0
LINE
8
layer1
10
22.8781164
20
-15.4476014
11
22.7170049
21
-15.3983095
0
LINE
8
layer1
10
22.7170049
20
-15.3983095
11
22.568139
21
-15.3493684
0
LINE
8
layer1
10
22.568139
20
-15.3493684
11
22.3558053
21
-15.2739216
0
LINE
8
layer1
10
22.3558053
20
-15.2739216
11
22.3044586
21
-15.2603324
0
LINE
8
layer1
10
22.3044586
20
-15.2603324
11
22.2625053
21
-15.2553823
0
LINE
8
layer1
10
22.2625053
20
-15.2553823
11
22.2302894
21
-15.2586899
0
LINE
8
layer1
10
22.2302894
20
-15.2586899
11
22.2081257
21
-15.2698289
0
LINE
8
layer1
10
22.2081257
20
-15.2698289
11
22.1816985
21
-15.3061932
0
LINE
8
layer1
10
22.1816985
20
-15.3061932
11
21.9793654
21
-15.5951914
0
LINE
8
layer1
10
21.9793654
20
-15.5951914
11
21.7734112
21
-15.8816203
0
LINE
8
layer1
10
21.7734112
20
-15.8816203
11
21.7478159
21
-15.9185749
0
LINE
8
layer1
10
21.7478159
20
-15.9185749
11
21.7446222
21
-15.9431738
0
LINE
8
layer1
10
21.7446222
20
-15.9431738
11
21.7521404
21
-15.9746743
0
LINE
8
layer1
10
21.7521404
20
-15.9746743
11
21.7706691
21
-16.0126384
0
LINE
8
layer1
10
21.7706691
20
-16.0126384
11
21.8004544
21
-16.0566154
0
LINE
8
layer1
10
21.8004544
20
-16.0566154
11
21.9417968
21
-16.2321152
0
LINE
8
layer1
10
21.9417968
20
-16.2321152
11
22.0371587
21
-16.356463
0
LINE
8
layer1
10
22.0371587
20
-16.356463
11
22.1368963
21
-16.4922533
0
LINE
8
layer1
10
22.1368963
20
-16.4922533
11
22.2417236
21
-16.641452
0
LINE
8
layer1
10
22.2417236
20
-16.641452
11
22.349356
21
-16.8017144
0
LINE
8
layer1
10
22.349356
20
-16.8017144
11
22.4584792
21
-16.9717648
0
LINE
8
layer1
10
22.4584792
20
-16.9717648
11
22.5718593
21
-17.1568642
0
LINE
8
layer1
10
22.5718593
20
-17.1568642
11
22.6860568
21
-17.3523896
0
LINE
8
layer1
10
22.6860568
20
-17.3523896
11
22.8018227
21
-17.5604799
0
LINE
8
layer1
10
22.8018227
20
-17.5604799
11
22.9148149
21
-17.7738892
0
ARC
8
layer1
10
-0.0000013
20
0.0000018
40
29
50
320.6561064
51
322.2010341
0
LINE
8
layer1
10
22.4272868
20
-18.3852302
11
22.1940849
21
-18.322559
0
LINE
8
layer1
10
22.1940849
20
-18.322559
11
21.9654515
21
-18.2560001
0
LINE
8
layer1
10
21.9654515
20
-18.2560001
11
21.749417
21
-18.1881742
0
LINE
8
layer1
10
21.749417
20
-18.1881742
11
21.543729
21
-18.1188253
0
LINE
8
layer1
10
21.543729
20
-18.1188253
11
21.3536599
21
-18.0502778
0
LINE
8
layer1
10
21.3536599
20
-18.0502778
11
21.1734651
21
-17.9810057
0
LINE
8
layer1
10
21.1734651
20
-17.9810057
11
21.004681
21
-17.9120065
0
LINE
8
layer1
10
21.004681
20
-17.9120065
11
20.8501015
21
-17.8449857
0
LINE
8
layer1
10
20.8501015
20
-17.8449857
11
20.7076513
21
-17.7796847
0
LINE
8
layer1
10
20.7076513
20
-17.7796847
11
20.5051
21
-17.6809385
0
LINE
8
layer1
10
20.5051
20
-17.6809385
11
20.4555977
21
-17.6616857
0
LINE
8
layer1
10
20.4555977
20
-17.6616857
11
20.4144625
21
-17.6520694
0
LINE
8
layer1
10
20.4144625
20
-17.6520694
11
20.3820788
21
-17.6517492
0
LINE
8
layer1
10
20.3820788
20
-17.6517492
11
20.3588073
21
-17.6603366
0
LINE
8
layer1
10
20.3588073
20
-17.6603366
11
20.3284748
21
-17.6935133
0
LINE
8
layer1
10
20.3284748
20
-17.6935133
11
20.0950563
21
-17.9580403
0
LINE
8
layer1
10
20.0950563
20
-17.9580403
11
19.8583273
21
-18.2196086
0
LINE
8
layer1
10
19.8583273
20
-18.2196086
11
19.8287553
21
-18.2534651
0
LINE
8
layer1
10
19.8287553
20
-18.2534651
11
19.8228274
21
-18.2775517
0
LINE
8
layer1
10
19.8228274
20
-18.2775517
11
19.8267714
21
-18.3096959
0
LINE
8
layer1
10
19.8267714
20
-18.3096959
11
19.840933
21
-18.3494958
0
LINE
8
layer1
10
19.840933
20
-18.3494958
11
19.8656072
21
-18.3965312
0
LINE
8
layer1
10
19.8656072
20
-18.3965312
11
19.9864111
21
-18.5867529
0
LINE
8
layer1
10
19.9864111
20
-18.5867529
11
20.0672509
21
-18.720996
0
LINE
8
layer1
10
20.0672509
20
-18.720996
11
20.1511576
21
-18.8670995
0
LINE
8
layer1
10
20.1511576
20
-18.8670995
11
20.2386209
21
-19.0270969
0
LINE
8
layer1
10
20.2386209
20
-19.0270969
11
20.3276327
21
-19.1984027
0
LINE
8
layer1
10
20.3276327
20
-19.1984027
11
20.4170303
21
-19.3796018
0
LINE
8
layer1
10
20.4170303
20
-19.3796018
11
20.5089729
21
-19.5762318
0
LINE
8
layer1
10
20.5089729
20
-19.5762318
11
20.6005605
21
-19.7833139
0
LINE
8
layer1
10
20.6005605
20
-19.7833139
11
20.6922997
21
-20.0030575
0
LINE
8
layer1
10
20.6922997
20
-20.0030575
11
20.7806872
21
-20.227776
0
ARC
8
layer1
10
-0.0000014
20
0.0000014
40
29
50
314.2275361
51
315.7724639
0
LINE
8
layer1
10
20.227776
20
-20.7806872
11
20.0030575
21
-20.6922997
0
LINE
8
layer1
10
20.0030575
20
-20.6922997
11
19.7833139
21
-20.6005605
0
LINE
8
layer1
10
19.7833139
20
-20.6005605
11
19.5762318
21
-20.5089729
0
LINE
8
layer1
10
19.5762318
20
-20.5089729
11
19.3796018
21
-20.4170303
0
LINE
8
layer1
10
19.3796018
20
-20.4170303
11
19.1984027
21
-20.3276327
0
LINE
8
layer1
10
19.1984027
20
-20.3276327
11
19.0270969
21
-20.2386209
0
LINE
8
layer1
10
19.0270969
20
-20.2386209
11
18.8670995
21
-20.1511576
0
LINE
8
layer1
10
18.8670995
20
-20.1511576
11
18.720996
21
-20.0672509
0
LINE
8
layer1
10
18.720996
20
-20.0672509
11
18.5867529
21
-19.9864111
0
LINE
8
layer1
10
18.5867529
20
-19.9864111
11
18.3965312
21
-19.8656072
0
LINE
8
layer1
10
18.3965312
20
-19.8656072
11
18.3494958
21
-19.840933
0
LINE
8
layer1
10
18.3494958
20
-19.840933
11
18.3096959
21
-19.8267714
0
LINE
8
layer1
10
18.3096959
20
-19.8267714
11
18.2775517
21
-19.8228274
0
LINE
8
layer1
10
18.2775517
20
-19.8228274
11
18.2534651
21
-19.8287553
0
LINE
8
layer1
10
18.2534651
20
-19.8287553
11
18.2196086
21
-19.8583273
0
LINE
8
layer1
10
18.2196086
20
-19.8583273
11
17.9580403
21
-20.0950563
0
LINE
8
layer1
10
17.9580403
20
-20.0950563
11
17.6935133
21
-20.3284748
0
LINE
8
layer1
10
17.6935133
20
-20.3284748
11
17.6603366
21
-20.3588073
0
LINE
8
layer1
10
17.6603366
20
-20.3588073
11
17.6517492
21
-20.3820788
0
LINE
8
layer1
10
17.6517492
20
-20.3820788
11
17.6520694
21
-20.4144625
0
LINE
8
layer1
10
17.6520694
20
-20.4144625
11
17.6616857
21
-20.4555977
0
LINE
8
layer1
10
17.6616857
20
-20.4555977
11
17.6809385
21
-20.5051
0
LINE
8
layer1
10
17.6809385
20
-20.5051
11
17.7796847
21
-20.7076513
0
LINE
8
layer1
10
17.7796847
20
-20.7076513
11
17.8449857
21
-20.8501015
0
LINE
8
layer1
10
17.8449857
20
-20.8501015
11
17.9120065
21
-21.004681
0
LINE
8
layer1
10
17.9120065
20
-21.004681
11
17.9810057
21
-21.1734651
0
LINE
8
layer1
10
17.9810057
20
-21.1734651
11
18.0502778
21
-21.3536599
0
LINE
8
layer1
10
18.0502778
20
-21.3536599
11
18.1188253
21
-21.543729
0
LINE
8
layer1
10
18.1188253
20
-21.543729
11
18.1881742
21
-21.749417
0
LINE
8
layer1
10
18.1881742
20
-21.749417
11
18.2560001
21
-21.9654515
0
LINE
8
layer1
10
18.2560001
20
-21.9654515
11
18.322559
21
-22.1940849
0
LINE
8
layer1
10
18.322559
20
-22.1940849
11
18.3852302
21
-22.4272868
0
ARC
8
layer1
10
-0.0000018
20
0.0000012
40
29
50
307.7989659
51
309.3438936
0
LINE
8
layer1
10
17.7738892
20
-22.9148149
11
17.5604799
21
-22.8018227
0
LINE
8
layer1
10
17.5604799
20
-22.8018227
11
17.3523896
21
-22.6860568
0
LINE
8
layer1
10
17.3523896
20
-22.6860568
11
17.1568642
21
-22.5718593
0
LINE
8
layer1
10
17.1568642
20
-22.5718593
11
16.9717648
21
-22.4584792
0
LINE
8
layer1
10
16.9717648
20
-22.4584792
11
16.8017144
21
-22.349356
0
LINE
8
layer1
10
16.8017144
20
-22.349356
11
16.641452
21
-22.2417236
0
LINE
8
layer1
10
16.641452
20
-22.2417236
11
16.4922533
21
-22.1368963
0
LINE
8
layer1
10
16.4922533
20
-22.1368963
11
16.356463
21
-22.0371587
0
LINE
8
layer1
10
16.356463
20
-22.0371587
11
16.2321152
21
-21.9417968
0
LINE
8
layer1
10
16.2321152
20
-21.9417968
11
16.0566154
21
-21.8004544
0
LINE
8
layer1
10
16.0566154
20
-21.8004544
11
16.0126384
21
-21.7706691
0
LINE
8
layer1
10
16.0126384
20
-21.7706691
11
15.9746743
21
-21.7521404
0
LINE
8
layer1
10
15.9746743
20
-21.7521404
11
15.9431738
21
-21.7446222
0
LINE
8
layer1
10
15.9431738
20
-21.7446222
11
15.9185749
21
-21.7478159
0
LINE
8
layer1
10
15.9185749
20
-21.7478159
11
15.8816203
21
-21.7734112
0
LINE
8
layer1
10
15.8816203
20
-21.7734112
11
15.5951914
21
-21.9793654
0
LINE
8
layer1
10
15.5951914
20
-21.9793654
11
15.3061932
21
-22.1816985
0
LINE
8
layer1
10
15.3061932
20
-22.1816985
11
15.2698289
21
-22.2081257
0
LINE
8
layer1
10
15.2698289
20
-22.2081257
11
15.2586899
21
-22.2302894
0
LINE
8
layer1
10
15.2586899
20
-22.2302894
11
15.2553823
21
-22.2625053
0
LINE
8
layer1
10
15.2553823
20
-22.2625053
11
15.2603324
21
-22.3044586
0
LINE
8
layer1
10
15.2603324
20
-22.3044586
11
15.2739216
21
-22.3558053
0
LINE
8
layer1
10
15.2739216
20
-22.3558053
11
15.3493684
21
-22.568139
0
LINE
8
layer1
10
15.3493684
20
-22.568139
11
15.3983095
21
-22.7170049
0
LINE
8
layer1
10
15.3983095
20
-22.7170049
11
15.4476014
21
-22.8781164
0
LINE
8
layer1
10
15.4476014
20
-22.8781164
11
15.497269
21
-23.0535647
0
LINE
8
layer1
10
15.497269
20
-23.0535647
11
15.5459301
21
-23.2403824
0
LINE
8
layer1
10
15.5459301
20
-23.2403824
11
15.5927656
21
-23.4369314
0
LINE
8
layer1
10
15.5927656
20
-23.4369314
11
15.6386487
21
-23.6490906
0
LINE
8
layer1
10
15.6386487
20
-23.6490906
11
15.6818599
21
-23.8713608
0
LINE
8
layer1
10
15.6818599
20
-23.8713608
11
15.7224015
21
-24.1060089
0
LINE
8
layer1
10
15.7224015
20
-24.1060089
11
15.7585683
21
-24.3447613
0
ARC
8
layer1
10
-0.0000012
20
0.0000017
40
29
50
301.3703936
51
302.9153212
0
LINE
8
layer1
10
15.0964855
20
-24.7607756
11
14.8970692
21
-24.6245995
0
LINE
8
layer1
10
14.8970692
20
-24.6245995
11
14.7032489
21
-24.4862629
0
LINE
8
layer1
10
14.7032489
20
-24.4862629
11
14.521739
21
-24.3508915
0
LINE
8
layer1
10
14.521739
20
-24.3508915
11
14.3504981
21
-24.2174998
0
LINE
8
layer1
10
14.3504981
20
-24.2174998
11
14.1937348
21
-24.090023
0
LINE
8
layer1
10
14.1937348
20
-24.090023
11
14.0465311
21
-23.9651238
0
LINE
8
layer1
10
14.0465311
20
-23.9651238
11
13.9100075
21
-23.8442506
0
LINE
8
layer1
10
13.9100075
20
-23.8442506
11
13.7862381
21
-23.7299365
0
LINE
8
layer1
10
13.7862381
20
-23.7299365
11
13.6733493
21
-23.6212516
0
LINE
8
layer1
10
13.6733493
20
-23.6212516
11
13.5147783
21
-23.4611483
0
LINE
8
layer1
10
13.5147783
20
-23.4611483
11
13.4744127
21
-23.4266263
0
LINE
8
layer1
10
13.4744127
20
-23.4266263
11
13.4387619
21
-23.4039635
0
LINE
8
layer1
10
13.4387619
20
-23.4039635
11
13.4083013
21
-23.3929656
0
LINE
8
layer1
10
13.4083013
20
-23.3929656
11
13.3834995
21
-23.3933851
0
LINE
8
layer1
10
13.3834995
20
-23.3933851
11
13.3439115
21
-23.4146819
0
LINE
8
layer1
10
13.3439115
20
-23.4146819
11
13.036224
21
-23.5872712
0
LINE
8
layer1
10
13.036224
20
-23.5872712
11
12.7263888
21
-23.7559746
0
LINE
8
layer1
10
12.7263888
20
-23.7559746
11
12.6872942
21
-23.7781641
0
LINE
8
layer1
10
12.6872942
20
-23.7781641
11
12.6737437
21
-23.7989412
0
LINE
8
layer1
10
12.6737437
20
-23.7989412
11
12.6668499
21
-23.8305842
0
LINE
8
layer1
10
12.6668499
20
-23.8305842
11
12.6670716
21
-23.872828
0
LINE
8
layer1
10
12.6670716
20
-23.872828
11
12.6748264
21
-23.9253733
0
LINE
8
layer1
10
12.6748264
20
-23.9253733
11
12.726025
21
-24.1448193
0
LINE
8
layer1
10
12.726025
20
-24.1448193
11
12.7579906
21
-24.2982288
0
LINE
8
layer1
10
12.7579906
20
-24.2982288
11
12.7889338
21
-24.4638462
0
LINE
8
layer1
10
12.7889338
20
-24.4638462
11
12.8186451
21
-24.6437523
0
LINE
8
layer1
10
12.8186451
20
-24.6437523
11
12.8460833
21
-24.8348437
0
LINE
8
layer1
10
12.8460833
20
-24.8348437
11
12.8706178
21
-25.0354007
0
LINE
8
layer1
10
12.8706178
20
-25.0354007
11
12.8924581
21
-25.2513632
0
LINE
8
layer1
10
12.8924581
20
-25.2513632
11
12.9105113
21
-25.477074
0
LINE
8
layer1
10
12.9105113
20
-25.477074
11
12.9245257
21
-25.7147858
0
LINE
8
layer1
10
12.9245257
20
-25.7147858
11
12.9337333
21
-25.9560864
0
ARC
8
layer1
10
5e-7
20
0.0000026
40
29
50
294.9418188
51
296.4867464
0
LINE
8
layer1
10
12.2292347
20
-26.2953551
11
12.0463192
21
-26.1377078
0
LINE
8
layer1
10
12.0463192
20
-26.1377078
11
11.8692064
21
-25.97854
0
LINE
8
layer1
10
11.8692064
20
-25.97854
11
11.7039946
21
-25.8236971
0
LINE
8
layer1
10
11.7039946
20
-25.8236971
11
11.5487655
21
-25.6719712
0
LINE
8
layer1
10
11.5487655
20
-25.6719712
11
11.4072608
21
-25.5277441
0
LINE
8
layer1
10
11.4072608
20
-25.5277441
11
11.2749669
21
-25.3871486
0
LINE
8
layer1
10
11.2749669
20
-25.3871486
11
11.1528353
21
-25.2517497
0
LINE
8
layer1
10
11.1528353
20
-25.2517497
11
11.0426432
21
-25.1242966
0
LINE
8
layer1
10
11.0426432
20
-25.1242966
11
10.9426331
21
-25.0036556
0
LINE
8
layer1
10
10.9426331
20
-25.0036556
11
10.8029851
21
-24.8268046
0
LINE
8
layer1
10
10.8029851
20
-24.8268046
11
10.7667385
21
-24.7879802
0
LINE
8
layer1
10
10.7667385
20
-24.7879802
11
10.7338493
21
-24.7614683
0
LINE
8
layer1
10
10.7338493
20
-24.7614683
11
10.7048115
21
-24.747129
0
LINE
8
layer1
10
10.7048115
20
-24.747129
11
10.6801187
21
-24.7447689
0
LINE
8
layer1
10
10.6801187
20
-24.7447689
11
10.6383952
21
-24.7614993
0
LINE
8
layer1
10
10.6383952
20
-24.7614993
11
10.3133185
21
-24.8985534
0
LINE
8
layer1
10
10.3133185
20
-24.8985534
11
9.9865427
21
-25.0315054
0
LINE
8
layer1
10
9.9865427
20
-25.0315054
11
9.9452095
21
-25.0491782
0
LINE
8
layer1
10
9.9452095
20
-25.0491782
11
9.9294179
21
-25.0683076
0
LINE
8
layer1
10
9.9294179
20
-25.0683076
11
9.9190245
21
-25.0989797
0
LINE
8
layer1
10
9.9190245
20
-25.0989797
11
9.9145151
21
-25.1409827
0
LINE
8
layer1
10
9.9145151
20
-25.1409827
11
9.9163379
21
-25.1940659
0
LINE
8
layer1
10
9.9163379
20
-25.1940659
11
9.9426444
21
-25.4178645
0
LINE
8
layer1
10
9.9426444
20
-25.4178645
11
9.9572326
21
-25.5738884
0
LINE
8
layer1
10
9.9572326
20
-25.5738884
11
9.969438
21
-25.7419289
0
LINE
8
layer1
10
9.969438
20
-25.7419289
11
9.9788194
21
-25.9240305
0
LINE
8
layer1
10
9.9788194
20
-25.9240305
11
9.9846895
21
-26.1169924
0
LINE
8
layer1
10
9.9846895
20
-26.1169924
11
9.9866145
21
-26.3190353
0
LINE
8
layer1
10
9.9866145
20
-26.3190353
11
9.9841374
21
-26.5360852
0
LINE
8
layer1
10
9.9841374
20
-26.5360852
11
9.9768055
21
-26.7623981
0
LINE
8
layer1
10
9.9768055
20
-26.7623981
11
9.9641164
21
-27.0001844
0
LINE
8
layer1
10
9.9641164
20
-27.0001844
11
9.9462491
21
-27.2409987
0
ARC
8
layer1
10
-0.0000014
20
0.0000017
40
29
50
288.513252
51
290.0581796
0
LINE
8
layer1
10
9.2081942
20
-27.4992553
11
9.0440797
21
-27.3221192
0
LINE
8
layer1
10
9.0440797
20
-27.3221192
11
8.8859017
21
-27.1441218
0
LINE
8
layer1
10
8.8859017
20
-27.1441218
11
8.7390656
21
-26.9717547
0
LINE
8
layer1
10
8.7390656
20
-26.9717547
11
8.6018005
21
-26.8036027
0
LINE
8
layer1
10
8.6018005
20
-26.8036027
11
8.4773338
21
-26.644439
0
LINE
8
layer1
10
8.4773338
20
-26.644439
11
8.3616135
21
-26.4899153
0
LINE
8
layer1
10
8.3616135
20
-26.4899153
11
8.2554097
21
-26.3416934
0
LINE
8
layer1
10
8.2554097
20
-26.3416934
11
8.1601807
21
-26.2027041
0
LINE
8
layer1
10
8.1601807
20
-26.2027041
11
8.0743069
21
-26.071624
0
LINE
8
layer1
10
8.0743069
20
-26.071624
11
7.955338
21
-25.8802494
0
LINE
8
layer1
10
7.955338
20
-25.8802494
11
7.9236663
21
-25.8376108
0
LINE
8
layer1
10
7.9236663
20
-25.8376108
11
7.8939523
21
-25.8075831
0
LINE
8
layer1
10
7.8939523
20
-25.8075831
11
7.8667026
21
-25.7900829
0
LINE
8
layer1
10
7.8667026
20
-25.7900829
11
7.8424293
21
-25.7849729
0
LINE
8
layer1
10
7.8424293
20
-25.7849729
11
7.7990949
21
-25.7969266
0
LINE
8
layer1
10
7.7990949
20
-25.7969266
11
7.460717
21
-25.8967218
0
LINE
8
layer1
10
7.460717
20
-25.8967218
11
7.12111
21
-25.9922506
0
LINE
8
layer1
10
7.12111
20
-25.9922506
11
7.078058
21
-26.0051844
0
LINE
8
layer1
10
7.078058
20
-26.0051844
11
7.0602239
21
-26.0224254
0
LINE
8
layer1
10
7.0602239
20
-26.0224254
11
7.0464616
21
-26.051741
0
LINE
8
layer1
10
7.0464616
20
-26.051741
11
7.0372777
21
-26.092975
0
LINE
8
layer1
10
7.0372777
20
-26.092975
11
7.0331456
21
-26.1459284
0
LINE
8
layer1
10
7.0331456
20
-26.1459284
11
7.0342292
21
-26.3712652
0
LINE
8
layer1
10
7.0342292
20
-26.3712652
11
7.0312566
21
-26.5279415
0
LINE
8
layer1
10
7.0312566
20
-26.5279415
11
7.0245707
21
-26.696292
0
LINE
8
layer1
10
7.0245707
20
-26.696292
11
7.0135041
21
-26.8782989
0
LINE
8
layer1
10
7.0135041
20
-26.8782989
11
6.9977325
21
-27.0707048
0
LINE
8
layer1
10
6.9977325
20
-27.0707048
11
6.9770238
21
-27.2716928
0
LINE
8
layer1
10
6.9770238
20
-27.2716928
11
6.9502603
21
-27.4871006
0
LINE
8
layer1
10
6.9502603
20
-27.4871006
11
6.9176355
21
-27.7111696
0
LINE
8
layer1
10
6.9176355
20
-27.7111696
11
6.8784027
21
-27.94604
0
LINE
8
layer1
10
6.8784027
20
-27.94604
11
6.833685
21
-28.1833396
0
ARC
8
layer1
10
-0.0000012
20
0.0000018
40
29
50
282.0846805
51
283.6296081
0
LINE
8
layer1
10
6.0713553
20
-28.3573364
11
5.9281057
21
-28.1629391
0
LINE
8
layer1
10
5.9281057
20
-28.1629391
11
5.7908516
21
-27.9683506
0
LINE
8
layer1
10
5.7908516
20
-27.9683506
11
5.6642378
21
-27.7806269
0
LINE
8
layer1
10
5.6642378
20
-27.7806269
11
5.5466628
21
-27.5981634
0
LINE
8
layer1
10
5.5466628
20
-27.5981634
11
5.4407995
21
-27.4260646
0
LINE
8
layer1
10
5.4407995
20
-27.4260646
11
5.3431079
21
-27.2595559
0
LINE
8
layer1
10
5.3431079
20
-27.2595559
11
5.2541675
21
-27.1003749
0
LINE
8
layer1
10
5.2541675
20
-27.1003749
11
5.1750992
21
-26.9515973
0
LINE
8
layer1
10
5.1750992
20
-26.9515973
11
5.1044416
21
-26.8117266
0
LINE
8
layer1
10
5.1044416
20
-26.8117266
11
5.0076479
21
-26.6082351
0
LINE
8
layer1
10
5.0076479
20
-26.6082351
11
4.9809494
21
-26.5623185
0
LINE
8
layer1
10
4.9809494
20
-26.5623185
11
4.9547842
21
-26.5291527
0
LINE
8
layer1
10
4.9547842
20
-26.5291527
11
4.9296653
21
-26.5087115
0
LINE
8
layer1
10
4.9296653
20
-26.5087115
11
4.9061168
21
-26.5009159
0
LINE
8
layer1
10
4.9061168
20
-26.5009159
11
4.8617164
21
-26.5079425
0
LINE
8
layer1
10
4.8617164
20
-26.5079425
11
4.5142927
21
-26.5692239
0
LINE
8
layer1
10
4.5142927
20
-26.5692239
11
4.1661253
21
-26.6261282
0
LINE
8
layer1
10
4.1661253
20
-26.6261282
11
4.1218958
21
-26.6341604
0
LINE
8
layer1
10
4.1218958
20
-26.6341604
11
4.1022435
21
-26.6492961
0
LINE
8
layer1
10
4.1022435
20
-26.6492961
11
4.0852854
21
-26.6768865
0
LINE
8
layer1
10
4.0852854
20
-26.6768865
11
4.0715425
21
-26.7168329
0
LINE
8
layer1
10
4.0715425
20
-26.7168329
11
4.0615075
21
-26.7689908
0
LINE
8
layer1
10
4.0615075
20
-26.7689908
11
4.0373546
21
-26.993032
0
LINE
8
layer1
10
4.0373546
20
-26.993032
11
4.0168584
21
-27.1483903
0
LINE
8
layer1
10
4.0168584
20
-27.1483903
11
3.9913653
21
-27.3149337
0
LINE
8
layer1
10
3.9913653
20
-27.3149337
11
3.95999
21
-27.4945571
0
LINE
8
layer1
10
3.95999
20
-27.4945571
11
3.922775
21
-27.6839873
0
LINE
8
layer1
10
3.922775
20
-27.6839873
11
3.8796929
21
-27.881393
0
LINE
8
layer1
10
3.8796929
20
-27.881393
11
3.8289797
21
-28.0924498
0
LINE
8
layer1
10
3.8289797
20
-28.0924498
11
3.7714723
21
-28.311457
0
LINE
8
layer1
10
3.7714723
20
-28.311457
11
3.706189
21
-28.5404579
0
LINE
8
layer1
10
3.706189
20
-28.5404579
11
3.6351834
21
-28.7712586
0
ARC
8
layer1
10
-9e-7
20
0.000002
40
29
50
275.656109
51
277.2010366
0
LINE
8
layer1
10
2.8581656
20
-28.8588075
11
2.7375823
21
-28.6495936
0
LINE
8
layer1
10
2.7375823
20
-28.6495936
11
2.6229782
21
-28.4408612
0
LINE
8
layer1
10
2.6229782
20
-28.4408612
11
2.5181789
21
-28.2401415
0
LINE
8
layer1
10
2.5181789
20
-28.2401415
11
2.4217727
21
-28.0456611
0
LINE
8
layer1
10
2.4217727
20
-28.0456611
11
2.3358439
21
-27.8627915
0
LINE
8
layer1
10
2.3358439
20
-27.8627915
11
2.2574097
21
-27.6863918
0
LINE
8
layer1
10
2.2574097
20
-27.6863918
11
2.1868511
21
-27.5182536
0
LINE
8
layer1
10
2.1868511
20
-27.5182536
11
2.1249377
21
-27.3615586
0
LINE
8
layer1
10
2.1249377
20
-27.3615586
11
2.070385
21
-27.2146563
0
LINE
8
layer1
10
2.070385
20
-27.2146563
11
1.9969838
21
-27.0016067
0
LINE
8
layer1
10
1.9969838
20
-27.0016067
11
1.9755942
21
-26.9529896
0
LINE
8
layer1
10
1.9755942
20
-26.9529896
11
1.9533069
21
-26.9171028
0
LINE
8
layer1
10
1.9533069
20
-26.9171028
11
1.9306346
21
-26.8939777
0
LINE
8
layer1
10
1.9306346
20
-26.8939777
11
1.908107
21
-26.8835945
0
LINE
8
layer1
10
1.908107
20
-26.8835945
11
1.8631991
21
-26.8856056
0
LINE
8
layer1
10
1.8631991
20
-26.8856056
11
1.5110986
21
-26.9076027
0
LINE
8
layer1
10
1.5110986
20
-26.9076027
11
1.1587491
21
-26.9251667
0
LINE
8
layer1
10
1.1587491
20
-26.9251667
11
1.1138984
21
-26.9281963
0
LINE
8
layer1
10
1.1138984
20
-26.9281963
11
1.0926749
21
-26.9410365
0
LINE
8
layer1
10
1.0926749
20
-26.9410365
11
1.0727344
21
-26.9665547
0
LINE
8
layer1
10
1.0727344
20
-26.9665547
11
1.0546053
21
-27.0047112
0
LINE
8
layer1
10
1.0546053
20
-27.0047112
11
1.0387936
21
-27.0554176
0
LINE
8
layer1
10
1.0387936
20
-27.0554176
11
0.9897078
21
-27.2753458
0
LINE
8
layer1
10
0.9897078
20
-27.2753458
11
0.951946
21
-27.4274324
0
LINE
8
layer1
10
0.951946
20
-27.4274324
11
0.9079662
21
-27.5900742
0
LINE
8
layer1
10
0.9079662
20
-27.5900742
11
0.8566768
21
-27.7650553
0
LINE
8
layer1
10
0.8566768
20
-27.7650553
11
0.7984863
21
-27.9491277
0
LINE
8
layer1
10
0.7984863
20
-27.9491277
11
0.7335727
21
-28.1404684
0
LINE
8
layer1
10
0.7335727
20
-28.1404684
11
0.6595475
21
-28.34452
0
LINE
8
layer1
10
0.6595475
20
-28.34452
11
0.5778806
21
-28.5557114
0
LINE
8
layer1
10
0.5778806
20
-28.5557114
11
0.4873678
21
-28.775963
0
LINE
8
layer1
10
0.4873678
20
-28.775963
11
0.3909672
21
-28.9973624
0
ARC
8
layer1
10
-1e-7
20
0.000002
40
29
50
269.2275362
51
270.772464
0
LINE
8
layer1
10
-0.3909672
20
-28.9973624
11
-0.4873678
21
-28.775963
0
LINE
8
layer1
10
-0.4873678
20
-28.775963
11
-0.5778806
21
-28.5557114
0
LINE
8
layer1
10
-0.5778806
20
-28.5557114
11
-0.6595475
21
-28.34452
0
LINE
8
layer1
10
-0.6595475
20
-28.34452
11
-0.7335727
21
-28.1404684
0
LINE
8
layer1
10
-0.7335727
20
-28.1404684
11
-0.7984863
21
-27.9491277
0
LINE
8
layer1
10
-0.7984863
20
-27.9491277
11
-0.8566768
21
-27.7650553
0
LINE
8
layer1
10
-0.8566768
20
-27.7650553
11
-0.9079662
21
-27.5900742
0
LINE
8
layer1
10
-0.9079662
20
-27.5900742
11
-0.951946
21
-27.4274324
0
LINE
8
layer1
10
-0.951946
20
-27.4274324
11
-0.9897078
21
-27.2753458
0
LINE
8
layer1
10
-0.9897078
20
-27.2753458
11
-1.0387936
21
-27.0554176
0
LINE
8
layer1
10
-1.0387936
20
-27.0554176
11
-1.0546053
21
-27.0047112
0
LINE
8
layer1
10
-1.0546053
20
-27.0047112
11
-1.0727344
21
-26.9665547
0
LINE
8
layer1
10
-1.0727344
20
-26.9665547
11
-1.0926749
21
-26.9410365
0
LINE
8
layer1
10
-1.0926749
20
-26.9410365
11
-1.1138984
21
-26.9281963
0
LINE
8
layer1
10
-1.1138984
20
-26.9281963
11
-1.1587491
21
-26.9251667
0
LINE
8
layer1
10
-1.1587491
20
-26.9251667
11
-1.5110986
21
-26.9076027
0
LINE
8
layer1
10
-1.5110986
20
-26.9076027
11
-1.8631991
21
-26.8856056
0
LINE
8
layer1
10
-1.8631991
20
-26.8856056
11
-1.908107
21
-26.8835945
0
LINE
8
layer1
10
-1.908107
20
-26.8835945
11
-1.9306346
21
-26.8939777
0
LINE
8
layer1
10
-1.9306346
20
-26.8939777
11
-1.9533069
21
-26.9171028
0
LINE
8
layer1
10
-1.9533069
20
-26.9171028
11
-1.9755942
21
-26.9529896
0
LINE
8
layer1
10
-1.9755942
20
-26.9529896
11
-1.9969838
21
-27.0016067
0
LINE
8
layer1
10
-1.9969838
20
-27.0016067
11
-2.070385
21
-27.2146563
0
LINE
8
layer1
10
-2.070385
20
-27.2146563
11
-2.1249377
21
-27.3615586
0
LINE
8
layer1
10
-2.1249377
20
-27.3615586
11
-2.1868511
21
-27.5182536
0
LINE
8
layer1
10
-2.1868511
20
-27.5182536
11
-2.2574097
21
-27.6863918
0
LINE
8
layer1
10
-2.2574097
20
-27.6863918
11
-2.3358439
21
-27.8627915
0
LINE
8
layer1
10
-2.3358439
20
-27.8627915
11
-2.4217727
21
-28.0456611
0
LINE
8
layer1
10
-2.4217727
20
-28.0456611
11
-2.5181789
21
-28.2401415
0
LINE
8
layer1
10
-2.5181789
20
-28.2401415
11
-2.6229782
21
-28.4408612
0
LINE
8
layer1
10
-2.6229782
20
-28.4408612
11
-2.7375823
21
-28.6495936
0
LINE
8
layer1
10
-2.7375823
20
-28.6495936
11
-2.8581656
21
-28.8588075
0
ARC
8
layer1
10
0.000001
20
0.000002
40
29
50
262.7989632
51
264.3438908
0
LINE
8
layer1
10
-3.6351834
20
-28.7712586
11
-3.706189
21
-28.5404579
0
LINE
8
layer1
10
-3.706189
20
-28.5404579
11
-3.7714723
21
-28.311457
0
LINE
8
layer1
10
-3.7714723
20
-28.311457
11
-3.8289797
21
-28.0924498
0
LINE
8
layer1
10
-3.8289797
20
-28.0924498
11
-3.8796929
21
-27.881393
0
LINE
8
layer1
10
-3.8796929
20
-27.881393
11
-3.922775
21
-27.6839873
0
LINE
8
layer1
10
-3.922775
20
-27.6839873
11
-3.95999
21
-27.4945571
0
LINE
8
layer1
10
-3.95999
20
-27.4945571
11
-3.9913653
21
-27.3149337
0
LINE
8
layer1
10
-3.9913653
20
-27.3149337
11
-4.0168584
21
-27.1483903
0
LINE
8
layer1
10
-4.0168584
20
-27.1483903
11
-4.0373546
21
-26.993032
0
LINE
8
layer1
10
-4.0373546
20
-26.993032
11
-4.0615075
21
-26.7689908
0
LINE
8
layer1
10
-4.0615075
20
-26.7689908
11
-4.0715425
21
-26.7168329
0
LINE
8
layer1
10
-4.0715425
20
-26.7168329
11
-4.0852854
21
-26.6768865
0
LINE
8
layer1
10
-4.0852854
20
-26.6768865
11
-4.1022435
21
-26.6492961
0
LINE
8
layer1
10
-4.1022435
20
-26.6492961
11
-4.1218958
21
-26.6341604
0
LINE
8
layer1
10
-4.1218958
20
-26.6341604
11
-4.1661253
21
-26.6261282
0
LINE
8
layer1
10
-4.1661253
20
-26.6261282
11
-4.5142927
21
-26.5692239
0
LINE
8
layer1
10
-4.5142927
20
-26.5692239
11
-4.8617164
21
-26.5079425
0
LINE
8
layer1
10
-4.8617164
20
-26.5079425
11
-4.9061168
21
-26.5009159
0
LINE
8
layer1
10
-4.9061168
20
-26.5009159
11
-4.9296653
21
-26.5087115
0
LINE
8
layer1
10
-4.9296653
20
-26.5087115
11
-4.9547842
21
-26.5291527
0
LINE
8
layer1
10
-4.9547842
20
-26.5291527
11
-4.9809494
21
-26.5623185
0
LINE
8
layer1
10
-4.9809494
20
-26.5623185
11
-5.0076479
21
-26.6082351
0
LINE
8
layer1
10
-5.0076479
20
-26.6082351
11
-5.1044416
21
-26.8117266
0
LINE
8
layer1
10
-5.1044416
20
-26.8117266
11
-5.1750992
21
-26.9515973
0
LINE
8
layer1
10
-5.1750992
20
-26.9515973
11
-5.2541675
21
-27.1003749
0
LINE
8
layer1
10
-5.2541675
20
-27.1003749
11
-5.3431079
21
-27.2595559
0
LINE
8
layer1
10
-5.3431079
20
-27.2595559
11
-5.4407995
21
-27.4260646
0
LINE
8
layer1
10
-5.4407995
20
-27.4260646
11
-5.5466628
21
-27.5981634
0
LINE
8
layer1
10
-5.5466628
20
-27.5981634
11
-5.6642378
21
-27.7806269
0
LINE
8
layer1
10
-5.6642378
20
-27.7806269
11
-5.7908516
21
-27.9683506
0
LINE
8
layer1
10
-5.7908516
20
-27.9683506
11
-5.9281057
21
-28.1629391
0
LINE
8
layer1
10
-5.9281057
20
-28.1629391
11
-6.0713553
21
-28.3573364
0
ARC
8
layer1
10
0.0000012
20
0.0000018
40
29
50
256.3703919
51
257.9153195
0
LINE
8
layer1
10
-6.833685
20
-28.1833396
11
-6.8784027
21
-27.94604
0
LINE
8
layer1
10
-6.8784027
20
-27.94604
11
-6.9176355
21
-27.7111696
0
LINE
8
layer1
10
-6.9176355
20
-27.7111696
11
-6.9502603
21
-27.4871006
0
LINE
8
layer1
10
-6.9502603
20
-27.4871006
11
-6.9770238
21
-27.2716928
0
LINE
8
layer1
10
-6.9770238
20
-27.2716928
11
-6.9977325
21
-27.0707048
0
LINE
8
layer1
10
-6.9977325
20
-27.0707048
11
-7.0135041
21
-26.8782989
0
LINE
8
layer1
10
-7.0135041
20
-26.8782989
11
-7.0245707
21
-26.696292
0
LINE
8
layer1
10
-7.0245707
20
-26.696292
11
-7.0312566
21
-26.5279415
0
LINE
8
layer1
10
-7.0312566
20
-26.5279415
11
-7.0342292
21
-26.3712652
0
LINE
8
layer1
10
-7.0342292
20
-26.3712652
11
-7.0331456
21
-26.1459284
0
LINE
8
layer1
10
-7.0331456
20
-26.1459284
11
-7.0372777
21
-26.092975
0
LINE
8
layer1
10
-7.0372777
20
-26.092975
11
-7.0464616
21
-26.051741
0
LINE
8
layer1
10
-7.0464616
20
-26.051741
11
-7.0602239
21
-26.0224254
0
LINE
8
layer1
10
-7.0602239
20
-26.0224254
11
-7.078058
21
-26.0051844
0
LINE
8
layer1
10
-7.078058
20
-26.0051844
11
-7.12111
21
-25.9922506
0
LINE
8
layer1
10
-7.12111
20
-25.9922506
11
-7.460717
21
-25.8967218
0
LINE
8
layer1
10
-7.460717
20
-25.8967218
11
-7.7990949
21
-25.7969266
0
LINE
8
layer1
10
-7.7990949
20
-25.7969266
11
-7.8424293
21
-25.7849729
0
LINE
8
layer1
10
-7.8424293
20
-25.7849729
11
-7.8667026
21
-25.7900829
0
LINE
8
layer1
10
-7.8667026
20
-25.7900829
11
-7.8939523
21
-25.8075831
0
LINE
8
layer1
10
-7.8939523
20
-25.8075831
11
-7.9236663
21
-25.8376108
0
LINE
8
layer1
10
-7.9236663
20
-25.8376108
11
-7.955338
21
-25.8802494
0
LINE
8
layer1
10
-7.955338
20
-25.8802494
11
-8.0743069
21
-26.071624
0
LINE
8
layer1
10
-8.0743069
20
-26.071624
11
-8.1601807
21
-26.2027041
0
LINE
8
layer1
10
-8.1601807
20
-26.2027041
11
-8.2554097
21
-26.3416934
0
LINE
8
layer1
10
-8.2554097
20
-26.3416934
11
-8.3616135
21
-26.4899153
0
LINE
8
layer1
10
-8.3616135
20
-26.4899153
11
-8.4773338
21
-26.644439
0
LINE
8
layer1
10
-8.4773338
20
-26.644439
11
-8.6018005
21
-26.8036027
0
LINE
8
layer1
10
-8.6018005
20
-26.8036027
11
-8.7390656
21
-26.9717547
0
LINE
8
layer1
10
-8.7390656
20
-26.9717547
11
-8.8859017
21
-27.1441218
0
LINE
8
layer1
10
-8.8859017
20
-27.1441218
11
-9.0440797
21
-27.3221192
0
LINE
8
layer1
10
-9.0440797
20
-27.3221192
11
-9.2081942
21
-27.4992553
0
ARC
8
layer1
10
0.0000013
20
0.0000017
40
29
50
249.9418206
51
251.4867482
0
LINE
8
layer1
10
-9.9462491
20
-27.2409987
11
-9.9641164
21
-27.0001844
0
LINE
8
layer1
10
-9.9641164
20
-27.0001844
11
-9.9768055
21
-26.7623981
0
LINE
8
layer1
10
-9.9768055
20
-26.7623981
11
-9.9841374
21
-26.5360852
0
LINE
8
layer1
10
-9.9841374
20
-26.5360852
11
-9.9866145
21
-26.3190353
0
LINE
8
layer1
10
-9.9866145
20
-26.3190353
11
-9.9846895
21
-26.1169924
0
LINE
8
layer1
10
-9.9846895
20
-26.1169924
11
-9.9788194
21
-25.9240305
0
LINE
8
layer1
10
-9.9788194
20
-25.9240305
11
-9.969438
21
-25.7419289
0
LINE
8
layer1
10
-9.969438
20
-25.7419289
11
-9.9572326
21
-25.5738884
0
LINE
8
layer1
10
-9.9572326
20
-25.5738884
11
-9.9426444
21
-25.4178645
0
LINE
8
layer1
10
-9.9426444
20
-25.4178645
11
-9.9163379
21
-25.1940659
0
LINE
8
layer1
10
-9.9163379
20
-25.1940659
11
-9.9145151
21
-25.1409827
0
LINE
8
layer1
10
-9.9145151
20
-25.1409827
11
-9.9190245
21
-25.0989797
0
LINE
8
layer1
10
-9.9190245
20
-25.0989797
11
-9.9294179
21
-25.0683076
0
LINE
8
layer1
10
-9.9294179
20
-25.0683076
11
-9.9452095
21
-25.0491782
0
LINE
8
layer1
10
-9.9452095
20
-25.0491782
11
-9.9865427
21
-25.0315054
0
LINE
8
layer1
10
-9.9865427
20
-25.0315054
11
-10.3133185
21
-24.8985534
0
LINE
8
layer1
10
-10.3133185
20
-24.8985534
11
-10.6383952
21
-24.7614993
0
LINE
8
layer1
10
-10.6383952
20
-24.7614993
11
-10.6801187
21
-24.7447689
0
LINE
8
layer1
10
-10.6801187
20
-24.7447689
11
-10.7048115
21
-24.747129
0
LINE
8
layer1
10
-10.7048115
20
-24.747129
11
-10.7338493
21
-24.7614683
0
LINE
8
layer1
10
-10.7338493
20
-24.7614683
11
-10.7667385
21
-24.7879802
0
LINE
8
layer1
10
-10.7667385
20
-24.7879802
11
-10.8029851
21
-24.8268046
0
LINE
8
layer1
10
-10.8029851
20
-24.8268046
11
-10.9426331
21
-25.0036556
0
LINE
8
layer1
10
-10.9426331
20
-25.0036556
11
-11.0426432
21
-25.1242966
0
LINE
8
layer1
10
-11.0426432
20
-25.1242966
11
-11.1528353
21
-25.2517497
0
LINE
8
layer1
10
-11.1528353
20
-25.2517497
11
-11.2749669
21
-25.3871486
0
LINE
8
layer1
10
-11.2749669
20
-25.3871486
11
-11.4072608
21
-25.5277441
0
LINE
8
layer1
10
-11.4072608
20
-25.5277441
11
-11.5487655
21
-25.6719712
0
LINE
8
layer1
10
-11.5487655
20
-25.6719712
11
-11.7039946
21
-25.8236971
0
LINE
8
layer1
10
-11.7039946
20
-25.8236971
11
-11.8692064
21
-25.97854
0
LINE
8
layer1
10
-11.8692064
20
-25.97854
11
-12.0463192
21
-26.1377078
0
LINE
8
layer1
10
-12.0463192
20
-26.1377078
11
-12.2292347
21
-26.2953551
0
ARC
8
layer1
10
-4e-7
20
0.0000025
40
29
50
243.5132534
51
245.058181
0
LINE
8
layer1
10
-12.9337333
20
-25.9560864
11
-12.9245257
21
-25.7147858
0
LINE
8
layer1
10
-12.9245257
20
-25.7147858
11
-12.9105113
21
-25.477074
0
LINE
8
layer1
10
-12.9105113
20
-25.477074
11
-12.8924581
21
-25.2513632
0
LINE
8
layer1
10
-12.8924581
20
-25.2513632
11
-12.8706178
21
-25.0354007
0
LINE
8
layer1
10
-12.8706178
20
-25.0354007
11
-12.8460833
21
-24.8348437
0
LINE
8
layer1
10
-12.8460833
20
-24.8348437
11
-12.8186451
21
-24.6437523
0
LINE
8
layer1
10
-12.8186451
20
-24.6437523
11
-12.7889338
21
-24.4638462
0
LINE
8
layer1
10
-12.7889338
20
-24.4638462
11
-12.7579906
21
-24.2982288
0
LINE
8
layer1
10
-12.7579906
20
-24.2982288
11
-12.726025
21
-24.1448193
0
LINE
8
layer1
10
-12.726025
20
-24.1448193
11
-12.6748264
21
-23.9253733
0
LINE
8
layer1
10
-12.6748264
20
-23.9253733
11
-12.6670716
21
-23.872828
0
LINE
8
layer1
10
-12.6670716
20
-23.872828
11
-12.6668499
21
-23.8305842
0
LINE
8
layer1
10
-12.6668499
20
-23.8305842
11
-12.6737437
21
-23.7989412
0
LINE
8
layer1
10
-12.6737437
20
-23.7989412
11
-12.6872942
21
-23.7781641
0
LINE
8
layer1
10
-12.6872942
20
-23.7781641
11
-12.7263888
21
-23.7559746
0
LINE
8
layer1
10
-12.7263888
20
-23.7559746
11
-13.036224
21
-23.5872712
0
LINE
8
layer1
10
-13.036224
20
-23.5872712
11
-13.3439115
21
-23.4146819
0
LINE
8
layer1
10
-13.3439115
20
-23.4146819
11
-13.3834995
21
-23.3933851
0
LINE
8
layer1
10
-13.3834995
20
-23.3933851
11
-13.4083013
21
-23.3929656
0
LINE
8
layer1
10
-13.4083013
20
-23.3929656
11
-13.4387619
21
-23.4039635
0
LINE
8
layer1
10
-13.4387619
20
-23.4039635
11
-13.4744127
21
-23.4266263
0
LINE
8
layer1
10
-13.4744127
20
-23.4266263
11
-13.5147783
21
-23.4611483
0
LINE
8
layer1
10
-13.5147783
20
-23.4611483
11
-13.6733493
21
-23.6212516
0
LINE
8
layer1
10
-13.6733493
20
-23.6212516
11
-13.7862381
21
-23.7299365
0
LINE
8
layer1
10
-13.7862381
20
-23.7299365
11
-13.9100075
21
-23.8442506
0
LINE
8
layer1
10
-13.9100075
20
-23.8442506
11
-14.0465311
21
-23.9651238
0
LINE
8
layer1
10
-14.0465311
20
-23.9651238
11
-14.1937348
21
-24.090023
0
LINE
8
layer1
10
-14.1937348
20
-24.090023
11
-14.3504981
21
-24.2174998
0
LINE
8
layer1
10
-14.3504981
20
-24.2174998
11
-14.521739
21
-24.3508915
0
LINE
8
layer1
10
-14.521739
20
-24.3508915
11
-14.7032489
21
-24.4862629
0
LINE
8
layer1
10
-14.7032489
20
-24.4862629
11
-14.8970692
21
-24.6245995
0
LINE
8
layer1
10
-14.8970692
20
-24.6245995
11
-15.0964855
21
-24.7607756
0
ARC
8
layer1
10
0.0000012
20
0.0000016
40
29
50
237.0846788
51
238.6296064
0
LINE
8
layer1
10
-15.7585683
20
-24.3447613
11
-15.7224015
21
-24.1060089
0
LINE
8
layer1
10
-15.7224015
20
-24.1060089
11
-15.6818599
21
-23.8713608
0
LINE
8
layer1
10
-15.6818599
20
-23.8713608
11
-15.6386487
21
-23.6490906
0
LINE
8
layer1
10
-15.6386487
20
-23.6490906
11
-15.5927656
21
-23.4369314
0
LINE
8
layer1
10
-15.5927656
20
-23.4369314
11
-15.5459301
21
-23.2403824
0
LINE
8
layer1
10
-15.5459301
20
-23.2403824
11
-15.497269
21
-23.0535647
0
LINE
8
layer1
10
-15.497269
20
-23.0535647
11
-15.4476014
21
-22.8781164
0
LINE
8
layer1
10
-15.4476014
20
-22.8781164
11
-15.3983095
21
-22.7170049
0
LINE
8
layer1
10
-15.3983095
20
-22.7170049
11
-15.3493684
21
-22.568139
0
LINE
8
layer1
10
-15.3493684
20
-22.568139
11
-15.2739216
21
-22.3558053
0
LINE
8
layer1
10
-15.2739216
20
-22.3558053
11
-15.2603324
21
-22.3044586
0
LINE
8
layer1
10
-15.2603324
20
-22.3044586
11
-15.2553823
21
-22.2625053
0
LINE
8
layer1
10
-15.2553823
20
-22.2625053
11
-15.2586899
21
-22.2302894
0
LINE
8
layer1
10
-15.2586899
20
-22.2302894
11
-15.2698289
21
-22.2081257
0
LINE
8
layer1
10
-15.2698289
20
-22.2081257
11
-15.3061932
21
-22.1816985
0
LINE
8
layer1
10
-15.3061932
20
-22.1816985
11
-15.5951914
21
-21.9793654
0
LINE
8
layer1
10
-15.5951914
20
-21.9793654
11
-15.8816203
21
-21.7734112
0
LINE
8
layer1
10
-15.8816203
20
-21.7734112
11
-15.9185749
21
-21.7478159
0
LINE
8
layer1
10
-15.9185749
20
-21.7478159
11
-15.9431738
21
-21.7446222
0
LINE
8
layer1
10
-15.9431738
20
-21.7446222
11
-15.9746743
21
-21.7521404
0
LINE
8
layer1
10
-15.9746743
20
-21.7521404
11
-16.0126384
21
-21.7706691
0
LINE
8
layer1
10
-16.0126384
20
-21.7706691
11
-16.0566154
21
-21.8004544
0
LINE
8
layer1
10
-16.0566154
20
-21.8004544
11
-16.2321152
21
-21.9417968
0
LINE
8
layer1
10
-16.2321152
20
-21.9417968
11
-16.356463
21
-22.0371587
0
LINE
8
layer1
10
-16.356463
20
-22.0371587
11
-16.4922533
21
-22.1368963
0
LINE
8
layer1
10
-16.4922533
20
-22.1368963
11
-16.641452
21
-22.2417236
0
LINE
8
layer1
10
-16.641452
20
-22.2417236
11
-16.8017144
21
-22.349356
0
LINE
8
layer1
10
-16.8017144
20
-22.349356
11
-16.9717648
21
-22.4584792
0
LINE
8
layer1
10
-16.9717648
20
-22.4584792
11
-17.1568642
21
-22.5718593
0
LINE
8
layer1
10
-17.1568642
20
-22.5718593
11
-17.3523896
21
-22.6860568
0
LINE
8
layer1
10
-17.3523896
20
-22.6860568
11
-17.5604799
21
-22.8018227
0
LINE
8
layer1
10
-17.5604799
20
-22.8018227
11
-17.7738892
21
-22.9148149
0
ARC
8
layer1
10
0.0000018
20
0.0000013
40
29
50
230.6561064
51
232.2010341
0
LINE
8
layer1
10
-18.3852302
20
-22.4272868
11
-18.322559
21
-22.1940849
0
LINE
8
layer1
10
-18.322559
20
-22.1940849
11
-18.2560001
21
-21.9654515
0
LINE
8
layer1
10
-18.2560001
20
-21.9654515
11
-18.1881742
21
-21.749417
0
LINE
8
layer1
10
-18.1881742
20
-21.749417
11
-18.1188253
21
-21.543729
0
LINE
8
layer1
10
-18.1188253
20
-21.543729
11
-18.0502778
21
-21.3536599
0
LINE
8
layer1
10
-18.0502778
20
-21.3536599
11
-17.9810057
21
-21.1734651
0
LINE
8
layer1
10
-17.9810057
20
-21.1734651
11
-17.9120065
21
-21.004681
0
LINE
8
layer1
10
-17.9120065
20
-21.004681
11
-17.8449857
21
-20.8501015
0
LINE
8
layer1
10
-17.8449857
20
-20.8501015
11
-17.7796847
21
-20.7076513
0
LINE
8
layer1
10
-17.7796847
20
-20.7076513
11
-17.6809385
21
-20.5051
0
LINE
8
layer1
10
-17.6809385
20
-20.5051
11
-17.6616857
21
-20.4555977
0
LINE
8
layer1
10
-17.6616857
20
-20.4555977
11
-17.6520694
21
-20.4144625
0
LINE
8
layer1
10
-17.6520694
20
-20.4144625
11
-17.6517492
21
-20.3820788
0
LINE
8
layer1
10
-17.6517492
20
-20.3820788
11
-17.6603366
21
-20.3588073
0
LINE
8
layer1
10
-17.6603366
20
-20.3588073
11
-17.6935133
21
-20.3284748
0
LINE
8
layer1
10
-17.6935133
20
-20.3284748
11
-17.9580403
21
-20.0950563
0
LINE
8
layer1
10
-17.9580403
20
-20.0950563
11
-18.2196086
21
-19.8583273
0
LINE
8
layer1
10
-18.2196086
20
-19.8583273
11
-18.2534651
21
-19.8287553
0
LINE
8
layer1
10
-18.2534651
20
-19.8287553
11
-18.2775517
21
-19.8228274
0
LINE
8
layer1
10
-18.2775517
20
-19.8228274
11
-18.3096959
21
-19.8267714
0
LINE
8
layer1
10
-18.3096959
20
-19.8267714
11
-18.3494958
21
-19.840933
0
LINE
8
layer1
10
-18.3494958
20
-19.840933
11
-18.3965312
21
-19.8656072
0
LINE
8
layer1
10
-18.3965312
20
-19.8656072
11
-18.5867529
21
-19.9864111
0
LINE
8
layer1
10
-18.5867529
20
-19.9864111
11
-18.720996
21
-20.0672509
0
LINE
8
layer1
10
-18.720996
20
-20.0672509
11
-18.8670995
21
-20.1511576
0
LINE
8
layer1
10
-18.8670995
20
-20.1511576
11
-19.0270969
21
-20.2386209
0
LINE
8
layer1
10
-19.0270969
20
-20.2386209
11
-19.1984027
21
-20.3276327
0
LINE
8
layer1
10
-19.1984027
20
-20.3276327
11
-19.3796018
21
-20.4170303
0
LINE
8
layer1
10
-19.3796018
20
-20.4170303
11
-19.5762318
21
-20.5089729
0
LINE
8
layer1
10
-19.5762318
20
-20.5089729
11
-19.7833139
21
-20.6005605
0
LINE
8
layer1
10
-19.7833139
20
-20.6005605
11
-20.0030575
21
-20.6922997
0
LINE
8
layer1
10
-20.0030575
20
-20.6922997
11
-20.227776
21
-20.7806872
0
ARC
8
layer1
10
0.0000014
20
0.0000014
40
29
50
224.2275361
51
225.7724639
0
LINE
8
layer1
10
-20.7806872
20
-20.227776
11
-20.6922997
21
-20.0030575
0
LINE
8
layer1
10
-20.6922997
20
-20.0030575
11
-20.6005605
21
-19.7833139
0
LINE
8
layer1
10
-20.6005605
20
-19.7833139
11
-20.5089729
21
-19.5762318
0
LINE
8
layer1
10
-20.5089729
20
-19.5762318
11
-20.4170303
21
-19.3796018
0
LINE
8
layer1
10
-20.4170303
20
-19.3796018
11
-20.3276327
21
-19.1984027
0
LINE
8
layer1
10
-20.3276327
20
-19.1984027
11
-20.2386209
21
-19.0270969
0
LINE
8
layer1
10
-20.2386209
20
-19.0270969
11
-20.1511576
21
-18.8670995
0
LINE
8
layer1
10
-20.1511576
20
-18.8670995
11
-20.0672509
21
-18.720996
0
LINE
8
layer1
10
-20.0672509
20
-18.720996
11
-19.9864111
21
-18.5867529
0
LINE
8
layer1
10
-19.9864111
20
-18.5867529
11
-19.8656072
21
-18.3965312
0
LINE
8
layer1
10
-19.8656072
20
-18.3965312
11
-19.840933
21
-18.3494958
0
LINE
8
layer1
10
-19.840933
20
-18.3494958
11
-19.8267714
21
-18.3096959
0
LINE
8
layer1
10
-19.8267714
20
-18.3096959
11
-19.8228274
21
-18.2775517
0
LINE
8
layer1
10
-19.8228274
20
-18.2775517
11
-19.8287553
21
-18.2534651
0
LINE
8
layer1
10
-19.8287553
20
-18.2534651
11
-19.8583273
21
-18.2196086
0
LINE
8
layer1
10
-19.8583273
20
-18.2196086
11
-20.0950563
21
-17.9580403
0
LINE
8
layer1
10
-20.0950563
20
-17.9580403
11
-20.3284748
21
-17.6935133
0
LINE
8
layer1
10
-20.3284748
20
-17.6935133
11
-20.3588073
21
-17.6603366
0
LINE
8
layer1
10
-20.3588073
20
-17.6603366
11
-20.3820788
21
-17.6517492
0
LINE
8
layer1
10
-20.3820788
20
-17.6517492
11
-20.4144625
21
-17.6520694
0
LINE
8
layer1
10
-20.4144625
20
-17.6520694
11
-20.4555977
21
-17.6616857
0
LINE
8
layer1
10
-20.4555977
20
-17.6616857
11
-20.5051
21
-17.6809385
0
LINE
8
layer1
10
-20.5051
20
-17.6809385
11
-20.7076513
21
-17.7796847
0
LINE
8
layer1
10
-20.7076513
20
-17.7796847
11
-20.8501015
21
-17.8449857
0
LINE
8
layer1
10
-20.8501015
20
-17.8449857
11
-21.004681
21
-17.9120065
0
LINE
8
layer1
10
-21.004681
20
-17.9120065
11
-21.1734651
21
-17.9810057
0
LINE
8
layer1
10
-21.1734651
20
-17.9810057
11
-21.3536599
21
-18.0502778
0
LINE
8
layer1
10
-21.3536599
20
-18.0502778
11
-21.543729
21
-18.1188253
0
LINE
8
layer1
10
-21.543729
20
-18.1188253
11
-21.749417
21
-18.1881742
0
LINE
8
layer1
10
-21.749417
20
-18.1881742
11
-21.9654515
21
-18.2560001
0
LINE
8
layer1
10
-21.9654515
20
-18.2560001
11
-22.1940849
21
-18.322559
0
LINE
8
layer1
10
-22.1940849
20
-18.322559
11
-22.4272868
21
-18.3852302
0
ARC
8
layer1
10
0.0000012
20
0.0000018
40
29
50
217.7989659
51
219.3438936
0
LINE
8
layer1
10
-22.9148149
20
-17.7738892
11
-22.8018227
21
-17.5604799
0
LINE
8
layer1
10
-22.8018227
20
-17.5604799
11
-22.6860568
21
-17.3523896
0
LINE
8
layer1
10
-22.6860568
20
-17.3523896
11
-22.5718593
21
-17.1568642
0
LINE
8
layer1
10
-22.5718593
20
-17.1568642
11
-22.4584792
21
-16.9717648
0
LINE
8
layer1
10
-22.4584792
20
-16.9717648
11
-22.349356
21
-16.8017144
0
LINE
8
layer1
10
-22.349356
20
-16.8017144
11
-22.2417236
21
-16.641452
0
LINE
8
layer1
10
-22.2417236
20
-16.641452
11
-22.1368963
21
-16.4922533
0
LINE
8
layer1
10
-22.1368963
20
-16.4922533
11
-22.0371587
21
-16.356463
0
LINE
8
layer1
10
-22.0371587
20
-16.356463
11
-21.9417968
21
-16.2321152
0
LINE
8
layer1
10
-21.9417968
20
-16.2321152
11
-21.8004544
21
-16.0566154
0
LINE
8
layer1
10
-21.8004544
20
-16.0566154
11
-21.7706691
21
-16.0126384
0
LINE
8
layer1
10
-21.7706691
20
-16.0126384
11
-21.7521404
21
-15.9746743
0
LINE
8
layer1
10
-21.7521404
20
-15.9746743
11
-21.7446222
21
-15.9431738
0
LINE
8
layer1
10
-21.7446222
20
-15.9431738
11
-21.7478159
21
-15.9185749
0
LINE
8
layer1
10
-21.7478159
20
-15.9185749
11
-21.7734112
21
-15.8816203
0
LINE
8
layer1
10
-21.7734112
20
-15.8816203
11
-21.9793654
21
-15.5951914
0
LINE
8
layer1
10
-21.9793654
20
-15.5951914
11
-22.1816985
21
-15.3061932
0
LINE
8
layer1
10
-22.1816985
20
-15.3061932
11
-22.2081257
21
-15.2698289
0
LINE
8
layer1
10
-22.2081257
20
-15.2698289
11
-22.2302894
21
-15.2586899
0
LINE
8
layer1
10
-22.2302894
20
-15.2586899
11
-22.2625053
21
-15.2553823
0
LINE
8
layer1
10
-22.2625053
20
-15.2553823
11
-22.3044586
21
-15.2603324
0
LINE
8
layer1
10
-22.3044586
20
-15.2603324
11
-22.3558053
21
-15.2739216
0
LINE
8
layer1
10
-22.3558053
20
-15.2739216
11
-22.568139
21
-15.3493684
0
LINE
8
layer1
10
-22.568139
20
-15.3493684
11
-22.7170049
21
-15.3983095
0
LINE
8
layer1
10
-22.7170049
20
-15.3983095
11
-22.8781164
21
-15.4476014
0
LINE
8
layer1
10
-22.8781164
20
-15.4476014
11
-23.0535647
21
-15.497269
0
LINE
8
layer1
10
-23.0535647
20
-15.497269
11
-23.2403824
21
-15.5459301
0
LINE
8
layer1
10
-23.2403824
20
-15.5459301
11
-23.4369314
21
-15.5927656
0
LINE
8
layer1
10
-23.4369314
20
-15.5927656
11
-23.6490906
21
-15.6386487
0
LINE
8
layer1
10
-23.6490906
20
-15.6386487
11
-23.8713608
21
-15.6818599
0
LINE
8
layer1
10
-23.8713608
20
-15.6818599
11
-24.1060089
21
-15.7224015
0
LINE
8
layer1
10
-24.1060089
20
-15.7224015
11
-24.3447613
21
-15.7585683
0
ARC
8
layer1
10
0.0000017
20
0.0000012
40
29
50
211.3703936
51
212.9153212
0
LINE
8
layer1
10
-24.7607756
20
-15.0964855
11
-24.6245995
21
-14.8970692
0
LINE
8
layer1
10
-24.6245995
20
-14.8970692
11
-24.4862629
21
-14.7032489
0
LINE
8
layer1
10
-24.4862629
20
-14.7032489
11
-24.3508915
21
-14.521739
0
LINE
8
layer1
10
-24.3508915
20
-14.521739
11
-24.2174998
21
-14.3504981
0
LINE
8
layer1
10
-24.2174998
20
-14.3504981
11
-24.090023
21
-14.1937348
0
LINE
8
layer1
10
-24.090023
20
-14.1937348
11
-23.9651238
21
-14.0465311
0
LINE
8
layer1
10
-23.9651238
20
-14.0465311
11
-23.8442506
21
-13.9100075
0
LINE
8
layer1
10
-23.8442506
20
-13.9100075
11
-23.7299365
21
-13.7862381
0
LINE
8
layer1
10
-23.7299365
20
-13.7862381
11
-23.6212516
21
-13.6733493
0
LINE
8
layer1
10
-23.6212516
20
-13.6733493
11
-23.4611483
21
-13.5147783
0
LINE
8
layer1
10
-23.4611483
20
-13.5147783
11
-23.4266263
21
-13.4744127
0
LINE
8
layer1
10
-23.4266263
20
-13.4744127
11
-23.4039635
21
-13.4387619
0
LINE
8
layer1
10
-23.4039635
20
-13.4387619
11
-23.3929656
21
-13.4083013
0
LINE
8
layer1
10
-23.3929656
20
-13.4083013
11
-23.3933851
21
-13.3834995
0
LINE
8
layer1
10
-23.3933851
20
-13.3834995
11
-23.4146819
21
-13.3439115
0
LINE
8
layer1
10
-23.4146819
20
-13.3439115
11
-23.5872712
21
-13.036224
0
LINE
8
layer1
10
-23.5872712
20
-13.036224
11
-23.7559746
21
-12.7263888
0
LINE
8
layer1
10
-23.7559746
20
-12.7263888
11
-23.7781641
21
-12.6872942
0
LINE
8
layer1
10
-23.7781641
20
-12.6872942
11
-23.7989412
21
-12.6737437
0
LINE
8
layer1
10
-23.7989412
20
-12.6737437
11
-23.8305842
21
-12.6668499
0
LINE
8
layer1
10
-23.8305842
20
-12.6668499
11
-23.872828
21
-12.6670716
0
LINE
8
layer1
10
-23.872828
20
-12.6670716
11
-23.9253733
21
-12.6748264
0
LINE
8
layer1
10
-23.9253733
20
-12.6748264
11
-24.1448193
21
-12.726025
0
LINE
8
layer1
10
-24.1448193
20
-12.726025
11
-24.2982288
21
-12.7579906
0
LINE
8
layer1
10
-24.2982288
20
-12.7579906
11
-24.4638462
21
-12.7889338
0
LINE
8
layer1
10
-24.4638462
20
-12.7889338
11
-24.6437523
21
-12.8186451
0
LINE
8
layer1
10
-24.6437523
20
-12.8186451
11
-24.8348437
21
-12.8460833
0
LINE
8
layer1
10
-24.8348437
20
-12.8460833
11
-25.0354007
21
-12.8706178
0
LINE
8
layer1
10
-25.0354007
20
-12.8706178
11
-25.2513632
21
-12.8924581
0
LINE
8
layer1
10
-25.2513632
20
-12.8924581
11
-25.477074
21
-12.9105113
0
LINE
8
layer1
10
-25.477074
20
-12.9105113
11
-25.7147858
21
-12.9245257
0
LINE
8
layer1
10
-25.7147858
20
-12.9245257
11
-25.9560864
21
-12.9337333
0
ARC
8
layer1
10
0.0000026
20
-5e-7
40
29
50
204.9418188
51
206.4867464
0
LINE
8
layer1
10
-26.2953551
20
-12.2292347
11
-26.1377078
21
-12.0463192
0
LINE
8
layer1
10
-26.1377078
20
-12.0463192
11
-25.97854
21
-11.8692064
0
LINE
8
layer1
10
-25.97854
20
-11.8692064
11
-25.8236971
21
-11.7039946
0
LINE
8
layer1
10
-25.8236971
20
-11.7039946
11
-25.6719712
21
-11.5487655
0
LINE
8
layer1
10
-25.6719712
20
-11.5487655
11
-25.5277441
21
-11.4072608
0
LINE
8
layer1
10
-25.5277441
20
-11.4072608
11
-25.3871486
21
-11.2749669
0
LINE
8
layer1
10
-25.3871486
20
-11.2749669
11
-25.2517497
21
-11.1528353
0
LINE
8
layer1
10
-25.2517497
20
-11.1528353
11
-25.1242966
21
-11.0426432
0
LINE
8
layer1
10
-25.1242966
20
-11.0426432
11
-25.0036556
21
-10.9426331
0
LINE
8
layer1
10
-25.0036556
20
-10.9426331
11
-24.8268046
21
-10.8029851
0
LINE
8
layer1
10
-24.8268046
20
-10.8029851
11
-24.7879802
21
-10.7667385
0
LINE
8
layer1
10
-24.7879802
20
-10.7667385
11
-24.7614683
21
-10.7338493
0
LINE
8
layer1
10
-24.7614683
20
-10.7338493
11
-24.747129
21
-10.7048115
0
LINE
8
layer1
10
-24.747129
20
-10.7048115
11
-24.7447689
21
-10.6801187
0
LINE
8
layer1
10
-24.7447689
20
-10.6801187
11
-24.7614993
21
-10.6383952
0
LINE
8
layer1
10
-24.7614993
20
-10.6383952
11
-24.8985534
21
-10.3133185
0
LINE
8
layer1
10
-24.8985534
20
-10.3133185
11
-25.0315054
21
-9.9865427
0
LINE
8
layer1
10
-25.0315054
20
-9.9865427
11
-25.0491782
21
-9.9452095
0
LINE
8
layer1
10
-25.0491782
20
-9.9452095
11
-25.0683076
21
-9.9294179
0
LINE
8
layer1
10
-25.0683076
20
-9.9294179
11
-25.0989797
21
-9.9190245
0
LINE
8
layer1
10
-25.0989797
20
-9.9190245
11
-25.1409827
21
-9.9145151
0
LINE
8
layer1
10
-25.1409827
20
-9.9145151
11
-25.1940659
21
-9.9163379
0
LINE
8
layer1
10
-25.1940659
20
-9.9163379
11
-25.4178645
21
-9.9426444
0
LINE
8
layer1
10
-25.4178645
20
-9.9426444
11
-25.5738884
21
-9.9572326
0
LINE
8
layer1
10
-25.5738884
20
-9.9572326
11
-25.7419289
21
-9.969438
0
LINE
8
layer1
10
-25.7419289
20
-9.969438
11
-25.9240305
21
-9.9788194
0
LINE
8
layer1
10
-25.9240305
20
-9.9788194
11
-26.1169924
21
-9.9846895
0
LINE
8
layer1
10
-26.1169924
20
-9.9846895
11
-26.3190353
21
-9.9866145
0
LINE
8
layer1
10
-26.3190353
20
-9.9866145
11
-26.5360852
21
-9.9841374
0
LINE
8
layer1
10
-26.5360852
20
-9.9841374
11
-26.7623981
21
-9.9768055
0
LINE
8
layer1
10
-26.7623981
20
-9.9768055
11
-27.0001844
21
-9.9641164
0
LINE
8
layer1
10
-27.0001844
20
-9.9641164
11
-27.2409987
21
-9.9462491
0
ARC
8
layer1
10
0.0000017
20
0.0000014
40
29
50
198.513252
51
200.0581796
0
LINE
8
layer1
10
-27.4992553
20
-9.2081942
11
-27.3221192
21
-9.0440797
0
LINE
8
layer1
10
-27.3221192
20
-9.0440797
11
-27.1441218
21
-8.8859017
0
LINE
8
layer1
10
-27.1441218
20
-8.8859017
11
-26.9717547
21
-8.7390656
0
LINE
8
layer1
10
-26.9717547
20
-8.7390656
11
-26.8036027
21
-8.6018005
0
LINE
8
layer1
10
-26.8036027
20
-8.6018005
11
-26.644439
21
-8.4773338
0
LINE
8
layer1
10
-26.644439
20
-8.4773338
11
-26.4899153
21
-8.3616135
0
LINE
8
layer1
10
-26.4899153
20
-8.3616135
11
-26.3416934
21
-8.2554097
0
LINE
8
layer1
10
-26.3416934
20
-8.2554097
11
-26.2027041
21
-8.1601807
0
LINE
8
layer1
10
-26.2027041
20
-8.1601807
11
-26.071624
21
-8.0743069
0
LINE
8
layer1
10
-26.071624
20
-8.0743069
11
-25.8802494
21
-7.955338
0
LINE
8
layer1
10
-25.8802494
20
-7.955338
11
-25.8376108
21
-7.9236663
0
LINE
8
layer1
10
-25.8376108
20
-7.9236663
11
-25.8075831
21
-7.8939523
0
LINE
8
layer1
10
-25.8075831
20
-7.8939523
11
-25.7900829
21
-7.8667026
0
LINE
8
layer1
10
-25.7900829
20
-7.8667026
11
-25.7849729
21
-7.8424293
0
LINE
8
layer1
10
-25.7849729
20
-7.8424293
11
-25.7969266
21
-7.7990949
0
LINE
8
layer1
10
-25.7969266
20
-7.7990949
11
-25.8967218
21
-7.460717
0
LINE
8
layer1
10
-25.8967218
20
-7.460717
11
-25.9922506
21
-7.12111
0
LINE
8
layer1
10
-25.9922506
20
-7.12111
11
-26.0051844
21
-7.078058
0
LINE
8
layer1
10
-26.0051844
20
-7.078058
11
-26.0224254
21
-7.0602239
0
LINE
8
layer1
10
-26.0224254
20
-7.0602239
11
-26.051741
21
-7.0464616
0
LINE
8
layer1
10
-26.051741
20
-7.0464616
11
-26.092975
21
-7.0372777
0
LINE
8
layer1
10
-26.092975
20
-7.0372777
11
-26.1459284
21
-7.0331456
0
LINE
8
layer1
10
-26.1459284
20
-7.0331456
11
-26.3712652
21
-7.0342292
0
LINE
8
layer1
10
-26.3712652
20
-7.0342292
11
-26.5279415
21
-7.0312566
0
LINE
8
layer1
10
-26.5279415
20
-7.0312566
11
-26.696292
21
-7.0245707
0
LINE
8
layer1
10
-26.696292
20
-7.0245707
11
-26.8782989
21
-7.0135041
0
LINE
8
layer1
10
-26.8782989
20
-7.0135041
11
-27.0707048
21
-6.9977325
0
LINE
8
layer1
10
-27.0707048
20
-6.9977325
11
-27.2716928
21
-6.9770238
0
LINE
8
layer1
10
-27.2716928
20
-6.9770238
11
-27.4871006
21
-6.9502603
0
LINE
8
layer1
10
-27.4871006
20
-6.9502603
11
-27.7111696
21
-6.9176355
0
LINE
8
layer1
10
-27.7111696
20
-6.9176355
11
-27.94604
21
-6.8784027
0
LINE
8
layer1
10
-27.94604
20
-6.8784027
11
-28.1833396
21
-6.833685
0
ARC
8
layer1
10
0.0000018
20
0.0000012
40
29
50
192.0846805
51
193.6296081
0
LINE
8
layer1
10
-28.3573364
20
-6.0713553
11
-28.1629391
21
-5.9281057
0
LINE
8
layer1
10
-28.1629391
20
-5.9281057
11
-27.9683506
21
-5.7908516
0
LINE
8
layer1
10
-27.9683506
20
-5.7908516
11
-27.7806269
21
-5.6642378
0
LINE
8
layer1
10
-27.7806269
20
-5.6642378
11
-27.5981634
21
-5.5466628
0
LINE
8
layer1
10
-27.5981634
20
-5.5466628
11
-27.4260646
21
-5.4407995
0
LINE
8
layer1
10
-27.4260646
20
-5.4407995
11
-27.2595559
21
-5.3431079
0
LINE
8
layer1
10
-27.2595559
20
-5.3431079
11
-27.1003749
21
-5.2541675
0
LINE
8
layer1
10
-27.1003749
20
-5.2541675
11
-26.9515973
21
-5.1750992
0
LINE
8
layer1
10
-26.9515973
20
-5.1750992
11
-26.8117266
21
-5.1044416
0
LINE
8
layer1
10
-26.8117266
20
-5.1044416
11
-26.6082351
21
-5.0076479
0
LINE
8
layer1
10
-26.6082351
20
-5.0076479
11
-26.5623185
21
-4.9809494
0
LINE
8
layer1
10
-26.5623185
20
-4.9809494
11
-26.5291527
21
-4.9547842
0
LINE
8
layer1
10
-26.5291527
20
-4.9547842
11
-26.5087115
21
-4.9296653
0
LINE
8
layer1
10
-26.5087115
20
-4.9296653
11
-26.5009159
21
-4.9061168
0
LINE
8
layer1
10
-26.5009159
20
-4.9061168
11
-26.5079425
21
-4.8617164
0
LINE
8
layer1
10
-26.5079425
20
-4.8617164
11
-26.5692239
21
-4.5142927
0
LINE
8
layer1
10
-26.5692239
20
-4.5142927
11
-26.6261282
21
-4.1661253
0
LINE
8
layer1
10
-26.6261282
20
-4.1661253
11
-26.6341604
21
-4.1218958
0
LINE
8
layer1
10
-26.6341604
20
-4.1218958
11
-26.6492961
21
-4.1022435
0
LINE
8
layer1
10
-26.6492961
20
-4.1022435
11
-26.6768865
21
-4.0852854
0
LINE
8
layer1
10
-26.6768865
20
-4.0852854
11
-26.7168329
21
-4.0715425
0
LINE
8
layer1
10
-26.7168329
20
-4.0715425
11
-26.7689908
21
-4.0615075
0
LINE
8
layer1
10
-26.7689908
20
-4.0615075
11
-26.993032
21
-4.0373546
0
LINE
8
layer1
10
-26.993032
20
-4.0373546
11
-27.1483903
21
-4.0168584
0
LINE
8
layer1
10
-27.1483903
20
-4.0168584
11
-27.3149337
21
-3.9913653
0
LINE
8
layer1
10
-27.3149337
20
-3.9913653
11
-27.4945571
21
-3.95999
0
LINE
8
layer1
10
-27.4945571
20
-3.95999
11
-27.6839873
21
-3.922775
0
LINE
8
layer1
10
-27.6839873
20
-3.922775
11
-27.881393
21
-3.8796929
0
LINE
8
layer1
10
-27.881393
20
-3.8796929
11
-28.0924498
21
-3.8289797
0
LINE
8
layer1
10
-28.0924498
20
-3.8289797
11
-28.311457
21
-3.7714723
0
LINE
8
layer1
10
-28.311457
20
-3.7714723
11
-28.5404579
21
-3.706189
0
LINE
8
layer1
10
-28.5404579
20
-3.706189
11
-28.7712586
21
-3.6351834
0
ARC
8
layer1
10
0.000002
20
9e-7
40
29
50
185.656109
51
187.2010366
0
LINE
8
layer1
10
-28.8588075
20
-2.8581656
11
-28.6495936
21
-2.7375823
0
LINE
8
layer1
10
-28.6495936
20
-2.7375823
11
-28.4408612
21
-2.6229782
0
LINE
8
layer1
10
-28.4408612
20
-2.6229782
11
-28.2401415
21
-2.5181789
0
LINE
8
layer1
10
-28.2401415
20
-2.5181789
11
-28.0456611
21
-2.4217727
0
LINE
8
layer1
10
-28.0456611
20
-2.4217727
11
-27.8627915
21
-2.3358439
0
LINE
8
layer1
10
-27.8627915
20
-2.3358439
11
-27.6863918
21
-2.2574097
0
LINE
8
layer1
10
-27.6863918
20
-2.2574097
11
-27.5182536
21
-2.1868511
0
LINE
8
layer1
10
-27.5182536
20
-2.1868511
11
-27.3615586
21
-2.1249377
0
LINE
8
layer1
10
-27.3615586
20
-2.1249377
11
-27.2146563
21
-2.070385
0
LINE
8
layer1
10
-27.2146563
20
-2.070385
11
-27.0016067
21
-1.9969838
0
LINE
8
layer1
10
-27.0016067
20
-1.9969838
11
-26.9529896
21
-1.9755942
0
LINE
8
layer1
10
-26.9529896
20
-1.9755942
11
-26.9171028
21
-1.9533069
0
LINE
8
layer1
10
-26.9171028
20
-1.9533069
11
-26.8939777
21
-1.9306346
0
LINE
8
layer1
10
-26.8939777
20
-1.9306346
11
-26.8835945
21
-1.908107
0
LINE
8
layer1
10
-26.8835945
20
-1.908107
11
-26.8856056
21
-1.8631991
0
LINE
8
layer1
10
-26.8856056
20
-1.8631991
11
-26.9076027
21
-1.5110986
0
LINE
8
layer1
10
-26.9076027
20
-1.5110986
11
-26.9251667
21
-1.1587491
0
LINE
8
layer1
10
-26.9251667
20
-1.1587491
11
-26.9281963
21
-1.1138984
0
LINE
8
layer1
10
-26.9281963
20
-1.1138984
11
-26.9410365
21
-1.0926749
0
LINE
8
layer1
10
-26.9410365
20
-1.0926749
11
-26.9665547
21
-1.0727344
0
LINE
8
layer1
10
-26.9665547
20
-1.0727344
11
-27.0047112
21
-1.0546053
0
LINE
8
layer1
10
-27.0047112
20
-1.0546053
11
-27.0554176
21
-1.0387936
0
LINE
8
layer1
10
-27.0554176
20
-1.0387936
11
-27.2753458
21
-0.9897078
0
LINE
8
layer1
10
-27.2753458
20
-0.9897078
11
-27.4274324
21
-0.951946
0
LINE
8
layer1
10
-27.4274324
20
-0.951946
11
-27.5900742
21
-0.9079662
0
LINE
8
layer1
10
-27.5900742
20
-0.9079662
11
-27.7650553
21
-0.8566768
0
LINE
8
layer1
10
-27.7650553
20
-0.8566768
11
-27.9491277
21
-0.7984863
0
LINE
8
layer1
10
-27.9491277
20
-0.7984863
11
-28.1404684
21
-0.7335727
0
LINE
8
layer1
10
-28.1404684
20
-0.7335727
11
-28.34452
21
-0.6595475
0
LINE
8
layer1
10
-28.34452
20
-0.6595475
11
-28.5557114
21
-0.5778806
0
LINE
8
layer1
10
-28.5557114
20
-0.5778806
11
-28.775963
21
-0.4873678
0
LINE
8
layer1
10
-28.775963
20
-0.4873678
11
-28.9973624
21
-0.3909672
0
ARC
8
layer1
10
0.000002
20
1e-7
40
29
50
179.2275362
51
180.772464
0
LINE
8
layer1
10
-28.9973624
20
0.3909672
11
-28.775963
21
0.4873678
0
LINE
8
layer1
10
-28.775963
20
0.4873678
11
-28.5557114
21
0.5778806
0
LINE
8
layer1
10
-28.5557114
20
0.5778806
11
-28.34452
21
0.6595475
0
LINE
8
layer1
10
-28.34452
20
0.6595475
11
-28.1404684
21
0.7335727
0
LINE
8
layer1
10
-28.1404684
20
0.7335727
11
-27.9491277
21
0.7984863
0
LINE
8
layer1
10
-27.9491277
20
0.7984863
11
-27.7650553
21
0.8566768
0
LINE
8
layer1
10
-27.7650553
20
0.8566768
11
-27.5900742
21
0.9079662
0
LINE
8
layer1
10
-27.5900742
20
0.9079662
11
-27.4274324
21
0.951946
0
LINE
8
layer1
10
-27.4274324
20
0.951946
11
-27.2753458
21
0.9897078
0
LINE
8
layer1
10
-27.2753458
20
0.9897078
11
-27.0554176
21
1.0387936
0
LINE
8
layer1
10
-27.0554176
20
1.0387936
11
-27.0047112
21
1.0546053
0
LINE
8
layer1
10
-27.0047112
20
1.0546053
11
-26.9665547
21
1.0727344
0
LINE
8
layer1
10
-26.9665547
20
1.0727344
11
-26.9410365
21
1.0926749
0
LINE
8
layer1
10
-26.9410365
20
1.0926749
11
-26.9281963
21
1.1138984
0
LINE
8
layer1
10
-26.9281963
20
1.1138984
11
-26.9251667
21
1.1587491
0
LINE
8
layer1
10
-26.9251667
20
1.1587491
11
-26.9076027
21
1.5110986
0
LINE
8
layer1
10
-26.9076027
20
1.5110986
11
-26.8856056
21
1.8631991
0
LINE
8
layer1
10
-26.8856056
20
1.8631991
11
-26.8835945
21
1.908107
0
LINE
8
layer1
10
-26.8835945
20
1.908107
11
-26.8939777
21
1.9306346
0
LINE
8
layer1
10
-26.8939777
20
1.9306346
11
-26.9171028
21
1.9533069
0
LINE
8
layer1
10
-26.9171028
20
1.9533069
11
-26.9529896
21
1.9755942
0
LINE
8
layer1
10
-26.9529896
20
1.9755942
11
-27.0016067
21
1.9969838
0
LINE
8
layer1
10
-27.0016067
20
1.9969838
11
-27.2146563
21
2.070385
0
LINE
8
layer1
10
-27.2146563
20
2.070385
11
-27.3615586
21
2.1249377
0
LINE
8
layer1
10
-27.3615586
20
2.1249377
11
-27.5182536
21
2.1868511
0
LINE
8
layer1
10
-27.5182536
20
2.1868511
11
-27.6863918
21
2.2574097
0
LINE
8
layer1
10
-27.6863918
20
2.2574097
11
-27.8627915
21
2.3358439
0
LINE
8
layer1
10
-27.8627915
20
2.3358439
11
-28.0456611
21
2.4217727
0
LINE
8
layer1
10
-28.0456611
20
2.4217727
11
-28.2401415
21
2.5181789
0
LINE
8
layer1
10
-28.2401415
20
2.5181789
11
-28.4408612
21
2.6229782
0
LINE
8
layer1
10
-28.4408612
20
2.6229782
11
-28.6495936
21
2.7375823
0
LINE
8
layer1
10
-28.6495936
20
2.7375823
11
-28.8588075
21
2.8581656
0
ARC
8
layer1
10
0.000002
20
-0.000001
40
29
50
172.7989632
51
174.3438908
0
LINE
8
layer1
10
-28.7712586
20
3.6351834
11
-28.5404579
21
3.706189
0
LINE
8
layer1
10
-28.5404579
20
3.706189
11
-28.311457
21
3.7714723
0
LINE
8
layer1
10
-28.311457
20
3.7714723
11
-28.0924498
21
3.8289797
0
LINE
8
layer1
10
-28.0924498
20
3.8289797
11
-27.881393
21
3.8796929
0
LINE
8
layer1
10
-27.881393
20
3.8796929
11
-27.6839873
21
3.922775
0
LINE
8
layer1
10
-27.6839873
20
3.922775
11
-27.4945571
21
3.95999
0
LINE
8
layer1
10
-27.4945571
20
3.95999
11
-27.3149337
21
3.9913653
0
LINE
8
layer1
10
-27.3149337
20
3.9913653
11
-27.1483903
21
4.0168584
0
LINE
8
layer1
10
-27.1483903
20
4.0168584
11
-26.993032
21
4.0373546
0
LINE
8
layer1
10
-26.993032
20
4.0373546
11
-26.7689908
21
4.0615075
0
LINE
8
layer1
10
-26.7689908
20
4.0615075
11
-26.7168329
21
4.0715425
0
LINE
8
layer1
10
-26.7168329
20
4.0715425
11
-26.6768865
21
4.0852854
0
LINE
8
layer1
10
-26.6768865
20
4.0852854
11
-26.6492961
21
4.1022435
0
LINE
8
layer1
10
-26.6492961
20
4.1022435
11
-26.6341604
21
4.1218958
0
LINE
8
layer1
10
-26.6341604
20
4.1218958
11
-26.6261282
21
4.1661253
0
LINE
8
layer1
10
-26.6261282
20
4.1661253
11
-26.5692239
21
4.5142927
0
LINE
8
layer1
10
-26.5692239
20
4.5142927
11
-26.5079425
21
4.8617164
0
LINE
8
layer1
10
-26.5079425
20
4.8617164
11
-26.5009159
21
4.9061168
0
LINE
8
layer1
10
-26.5009159
20
4.9061168
11
-26.5087115
21
4.9296653
0
LINE
8
layer1
10
-26.5087115
20
4.9296653
11
-26.5291527
21
4.9547842
0
LINE
8
layer1
10
-26.5291527
20
4.9547842
11
-26.5623185
21
4.9809494
0
LINE
8
layer1
10
-26.5623185
20
4.9809494
11
-26.6082351
21
5.0076479
0
LINE
8
layer1
10
-26.6082351
20
5.0076479
11
-26.8117266
21
5.1044416
0
LINE
8
layer1
10
-26.8117266
20
5.1044416
11
-26.9515973
21
5.1750992
0
LINE
8
layer1
10
-26.9515973
20
5.1750992
11
-27.1003749
21
5.2541675
0
LINE
8
layer1
10
-27.1003749
20
5.2541675
11
-27.2595559
21
5.3431079
0
LINE
8
layer1
10
-27.2595559
20
5.3431079
11
-27.4260646
21
5.4407995
0
LINE
8
layer1
10
-27.4260646
20
5.4407995
11
-27.5981634
21
5.5466628
0
LINE
8
layer1
10
-27.5981634
20
5.5466628
11
-27.7806269
21
5.6642378
0
LINE
8
layer1
10
-27.7806269
20
5.6642378
11
-27.9683506
21
5.7908516
0
LINE
8
layer1
10
-27.9683506
20
5.7908516
11
-28.1629391
21
5.9281057
0
LINE
8
layer1
10
-28.1629391
20
5.9281057
11
-28.3573364
21
6.0713553
0
ARC
8
layer1
10
0.0000018
20
-0.0000012
40
29
50
166.3703919
51
167.9153195
0
LINE
8
layer1
10
-28.1833396
20
6.833685
11
-27.94604
21
6.8784027
0
LINE
8
layer1
10
-27.94604
20
6.8784027
11
-27.7111696
21
6.9176355
0
LINE
8
layer1
10
-27.7111696
20
6.9176355
11
-27.4871006
21
6.9502603
0
LINE
8
layer1
10
-27.4871006
20
6.9502603
11
-27.2716928
21
6.9770238
0
LINE
8
layer1
10
-27.2716928
20
6.9770238
11
-27.0707048
21
6.9977325
0
LINE
8
layer1
10
-27.0707048
20
6.9977325
11
-26.8782989
21
7.0135041
0
LINE
8
layer1
10
-26.8782989
20
7.0135041
11
-26.696292
21
7.0245707
0
LINE
8
layer1
10
-26.696292
20
7.0245707
11
-26.5279415
21
7.0312566
0
LINE
8
layer1
10
-26.5279415
20
7.0312566
11
-26.3712652
21
7.0342292
0
LINE
8
layer1
10
-26.3712652
20
7.0342292
11
-26.1459284
21
7.0331456
0
LINE
8
layer1
10
-26.1459284
20
7.0331456
11
-26.092975
21
7.0372777
0
LINE
8
layer1
10
-26.092975
20
7.0372777
11
-26.051741
21
7.0464616
0
LINE
8
layer1
10
-26.051741
20
7.0464616
11
-26.0224254
21
7.0602239
0
LINE
8
layer1
10
-26.0224254
20
7.0602239
11
-26.0051844
21
7.078058
0
LINE
8
layer1
10
-26.0051844
20
7.078058
11
-25.9922506
21
7.12111
0
LINE
8
layer1
10
-25.9922506
20
7.12111
11
-25.8967218
21
7.460717
0
LINE
8
layer1
10
-25.8967218
20
7.460717
11
-25.7969266
21
7.7990949
0
LINE
8
layer1
10
-25.7969266
20
7.7990949
11
-25.7849729
21
7.8424293
0
LINE
8
layer1
10
-25.7849729
20
7.8424293
11
-25.7900829
21
7.8667026
0
LINE
8
layer1
10
-25.7900829
20
7.8667026
11
-25.8075831
21
7.8939523
0
LINE
8
layer1
10
-25.8075831
20
7.8939523
11
-25.8376108
21
7.9236663
0
LINE
8
layer1
10
-25.8376108
20
7.9236663
11
-25.8802494
21
7.955338
0
LINE
8
layer1
10
-25.8802494
20
7.955338
11
-26.071624
21
8.0743069
0
LINE
8
layer1
10
-26.071624
20
8.0743069
11
-26.2027041
21
8.1601807
0
LINE
8
layer1
10
-26.2027041
20
8.1601807
11
-26.3416934
21
8.2554097
0
LINE
8
layer1
10
-26.3416934
20
8.2554097
11
-26.4899153
21
8.3616135
0
LINE
8
layer1
10
-26.4899153
20
8.3616135
11
-26.644439
21
8.4773338
0
LINE
8
layer1
10
-26.644439
20
8.4773338
11
-26.8036027
21
8.6018005
0
LINE
8
layer1
10
-26.8036027
20
8.6018005
11
-26.9717547
21
8.7390656
0
LINE
8
layer1
10
-26.9717547
20
8.7390656
11
-27.1441218
21
8.8859017
0
LINE
8
layer1
10
-27.1441218
20
8.8859017
11
-27.3221192
21
9.0440797
0
LINE
8
layer1
10
-27.3221192
20
9.0440797
11
-27.4992553
21
9.2081942
0
ARC
8
layer1
10
0.0000017
20
-0.0000013
40
29
50
159.9418206
51
161.4867482
0
LINE
8
layer1
10
-27.2409987
20
9.9462491
11
-27.0001844
21
9.9641164
0
LINE
8
layer1
10
-27.0001844
20
9.9641164
11
-26.7623981
21
9.9768055
0
LINE
8
layer1
10
-26.7623981
20
9.9768055
11
-26.5360852
21
9.9841374
0
LINE
8
layer1
10
-26.5360852
20
9.9841374
11
-26.3190353
21
9.9866145
0
LINE
8
layer1
10
-26.3190353
20
9.9866145
11
-26.1169924
21
9.9846895
0
LINE
8
layer1
10
-26.1169924
20
9.9846895
11
-25.9240305
21
9.9788194
0
LINE
8
layer1
10
-25.9240305
20
9.9788194
11
-25.7419289
21
9.969438
0
LINE
8
layer1
10
-25.7419289
20
9.969438
11
-25.5738884
21
9.9572326
0
LINE
8
layer1
10
-25.5738884
20
9.9572326
11
-25.4178645
21
9.9426444
0
LINE
8
layer1
10
-25.4178645
20
9.9426444
11
-25.1940659
21
9.9163379
0
LINE
8
layer1
10
-25.1940659
20
9.9163379
11
-25.1409827
21
9.9145151
0
LINE
8
layer1
10
-25.1409827
20
9.9145151
11
-25.0989797
21
9.9190245
0
LINE
8
layer1
10
-25.0989797
20
9.9190245
11
-25.0683076
21
9.9294179
0
LINE
8
layer1
10
-25.0683076
20
9.9294179
11
-25.0491782
21
9.9452095
0
LINE
8
layer1
10
-25.0491782
20
9.9452095
11
-25.0315054
21
9.9865427
0
LINE
8
layer1
10
-25.0315054
20
9.9865427
11
-24.8985534
21
10.3133185
0
LINE
8
layer1
10
-24.8985534
20
10.3133185
11
-24.7614993
21
10.6383952
0
LINE
8
layer1
10
-24.7614993
20
10.6383952
11
-24.7447689
21
10.6801187
0
LINE
8
layer1
10
-24.7447689
20
10.6801187
11
-24.747129
21
10.7048115
0
LINE
8
layer1
10
-24.747129
20
10.7048115
11
-24.7614683
21
10.7338493
0
LINE
8
layer1
10
-24.7614683
20
10.7338493
11
-24.7879802
21
10.7667385
0
LINE
8
layer1
10
-24.7879802
20
10.7667385
11
-24.8268046
21
10.8029851
0
LINE
8
layer1
10
-24.8268046
20
10.8029851
11
-25.0036556
21
10.9426331
0
LINE
8
layer1
10
-25.0036556
20
10.9426331
11
-25.1242966
21
11.0426432
0
LINE
8
layer1
10
-25.1242966
20
11.0426432
11
-25.2517497
21
11.1528353
0
LINE
8
layer1
10
-25.2517497
20
11.1528353
11
-25.3871486
21
11.2749669
0
LINE
8
layer1
10
-25.3871486
20
11.2749669
11
-25.5277441
21
11.4072608
0
LINE
8
layer1
10
-25.5277441
20
11.4072608
11
-25.6719712
21
11.5487655
0
LINE
8
layer1
10
-25.6719712
20
11.5487655
11
-25.8236971
21
11.7039946
0
LINE
8
layer1
10
-25.8236971
20
11.7039946
11
-25.97854
21
11.8692064
0
LINE
8
layer1
10
-25.97854
20
11.8692064
11
-26.1377078
21
12.0463192
0
LINE
8
layer1
10
-26.1377078
20
12.0463192
11
-26.2953551
21
12.2292347
0
ARC
8
layer1
10
0.0000025
20
4e-7
40
29
50
153.5132534
51
155.058181
0
LINE
8
layer1
10
-25.9560864
20
12.9337333
11
-25.7147858
21
12.9245257
0
LINE
8
layer1
10
-25.7147858
20
12.9245257
11
-25.477074
21
12.9105113
0
LINE
8
layer1
10
-25.477074
20
12.9105113
11
-25.2513632
21
12.8924581
0
LINE
8
layer1
10
-25.2513632
20
12.8924581
11
-25.0354007
21
12.8706178
0
LINE
8
layer1
10
-25.0354007
20
12.8706178
11
-24.8348437
21
12.8460833
0
LINE
8
layer1
10
-24.8348437
20
12.8460833
11
-24.6437523
21
12.8186451
0
LINE
8
layer1
10
-24.6437523
20
12.8186451
11
-24.4638462
21
12.7889338
0
LINE
8
layer1
10
-24.4638462
20
12.7889338
11
-24.2982288
21
12.7579906
0
LINE
8
layer1
10
-24.2982288
20
12.7579906
11
-24.1448193
21
12.726025
0
LINE
8
layer1
10
-24.1448193
20
12.726025
11
-23.9253733
21
12.6748264
0
LINE
8
layer1
10
-23.9253733
20
12.6748264
11
-23.872828
21
12.6670716
0
LINE
8
layer1
10
-23.872828
20
12.6670716
11
-23.8305842
21
12.6668499
0
LINE
8
layer1
10
-23.8305842
20
12.6668499
11
-23.7989412
21
12.6737437
0
LINE
8
layer1
10
-23.7989412
20
12.6737437
11
-23.7781641
21
12.6872942
0
LINE
8
layer1
10
-23.7781641
20
12.6872942
11
-23.7559746
21
12.7263888
0
LINE
8
layer1
10
-23.7559746
20
12.7263888
11
-23.5872712
21
13.036224
0
LINE
8
layer1
10
-23.5872712
20
13.036224
11
-23.4146819
21
13.3439115
0
LINE
8
layer1
10
-23.4146819
20
13.3439115
11
-23.3933851
21
13.3834995
0
LINE
8
layer1
10
-23.3933851
20
13.3834995
11
-23.3929656
21
13.4083013
0
LINE
8
layer1
10
-23.3929656
20
13.4083013
11
-23.4039635
21
13.4387619
0
LINE
8
layer1
10
-23.4039635
20
13.4387619
11
-23.4266263
21
13.4744127
0
LINE
8
layer1
10
-23.4266263
20
13.4744127
11
-23.4611483
21
13.5147783
0
LINE
8
layer1
10
-23.4611483
20
13.5147783
11
-23.6212516
21
13.6733493
0
LINE
8
layer1
10
-23.6212516
20
13.6733493
11
-23.7299365
21
13.7862381
0
LINE
8
layer1
10
-23.7299365
20
13.7862381
11
-23.8442506
21
13.9100075
0
LINE
8
layer1
10
-23.8442506
20
13.9100075
11
-23.9651238
21
14.0465311
0
LINE
8
layer1
10
-23.9651238
20
14.0465311
11
-24.090023
21
14.1937348
0
LINE
8
layer1
10
-24.090023
20
14.1937348
11
-24.2174998
21
14.3504981
0
LINE
8
layer1
10
-24.2174998
20
14.3504981
11
-24.3508915
21
14.521739
0
LINE
8
layer1
10
-24.3508915
20
14.521739
11
-24.4862629
21
14.7032489
0
LINE
8
layer1
10
-24.4862629
20
14.7032489
11
-24.6245995
21
14.8970692
0
LINE
8
layer1
10
-24.6245995
20
14.8970692
11
-24.7607756
21
15.0964855
0
ARC
8
layer1
10
0.0000016
20
-0.0000012
40
29
50
147.0846788
51
148.6296064
0
LINE
8
layer1
10
-24.3447613
20
15.7585683
11
-24.1060089
21
15.7224015
0
LINE
8
layer1
10
-24.1060089
20
15.7224015
11
-23.8713608
21
15.6818599
0
LINE
8
layer1
10
-23.8713608
20
15.6818599
11
-23.6490906
21
15.6386487
0
LINE
8
layer1
10
-23.6490906
20
15.6386487
11
-23.4369314
21
15.5927656
0
LINE
8
layer1
10
-23.4369314
20
15.5927656
11
-23.2403824
21
15.5459301
0
LINE
8
layer1
10
-23.2403824
20
15.5459301
11
-23.0535647
21
15.497269
0
LINE
8
layer1
10
-23.0535647
20
15.497269
11
-22.8781164
21
15.4476014
0
LINE
8
layer1
10
-22.8781164
20
15.4476014
11
-22.7170049
21
15.3983095
0
LINE
8
layer1
10
-22.7170049
20
15.3983095
11
-22.568139
21
15.3493684
0
LINE
8
layer1
10
-22.568139
20
15.3493684
11
-22.3558053
21
15.2739216
0
LINE
8
layer1
10
-22.3558053
20
15.2739216
11
-22.3044586
21
15.2603324
0
LINE
8
layer1
10
-22.3044586
20
15.2603324
11
-22.2625053
21
15.2553823
0
LINE
8
layer1
10
-22.2625053
20
15.2553823
11
-22.2302894
21
15.2586899
0
LINE
8
layer1
10
-22.2302894
20
15.2586899
11
-22.2081257
21
15.2698289
0
LINE
8
layer1
10
-22.2081257
20
15.2698289
11
-22.1816985
21
15.3061932
0
LINE
8
layer1
10
-22.1816985
20
15.3061932
11
-21.9793654
21
15.5951914
0
LINE
8
layer1
10
-21.9793654
20
15.5951914
11
-21.7734112
21
15.8816203
0
LINE
8
layer1
10
-21.7734112
20
15.8816203
11
-21.7478159
21
15.9185749
0
LINE
8
layer1
10
-21.7478159
20
15.9185749
11
-21.7446222
21
15.9431738
0
LINE
8
layer1
10
-21.7446222
20
15.9431738
11
-21.7521404
21
15.9746743
0
LINE
8
layer1
10
-21.7521404
20
15.9746743
11
-21.7706691
21
16.0126384
0
LINE
8
layer1
10
-21.7706691
20
16.0126384
11
-21.8004544
21
16.0566154
0
LINE
8
layer1
10
-21.8004544
20
16.0566154
11
-21.9417968
21
16.2321152
0
LINE
8
layer1
10
-21.9417968
20
16.2321152
11
-22.0371587
21
16.356463
0
LINE
8
layer1
10
-22.0371587
20
16.356463
11
-22.1368963
21
16.4922533
0
LINE
8
layer1
10
-22.1368963
20
16.4922533
11
-22.2417236
21
16.641452
0
LINE
8
layer1
10
-22.2417236
20
16.641452
11
-22.349356
21
16.8017144
0
LINE
8
layer1
10
-22.349356
20
16.8017144
11
-22.4584792
21
16.9717648
0
LINE
8
layer1
10
-22.4584792
20
16.9717648
11
-22.5718593
21
17.1568642
0
LINE
8
layer1
10
-22.5718593
20
17.1568642
11
-22.6860568
21
17.3523896
0
LINE
8
layer1
10
-22.6860568
20
17.3523896
11
-22.8018227
21
17.5604799
0
LINE
8
layer1
10
-22.8018227
20
17.5604799
11
-22.9148149
21
17.7738892
0
ARC
8
layer1
10
0.0000013
20
-0.0000018
40
29
50
140.6561064
51
142.2010341
0
LINE
8
layer1
10
-22.4272868
20
18.3852302
11
-22.1940849
21
18.322559
0
LINE
8
layer1
10
-22.1940849
20
18.322559
11
-21.9654515
21
18.2560001
0
LINE
8
layer1
10
-21.9654515
20
18.2560001
11
-21.749417
21
18.1881742
0
LINE
8
layer1
10
-21.749417
20
18.1881742
11
-21.543729
21
18.1188253
0
LINE
8
layer1
10
-21.543729
20
18.1188253
11
-21.3536599
21
18.0502778
0
LINE
8
layer1
10
-21.3536599
20
18.0502778
11
-21.1734651
21
17.9810057
0
LINE
8
layer1
10
-21.1734651
20
17.9810057
11
-21.004681
21
17.9120065
0
LINE
8
layer1
10
-21.004681
20
17.9120065
11
-20.8501015
21
17.8449857
0
LINE
8
layer1
10
-20.8501015
20
17.8449857
11
-20.7076513
21
17.7796847
0
LINE
8
layer1
10
-20.7076513
20
17.7796847
11
-20.5051
21
17.6809385
0
LINE
8
layer1
10
-20.5051
20
17.6809385
11
-20.4555977
21
17.6616857
0
LINE
8
layer1
10
-20.4555977
20
17.6616857
11
-20.4144625
21
17.6520694
0
LINE
8
layer1
10
-20.4144625
20
17.6520694
11
-20.3820788
21
17.6517492
0
LINE
8
layer1
10
-20.3820788
20
17.6517492
11
-20.3588073
21
17.6603366
0
LINE
8
layer1
10
-20.3588073
20
17.6603366
11
-20.3284748
21
17.6935133
0
LINE
8
layer1
10
-20.3284748
20
17.6935133
11
-20.0950563
21
17.9580403
0
LINE
8
layer1
10
-20.0950563
20
17.9580403
11
-19.8583273
21
18.2196086
0
LINE
8
layer1
10
-19.8583273
20
18.2196086
11
-19.8287553
21
18.2534651
0
LINE
8
layer1
10
-19.8287553
20
18.2534651
11
-19.8228274
21
18.2775517
0
LINE
8
layer1
10
-19.8228274
20
18.2775517
11
-19.8267714
21
18.3096959
0
LINE
8
layer1
10
-19.8267714
20
18.3096959
11
-19.840933
21
18.3494958
0
LINE
8
layer1
10
-19.840933
20
18.3494958
11
-19.8656072
21
18.3965312
0
LINE
8
layer1
10
-19.8656072
20
18.3965312
11
-19.9864111
21
18.5867529
0
LINE
8
layer1
10
-19.9864111
20
18.5867529
11
-20.0672509
21
18.720996
0
LINE
8
layer1
10
-20.0672509
20
18.720996
11
-20.1511576
21
18.8670995
0
LINE
8
layer1
10
-20.1511576
20
18.8670995
11
-20.2386209
21
19.0270969
0
LINE
8
layer1
10
-20.2386209
20
19.0270969
11
-20.3276327
21
19.1984027
0
LINE
8
layer1
10
-20.3276327
20
19.1984027
11
-20.4170303
21
19.3796018
0
LINE
8
layer1
10
-20.4170303
20
19.3796018
11
-20.5089729
21
19.5762318
0
LINE
8
layer1
10
-20.5089729
20
19.5762318
11
-20.6005605
21
19.7833139
0
LINE
8
layer1
10
-20.6005605
20
19.7833139
11
-20.6922997
21
20.0030575
0
LINE
8
layer1
10
-20.6922997
20
20.0030575
11
-20.7806872
21
20.227776
0
ARC
8
layer1
10
0.0000014
20
-0.0000014
40
29
50
134.2275361
51
135.7724639
0
LINE
8
layer1
10
-20.227776
20
20.7806872
11
-20.0030575
21
20.6922997
0
LINE
8
layer1
10
-20.0030575
20
20.6922997
11
-19.7833139
21
20.6005605
0
LINE
8
layer1
10
-19.7833139
20
20.6005605
11
-19.5762318
21
20.5089729
0
LINE
8
layer1
10
-19.5762318
20
20.5089729
11
-19.3796018
21
20.4170303
0
LINE
8
layer1
10
-19.3796018
20
20.4170303
11
-19.1984027
21
20.3276327
0
LINE
8
layer1
10
-19.1984027
20
20.3276327
11
-19.0270969
21
20.2386209
0
LINE
8
layer1
10
-19.0270969
20
20.2386209
11
-18.8670995
21
20.1511576
0
LINE
8
layer1
10
-18.8670995
20
20.1511576
11
-18.720996
21
20.0672509
0
LINE
8
layer1
10
-18.720996
20
20.0672509
11
-18.5867529
21
19.9864111
0
LINE
8
layer1
10
-18.5867529
20
19.9864111
11
-18.3965312
21
19.8656072
0
LINE
8
layer1
10
-18.3965312
20
19.8656072
11
-18.3494958
21
19.840933
0
LINE
8
layer1
10
-18.3494958
20
19.840933
11
-18.3096959
21
19.8267714
0
LINE
8
layer1
10
-18.3096959
20
19.8267714
11
-18.2775517
21
19.8228274
0
LINE
8
layer1
10
-18.2775517
20
19.8228274
11
-18.2534651
21
19.8287553
0
LINE
8
layer1
10
-18.2534651
20
19.8287553
11
-18.2196086
21
19.8583273
0
LINE
8
layer1
10
-18.2196086
20
19.8583273
11
-17.9580403
21
20.0950563
0
LINE
8
layer1
10
-17.9580403
20
20.0950563
11
-17.6935133
21
20.3284748
0
LINE
8
layer1
10
-17.6935133
20
20.3284748
11
-17.6603366
21
20.3588073
0
LINE
8
layer1
10
-17.6603366
20
20.3588073
11
-17.6517492
21
20.3820788
0
LINE
8
layer1
10
-17.6517492
20
20.3820788
11
-17.6520694
21
20.4144625
0
LINE
8
layer1
10
-17.6520694
20
20.4144625
11
-17.6616857
21
20.4555977
0
LINE
8
layer1
10
-17.6616857
20
20.4555977
11
-17.6809385
21
20.5051
0
LINE
8
layer1
10
-17.6809385
20
20.5051
11
-17.7796847
21
20.7076513
0
LINE
8
layer1
10
-17.7796847
20
20.7076513
11
-17.8449857
21
20.8501015
0
LINE
8
layer1
10
-17.8449857
20
20.8501015
11
-17.9120065
21
21.004681
0
LINE
8
layer1
10
-17.9120065
20
21.004681
11
-17.9810057
21
21.1734651
0
LINE
8
layer1
10
-17.9810057
20
21.1734651
11
-18.0502778
21
21.3536599
0
LINE
8
layer1
10
-18.0502778
20
21.3536599
11
-18.1188253
21
21.543729
0
LINE
8
layer1
10
-18.1188253
20
21.543729
11
-18.1881742
21
21.749417
0
LINE
8
layer1
10
-18.1881742
20
21.749417
11
-18.2560001
21
21.9654515
0
LINE
8
layer1
10
-18.2560001
20
21.9654515
11
-18.322559
21
22.1940849
0
LINE
8
layer1
10
-18.322559
20
22.1940849
11
-18.3852302
21
22.4272868
0
ARC
8
layer1
10
0.0000018
20
-0.0000012
40
29
50
127.7989659
51
129.3438936
0
LINE
8
layer1
10
-17.7738892
20
22.9148149
11
-17.5604799
21
22.8018227
0
LINE
8
layer1
10
-17.5604799
20
22.8018227
11
-17.3523896
21
22.6860568
0
LINE
8
layer1
10
-17.3523896
20
22.6860568
11
-17.1568642
21
22.5718593
0
LINE
8
layer1
10
-17.1568642
20
22.5718593
11
-16.9717648
21
22.4584792
0
LINE
8
layer1
10
-16.9717648
20
22.4584792
11
-16.8017144
21
22.349356
0
LINE
8
layer1
10
-16.8017144
20
22.349356
11
-16.641452
21
22.2417236
0
LINE
8
layer1
10
-16.641452
20
22.2417236
11
-16.4922533
21
22.1368963
0
LINE
8
layer1
10
-16.4922533
20
22.1368963
11
-16.356463
21
22.0371587
0
LINE
8
layer1
10
-16.356463
20
22.0371587
11
-16.2321152
21
21.9417968
0
LINE
8
layer1
10
-16.2321152
20
21.9417968
11
-16.0566154
21
21.8004544
0
LINE
8
layer1
10
-16.0566154
20
21.8004544
11
-16.0126384
21
21.7706691
0
LINE
8
layer1
10
-16.0126384
20
21.7706691
11
-15.9746743
21
21.7521404
0
LINE
8
layer1
10
-15.9746743
20
21.7521404
11
-15.9431738
21
21.7446222
0
LINE
8
layer1
10
-15.9431738
20
21.7446222
11
-15.9185749
21
21.7478159
0
LINE
8
layer1
10
-15.9185749
20
21.7478159
11
-15.8816203
21
21.7734112
0
LINE
8
layer1
10
-15.8816203
20
21.7734112
11
-15.5951914
21
21.9793654
0
LINE
8
layer1
10
-15.5951914
20
21.9793654
11
-15.3061932
21
22.1816985
0
LINE
8
layer1
10
-15.3061932
20
22.1816985
11
-15.2698289
21
22.2081257
0
LINE
8
layer1
10
-15.2698289
20
22.2081257
11
-15.2586899
21
22.2302894
0
LINE
8
layer1
10
-15.2586899
20
22.2302894
11
-15.2553823
21
22.2625053
0
LINE
8
layer1
10
-15.2553823
20
22.2625053
11
-15.2603324
21
22.3044586
0
LINE
8
layer1
10
-15.2603324
20
22.3044586
11
-15.2739216
21
22.3558053
0
LINE
8
layer1
10
-15.2739216
20
22.3558053
11
-15.3493684
21
22.568139
0
LINE
8
layer1
10
-15.3493684
20
22.568139
11
-15.3983095
21
22.7170049
0
LINE
8
layer1
10
-15.3983095
20
22.7170049
11
-15.4476014
21
22.8781164
0
LINE
8
layer1
10
-15.4476014
20
22.8781164
11
-15.497269
21
23.0535647
0
LINE
8
layer1
10
-15.497269
20
23.0535647
11
-15.5459301
21
23.2403824
0
LINE
8
layer1
10
-15.5459301
20
23.2403824
11
-15.5927656
21
23.4369314
0
LINE
8
layer1
10
-15.5927656
20
23.4369314
11
-15.6386487
21
23.6490906
0
LINE
8
layer1
10
-15.6386487
20
23.6490906
11
-15.6818599
21
23.8713608
0
LINE
8
layer1
10
-15.6818599
20
23.8713608
11
-15.7224015
21
24.1060089
0
LINE
8
layer1
10
-15.7224015
20
24.1060089
11
-15.7585683
21
24.3447613
0
ARC
8
layer1
10
0.0000012
20
-0.0000017
40
29
50
121.3703936
51
122.9153212
0
LINE
8
layer1
10
-15.0964855
20
24.7607756
11
-14.8970692
21
24.6245995
0
LINE
8
layer1
10
-14.8970692
20
24.6245995
11
-14.7032489
21
24.4862629
0
LINE
8
layer1
10
-14.7032489
20
24.4862629
11
-14.521739
21
24.3508915
0
LINE
8
layer1
10
-14.521739
20
24.3508915
11
-14.3504981
21
24.2174998
0
LINE
8
layer1
10
-14.3504981
20
24.2174998
11
-14.1937348
21
24.090023
0
LINE
8
layer1
10
-14.1937348
20
24.090023
11
-14.0465311
21
23.9651238
0
LINE
8
layer1
10
-14.0465311
20
23.9651238
11
-13.9100075
21
23.8442506
0
LINE
8
layer1
10
-13.9100075
20
23.8442506
11
-13.7862381
21
23.7299365
0
LINE
8
layer1
10
-13.7862381
20
23.7299365
11
-13.6733493
21
23.6212516
0
LINE
8
layer1
10
-13.6733493
20
23.6212516
11
-13.5147783
21
23.4611483
0
LINE
8
layer1
10
-13.5147783
20
23.4611483
11
-13.4744127
21
23.4266263
0
LINE
8
layer1
10
-13.4744127
20
23.4266263
11
-13.4387619
21
23.4039635
0
LINE
8
layer1
10
-13.4387619
20
23.4039635
11
-13.4083013
21
23.3929656
0
LINE
8
layer1
10
-13.4083013
20
23.3929656
11
-13.3834995
21
23.3933851
0
LINE
8
layer1
10
-13.3834995
20
23.3933851
11
-13.3439115
21
23.4146819
0
LINE
8
layer1
10
-13.3439115
20
23.4146819
11
-13.036224
21
23.5872712
0
LINE
8
layer1
10
-13.036224
20
23.5872712
11
-12.7263888
21
23.7559746
0
LINE
8
layer1
10
-12.7263888
20
23.7559746
11
-12.6872942
21
23.7781641
0
LINE
8
layer1
10
-12.6872942
20
23.7781641
11
-12.6737437
21
23.7989412
0
LINE
8
layer1
10
-12.6737437
20
23.7989412
11
-12.6668499
21
23.8305842
0
LINE
8
layer1
10
-12.6668499
20
23.8305842
11
-12.6670716
21
23.872828
0
LINE
8
layer1
10
-12.6670716
20
23.872828
11
-12.6748264
21
23.9253733
0
LINE
8
layer1
10
-12.6748264
20
23.9253733
11
-12.726025
21
24.1448193
0
LINE
8
layer1
10
-12.726025
20
24.1448193
11
-12.7579906
21
24.2982288
0
LINE
8
layer1
10
-12.7579906
20
24.2982288
11
-12.7889338
21
24.4638462
0
LINE
8
layer1
10
-12.7889338
20
24.4638462
11
-12.8186451
21
24.6437523
0
LINE
8
layer1
10
-12.8186451
20
24.6437523
11
-12.8460833
21
24.8348437
0
LINE
8
layer1
10
-12.8460833
20
24.8348437
11
-12.8706178
21
25.0354007
0
LINE
8
layer1
10
-12.8706178
20
25.0354007
11
-12.8924581
21
25.2513632
0
LINE
8
layer1
10
-12.8924581
20
25.2513632
11
-12.9105113
21
25.477074
0
LINE
8
layer1
10
-12.9105113
20
25.477074
11
-12.9245257
21
25.7147858
0
LINE
8
layer1
10
-12.9245257
20
25.7147858
11
-12.9337333
21
25.9560864
0
ARC
8
layer1
10
-5e-7
20
-0.0000026
40
29
50
114.9418188
51
116.4867464
0
LINE
8
layer1
10
-12.2292347
20
26.2953551
11
-12.0463192
21
26.1377078
0
LINE
8
layer1
10
-12.0463192
20
26.1377078
11
-11.8692064
21
25.97854
0
LINE
8
layer1
10
-11.8692064
20
25.97854
11
-11.7039946
21
25.8236971
0
LINE
8
layer1
10
-11.7039946
20
25.8236971
11
-11.5487655
21
25.6719712
0
LINE
8
layer1
10
-11.5487655
20
25.6719712
11
-11.4072608
21
25.5277441
0
LINE
8
layer1
10
-11.4072608
20
25.5277441
11
-11.2749669
21
25.3871486
0
LINE
8
layer1
10
-11.2749669
20
25.3871486
11
-11.1528353
21
25.2517497
0
LINE
8
layer1
10
-11.1528353
20
25.2517497
11
-11.0426432
21
25.1242966
0
LINE
8
layer1
10
-11.0426432
20
25.1242966
11
-10.9426331
21
25.0036556
0
LINE
8
layer1
10
-10.9426331
20
25.0036556
11
-10.8029851
21
24.8268046
0
LINE
8
layer1
10
-10.8029851
20
24.8268046
11
-10.7667385
21
24.7879802
0
LINE
8
layer1
10
-10.7667385
20
24.7879802
11
-10.7338493
21
24.7614683
0
LINE
8
layer1
10
-10.7338493
20
24.7614683
11
-10.7048115
21
24.747129
0
LINE
8
layer1
10
-10.7048115
20
24.747129
11
-10.6801187
21
24.7447689
0
LINE
8
layer1
10
-10.6801187
20
24.7447689
11
-10.6383952
21
24.7614993
0
LINE
8
layer1
10
-10.6383952
20
24.7614993
11
-10.3133185
21
24.8985534
0
LINE
8
layer1
10
-10.3133185
20
24.8985534
11
-9.9865427
21
25.0315054
0
LINE
8
layer1
10
-9.9865427
20
25.0315054
11
-9.9452095
21
25.0491782
0
LINE
8
layer1
10
-9.9452095
20
25.0491782
11
-9.9294179
21
25.0683076
0
LINE
8
layer1
10
-9.9294179
20
25.0683076
11
-9.9190245
21
25.0989797
0
LINE
8
layer1
10
-9.9190245
20
25.0989797
11
-9.9145151
21
25.1409827
0
LINE
8
layer1
10
-9.9145151
20
25.1409827
11
-9.9163379
21
25.1940659
0
LINE
8
layer1
10
-9.9163379
20
25.1940659
11
-9.9426444
21
25.4178645
0
LINE
8
layer1
10
-9.9426444
20
25.4178645
11
-9.9572326
21
25.5738884
0
LINE
8
layer1
10
-9.9572326
20
25.5738884
11
-9.969438
21
25.7419289
0
LINE
8
layer1
10
-9.969438
20
25.7419289
11
-9.9788194
21
25.9240305
0
LINE
8
layer1
10
-9.9788194
20
25.9240305
11
-9.9846895
21
26.1169924
0
LINE
8
layer1
10
-9.9846895
20
26.1169924
11
-9.9866145
21
26.3190353
0
LINE
8
layer1
10
-9.9866145
20
26.3190353
11
-9.9841374
21
26.5360852
0
LINE
8
layer1
10
-9.9841374
20
26.5360852
11
-9.9768055
21
26.7623981
0
LINE
8
layer1
10
-9.9768055
20
26.7623981
11
-9.9641164
21
27.0001844
0
LINE
8
layer1
10
-9.9641164
20
27.0001844
11
-9.9462491
21
27.2409987
0
ARC
8
layer1
10
0.0000014
20
-0.0000017
40
29
50
108.513252
51
110.0581796
0
LINE
8
layer1
10
-9.2081942
20
27.4992553
11
-9.0440797
21
27.3221192
0
LINE
8
layer1
10
-9.0440797
20
27.3221192
11
-8.8859017
21
27.1441218
0
LINE
8
layer1
10
-8.8859017
20
27.1441218
11
-8.7390656
21
26.9717547
0
LINE
8
layer1
10
-8.7390656
20
26.9717547
11
-8.6018005
21
26.8036027
0
LINE
8
layer1
10
-8.6018005
20
26.8036027
11
-8.4773338
21
26.644439
0
LINE
8
layer1
10
-8.4773338
20
26.644439
11
-8.3616135
21
26.4899153
0
LINE
8
layer1
10
-8.3616135
20
26.4899153
11
-8.2554097
21
26.3416934
0
LINE
8
layer1
10
-8.2554097
20
26.3416934
11
-8.1601807
21
26.2027041
0
LINE
8
layer1
10
-8.1601807
20
26.2027041
11
-8.0743069
21
26.071624
0
LINE
8
layer1
10
-8.0743069
20
26.071624
11
-7.955338
21
25.8802494
0
LINE
8
layer1
10
-7.955338
20
25.8802494
11
-7.9236663
21
25.8376108
0
LINE
8
layer1
10
-7.9236663
20
25.8376108
11
-7.8939523
21
25.8075831
0
LINE
8
layer1
10
-7.8939523
20
25.8075831
11
-7.8667026
21
25.7900829
0
LINE
8
layer1
10
-7.8667026
20
25.7900829
11
-7.8424293
21
25.7849729
0
LINE
8
layer1
10
-7.8424293
20
25.7849729
11
-7.7990949
21
25.7969266
0
LINE
8
layer1
10
-7.7990949
20
25.7969266
11
-7.460717
21
25.8967218
0
LINE
8
layer1
10
-7.460717
20
25.8967218
11
-7.12111
21
25.9922506
0
LINE
8
layer1
10
-7.12111
20
25.9922506
11
-7.078058
21
26.0051844
0
LINE
8
layer1
10
-7.078058
20
26.0051844
11
-7.0602239
21
26.0224254
0
LINE
8
layer1
10
-7.0602239
20
26.0224254
11
-7.0464616
21
26.051741
0
LINE
8
layer1
10
-7.0464616
20
26.051741
11
-7.0372777
21
26.092975
0
LINE
8
layer1
10
-7.0372777
20
26.092975
11
-7.0331456
21
26.1459284
0
LINE
8
layer1
10
-7.0331456
20
26.1459284
11
-7.0342292
21
26.3712652
0
LINE
8
layer1
10
-7.0342292
20
26.3712652
11
-7.0312566
21
26.5279415
0
LINE
8
layer1
10
-7.0312566
20
26.5279415
11
-7.0245707
21
26.696292
0
LINE
8
layer1
10
-7.0245707
20
26.696292
11
-7.0135041
21
26.8782989
0
LINE
8
layer1
10
-7.0135041
20
26.8782989
11
-6.9977325
21
27.0707048
0
LINE
8
layer1
10
-6.9977325
20
27.0707048
11
-6.9770238
21
27.2716928
0
LINE
8
layer1
10
-6.9770238
20
27.2716928
11
-6.9502603
21
27.4871006
0
LINE
8
layer1
10
-6.9502603
20
27.4871006
11
-6.9176355
21
27.7111696
0
LINE
8
layer1
10
-6.9176355
20
27.7111696
11
-6.8784027
21
27.94604
0
LINE
8
layer1
10
-6.8784027
20
27.94604
11
-6.833685
21
28.1833396
0
ARC
8
layer1
10
0.0000012
20
-0.0000018
40
29
50
102.0846805
51
103.6296081
0
LINE
8
layer1
10
-6.0713553
20
28.3573364
11
-5.9281057
21
28.1629391
0
LINE
8
layer1
10
-5.9281057
20
28.1629391
11
-5.7908516
21
27.9683506
0
LINE
8
layer1
10
-5.7908516
20
27.9683506
11
-5.6642378
21
27.7806269
0
LINE
8
layer1
10
-5.6642378
20
27.7806269
11
-5.5466628
21
27.5981634
0
LINE
8
layer1
10
-5.5466628
20
27.5981634
11
-5.4407995
21
27.4260646
0
LINE
8
layer1
10
-5.4407995
20
27.4260646
11
-5.3431079
21
27.2595559
0
LINE
8
layer1
10
-5.3431079
20
27.2595559
11
-5.2541675
21
27.1003749
0
LINE
8
layer1
10
-5.2541675
20
27.1003749
11
-5.1750992
21
26.9515973
0
LINE
8
layer1
10
-5.1750992
20
26.9515973
11
-5.1044416
21
26.8117266
0
LINE
8
layer1
10
-5.1044416
20
26.8117266
11
-5.0076479
21
26.6082351
0
LINE
8
layer1
10
-5.0076479
20
26.6082351
11
-4.9809494
21
26.5623185
0
LINE
8
layer1
10
-4.9809494
20
26.5623185
11
-4.9547842
21
26.5291527
0
LINE
8
layer1
10
-4.9547842
20
26.5291527
11
-4.9296653
21
26.5087115
0
LINE
8
layer1
10
-4.9296653
20
26.5087115
11
-4.9061168
21
26.5009159
0
LINE
8
layer1
10
-4.9061168
20
26.5009159
11
-4.8617164
21
26.5079425
0
LINE
8
layer1
10
-4.8617164
20
26.5079425
11
-4.5142927
21
26.5692239
0
LINE
8
layer1
10
-4.5142927
20
26.5692239
11
-4.1661253
21
26.6261282
0
LINE
8
layer1
10
-4.1661253
20
26.6261282
11
-4.1218958
21
26.6341604
0
LINE
8
layer1
10
-4.1218958
20
26.6341604
11
-4.1022435
21
26.6492961
0
LINE
8
layer1
10
-4.1022435
20
26.6492961
11
-4.0852854
21
26.6768865
0
LINE
8
layer1
10
-4.0852854
20
26.6768865
11
-4.0715425
21
26.7168329
0
LINE
8
layer1
10
-4.0715425
20
26.7168329
11
-4.0615075
21
26.7689908
0
LINE
8
layer1
10
-4.0615075
20
26.7689908
11
-4.0373546
21
26.993032
0
LINE
8
layer1
10
-4.0373546
20
26.993032
11
-4.0168584
21
27.1483903
0
LINE
8
layer1
10
-4.0168584
20
27.1483903
11
-3.9913653
21
27.3149337
0
LINE
8
layer1
10
-3.9913653
20
27.3149337
11
-3.95999
21
27.4945571
0
LINE
8
layer1
10
-3.95999
20
27.4945571
11
-3.922775
21
27.6839873
0
LINE
8
layer1
10
-3.922775
20
27.6839873
11
-3.8796929
21
27.881393
0
LINE
8
layer1
10
-3.8796929
20
27.881393
11
-3.8289797
21
28.0924498
0
LINE
8
layer1
10
-3.8289797
20
28.0924498
11
-3.7714723
21
28.311457
0
LINE
8
layer1
10
-3.7714723
20
28.311457
11
-3.706189
21
28.5404579
0
LINE
8
layer1
10
-3.706189
20
28.5404579
11
-3.6351834
21
28.7712586
0
ARC
8
layer1
10
9e-7
20
-0.000002
40
29
50
95.656109
51
97.2010366
0
LINE
8
layer1
10
-2.8581656
20
28.8588075
11
-2.7375823
21
28.6495936
0
LINE
8
layer1
10
-2.7375823
20
28.6495936
11
-2.6229782
21
28.4408612
0
LINE
8
layer1
10
-2.6229782
20
28.4408612
11
-2.5181789
21
28.2401415
0
LINE
8
layer1
10
-2.5181789
20
28.2401415
11
-2.4217727
21
28.0456611
0
LINE
8
layer1
10
-2.4217727
20
28.0456611
11
-2.3358439
21
27.8627915
0
LINE
8
layer1
10
-2.3358439
20
27.8627915
11
-2.2574097
21
27.6863918
0
LINE
8
layer1
10
-2.2574097
20
27.6863918
11
-2.1868511
21
27.5182536
0
LINE
8
layer1
10
-2.1868511
20
27.5182536
11
-2.1249377
21
27.3615586
0
LINE
8
layer1
10
-2.1249377
20
27.3615586
11
-2.070385
21
27.2146563
0
LINE
8
layer1
10
-2.070385
20
27.2146563
11
-1.9969838
21
27.0016067
0
LINE
8
layer1
10
-1.9969838
20
27.0016067
11
-1.9755942
21
26.9529896
0
LINE
8
layer1
10
-1.9755942
20
26.9529896
11
-1.9533069
21
26.9171028
0
LINE
8
layer1
10
-1.9533069
20
26.9171028
11
-1.9306346
21
26.8939777
0
LINE
8
layer1
10
-1.9306346
20
26.8939777
11
-1.908107
21
26.8835945
0
LINE
8
layer1
10
-1.908107
20
26.8835945
11
-1.8631991
21
26.8856056
0
LINE
8
layer1
10
-1.8631991
20
26.8856056
11
-1.5110986
21
26.9076027
0
LINE
8
layer1
10
-1.5110986
20
26.9076027
11
-1.1587491
21
26.9251667
0
LINE
8
layer1
10
-1.1587491
20
26.9251667
11
-1.1138984
21
26.9281963
0
LINE
8
layer1
10
-1.1138984
20
26.9281963
11
-1.0926749
21
26.9410365
0
LINE
8
layer1
10
-1.0926749
20
26.9410365
11
-1.0727344
21
26.9665547
0
LINE
8
layer1
10
-1.0727344
20
26.9665547
11
-1.0546053
21
27.0047112
0
LINE
8
layer1
10
-1.0546053
20
27.0047112
11
-1.0387936
21
27.0554176
0
LINE
8
layer1
10
-1.0387936
20
27.0554176
11
-0.9897078
21
27.2753458
0
LINE
8
layer1
10
-0.9897078
20
27.2753458
11
-0.951946
21
27.4274324
0
LINE
8
layer1
10
-0.951946
20
27.4274324
11
-0.9079662
21
27.5900742
0
LINE
8
layer1
10
-0.9079662
20
27.5900742
11
-0.8566768
21
27.7650553
0
LINE
8
layer1
10
-0.8566768
20
27.7650553
11
-0.7984863
21
27.9491277
0
LINE
8
layer1
10
-0.7984863
20
27.9491277
11
-0.7335727
21
28.1404684
0
LINE
8
layer1
10
-0.7335727
20
28.1404684
11
-0.6595475
21
28.34452
0
LINE
8
layer1
10
-0.6595475
20
28.34452
11
-0.5778806
21
28.5557114
0
LINE
8
layer1
10
-0.5778806
20
28.5557114
11
-0.4873678
21
28.775963
0
LINE
8
layer1
10
-0.4873678
20
28.775963
11
-0.3909672
21
28.9973624
0
ARC
8
layer1
10
1e-7
20
-0.000002
40
29
50
89.2275362
51
90.772464
0
LINE
8
layer1
10
0.3909672
20
28.9973624
11
0.4873678
21
28.775963
0
LINE
8
layer1
10
0.4873678
20
28.775963
11
0.5778806
21
28.5557114
0
LINE
8
layer1
10
0.5778806
20
28.5557114
11
0.6595475
21
28.34452
0
LINE
8
layer1
10
0.6595475
20
28.34452
11
0.7335727
21
28.1404684
0
LINE
8
layer1
10
0.7335727
20
28.1404684
11
0.7984863
21
27.9491277
0
LINE
8
layer1
10
0.7984863
20
27.9491277
11
0.8566768
21
27.7650553
0
LINE
8
layer1
10
0.8566768
20
27.7650553
11
0.9079662
21
27.5900742
0
LINE
8
layer1
10
0.9079662
20
27.5900742
11
0.951946
21
27.4274324
0
LINE
8
layer1
10
0.951946
20
27.4274324
11
0.9897078
21
27.2753458
0
LINE
8
layer1
10
0.9897078
20
27.2753458
11
1.0387936
21
27.0554176
0
LINE
8
layer1
10
1.0387936
20
27.0554176
11
1.0546053
21
27.0047112
0
LINE
8
layer1
10
1.0546053
20
27.0047112
11
1.0727344
21
26.9665547
0
LINE
8
layer1
10
1.0727344
20
26.9665547
11
1.0926749
21
26.9410365
0
LINE
8
layer1
10
1.0926749
20
26.9410365
11
1.1138984
21
26.9281963
0
LINE
8
layer1
10
1.1138984
20
26.9281963
11
1.1587491
21
26.9251667
0
LINE
8
layer1
10
1.1587491
20
26.9251667
11
1.5110986
21
26.9076027
0
LINE
8
layer1
10
1.5110986
20
26.9076027
11
1.8631991
21
26.8856056
0
LINE
8
layer1
10
1.8631991
20
26.8856056
11
1.908107
21
26.8835945
0
LINE
8
layer1
10
1.908107
20
26.8835945
11
1.9306346
21
26.8939777
0
LINE
8
layer1
10
1.9306346
20
26.8939777
11
1.9533069
21
26.9171028
0
LINE
8
layer1
10
1.9533069
20
26.9171028
11
1.9755942
21
26.9529896
0
LINE
8
layer1
10
1.9755942
20
26.9529896
11
1.9969838
21
27.0016067
0
LINE
8
layer1
10
1.9969838
20
27.0016067
11
2.070385
21
27.2146563
0
LINE
8
layer1
10
2.070385
20
27.2146563
11
2.1249377
21
27.3615586
0
LINE
8
layer1
10
2.1249377
20
27.3615586
11
2.1868511
21
27.5182536
0
LINE
8
layer1
10
2.1868511
20
27.5182536
11
2.2574097
21
27.6863918
0
LINE
8
layer1
10
2.2574097
20
27.6863918
11
2.3358439
21
27.8627915
0
LINE
8
layer1
10
2.3358439
20
27.8627915
11
2.4217727
21
28.0456611
0
LINE
8
layer1
10
2.4217727
20
28.0456611
11
2.5181789
21
28.2401415
0
LINE
8
layer1
10
2.5181789
20
28.2401415
11
2.6229782
21
28.4408612
0
LINE
8
layer1
10
2.6229782
20
28.4408612
11
2.7375823
21
28.6495936
0
LINE
8
layer1
10
2.7375823
20
28.6495936
11
2.8581656
21
28.8588075
0
ARC
8
layer1
10
-0.000001
20
-0.000002
40
29
50
82.7989632
51
84.3438908
0
LINE
8
layer1
10
3.6351834
20
28.7712586
11
3.706189
21
28.5404579
0
LINE
8
layer1
10
3.706189
20
28.5404579
11
3.7714723
21
28.311457
0
LINE
8
layer1
10
3.7714723
20
28.311457
11
3.8289797
21
28.0924498
0
LINE
8
layer1
10
3.8289797
20
28.0924498
11
3.8796929
21
27.881393
0
LINE
8
layer1
10
3.8796929
20
27.881393
11
3.922775
21
27.6839873
0
LINE
8
layer1
10
3.922775
20
27.6839873
11
3.95999
21
27.4945571
0
LINE
8
layer1
10
3.95999
20
27.4945571
11
3.9913653
21
27.3149337
0
LINE
8
layer1
10
3.9913653
20
27.3149337
11
4.0168584
21
27.1483903
0
LINE
8
layer1
10
4.0168584
20
27.1483903
11
4.0373546
21
26.993032
0
LINE
8
layer1
10
4.0373546
20
26.993032
11
4.0615075
21
26.7689908
0
LINE
8
layer1
10
4.0615075
20
26.7689908
11
4.0715425
21
26.7168329
0
LINE
8
layer1
10
4.0715425
20
26.7168329
11
4.0852854
21
26.6768865
0
LINE
8
layer1
10
4.0852854
20
26.6768865
11
4.1022435
21
26.6492961
0
LINE
8
layer1
10
4.1022435
20
26.6492961
11
4.1218958
21
26.6341604
0
LINE
8
layer1
10
4.1218958
20
26.6341604
11
4.1661253
21
26.6261282
0
LINE
8
layer1
10
4.1661253
20
26.6261282
11
4.5142927
21
26.5692239
0
LINE
8
layer1
10
4.5142927
20
26.5692239
11
4.8617164
21
26.5079425
0
LINE
8
layer1
10
4.8617164
20
26.5079425
11
4.9061168
21
26.5009159
0
LINE
8
layer1
10
4.9061168
20
26.5009159
11
4.9296653
21
26.5087115
0
LINE
8
layer1
10
4.9296653
20
26.5087115
11
4.9547842
21
26.5291527
0
LINE
8
layer1
10
4.9547842
20
26.5291527
11
4.9809494
21
26.5623185
0
LINE
8
layer1
10
4.9809494
20
26.5623185
11
5.0076479
21
26.6082351
0
LINE
8
layer1
10
5.0076479
20
26.6082351
11
5.1044416
21
26.8117266
0
LINE
8
layer1
10
5.1044416
20
26.8117266
11
5.1750992
21
26.9515973
0
LINE
8
layer1
10
5.1750992
20
26.9515973
11
5.2541675
21
27.1003749
0
LINE
8
layer1
10
5.2541675
20
27.1003749
11
5.3431079
21
27.2595559
0
LINE
8
layer1
10
5.3431079
20
27.2595559
11
5.4407995
21
27.4260646
0
LINE
8
layer1
10
5.4407995
20
27.4260646
11
5.5466628
21
27.5981634
0
LINE
8
layer1
10
5.5466628
20
27.5981634
11
5.6642378
21
27.7806269
0
LINE
8
layer1
10
5.6642378
20
27.7806269
11
5.7908516
21
27.9683506
0
LINE
8
layer1
10
5.7908516
20
27.9683506
11
5.9281057
21
28.1629391
0
LINE
8
layer1
10
5.9281057
20
28.1629391
11
6.0713553
21
28.3573364
0
ARC
8
layer1
10
-0.0000012
20
-0.0000018
40
29
50
76.3703919
51
77.9153195
0
LINE
8
layer1
10
6.833685
20
28.1833396
11
6.8784027
21
27.94604
0
LINE
8
layer1
10
6.8784027
20
27.94604
11
6.9176355
21
27.7111696
0
LINE
8
layer1
10
6.9176355
20
27.7111696
11
6.9502603
21
27.4871006
0
LINE
8
layer1
10
6.9502603
20
27.4871006
11
6.9770238
21
27.2716928
0
LINE
8
layer1
10
6.9770238
20
27.2716928
11
6.9977325
21
27.0707048
0
LINE
8
layer1
10
6.9977325
20
27.0707048
11
7.0135041
21
26.8782989
0
LINE
8
layer1
10
7.0135041
20
26.8782989
11
7.0245707
21
26.696292
0
LINE
8
layer1
10
7.0245707
20
26.696292
11
7.0312566
21
26.5279415
0
LINE
8
layer1
10
7.0312566
20
26.5279415
11
7.0342292
21
26.3712652
0
LINE
8
layer1
10
7.0342292
20
26.3712652
11
7.0331456
21
26.1459284
0
LINE
8
layer1
10
7.0331456
20
26.1459284
11
7.0372777
21
26.092975
0
LINE
8
layer1
10
7.0372777
20
26.092975
11
7.0464616
21
26.051741
0
LINE
8
layer1
10
7.0464616
20
26.051741
11
7.0602239
21
26.0224254
0
LINE
8
layer1
10
7.0602239
20
26.0224254
11
7.078058
21
26.0051844
0
LINE
8
layer1
10
7.078058
20
26.0051844
11
7.12111
21
25.9922506
0
LINE
8
layer1
10
7.12111
20
25.9922506
11
7.460717
21
25.8967218
0
LINE
8
layer1
10
7.460717
20
25.8967218
11
7.7990949
21
25.7969266
0
LINE
8
layer1
10
7.7990949
20
25.7969266
11
7.8424293
21
25.7849729
0
LINE
8
layer1
10
7.8424293
20
25.7849729
11
7.8667026
21
25.7900829
0
LINE
8
layer1
10
7.8667026
20
25.7900829
11
7.8939523
21
25.8075831
0
LINE
8
layer1
10
7.8939523
20
25.8075831
11
7.9236663
21
25.8376108
0
LINE
8
layer1
10
7.9236663
20
25.8376108
11
7.955338
21
25.8802494
0
LINE
8
layer1
10
7.955338
20
25.8802494
11
8.0743069
21
26.071624
0
LINE
8
layer1
10
8.0743069
20
26.071624
11
8.1601807
21
26.2027041
0
LINE
8
layer1
10
8.1601807
20
26.2027041
11
8.2554097
21
26.3416934
0
LINE
8
layer1
10
8.2554097
20
26.3416934
11
8.3616135
21
26.4899153
0
LINE
8
layer1
10
8.3616135
20
26.4899153
11
8.4773338
21
26.644439
0
LINE
8
layer1
10
8.4773338
20
26.644439
11
8.6018005
21
26.8036027
0
LINE
8
layer1
10
8.6018005
20
26.8036027
11
8.7390656
21
26.9717547
0
LINE
8
layer1
10
8.7390656
20
26.9717547
11
8.8859017
21
27.1441218
0
LINE
8
layer1
10
8.8859017
20
27.1441218
11
9.0440797
21
27.3221192
0
LINE
8
layer1
10
9.0440797
20
27.3221192
11
9.2081942
21
27.4992553
0
ARC
8
layer1
10
-0.0000013
20
-0.0000017
40
29
50
69.9418206
51
71.4867482
0
LINE
8
layer1
10
9.9462491
20
27.2409987
11
9.9641164
21
27.0001844
0
LINE
8
layer1
10
9.9641164
20
27.0001844
11
9.9768055
21
26.7623981
0
LINE
8
layer1
10
9.9768055
20
26.7623981
11
9.9841374
21
26.5360852
0
LINE
8
layer1
10
9.9841374
20
26.5360852
11
9.9866145
21
26.3190353
0
LINE
8
layer1
10
9.9866145
20
26.3190353
11
9.9846895
21
26.1169924
0
LINE
8
layer1
10
9.9846895
20
26.1169924
11
9.9788194
21
25.9240305
0
LINE
8
layer1
10
9.9788194
20
25.9240305
11
9.969438
21
25.7419289
0
LINE
8
layer1
10
9.969438
20
25.7419289
11
9.9572326
21
25.5738884
0
LINE
8
layer1
10
9.9572326
20
25.5738884
11
9.9426444
21
25.4178645
0
LINE
8
layer1
10
9.9426444
20
25.4178645
11
9.9163379
21
25.1940659
0
LINE
8
layer1
10
9.9163379
20
25.1940659
11
9.9145151
21
25.1409827
0
LINE
8
layer1
10
9.9145151
20
25.1409827
11
9.9190245
21
25.0989797
0
LINE
8
layer1
10
9.9190245
20
25.0989797
11
9.9294179
21
25.0683076
0
LINE
8
layer1
10
9.9294179
20
25.0683076
11
9.9452095
21
25.0491782
0
LINE
8
layer1
10
9.9452095
20
25.0491782
11
9.9865427
21
25.0315054
0
LINE
8
layer1
10
9.9865427
20
25.0315054
11
10.3133185
21
24.8985534
0
LINE
8
layer1
10
10.3133185
20
24.8985534
11
10.6383952
21
24.7614993
0
LINE
8
layer1
10
10.6383952
20
24.7614993
11
10.6801187
21
24.7447689
0
LINE
8
layer1
10
10.6801187
20
24.7447689
11
10.7048115
21
24.747129
0
LINE
8
layer1
10
10.7048115
20
24.747129
11
10.7338493
21
24.7614683
0
LINE
8
layer1
10
10.7338493
20
24.7614683
11
10.7667385
21
24.7879802
0
LINE
8
layer1
10
10.7667385
20
24.7879802
11
10.8029851
21
24.8268046
0
LINE
8
layer1
10
10.8029851
20
24.8268046
11
10.9426331
21
25.0036556
0
LINE
8
layer1
10
10.9426331
20
25.0036556
11
11.0426432
21
25.1242966
0
LINE
8
layer1
10
11.0426432
20
25.1242966
11
11.1528353
21
25.2517497
0
LINE
8
layer1
10
11.1528353
20
25.2517497
11
11.2749669
21
25.3871486
0
LINE
8
layer1
10
11.2749669
20
25.3871486
11
11.4072608
21
25.5277441
0
LINE
8
layer1
10
11.4072608
20
25.5277441
11
11.5487655
21
25.6719712
0
LINE
8
layer1
10
11.5487655
20
25.6719712
11
11.7039946
21
25.8236971
0
LINE
8
layer1
10
11.7039946
20
25.8236971
11
11.8692064
21
25.97854
0
LINE
8
layer1
10
11.8692064
20
25.97854
11
12.0463192
21
26.1377078
0
LINE
8
layer1
10
12.0463192
20
26.1377078
11
12.2292347
21
26.2953551
0
ARC
8
layer1
10
4e-7
20
-0.0000025
40
29
50
63.5132534
51
65.058181
0
LINE
8
layer1
10
12.9337333
20
25.9560864
11
12.9245257
21
25.7147858
0
LINE
8
layer1
10
12.9245257
20
25.7147858
11
12.9105113
21
25.477074
0
LINE
8
layer1
10
12.9105113
20
25.477074
11
12.8924581
21
25.2513632
0
LINE
8
layer1
10
12.8924581
20
25.2513632
11
12.8706178
21
25.0354007
0
LINE
8
layer1
10
12.8706178
20
25.0354007
11
12.8460833
21
24.8348437
0
LINE
8
layer1
10
12.8460833
20
24.8348437
11
12.8186451
21
24.6437523
0
LINE
8
layer1
10
12.8186451
20
24.6437523
11
12.7889338
21
24.4638462
0
LINE
8
layer1
10
12.7889338
20
24.4638462
11
12.7579906
21
24.2982288
0
LINE
8
layer1
10
12.7579906
20
24.2982288
11
12.726025
21
24.1448193
0
LINE
8
layer1
10
12.726025
20
24.1448193
11
12.6748264
21
23.9253733
0
LINE
8
layer1
10
12.6748264
20
23.9253733
11
12.6670716
21
23.872828
0
LINE
8
layer1
10
12.6670716
20
23.872828
11
12.6668499
21
23.8305842
0
LINE
8
layer1
10
12.6668499
20
23.8305842
11
12.6737437
21
23.7989412
0
LINE
8
layer1
10
12.6737437
20
23.7989412
11
12.6872942
21
23.7781641
0
LINE
8
layer1
10
12.6872942
20
23.7781641
11
12.7263888
21
23.7559746
0
LINE
8
layer1
10
12.7263888
20
23.7559746
11
13.036224
21
23.5872712
0
LINE
8
layer1
10
13.036224
20
23.5872712
11
13.3439115
21
23.4146819
0
LINE
8
layer1
10
13.3439115
20
23.4146819
11
13.3834995
21
23.3933851
0
LINE
8
layer1
10
13.3834995
20
23.3933851
11
13.4083013
21
23.3929656
0
LINE
8
layer1
10
13.4083013
20
23.3929656
11
13.4387619
21
23.4039635
0
LINE
8
layer1
10
13.4387619
20
23.4039635
11
13.4744127
21
23.4266263
0
LINE
8
layer1
10
13.4744127
20
23.4266263
11
13.5147783
21
23.4611483
0
LINE
8
layer1
10
13.5147783
20
23.4611483
11
13.6733493
21
23.6212516
0
LINE
8
layer1
10
13.6733493
20
23.6212516
11
13.7862381
21
23.7299365
0
LINE
8
layer1
10
13.7862381
20
23.7299365
11
13.9100075
21
23.8442506
0
LINE
8
layer1
10
13.9100075
20
23.8442506
11
14.0465311
21
23.9651238
0
LINE
8
layer1
10
14.0465311
20
23.9651238
11
14.1937348
21
24.090023
0
LINE
8
layer1
10
14.1937348
20
24.090023
11
14.3504981
21
24.2174998
0
LINE
8
layer1
10
14.3504981
20
24.2174998
11
14.521739
21
24.3508915
0
LINE
8
layer1
10
14.521739
20
24.3508915
11
14.7032489
21
24.4862629
0
LINE
8
layer1
10
14.7032489
20
24.4862629
11
14.8970692
21
24.6245995
0
LINE
8
layer1
10
14.8970692
20
24.6245995
11
15.0964855
21
24.7607756
0
ARC
8
layer1
10
-0.0000012
20
-0.0000016
40
29
50
57.0846788
51
58.6296064
0
LINE
8
layer1
10
15.7585683
20
24.3447613
11
15.7224015
21
24.1060089
0
LINE
8
layer1
10
15.7224015
20
24.1060089
11
15.6818599
21
23.8713608
0
LINE
8
layer1
10
15.6818599
20
23.8713608
11
15.6386487
21
23.6490906
0
LINE
8
layer1
10
15.6386487
20
23.6490906
11
15.5927656
21
23.4369314
0
LINE
8
layer1
10
15.5927656
20
23.4369314
11
15.5459301
21
23.2403824
0
LINE
8
layer1
10
15.5459301
20
23.2403824
11
15.497269
21
23.0535647
0
LINE
8
layer1
10
15.497269
20
23.0535647
11
15.4476014
21
22.8781164
0
LINE
8
layer1
10
15.4476014
20
22.8781164
11
15.3983095
21
22.7170049
0
LINE
8
layer1
10
15.3983095
20
22.7170049
11
15.3493684
21
22.568139
0
LINE
8
layer1
10
15.3493684
20
22.568139
11
15.2739216
21
22.3558053
0
LINE
8
layer1
10
15.2739216
20
22.3558053
11
15.2603324
21
22.3044586
0
LINE
8
layer1
10
15.2603324
20
22.3044586
11
15.2553823
21
22.2625053
0
LINE
8
layer1
10
15.2553823
20
22.2625053
11
15.2586899
21
22.2302894
0
LINE
8
layer1
10
15.2586899
20
22.2302894
11
15.2698289
21
22.2081257
0
LINE
8
layer1
10
15.2698289
20
22.2081257
11
15.3061932
21
22.1816985
0
LINE
8
layer1
10
15.3061932
20
22.1816985
11
15.5951914
21
21.9793654
0
LINE
8
layer1
10
15.5951914
20
21.9793654
11
15.8816203
21
21.7734112
0
LINE
8
layer1
10
15.8816203
20
21.7734112
11
15.9185749
21
21.7478159
0
LINE
8
layer1
10
15.9185749
20
21.7478159
11
15.9431738
21
21.7446222
0
LINE
8
layer1
10
15.9431738
20
21.7446222
11
15.9746743
21
21.7521404
0
LINE
8
layer1
10
15.9746743
20
21.7521404
11
16.0126384
21
21.7706691
0
LINE
8
layer1
10
16.0126384
20
21.7706691
11
16.0566154
21
21.8004544
0
LINE
8
layer1
10
16.0566154
20
21.8004544
11
16.2321152
21
21.9417968
0
LINE
8
layer1
10
16.2321152
20
21.9417968
11
16.356463
21
22.0371587
0
LINE
8
layer1
10
16.356463
20
22.0371587
11
16.4922533
21
22.1368963
0
LINE
8
layer1
10
16.4922533
20
22.1368963
11
16.641452
21
22.2417236
0
LINE
8
layer1
10
16.641452
20
22.2417236
11
16.8017144
21
22.349356
0
LINE
8
layer1
10
16.8017144
20
22.349356
11
16.9717648
21
22.4584792
0
LINE
8
layer1
10
16.9717648
20
22.4584792
11
17.1568642
21
22.5718593
0
LINE
8
layer1
10
17.1568642
20
22.5718593
11
17.3523896
21
22.6860568
0
LINE
8
layer1
10
17.3523896
20
22.6860568
11
17.5604799
21
22.8018227
0
LINE
8
layer1
10
17.5604799
20
22.8018227
11
17.7738892
21
22.9148149
0
ARC
8
layer1
10
-0.0000018
20
-0.0000013
40
29
50
50.6561064
51
52.2010341
0
LINE
8
layer1
10
18.3852302
20
22.4272868
11
18.322559
21
22.1940849
0
LINE
8
layer1
10
18.322559
20
22.1940849
11
18.2560001
21
21.9654515
0
LINE
8
layer1
10
18.2560001
20
21.9654515
11
18.1881742
21
21.749417
0
LINE
8
layer1
10
18.1881742
20
21.749417
11
18.1188253
21
21.543729
0
LINE
8
layer1
10
18.1188253
20
21.543729
11
18.0502778
21
21.3536599
0
LINE
8
layer1
10
18.0502778
20
21.3536599
11
17.9810057
21
21.1734651
0
LINE
8
layer1
10
17.9810057
20
21.1734651
11
17.9120065
21
21.004681
0
LINE
8
layer1
10
17.9120065
20
21.004681
11
17.8449857
21
20.8501015
0
LINE
8
layer1
10
17.8449857
20
20.8501015
11
17.7796847
21
20.7076513
0
LINE
8
layer1
10
17.7796847
20
20.7076513
11
17.6809385
21
20.5051
0
LINE
8
layer1
10
17.6809385
20
20.5051
11
17.6616857
21
20.4555977
0
LINE
8
layer1
10
17.6616857
20
20.4555977
11
17.6520694
21
20.4144625
0
LINE
8
layer1
10
17.6520694
20
20.4144625
11
17.6517492
21
20.3820788
0
LINE
8
layer1
10
17.6517492
20
20.3820788
11
17.6603366
21
20.3588073
0
LINE
8
layer1
10
17.6603366
20
20.3588073
11
17.6935133
21
20.3284748
0
LINE
8
layer1
10
17.6935133
20
20.3284748
11
17.9580403
21
20.0950563
0
LINE
8
layer1
10
17.9580403
20
20.0950563
11
18.2196086
21
19.8583273
0
LINE
8
layer1
10
18.2196086
20
19.8583273
11
18.2534651
21
19.8287553
0
LINE
8
layer1
10
18.2534651
20
19.8287553
11
18.2775517
21
19.8228274
0
LINE
8
layer1
10
18.2775517
20
19.8228274
11
18.3096959
21
19.8267714
0
LINE
8
layer1
10
18.3096959
20
19.8267714
11
18.3494958
21
19.840933
0
LINE
8
layer1
10
18.3494958
20
19.840933
11
18.3965312
21
19.8656072
0
LINE
8
layer1
10
18.3965312
20
19.8656072
11
18.5867529
21
19.9864111
0
LINE
8
layer1
10
18.5867529
20
19.9864111
11
18.720996
21
20.0672509
0
LINE
8
layer1
10
18.720996
20
20.0672509
11
18.8670995
21
20.1511576
0
LINE
8
layer1
10
18.8670995
20
20.1511576
11
19.0270969
21
20.2386209
0
LINE
8
layer1
10
19.0270969
20
20.2386209
11
19.1984027
21
20.3276327
0
LINE
8
layer1
10
19.1984027
20
20.3276327
11
19.3796018
21
20.4170303
0
LINE
8
layer1
10
19.3796018
20
20.4170303
11
19.5762318
21
20.5089729
0
LINE
8
layer1
10
19.5762318
20
20.5089729
11
19.7833139
21
20.6005605
0
LINE
8
layer1
10
19.7833139
20
20.6005605
11
20.0030575
21
20.6922997
0
LINE
8
layer1
10
20.0030575
20
20.6922997
11
20.227776
21
20.7806872
0
ARC
8
layer1
10
-0.0000014
20
-0.0000014
40
29
50
44.2275361
51
45.7724639
0
LINE
8
layer1
10
20.7806872
20
20.227776
11
20.6922997
21
20.0030575
0
LINE
8
layer1
10
20.6922997
20
20.0030575
11
20.6005605
21
19.7833139
0
LINE
8
layer1
10
20.6005605
20
19.7833139
11
20.5089729
21
19.5762318
0
LINE
8
layer1
10
20.5089729
20
19.5762318
11
20.4170303
21
19.3796018
0
LINE
8
layer1
10
20.4170303
20
19.3796018
11
20.3276327
21
19.1984027
0
LINE
8
layer1
10
20.3276327
20
19.1984027
11
20.2386209
21
19.0270969
0
LINE
8
layer1
10
20.2386209
20
19.0270969
11
20.1511576
21
18.8670995
0
LINE
8
layer1
10
20.1511576
20
18.8670995
11
20.0672509
21
18.720996
0
LINE
8
layer1
10
20.0672509
20
18.720996
11
19.9864111
21
18.5867529
0
LINE
8
layer1
10
19.9864111
20
18.5867529
11
19.8656072
21
18.3965312
0
LINE
8
layer1
10
19.8656072
20
18.3965312
11
19.840933
21
18.3494958
0
LINE
8
layer1
10
19.840933
20
18.3494958
11
19.8267714
21
18.3096959
0
LINE
8
layer1
10
19.8267714
20
18.3096959
11
19.8228274
21
18.2775517
0
LINE
8
layer1
10
19.8228274
20
18.2775517
11
19.8287553
21
18.2534651
0
LINE
8
layer1
10
19.8287553
20
18.2534651
11
19.8583273
21
18.2196086
0
LINE
8
layer1
10
19.8583273
20
18.2196086
11
20.0950563
21
17.9580403
0
LINE
8
layer1
10
20.0950563
20
17.9580403
11
20.3284748
21
17.6935133
0
LINE
8
layer1
10
20.3284748
20
17.6935133
11
20.3588073
21
17.6603366
0
LINE
8
layer1
10
20.3588073
20
17.6603366
11
20.3820788
21
17.6517492
0
LINE
8
layer1
10
20.3820788
20
17.6517492
11
20.4144625
21
17.6520694
0
LINE
8
layer1
10
20.4144625
20
17.6520694
11
20.4555977
21
17.6616857
0
LINE
8
layer1
10
20.4555977
20
17.6616857
11
20.5051
21
17.6809385
0
LINE
8
layer1
10
20.5051
20
17.6809385
11
20.7076513
21
17.7796847
0
LINE
8
layer1
10
20.7076513
20
17.7796847
11
20.8501015
21
17.8449857
0
LINE
8
layer1
10
20.8501015
20
17.8449857
11
21.004681
21
17.9120065
0
LINE
8
layer1
10
21.004681
20
17.9120065
11
21.1734651
21
17.9810057
0
LINE
8
layer1
10
21.1734651
20
17.9810057
11
21.3536599
21
18.0502778
0
LINE
8
layer1
10
21.3536599
20
18.0502778
11
21.543729
21
18.1188253
0
LINE
8
layer1
10
21.543729
20
18.1188253
11
21.749417
21
18.1881742
0
LINE
8
layer1
10
21.749417
20
18.1881742
11
21.9654515
21
18.2560001
0
LINE
8
layer1
10
21.9654515
20
18.2560001
11
22.1940849
21
18.322559
0
LINE
8
layer1
10
22.1940849
20
18.322559
11
22.4272868
21
18.3852302
0
ARC
8
layer1
10
-0.0000012
20
-0.0000018
40
29
50
37.7989659
51
39.3438936
0
LINE
8
layer1
10
22.9148149
20
17.7738892
11
22.8018227
21
17.5604799
0
LINE
8
layer1
10
22.8018227
20
17.5604799
11
22.6860568
21
17.3523896
0
LINE
8
layer1
10
22.6860568
20
17.3523896
11
22.5718593
21
17.1568642
0
LINE
8
layer1
10
22.5718593
20
17.1568642
11
22.4584792
21
16.9717648
0
LINE
8
layer1
10
22.4584792
20
16.9717648
11
22.349356
21
16.8017144
0
LINE
8
layer1
10
22.349356
20
16.8017144
11
22.2417236
21
16.641452
0
LINE
8
layer1
10
22.2417236
20
16.641452
11
22.1368963
21
16.4922533
0
LINE
8
layer1
10
22.1368963
20
16.4922533
11
22.0371587
21
16.356463
0
LINE
8
layer1
10
22.0371587
20
16.356463
11
21.9417968
21
16.2321152
0
LINE
8
layer1
10
21.9417968
20
16.2321152
11
21.8004544
21
16.0566154
0
LINE
8
layer1
10
21.8004544
20
16.0566154
11
21.7706691
21
16.0126384
0
LINE
8
layer1
10
21.7706691
20
16.0126384
11
21.7521404
21
15.9746743
0
LINE
8
layer1
10
21.7521404
20
15.9746743
11
21.7446222
21
15.9431738
0
LINE
8
layer1
10
21.7446222
20
15.9431738
11
21.7478159
21
15.9185749
0
LINE
8
layer1
10
21.7478159
20
15.9185749
11
21.7734112
21
15.8816203
0
LINE
8
layer1
10
21.7734112
20
15.8816203
11
21.9793654
21
15.5951914
0
LINE
8
layer1
10
21.9793654
20
15.5951914
11
22.1816985
21
15.3061932
0
LINE
8
layer1
10
22.1816985
20
15.3061932
11
22.2081257
21
15.2698289
0
LINE
8
layer1
10
22.2081257
20
15.2698289
11
22.2302894
21
15.2586899
0
LINE
8
layer1
10
22.2302894
20
15.2586899
11
22.2625053
21
15.2553823
0
LINE
8
layer1
10
22.2625053
20
15.2553823
11
22.3044586
21
15.2603324
0
LINE
8
layer1
10
22.3044586
20
15.2603324
11
22.3558053
21
15.2739216
0
LINE
8
layer1
10
22.3558053
20
15.2739216
11
22.568139
21
15.3493684
0
LINE
8
layer1
10
22.568139
20
15.3493684
11
22.7170049
21
15.3983095
0
LINE
8
layer1
10
22.7170049
20
15.3983095
11
22.8781164
21
15.4476014
0
LINE
8
layer1
10
22.8781164
20
15.4476014
11
23.0535647
21
15.497269
0
LINE
8
layer1
10
23.0535647
20
15.497269
11
23.2403824
21
15.5459301
0
LINE
8
layer1
10
23.2403824
20
15.5459301
11
23.4369314
21
15.5927656
0
LINE
8
layer1
10
23.4369314
20
15.5927656
11
23.6490906
21
15.6386487
0
LINE
8
layer1
10
23.6490906
20
15.6386487
11
23.8713608
21
15.6818599
0
LINE
8
layer1
10
23.8713608
20
15.6818599
11
24.1060089
21
15.7224015
0
LINE
8
layer1
10
24.1060089
20
15.7224015
11
24.3447613
21
15.7585683
0
ARC
8
layer1
10
-0.0000017
20
-0.0000012
40
29
50
31.3703936
51
32.9153212
0
LINE
8
layer1
10
24.7607756
20
15.0964855
11
24.6245995
21
14.8970692
0
LINE
8
layer1
10
24.6245995
20
14.8970692
11
24.4862629
21
14.7032489
0
LINE
8
layer1
10
24.4862629
20
14.7032489
11
24.3508915
21
14.521739
0
LINE
8
layer1
10
24.3508915
20
14.521739
11
24.2174998
21
14.3504981
0
LINE
8
layer1
10
24.2174998
20
14.3504981
11
24.090023
21
14.1937348
0
LINE
8
layer1
10
24.090023
20
14.1937348
11
23.9651238
21
14.0465311
0
LINE
8
layer1
10
23.9651238
20
14.0465311
11
23.8442506
21
13.9100075
0
LINE
8
layer1
10
23.8442506
20
13.9100075
11
23.7299365
21
13.7862381
0
LINE
8
layer1
10
23.7299365
20
13.7862381
11
23.6212516
21
13.6733493
0
LINE
8
layer1
10
23.6212516
20
13.6733493
11
23.4611483
21
13.5147783
0
LINE
8
layer1
10
23.4611483
20
13.5147783
11
23.4266263
21
13.4744127
0
LINE
8
layer1
10
23.4266263
20
13.4744127
11
23.4039635
21
13.4387619
0
LINE
8
layer1
10
23.4039635
20
13.4387619
11
23.3929656
21
13.4083013
0
LINE
8
layer1
10
23.3929656
20
13.4083013
11
23.3933851
21
13.3834995
0
LINE
8
layer1
10
23.3933851
20
13.3834995
11
23.4146819
21
13.3439115
0
LINE
8
layer1
10
23.4146819
20
13.3439115
11
23.5872712
21
13.036224
0
LINE
8
layer1
10
23.5872712
20
13.036224
11
23.7559746
21
12.7263888
0
LINE
8
layer1
10
23.7559746
20
12.7263888
11
23.7781641
21
12.6872942
0
LINE
8
layer1
10
23.7781641
20
12.6872942
11
23.7989412
21
12.6737437
0
LINE
8
layer1
10
23.7989412
20
12.6737437
11
23.8305842
21
12.6668499
0
LINE
8
layer1
10
23.8305842
20
12.6668499
11
23.872828
21
12.6670716
0
LINE
8
layer1
10
23.872828
20
12.6670716
11
23.9253733
21
12.6748264
0
LINE
8
layer1
10
23.9253733
20
12.6748264
11
24.1448193
21
12.726025
0
LINE
8
layer1
10
24.1448193
20
12.726025
11
24.2982288
21
12.7579906
0
LINE
8
layer1
10
24.2982288
20
12.7579906
11
24.4638462
21
12.7889338
0
LINE
8
layer1
10
24.4638462
20
12.7889338
11
24.6437523
21
12.8186451
0
LINE
8
layer1
10
24.6437523
20
12.8186451
11
24.8348437
21
12.8460833
0
LINE
8
layer1
10
24.8348437
20
12.8460833
11
25.0354007
21
12.8706178
0
LINE
8
layer1
10
25.0354007
20
12.8706178
11
25.2513632
21
12.8924581
0
LINE
8
layer1
10
25.2513632
20
12.8924581
11
25.477074
21
12.9105113
0
LINE
8
layer1
10
25.477074
20
12.9105113
11
25.7147858
21
12.9245257
0
LINE
8
layer1
10
25.7147858
20
12.9245257
11
25.9560864
21
12.9337333
0
ARC
8
layer1
10
-0.0000026
20
5e-7
40
29
50
24.9418188
51
26.4867464
0
LINE
8
layer1
10
26.2953551
20
12.2292347
11
26.1377078
21
12.0463192
0
LINE
8
layer1
10
26.1377078
20
12.0463192
11
25.97854
21
11.8692064
0
LINE
8
layer1
10
25.97854
20
11.8692064
11
25.8236971
21
11.7039946
0
LINE
8
layer1
10
25.8236971
20
11.7039946
11
25.6719712
21
11.5487655
0
LINE
8
layer1
10
25.6719712
20
11.5487655
11
25.5277441
21
11.4072608
0
LINE
8
layer1
10
25.5277441
20
11.4072608
11
25.3871486
21
11.2749669
0
LINE
8
layer1
10
25.3871486
20
11.2749669
11
25.2517497
21
11.1528353
0
LINE
8
layer1
10
25.2517497
20
11.1528353
11
25.1242966
21
11.0426432
0
LINE
8
layer1
10
25.1242966
20
11.0426432
11
25.0036556
21
10.9426331
0
LINE
8
layer1
10
25.0036556
20
10.9426331
11
24.8268046
21
10.8029851
0
LINE
8
layer1
10
24.8268046
20
10.8029851
11
24.7879802
21
10.7667385
0
LINE
8
layer1
10
24.7879802
20
10.7667385
11
24.7614683
21
10.7338493
0
LINE
8
layer1
10
24.7614683
20
10.7338493
11
24.747129
21
10.7048115
0
LINE
8
layer1
10
24.747129
20
10.7048115
11
24.7447689
21
10.6801187
0
LINE
8
layer1
10
24.7447689
20
10.6801187
11
24.7614993
21
10.6383952
0
LINE
8
layer1
10
24.7614993
20
10.6383952
11
24.8985534
21
10.3133185
0
LINE
8
layer1
10
24.8985534
20
10.3133185
11
25.0315054
21
9.9865427
0
LINE
8
layer1
10
25.0315054
20
9.9865427
11
25.0491782
21
9.9452095
0
LINE
8
layer1
10
25.0491782
20
9.9452095
11
25.0683076
21
9.9294179
0
LINE
8
layer1
10
25.0683076
20
9.9294179
11
25.0989797
21
9.9190245
0
LINE
8
layer1
10
25.0989797
20
9.9190245
11
25.1409827
21
9.9145151
0
LINE
8
layer1
10
25.1409827
20
9.9145151
11
25.1940659
21
9.9163379
0
LINE
8
layer1
10
25.1940659
20
9.9163379
11
25.4178645
21
9.9426444
0
LINE
8
layer1
10
25.4178645
20
9.9426444
11
25.5738884
21
9.9572326
0
LINE
8
layer1
10
25.5738884
20
9.9572326
11
25.7419289
21
9.969438
0
LINE
8
layer1
10
25.7419289
20
9.969438
11
25.9240305
21
9.9788194
0
LINE
8
layer1
10
25.9240305
20
9.9788194
11
26.1169924
21
9.9846895
0
LINE
8
layer1
10
26.1169924
20
9.9846895
11
26.3190353
21
9.9866145
0
LINE
8
layer1
10
26.3190353
20
9.9866145
11
26.5360852
21
9.9841374
0
LINE
8
layer1
10
26.5360852
20
9.9841374
11
26.7623981
21
9.9768055
0
LINE
8
layer1
10
26.7623981
20
9.9768055
11
27.0001844
21
9.9641164
0
LINE
8
layer1
10
27.0001844
20
9.9641164
11
27.2409987
21
9.9462491
0
ARC
8
layer1
10
-0.0000017
20
-0.0000014
40
29
50
18.513252
51
20.0581796
0
LINE
8
layer1
10
27.4992553
20
9.2081942
11
27.3221192
21
9.0440797
0
LINE
8
layer1
10
27.3221192
20
9.0440797
11
27.1441218
21
8.8859017
0
LINE
8
layer1
10
27.1441218
20
8.8859017
11
26.9717547
21
8.7390656
0
LINE
8
layer1
10
26.9717547
20
8.7390656
11
26.8036027
21
8.6018005
0
LINE
8
layer1
10
26.8036027
20
8.6018005
11
26.644439
21
8.4773338
0
LINE
8
layer1
10
26.644439
20
8.4773338
11
26.4899153
21
8.3616135
0
LINE
8
layer1
10
26.4899153
20
8.3616135
11
26.3416934
21
8.2554097
0
LINE
8
layer1
10
26.3416934
20
8.2554097
11
26.2027041
21
8.1601807
0
LINE
8
layer1
10
26.2027041
20
8.1601807
11
26.071624
21
8.0743069
0
LINE
8
layer1
10
26.071624
20
8.0743069
11
25.8802494
21
7.955338
0
LINE
8
layer1
10
25.8802494
20
7.955338
11
25.8376108
21
7.9236663
0
LINE
8
layer1
10
25.8376108
20
7.9236663
11
25.8075831
21
7.8939523
0
LINE
8
layer1
10
25.8075831
20
7.8939523
11
25.7900829
21
7.8667026
0
LINE
8
layer1
10
25.7900829
20
7.8667026
11
25.7849729
21
7.8424293
0
LINE
8
layer1
10
25.7849729
20
7.8424293
11
25.7969266
21
7.7990949
0
LINE
8
layer1
10
25.7969266
20
7.7990949
11
25.8967218
21
7.460717
0
LINE
8
layer1
10
25.8967218
20
7.460717
11
25.9922506
21
7.12111
0
LINE
8
layer1
10
25.9922506
20
7.12111
11
26.0051844
21
7.078058
0
LINE
8
layer1
10
26.0051844
20
7.078058
11
26.0224254
21
7.0602239
0
LINE
8
layer1
10
26.0224254
20
7.0602239
11
26.051741
21
7.0464616
0
LINE
8
layer1
10
26.051741
20
7.0464616
11
26.092975
21
7.0372777
0
LINE
8
layer1
10
26.092975
20
7.0372777
11
26.1459284
21
7.0331456
0
LINE
8
layer1
10
26.1459284
20
7.0331456
11
26.3712652
21
7.0342292
0
LINE
8
layer1
10
26.3712652
20
7.0342292
11
26.5279415
21
7.0312566
0
LINE
8
layer1
10
26.5279415
20
7.0312566
11
26.696292
21
7.0245707
0
LINE
8
layer1
10
26.696292
20
7.0245707
11
26.8782989
21
7.0135041
0
LINE
8
layer1
10
26.8782989
20
7.0135041
11
27.0707048
21
6.9977325
0
LINE
8
layer1
10
27.0707048
20
6.9977325
11
27.2716928
21
6.9770238
0
LINE
8
layer1
10
27.2716928
20
6.9770238
11
27.4871006
21
6.9502603
0
LINE
8
layer1
10
27.4871006
20
6.9502603
11
27.7111696
21
6.9176355
0
LINE
8
layer1
10
27.7111696
20
6.9176355
11
27.94604
21
6.8784027
0
LINE
8
layer1
10
27.94604
20
6.8784027
11
28.1833396
21
6.833685
0
ARC
8
layer1
10
-0.0000018
20
-0.0000012
40
29
50
12.0846805
51
13.6296081
0
LINE
8
layer1
10
28.3573364
20
6.0713553
11
28.1629391
21
5.9281057
0
LINE
8
layer1
10
28.1629391
20
5.9281057
11
27.9683506
21
5.7908516
0
LINE
8
layer1
10
27.9683506
20
5.7908516
11
27.7806269
21
5.6642378
0
LINE
8
layer1
10
27.7806269
20
5.6642378
11
27.5981634
21
5.5466628
0
LINE
8
layer1
10
27.5981634
20
5.5466628
11
27.4260646
21
5.4407995
0
LINE
8
layer1
10
27.4260646
20
5.4407995
11
27.2595559
21
5.3431079
0
LINE
8
layer1
10
27.2595559
20
5.3431079
11
27.1003749
21
5.2541675
0
LINE
8
layer1
10
27.1003749
20
5.2541675
11
26.9515973
21
5.1750992
0
LINE
8
layer1
10
26.9515973
20
5.1750992
11
26.8117266
21
5.1044416
0
LINE
8
layer1
10
26.8117266
20
5.1044416
11
26.6082351
21
5.0076479
0
LINE
8
layer1
10
26.6082351
20
5.0076479
11
26.5623185
21
4.9809494
0
LINE
8
layer1
10
26.5623185
20
4.9809494
11
26.5291527
21
4.9547842
0
LINE
8
layer1
10
26.5291527
20
4.9547842
11
26.5087115
21
4.9296653
0
LINE
8
layer1
10
26.5087115
20
4.9296653
11
26.5009159
21
4.9061168
0
LINE
8
layer1
10
26.5009159
20
4.9061168
11
26.5079425
21
4.8617164
0
LINE
8
layer1
10
26.5079425
20
4.8617164
11
26.5692239
21
4.5142927
0
LINE
8
layer1
10
26.5692239
20
4.5142927
11
26.6261282
21
4.1661253
0
LINE
8
layer1
10
26.6261282
20
4.1661253
11
26.6341604
21
4.1218958
0
LINE
8
layer1
10
26.6341604
20
4.1218958
11
26.6492961
21
4.1022435
0
LINE
8
layer1
10
26.6492961
20
4.1022435
11
26.6768865
21
4.0852854
0
LINE
8
layer1
10
26.6768865
20
4.0852854
11
26.7168329
21
4.0715425
0
LINE
8
layer1
10
26.7168329
20
4.0715425
11
26.7689908
21
4.0615075
0
LINE
8
layer1
10
26.7689908
20
4.0615075
11
26.993032
21
4.0373546
0
LINE
8
layer1
10
26.993032
20
4.0373546
11
27.1483903
21
4.0168584
0
LINE
8
layer1
10
27.1483903
20
4.0168584
11
27.3149337
21
3.9913653
0
LINE
8
layer1
10
27.3149337
20
3.9913653
11
27.4945571
21
3.95999
0
LINE
8
layer1
10
27.4945571
20
3.95999
11
27.6839873
21
3.922775
0
LINE
8
layer1
10
27.6839873
20
3.922775
11
27.881393
21
3.8796929
0
LINE
8
layer1
10
27.881393
20
3.8796929
11
28.0924498
21
3.8289797
0
LINE
8
layer1
10
28.0924498
20
3.8289797
11
28.311457
21
3.7714723
0
LINE
8
layer1
10
28.311457
20
3.7714723
11
28.5404579
21
3.706189
0
LINE
8
layer1
10
28.5404579
20
3.706189
11
28.7712586
21
3.6351834
0
ARC
8
layer1
10
-0.000002
20
-9e-7
40
29
50
5.656109
51
7.2010366
0
LINE
8
layer1
10
28.8588075
20
2.8581656
11
28.6495936
21
2.7375823
0
LINE
8
layer2
10
27.5489749
20
-4.3396711
11
27.7509531
21
-4.2135436
0
LINE
8
layer2
10
27.7509531
20
-4.2135436
11
27.9454808
21
-4.0976547
0
LINE
8
layer2
10
27.9454808
20
-4.0976547
11
28.1342498
21
-3.9904955
0
LINE
8
layer2
10
28.1342498
20
-3.9904955
11
28.3120136
21
-3.8944484
0
LINE
8
layer2
10
28.3120136
20
-3.8944484
11
28.4837379
21
-3.8062467
0
LINE
8
layer2
10
28.4837379
20
-3.8062467
11
28.6476554
21
-3.7263716
0
LINE
8
layer2
10
28.6476554
20
-3.7263716
11
28.8006324
21
-3.6557697
0
LINE
8
layer2
10
28.8006324
20
-3.6557697
11
28.9442448
21
-3.5930659
0
LINE
8
layer2
10
28.9442448
20
-3.5930659
11
29.1528435
21
-3.5078343
0
LINE
8
layer2
10
29.1528435
20
-3.5078343
11
29.2001849
21
-3.4837524
0
LINE
8
layer2
10
29.2001849
20
-3.4837524
11
29.2347656
21
-3.459488
0
LINE
8
layer2
10
29.2347656
20
-3.459488
11
29.2565831
21
-3.4355547
0
LINE
8
layer2
10
29.2565831
20
-3.4355547
11
29.2656868
21
-3.4124803
0
LINE
8
layer2
10
29.2656868
20
-3.4124803
11
29.2611608
21
-3.3677559
0
LINE
8
layer2
10
29.2611608
20
-3.3677559
11
29.2194559
21
-3.0174426
0
LINE
8
layer2
10
29.2194559
20
-3.0174426
11
29.1821632
21
-2.6666323
0
LINE
8
layer2
10
29.1821632
20
-2.6666323
11
29.1766236
21
-2.622022
0
LINE
8
layer2
10
29.1766236
20
-2.622022
11
29.1626135
21
-2.6015519
0
LINE
8
layer2
10
29.1626135
20
-2.6015519
11
29.1360174
21
-2.5830736
0
LINE
8
layer2
10
29.1360174
20
-2.5830736
11
29.0969044
21
-2.5671125
0
LINE
8
layer2
10
29.0969044
20
-2.5671125
11
29.0453912
21
-2.5541687
0
LINE
8
layer2
10
29.0453912
20
-2.5541687
11
28.8230567
21
-2.5174917
0
LINE
8
layer2
10
28.8230567
20
-2.5174917
11
28.6690921
21
-2.4883168
0
LINE
8
layer2
10
28.6690921
20
-2.4883168
11
28.5042401
21
-2.4535256
0
LINE
8
layer2
10
28.5042401
20
-2.4535256
11
28.3266585
21
-2.4121281
0
LINE
8
layer2
10
28.3266585
20
-2.4121281
11
28.139613
21
-2.3643502
0
LINE
8
layer2
10
28.139613
20
-2.3643502
11
27.9449335
21
-2.3102673
0
LINE
8
layer2
10
27.9449335
20
-2.3102673
11
27.7370522
21
-2.2477998
0
LINE
8
layer2
10
27.7370522
20
-2.2477998
11
27.521614
21
-2.178103
0
LINE
8
layer2
10
27.521614
20
-2.178103
11
27.2966339
21
-2.1000822
0
LINE
8
layer2
10
27.2966339
20
-2.1000822
11
27.0701775
21
-2.0162472
0
ARC
8
layer2
10
56.0000021
20
-4e-7
40
29
50
182.4418208
51
183.9867484
0
LINE
8
layer2
10
27.0263341
20
-1.2355429
11
27.24198
21
-1.12688
0
LINE
8
layer2
10
27.24198
20
-1.12688
11
27.45681
21
-1.02416
0
LINE
8
layer2
10
27.45681
20
-1.02416
11
27.66309
21
-0.93078
0
LINE
8
layer2
10
27.66309
20
-0.93078
11
27.86267
21
-0.84543
0
LINE
8
layer2
10
27.86267
20
-0.84543
11
28.05007
21
-0.76989
0
LINE
8
layer2
10
28.05007
20
-0.76989
11
28.23059
21
-0.70147
0
LINE
8
layer2
10
28.23059
20
-0.70147
11
28.40242
21
-0.64045
0
LINE
8
layer2
10
28.40242
20
-0.64045
11
28.56234
21
-0.58742
0
LINE
8
layer2
10
28.56234
20
-0.58742
11
28.71207
21
-0.54119
0
LINE
8
layer2
10
28.71207
20
-0.54119
11
28.9289
21
-0.47985
0
LINE
8
layer2
10
28.9289
20
-0.47985
11
28.97864
21
-0.46122
0
LINE
8
layer2
10
28.97864
20
-0.46122
11
29.01572
21
-0.44098
0
LINE
8
layer2
10
29.01572
20
-0.44098
11
29.04008
21
-0.41964
0
LINE
8
layer2
10
29.04008
20
-0.41964
11
29.05171
21
-0.39773
0
LINE
8
layer2
10
29.05171
20
-0.39773
11
29.05222
21
-0.35278
0
LINE
8
layer2
10
29.05222
20
-0.35278
11
29.05
21
0
0
LINE
8
layer2
10
29.05
20
0
11
29.05222
21
0.35278
0
LINE
8
layer2
10
29.05222
20
0.35278
11
29.05171
21
0.39773
0
LINE
8
layer2
10
29.05171
20
0.39773
11
29.04008
21
0.41964
0
LINE
8
layer2
10
29.04008
20
0.41964
11
29.01572
21
0.44098
0
LINE
8
layer2
10
29.01572
20
0.44098
11
28.97864
21
0.46122
0
LINE
8
layer2
10
28.97864
20
0.46122
11
28.9289
21
0.47985
0
LINE
8
layer2
10
28.9289
20
0.47985
11
28.71207
21
0.54119
0
LINE
8
layer2
10
28.71207
20
0.54119
11
28.56234
21
0.58742
0
LINE
8
layer2
10
28.56234
20
0.58742
11
28.40242
21
0.64045
0
LINE
8
layer2
10
28.40242
20
0.64045
11
28.23059
21
0.70147
0
LINE
8
layer2
10
28.23059
20
0.70147
11
28.05007
21
0.76989
0
LINE
8
layer2
10
28.05007
20
0.76989
11
27.86267
21
0.84543
0
LINE
8
layer2
10
27.86267
20
0.84543
11
27.66309
21
0.93078
0
LINE
8
layer2
10
27.66309
20
0.93078
11
27.45681
21
1.02416
0
LINE
8
layer2
10
27.45681
20
1.02416
11
27.24198
21
1.12688
0
LINE
8
layer2
10
27.24198
20
1.12688
11
27.0263341
21
1.2355429
0
ARC
8
layer2
10
56.0000021
20
3e-7
40
29
50
176.0132514
51
177.558179
0
LINE
8
layer2
10
27.0701775
20
2.0162472
11
27.2966339
21
2.1000822
0
LINE
8
layer2
10
27.2966339
20
2.1000822
11
27.521614
21
2.178103
0
LINE
8
layer2
10
27.521614
20
2.178103
11
27.7370522
21
2.2477998
0
LINE
8
layer2
10
27.7370522
20
2.2477998
11
27.9449335
21
2.3102673
0
LINE
8
layer2
10
27.9449335
20
2.3102673
11
28.139613
21
2.3643502
0
LINE
8
layer2
10
28.139613
20
2.3643502
11
28.3266585
21
2.4121281
0
LINE
8
layer2
10
28.3266585
20
2.4121281
11
28.5042401
21
2.4535256
0
LINE
8
layer2
10
28.5042401
20
2.4535256
11
28.6690921
21
2.4883168
0
LINE
8
layer2
10
28.6690921
20
2.4883168
11
28.8230567
21
2.5174917
0
LINE
8
layer2
10
28.8230567
20
2.5174917
11
29.0453912
21
2.5541687
0
LINE
8
layer2
10
29.0453912
20
2.5541687
11
29.0969044
21
2.5671125
0
LINE
8
layer2
10
29.0969044
20
2.5671125
11
29.1360174
21
2.5830736
0
LINE
8
layer2
10
29.1360174
20
2.5830736
11
29.1626135
21
2.6015519
0
LINE
8
layer2
10
29.1626135
20
2.6015519
11
29.1766236
21
2.622022
0
LINE
8
layer2
10
29.1766236
20
2.622022
11
29.1821632
21
2.6666323
0
LINE
8
layer2
10
29.1821632
20
2.6666323
11
29.2194559
21
3.0174426
0
LINE
8
layer2
10
29.2194559
20
3.0174426
11
29.2611608
21
3.3677559
0
LINE
8
layer2
10
29.2611608
20
3.3677559
11
29.2656868
21
3.4124803
0
LINE
8
layer2
10
29.2656868
20
3.4124803
11
29.2565831
21
3.4355547
0
LINE
8
layer2
10
29.2565831
20
3.4355547
11
29.2347656
21
3.459488
0
LINE
8
layer2
10
29.2347656
20
3.459488
11
29.2001849
21
3.4837524
0
LINE
8
layer2
10
29.2001849
20
3.4837524
11
29.1528435
21
3.5078343
0
LINE
8
layer2
10
29.1528435
20
3.5078343
11
28.9442448
21
3.5930659
0
LINE
8
layer2
10
28.9442448
20
3.5930659
11
28.8006324
21
3.6557697
0
LINE
8
layer2
10
28.8006324
20
3.6557697
11
28.6476554
21
3.7263716
0
LINE
8
layer2
10
28.6476554
20
3.7263716
11
28.4837379
21
3.8062467
0
LINE
8
layer2
10
28.4837379
20
3.8062467
11
28.3120136
21
3.8944484
0
LINE
8
layer2
10
28.3120136
20
3.8944484
11
28.1342498
21
3.9904955
0
LINE
8
layer2
10
28.1342498
20
3.9904955
11
27.9454808
21
4.0976547
0
LINE
8
layer2
10
27.9454808
20
4.0976547
11
27.7509531
21
4.2135436
0
LINE
8
layer2
10
27.7509531
20
4.2135436
11
27.5489749
21
4.3396711
0
LINE
8
layer2
10
27.5489749
20
4.3396711
11
27.3468514
21
4.4717954
0
ARC
8
layer2
10
56.000002
20
-9e-7
40
29
50
169.584678
51
171.1296056
0
LINE
8
layer2
10
27.4778302
20
5.2426819
11
27.7122492
21
5.3006347
0
LINE
8
layer2
10
27.7122492
20
5.3006347
11
27.9445503
21
5.3529751
0
LINE
8
layer2
10
27.9445503
20
5.3529751
11
28.1664375
21
5.3981123
0
LINE
8
layer2
10
28.1664375
20
5.3981123
11
28.3800057
21
5.4369116
0
LINE
8
layer2
10
28.3800057
20
5.4369116
11
28.5795165
21
5.4688573
0
LINE
8
layer2
10
28.5795165
20
5.4688573
11
28.7707353
21
5.4953924
0
LINE
8
layer2
10
28.7707353
20
5.4953924
11
28.9518354
21
5.5166467
0
LINE
8
layer2
10
28.9518354
20
5.5166467
11
29.1195462
21
5.5327616
0
LINE
8
layer2
10
29.1195462
20
5.5327616
11
29.2758093
21
5.5445144
0
LINE
8
layer2
10
29.2758093
20
5.5445144
11
29.5008523
21
5.5560673
0
LINE
8
layer2
10
29.5008523
20
5.5560673
11
29.5534908
21
5.563162
0
LINE
8
layer2
10
29.5534908
20
5.563162
11
29.594145
21
5.5746435
0
LINE
8
layer2
10
29.594145
20
5.5746435
11
29.6226428
21
5.5900278
0
LINE
8
layer2
10
29.6226428
20
5.5900278
11
29.6388566
21
5.6088006
0
LINE
8
layer2
10
29.6388566
20
5.6088006
11
29.6493562
21
5.6525101
0
LINE
8
layer2
10
29.6493562
20
5.6525101
11
29.7256928
21
5.9969392
0
LINE
8
layer2
10
29.7256928
20
5.9969392
11
29.806358
21
6.3403802
0
LINE
8
layer2
10
29.806358
20
6.3403802
11
29.8158631
21
6.3843167
0
LINE
8
layer2
10
29.8158631
20
6.3843167
11
29.8094002
21
6.4082653
0
LINE
8
layer2
10
29.8094002
20
6.4082653
11
29.7903995
21
6.4344909
0
LINE
8
layer2
10
29.7903995
20
6.4344909
11
29.758753
21
6.4624745
0
LINE
8
layer2
10
29.758753
20
6.4624745
11
29.7144057
21
6.4917056
0
LINE
8
layer2
10
29.7144057
20
6.4917056
11
29.5166615
21
6.5997569
0
LINE
8
layer2
10
29.5166615
20
6.5997569
11
29.3809727
21
6.6781459
0
LINE
8
layer2
10
29.3809727
20
6.6781459
11
29.2368625
21
6.7654319
0
LINE
8
layer2
10
29.2368625
20
6.7654319
11
29.0829188
21
6.8631577
0
LINE
8
layer2
10
29.0829188
20
6.8631577
11
28.9221497
21
6.9700318
0
LINE
8
layer2
10
28.9221497
20
6.9700318
11
28.7562575
21
7.0853783
0
LINE
8
layer2
10
28.7562575
20
7.0853783
11
28.5806735
21
7.2129991
0
LINE
8
layer2
10
28.5806735
20
7.2129991
11
28.4003444
21
7.3499395
0
LINE
8
layer2
10
28.4003444
20
7.3499395
11
28.213758
21
7.4978882
0
LINE
8
layer2
10
28.213758
20
7.4978882
11
28.0276986
21
7.6518125
0
ARC
8
layer2
10
56.0000023
20
7e-7
40
29
50
163.1561101
51
164.7010378
0
LINE
8
layer2
10
28.2441658
20
8.4031868
11
28.4835994
21
8.4345286
0
LINE
8
layer2
10
28.4835994
20
8.4345286
11
28.7203002
21
8.4605305
0
LINE
8
layer2
10
28.7203002
20
8.4605305
11
28.9458459
21
8.4805403
0
LINE
8
layer2
10
28.9458459
20
8.4805403
11
29.1624154
21
8.4951837
0
LINE
8
layer2
10
29.1624154
20
8.4951837
11
29.3642484
21
8.5045903
0
LINE
8
layer2
10
29.3642484
20
8.5045903
11
29.557236
21
8.5095488
0
LINE
8
layer2
10
29.557236
20
8.5095488
11
29.7395771
21
8.5103928
0
LINE
8
layer2
10
29.7395771
20
8.5103928
11
29.9080376
21
8.5076287
0
LINE
8
layer2
10
29.9080376
20
8.5076287
11
30.064634
21
8.5018117
0
LINE
8
layer2
10
30.064634
20
8.5018117
11
30.2895556
21
8.4880951
0
LINE
8
layer2
10
30.2895556
20
8.4880951
11
30.3426574
21
8.4892516
0
LINE
8
layer2
10
30.3426574
20
8.4892516
11
30.3843415
21
8.496109
0
LINE
8
layer2
10
30.3843415
20
8.496109
11
30.4143826
21
8.5082059
0
LINE
8
layer2
10
30.4143826
20
8.5082059
11
30.4325964
21
8.5250452
0
LINE
8
layer2
10
30.4325964
20
8.5250452
11
30.4479238
21
8.5673043
0
LINE
8
layer2
10
30.4479238
20
8.5673043
11
30.5623442
21
8.9010207
0
LINE
8
layer2
10
30.5623442
20
8.9010207
11
30.6809555
21
9.2332707
0
LINE
8
layer2
10
30.6809555
20
9.2332707
11
30.6953202
21
9.2758667
0
LINE
8
layer2
10
30.6953202
20
9.2758667
11
30.6915792
21
9.3003883
0
LINE
8
layer2
10
30.6915792
20
9.3003883
11
30.6756344
21
9.3285764
0
LINE
8
layer2
10
30.6756344
20
9.3285764
11
30.64732
21
9.3599273
0
LINE
8
layer2
10
30.64732
20
9.3599273
11
30.6065244
21
9.3939399
0
LINE
8
layer2
10
30.6065244
20
9.3939399
11
30.4221215
21
9.5234521
0
LINE
8
layer2
10
30.4221215
20
9.5234521
11
30.2960626
21
9.6165406
0
LINE
8
layer2
10
30.2960626
20
9.6165406
11
30.1626315
21
9.7194129
0
LINE
8
layer2
10
30.1626315
20
9.7194129
11
30.0205977
21
9.8337605
0
LINE
8
layer2
10
30.0205977
20
9.8337605
11
29.8728055
21
9.957963
0
LINE
8
layer2
10
29.8728055
20
9.957963
11
29.7208711
21
10.0911582
0
LINE
8
layer2
10
29.7208711
20
10.0911582
11
29.5606802
21
10.2376358
0
LINE
8
layer2
10
29.5606802
20
10.2376358
11
29.3968174
21
10.3939056
0
LINE
8
layer2
10
29.3968174
20
10.3939056
11
29.2279692
21
10.5618151
0
LINE
8
layer2
10
29.2279692
20
10.5618151
11
29.0603137
21
10.7356036
0
ARC
8
layer2
10
56.0000012
20
-0.0000025
40
29
50
156.7275325
51
158.2724601
0
LINE
8
layer2
10
29.3595471
20
11.4580168
11
29.6009844
21
11.4623534
0
LINE
8
layer2
10
29.6009844
20
11.4623534
11
29.839108
21
11.4616897
0
LINE
8
layer2
10
29.839108
20
11.4616897
11
30.065476
21
11.4563207
0
LINE
8
layer2
10
30.065476
20
11.4563207
11
30.2823233
21
11.4466238
0
LINE
8
layer2
10
30.2823233
20
11.4466238
11
30.4839405
21
11.4333732
0
LINE
8
layer2
10
30.4839405
20
11.4333732
11
30.6762697
21
11.4166928
0
LINE
8
layer2
10
30.6762697
20
11.4166928
11
30.8575587
21
11.3971157
0
LINE
8
layer2
10
30.8575587
20
11.3971157
11
31.0246505
21
11.3755074
0
LINE
8
layer2
10
31.0246505
20
11.3755074
11
31.1796111
21
11.3521938
0
LINE
8
layer2
10
31.1796111
20
11.3521938
11
31.4015826
21
11.3133802
0
LINE
8
layer2
10
31.4015826
20
11.3133802
11
31.45448
21
11.3085839
0
LINE
8
layer2
10
31.45448
20
11.3085839
11
31.4966697
21
11.3107311
0
LINE
8
layer2
10
31.4966697
20
11.3107311
11
31.5278764
21
11.3193883
0
LINE
8
layer2
10
31.5278764
20
11.3193883
11
31.5478611
21
11.3340825
0
LINE
8
layer2
10
31.5478611
20
11.3340825
11
31.5678237
21
11.3743598
0
LINE
8
layer2
10
31.5678237
20
11.3743598
11
31.718889
21
11.6931668
0
LINE
8
layer2
10
31.718889
20
11.6931668
11
31.8739547
21
12.0100473
0
LINE
8
layer2
10
31.8739547
20
12.0100473
11
31.8929982
21
12.0507672
0
LINE
8
layer2
10
31.8929982
20
12.0507672
11
31.8920264
21
12.0755535
0
LINE
8
layer2
10
31.8920264
20
12.0755535
11
31.8793378
21
12.1053496
0
LINE
8
layer2
10
31.8793378
20
12.1053496
11
31.8547117
21
12.1396736
0
LINE
8
layer2
10
31.8547117
20
12.1396736
11
31.8179808
21
12.17804
0
LINE
8
layer2
10
31.8179808
20
12.17804
11
31.6492381
21
12.3273844
0
LINE
8
layer2
10
31.6492381
20
12.3273844
11
31.5343945
21
12.4340016
0
LINE
8
layer2
10
31.5343945
20
12.4340016
11
31.4133204
21
12.5511667
0
LINE
8
layer2
10
31.4133204
20
12.5511667
11
31.2849825
21
12.6806981
0
LINE
8
layer2
10
31.2849825
20
12.6806981
11
31.152026
21
12.8206671
0
LINE
8
layer2
10
31.152026
20
12.8206671
11
31.01596
21
12.9700361
0
LINE
8
layer2
10
31.01596
20
12.9700361
11
30.8731766
21
13.1335283
0
LINE
8
layer2
10
30.8731766
20
13.1335283
11
30.7278408
21
13.3071623
0
LINE
8
layer2
10
30.7278408
20
13.3071623
11
30.5788542
21
13.492921
0
LINE
8
layer2
10
30.5788542
20
13.492921
11
30.431711
21
13.6843882
0
ARC
8
layer2
10
56.0000008
20
-0.0000028
40
29
50
150.2989607
51
151.8438883
0
LINE
8
layer2
10
30.8099475
20
14.3687555
11
31.0503522
21
14.3460325
0
LINE
8
layer2
10
31.0503522
20
14.3460325
11
31.2869043
21
14.3187116
0
LINE
8
layer2
10
31.2869043
20
14.3187116
11
31.5112478
21
14.2880311
0
LINE
8
layer2
10
31.5112478
20
14.2880311
11
31.7256459
21
14.2541161
0
LINE
8
layer2
10
31.7256459
20
14.2541161
11
31.9245117
21
14.2183748
0
LINE
8
layer2
10
31.9245117
20
14.2183748
11
32.113764
21
14.1802652
0
LINE
8
layer2
10
32.113764
20
14.1802652
11
32.2917212
21
14.1405133
0
LINE
8
layer2
10
32.2917212
20
14.1405133
11
32.455343
21
14.1003325
0
LINE
8
layer2
10
32.455343
20
14.1003325
11
32.6067189
21
14.0598154
0
LINE
8
layer2
10
32.6067189
20
14.0598154
11
32.8229489
21
13.9963929
0
LINE
8
layer2
10
32.8229489
20
13.9963929
11
32.8749768
21
13.9857041
0
LINE
8
layer2
10
32.8749768
20
13.9857041
11
32.9171416
21
13.9831141
0
LINE
8
layer2
10
32.9171416
20
13.9831141
11
32.9491214
21
13.9882229
0
LINE
8
layer2
10
32.9491214
20
13.9882229
11
32.9706256
21
14.0005871
0
LINE
8
layer2
10
32.9706256
20
14.0005871
11
32.9949723
21
14.038376
0
LINE
8
layer2
10
32.9949723
20
14.038376
11
33.1807828
21
14.3382645
0
LINE
8
layer2
10
33.1807828
20
14.3382645
11
33.3703528
21
14.6357907
0
LINE
8
layer2
10
33.3703528
20
14.6357907
11
33.3938358
21
14.6741223
0
LINE
8
layer2
10
33.3938358
20
14.6741223
11
33.3956453
21
14.6988616
0
LINE
8
layer2
10
33.3956453
20
14.6988616
11
33.3863726
21
14.729891
0
LINE
8
layer2
10
33.3863726
20
14.729891
11
33.3657444
21
14.7667564
0
LINE
8
layer2
10
33.3657444
20
14.7667564
11
33.3335401
21
14.8089942
0
LINE
8
layer2
10
33.3335401
20
14.8089942
11
33.1825798
21
14.9762927
0
LINE
8
layer2
10
33.1825798
20
14.9762927
11
33.0803956
21
15.095098
0
LINE
8
layer2
10
33.0803956
20
15.095098
11
32.9732011
21
15.2250823
0
LINE
8
layer2
10
32.9732011
20
15.2250823
11
32.8601731
21
15.3681685
0
LINE
8
layer2
10
32.8601731
20
15.3681685
11
32.7437241
21
15.5221438
0
LINE
8
layer2
10
32.7437241
20
15.5221438
11
32.6252377
21
15.6858081
0
LINE
8
layer2
10
32.6252377
20
15.6858081
11
32.5016574
21
15.864259
0
LINE
8
layer2
10
32.5016574
20
15.864259
11
32.3766763
21
16.0530737
0
LINE
8
layer2
10
32.3766763
20
16.0530737
11
32.2494249
21
16.2543457
0
LINE
8
layer2
10
32.2494249
20
16.2543457
11
32.1246444
21
16.4610837
0
ARC
8
layer2
10
56.0000015
20
-0.0000014
40
29
50
143.8703929
51
145.4153205
0
LINE
8
layer2
10
32.5771274
20
17.0987989
11
32.8134764
21
17.0493019
0
LINE
8
layer2
10
32.8134764
20
17.0493019
11
33.0454821
21
16.9956673
0
LINE
8
layer2
10
33.0454821
20
16.9956673
11
33.2649798
21
16.9400613
0
LINE
8
layer2
10
33.2649798
20
16.9400613
11
33.4742326
21
16.8823545
0
LINE
8
layer2
10
33.4742326
20
16.8823545
11
33.6678462
21
16.8245721
0
LINE
8
layer2
10
33.6678462
20
16.8245721
11
33.8516416
21
16.7655126
0
LINE
8
layer2
10
33.8516416
20
16.7655126
11
34.0240291
21
16.7060857
0
LINE
8
layer2
10
34.0240291
20
16.7060857
11
34.1821232
21
16.6478377
0
LINE
8
layer2
10
34.1821232
20
16.6478377
11
34.3280108
21
16.5906267
0
LINE
8
layer2
10
34.3280108
20
16.5906267
11
34.5357802
21
16.5033929
0
LINE
8
layer2
10
34.5357802
20
16.5033929
11
34.5862841
21
16.4869461
0
LINE
8
layer2
10
34.5862841
20
16.4869461
11
34.6278938
21
16.4796513
0
LINE
8
layer2
10
34.6278938
20
16.4796513
11
34.6602445
21
16.4811474
0
LINE
8
layer2
10
34.6602445
20
16.4811474
11
34.6829979
21
16.4910262
0
LINE
8
layer2
10
34.6829979
20
16.4910262
11
34.7114225
21
16.5258515
0
LINE
8
layer2
10
34.7114225
20
16.5258515
11
34.9296415
21
16.8030502
0
LINE
8
layer2
10
34.9296415
20
16.8030502
11
35.1513319
21
17.0774805
0
LINE
8
layer2
10
35.1513319
20
17.0774805
11
35.1789591
21
17.1129418
0
LINE
8
layer2
10
35.1789591
20
17.1129418
11
35.183527
21
17.1373229
0
LINE
8
layer2
10
35.183527
20
17.1373229
11
35.1777869
21
17.1691954
0
LINE
8
layer2
10
35.1777869
20
17.1691954
11
35.161416
21
17.2081387
0
LINE
8
layer2
10
35.161416
20
17.2081387
11
35.1341433
21
17.2537166
0
LINE
8
layer2
10
35.1341433
20
17.2537166
11
35.0028637
21
17.4368654
0
LINE
8
layer2
10
35.0028637
20
17.4368654
11
34.914624
21
17.5663646
0
LINE
8
layer2
10
34.914624
20
17.5663646
11
34.8226572
21
17.7075337
0
LINE
8
layer2
10
34.8226572
20
17.7075337
11
34.7263604
21
17.8623753
0
LINE
8
layer2
10
34.7263604
20
17.8623753
11
34.6278834
21
18.0284206
0
LINE
8
layer2
10
34.6278834
20
18.0284206
11
34.5284666
21
18.2043221
0
LINE
8
layer2
10
34.5284666
20
18.2043221
11
34.4256435
21
18.3954875
0
LINE
8
layer2
10
34.4256435
20
18.3954875
11
34.3225888
21
18.5971084
0
LINE
8
layer2
10
34.3225888
20
18.5971084
11
34.2186728
21
18.8113625
0
LINE
8
layer2
10
34.2186728
20
18.8113625
11
34.1178243
21
19.0307716
0
ARC
8
layer2
10
56.0000024
20
-3e-7
40
29
50
137.4418245
51
138.9867521
0
LINE
8
layer2
10
34.6388636
20
19.6138148
11
34.8681846
21
19.5381665
0
LINE
8
layer2
10
34.8681846
20
19.5381665
11
35.0927263
21
19.4588927
0
LINE
8
layer2
10
35.0927263
20
19.4588927
11
35.3046179
21
19.3790604
0
LINE
8
layer2
10
35.3046179
20
19.3790604
11
35.5060939
21
19.2982876
0
LINE
8
layer2
10
35.5060939
20
19.2982876
11
35.6920205
21
19.2191906
0
LINE
8
layer2
10
35.6920205
20
19.2191906
11
35.8680477
21
19.1399239
0
LINE
8
layer2
10
35.8680477
20
19.1399239
11
36.0326975
21
19.0615694
0
LINE
8
layer2
10
36.0326975
20
19.0615694
11
36.1832759
21
18.9859868
0
LINE
8
layer2
10
36.1832759
20
18.9859868
11
36.3218405
21
18.9128012
0
LINE
8
layer2
10
36.3218405
20
18.9128012
11
36.5185364
21
18.8028532
0
LINE
8
layer2
10
36.5185364
20
18.8028532
11
36.5668813
21
18.7808551
0
LINE
8
layer2
10
36.5668813
20
18.7808551
11
36.6074127
21
18.7689474
0
LINE
8
layer2
10
36.6074127
20
18.7689474
11
36.6397275
21
18.766812
0
LINE
8
layer2
10
36.6397275
20
18.766812
11
36.6634438
21
18.774081
0
LINE
8
layer2
10
36.6634438
20
18.774081
11
36.6955889
21
18.8055048
0
LINE
8
layer2
10
36.6955889
20
18.8055048
11
36.9434722
21
19.0565278
0
LINE
8
layer2
10
36.9434722
20
19.0565278
11
37.1944952
21
19.3044111
0
LINE
8
layer2
10
37.1944952
20
19.3044111
11
37.225919
21
19.3365562
0
LINE
8
layer2
10
37.225919
20
19.3365562
11
37.233188
21
19.3602725
0
LINE
8
layer2
10
37.233188
20
19.3602725
11
37.2310526
21
19.3925873
0
LINE
8
layer2
10
37.2310526
20
19.3925873
11
37.2191449
21
19.4331187
0
LINE
8
layer2
10
37.2191449
20
19.4331187
11
37.1971468
21
19.4814636
0
LINE
8
layer2
10
37.1971468
20
19.4814636
11
37.0871988
21
19.6781595
0
LINE
8
layer2
10
37.0871988
20
19.6781595
11
37.0140132
21
19.8167241
0
LINE
8
layer2
10
37.0140132
20
19.8167241
11
36.9384306
21
19.9673025
0
LINE
8
layer2
10
36.9384306
20
19.9673025
11
36.8600761
21
20.1319523
0
LINE
8
layer2
10
36.8600761
20
20.1319523
11
36.7808094
21
20.3079795
0
LINE
8
layer2
10
36.7808094
20
20.3079795
11
36.7017124
21
20.4939061
0
LINE
8
layer2
10
36.7017124
20
20.4939061
11
36.6209396
21
20.6953821
0
LINE
8
layer2
10
36.6209396
20
20.6953821
11
36.5411073
21
20.9072737
0
LINE
8
layer2
10
36.5411073
20
20.9072737
11
36.4618335
21
21.1318154
0
LINE
8
layer2
10
36.4618335
20
21.1318154
11
36.3861852
21
21.3611364
0
ARC
8
layer2
10
56.0000004
20
-0.0000024
40
29
50
131.0132479
51
132.5581755
0
LINE
8
layer2
10
36.9692284
20
21.8821757
11
37.1886375
21
21.7813272
0
LINE
8
layer2
10
37.1886375
20
21.7813272
11
37.4028916
21
21.6774112
0
LINE
8
layer2
10
37.4028916
20
21.6774112
11
37.6045125
21
21.5743565
0
LINE
8
layer2
10
37.6045125
20
21.5743565
11
37.7956779
21
21.4715334
0
LINE
8
layer2
10
37.7956779
20
21.4715334
11
37.9715794
21
21.3721166
0
LINE
8
layer2
10
37.9715794
20
21.3721166
11
38.1376247
21
21.2736396
0
LINE
8
layer2
10
38.1376247
20
21.2736396
11
38.2924663
21
21.1773428
0
LINE
8
layer2
10
38.2924663
20
21.1773428
11
38.4336354
21
21.085376
0
LINE
8
layer2
10
38.4336354
20
21.085376
11
38.5631346
21
20.9971363
0
LINE
8
layer2
10
38.5631346
20
20.9971363
11
38.7462834
21
20.8658567
0
LINE
8
layer2
10
38.7462834
20
20.8658567
11
38.7918613
21
20.838584
0
LINE
8
layer2
10
38.7918613
20
20.838584
11
38.8308046
21
20.8222131
0
LINE
8
layer2
10
38.8308046
20
20.8222131
11
38.8626771
21
20.816473
0
LINE
8
layer2
10
38.8626771
20
20.816473
11
38.8870582
21
20.8210409
0
LINE
8
layer2
10
38.8870582
20
20.8210409
11
38.9225195
21
20.8486681
0
LINE
8
layer2
10
38.9225195
20
20.8486681
11
39.1969498
21
21.0703585
0
LINE
8
layer2
10
39.1969498
20
21.0703585
11
39.4741485
21
21.2885775
0
LINE
8
layer2
10
39.4741485
20
21.2885775
11
39.5089738
21
21.3170021
0
LINE
8
layer2
10
39.5089738
20
21.3170021
11
39.5188526
21
21.3397555
0
LINE
8
layer2
10
39.5188526
20
21.3397555
11
39.5203487
21
21.3721062
0
LINE
8
layer2
10
39.5203487
20
21.3721062
11
39.5130539
21
21.4137159
0
LINE
8
layer2
10
39.5130539
20
21.4137159
11
39.4966071
21
21.4642198
0
LINE
8
layer2
10
39.4966071
20
21.4642198
11
39.4093733
21
21.6719892
0
LINE
8
layer2
10
39.4093733
20
21.6719892
11
39.3521623
21
21.8178768
0
LINE
8
layer2
10
39.3521623
20
21.8178768
11
39.2939143
21
21.9759709
0
LINE
8
layer2
10
39.2939143
20
21.9759709
11
39.2344874
21
22.1483584
0
LINE
8
layer2
10
39.2344874
20
22.1483584
11
39.1754279
21
22.3321538
0
LINE
8
layer2
10
39.1754279
20
22.3321538
11
39.1176455
21
22.5257674
0
LINE
8
layer2
10
39.1176455
20
22.5257674
11
39.0599387
21
22.7350202
0
LINE
8
layer2
10
39.0599387
20
22.7350202
11
39.0043327
21
22.9545179
0
LINE
8
layer2
10
39.0043327
20
22.9545179
11
38.9506981
21
23.1865236
0
LINE
8
layer2
10
38.9506981
20
23.1865236
11
38.9012011
21
23.4228726
0
ARC
8
layer2
10
56.0000013
20
-0.0000015
40
29
50
124.5846795
51
126.1296071
0
LINE
8
layer2
10
39.5389163
20
23.8753556
11
39.7456543
21
23.7505751
0
LINE
8
layer2
10
39.7456543
20
23.7505751
11
39.9469263
21
23.6233237
0
LINE
8
layer2
10
39.9469263
20
23.6233237
11
40.135741
21
23.4983426
0
LINE
8
layer2
10
40.135741
20
23.4983426
11
40.3141919
21
23.3747623
0
LINE
8
layer2
10
40.3141919
20
23.3747623
11
40.4778562
21
23.2562759
0
LINE
8
layer2
10
40.4778562
20
23.2562759
11
40.6318315
21
23.1398269
0
LINE
8
layer2
10
40.6318315
20
23.1398269
11
40.7749177
21
23.0267989
0
LINE
8
layer2
10
40.7749177
20
23.0267989
11
40.904902
21
22.9196044
0
LINE
8
layer2
10
40.904902
20
22.9196044
11
41.0237073
21
22.8174202
0
LINE
8
layer2
10
41.0237073
20
22.8174202
11
41.1910058
21
22.6664599
0
LINE
8
layer2
10
41.1910058
20
22.6664599
11
41.2332436
21
22.6342556
0
LINE
8
layer2
10
41.2332436
20
22.6342556
11
41.270109
21
22.6136274
0
LINE
8
layer2
10
41.270109
20
22.6136274
11
41.3011384
21
22.6043547
0
LINE
8
layer2
10
41.3011384
20
22.6043547
11
41.3258777
21
22.6061642
0
LINE
8
layer2
10
41.3258777
20
22.6061642
11
41.3642093
21
22.6296472
0
LINE
8
layer2
10
41.3642093
20
22.6296472
11
41.6617355
21
22.8192172
0
LINE
8
layer2
10
41.6617355
20
22.8192172
11
41.961624
21
23.0050277
0
LINE
8
layer2
10
41.961624
20
23.0050277
11
41.9994129
21
23.0293744
0
LINE
8
layer2
10
41.9994129
20
23.0293744
11
42.0117771
21
23.0508786
0
LINE
8
layer2
10
42.0117771
20
23.0508786
11
42.0168859
21
23.0828584
0
LINE
8
layer2
10
42.0168859
20
23.0828584
11
42.0142959
21
23.1250232
0
LINE
8
layer2
10
42.0142959
20
23.1250232
11
42.0036071
21
23.1770511
0
LINE
8
layer2
10
42.0036071
20
23.1770511
11
41.9401846
21
23.3932811
0
LINE
8
layer2
10
41.9401846
20
23.3932811
11
41.8996675
21
23.544657
0
LINE
8
layer2
10
41.8996675
20
23.544657
11
41.8594867
21
23.7082788
0
LINE
8
layer2
10
41.8594867
20
23.7082788
11
41.8197348
21
23.886236
0
LINE
8
layer2
10
41.8197348
20
23.886236
11
41.7816252
21
24.0754883
0
LINE
8
layer2
10
41.7816252
20
24.0754883
11
41.7458839
21
24.2743541
0
LINE
8
layer2
10
41.7458839
20
24.2743541
11
41.7119689
21
24.4887522
0
LINE
8
layer2
10
41.7119689
20
24.4887522
11
41.6812884
21
24.7130957
0
LINE
8
layer2
10
41.6812884
20
24.7130957
11
41.6539675
21
24.9496478
0
LINE
8
layer2
10
41.6539675
20
24.9496478
11
41.6312445
21
25.1900525
0
ARC
8
layer2
10
56.0000028
20
-8e-7
40
29
50
118.1561117
51
119.7010393
0
LINE
8
layer2
10
42.3156118
20
25.568289
11
42.507079
21
25.4211458
0
LINE
8
layer2
10
42.507079
20
25.4211458
11
42.6928377
21
25.2721592
0
LINE
8
layer2
10
42.6928377
20
25.2721592
11
42.8664717
21
25.1268234
0
LINE
8
layer2
10
42.8664717
20
25.1268234
11
43.0299639
21
24.98404
0
LINE
8
layer2
10
43.0299639
20
24.98404
11
43.1793329
21
24.847974
0
LINE
8
layer2
10
43.1793329
20
24.847974
11
43.3193019
21
24.7150175
0
LINE
8
layer2
10
43.3193019
20
24.7150175
11
43.4488333
21
24.5866796
0
LINE
8
layer2
10
43.4488333
20
24.5866796
11
43.5659984
21
24.4656055
0
LINE
8
layer2
10
43.5659984
20
24.4656055
11
43.6726156
21
24.3507619
0
LINE
8
layer2
10
43.6726156
20
24.3507619
11
43.82196
21
24.1820192
0
LINE
8
layer2
10
43.82196
20
24.1820192
11
43.8603264
21
24.1452883
0
LINE
8
layer2
10
43.8603264
20
24.1452883
11
43.8946504
21
24.1206622
0
LINE
8
layer2
10
43.8946504
20
24.1206622
11
43.9244465
21
24.1079736
0
LINE
8
layer2
10
43.9244465
20
24.1079736
11
43.9492328
21
24.1070018
0
LINE
8
layer2
10
43.9492328
20
24.1070018
11
43.9899527
21
24.1260453
0
LINE
8
layer2
10
43.9899527
20
24.1260453
11
44.3068332
21
24.281111
0
LINE
8
layer2
10
44.3068332
20
24.281111
11
44.6256402
21
24.4321763
0
LINE
8
layer2
10
44.6256402
20
24.4321763
11
44.6659175
21
24.4521389
0
LINE
8
layer2
10
44.6659175
20
24.4521389
11
44.6806117
21
24.4721236
0
LINE
8
layer2
10
44.6806117
20
24.4721236
11
44.6892689
21
24.5033303
0
LINE
8
layer2
10
44.6892689
20
24.5033303
11
44.6914161
21
24.54552
0
LINE
8
layer2
10
44.6914161
20
24.54552
11
44.6866198
21
24.5984174
0
LINE
8
layer2
10
44.6866198
20
24.5984174
11
44.6478062
21
24.8203889
0
LINE
8
layer2
10
44.6478062
20
24.8203889
11
44.6244926
21
24.9753495
0
LINE
8
layer2
10
44.6244926
20
24.9753495
11
44.6028843
21
25.1424413
0
LINE
8
layer2
10
44.6028843
20
25.1424413
11
44.5833072
21
25.3237303
0
LINE
8
layer2
10
44.5833072
20
25.3237303
11
44.5666268
21
25.5160595
0
LINE
8
layer2
10
44.5666268
20
25.5160595
11
44.5533762
21
25.7176767
0
LINE
8
layer2
10
44.5533762
20
25.7176767
11
44.5436793
21
25.934524
0
LINE
8
layer2
10
44.5436793
20
25.934524
11
44.5383103
21
26.160892
0
LINE
8
layer2
10
44.5383103
20
26.160892
11
44.5376466
21
26.3990156
0
LINE
8
layer2
10
44.5376466
20
26.3990156
11
44.5419832
21
26.6404529
0
ARC
8
layer2
10
56.0000025
20
-0.0000012
40
29
50
111.7275399
51
113.2724675
0
LINE
8
layer2
10
45.2643964
20
26.9396863
11
45.4381849
21
26.7720308
0
LINE
8
layer2
10
45.4381849
20
26.7720308
11
45.6060944
21
26.6031826
0
LINE
8
layer2
10
45.6060944
20
26.6031826
11
45.7623642
21
26.4393198
0
LINE
8
layer2
10
45.7623642
20
26.4393198
11
45.9088418
21
26.2791289
0
LINE
8
layer2
10
45.9088418
20
26.2791289
11
46.042037
21
26.1271945
0
LINE
8
layer2
10
46.042037
20
26.1271945
11
46.1662395
21
25.9794023
0
LINE
8
layer2
10
46.1662395
20
25.9794023
11
46.2805871
21
25.8373685
0
LINE
8
layer2
10
46.2805871
20
25.8373685
11
46.3834594
21
25.7039374
0
LINE
8
layer2
10
46.3834594
20
25.7039374
11
46.4765479
21
25.5778785
0
LINE
8
layer2
10
46.4765479
20
25.5778785
11
46.6060601
21
25.3934756
0
LINE
8
layer2
10
46.6060601
20
25.3934756
11
46.6400727
21
25.35268
0
LINE
8
layer2
10
46.6400727
20
25.35268
11
46.6714236
21
25.3243656
0
LINE
8
layer2
10
46.6714236
20
25.3243656
11
46.6996117
21
25.3084208
0
LINE
8
layer2
10
46.6996117
20
25.3084208
11
46.7241333
21
25.3046798
0
LINE
8
layer2
10
46.7241333
20
25.3046798
11
46.7667293
21
25.3190445
0
LINE
8
layer2
10
46.7667293
20
25.3190445
11
47.0989793
21
25.4376558
0
LINE
8
layer2
10
47.0989793
20
25.4376558
11
47.4326957
21
25.5520762
0
LINE
8
layer2
10
47.4326957
20
25.5520762
11
47.4749548
21
25.5674036
0
LINE
8
layer2
10
47.4749548
20
25.5674036
11
47.4917941
21
25.5856174
0
LINE
8
layer2
10
47.4917941
20
25.5856174
11
47.503891
21
25.6156585
0
LINE
8
layer2
10
47.503891
20
25.6156585
11
47.5107484
21
25.6573426
0
LINE
8
layer2
10
47.5107484
20
25.6573426
11
47.5119049
21
25.7104444
0
LINE
8
layer2
10
47.5119049
20
25.7104444
11
47.4981883
21
25.935366
0
LINE
8
layer2
10
47.4981883
20
25.935366
11
47.4923713
21
26.0919624
0
LINE
8
layer2
10
47.4923713
20
26.0919624
11
47.4896072
21
26.2604229
0
LINE
8
layer2
10
47.4896072
20
26.2604229
11
47.4904512
21
26.442764
0
LINE
8
layer2
10
47.4904512
20
26.442764
11
47.4954097
21
26.6357516
0
LINE
8
layer2
10
47.4954097
20
26.6357516
11
47.5048163
21
26.8375846
0
LINE
8
layer2
10
47.5048163
20
26.8375846
11
47.5194597
21
27.0541541
0
LINE
8
layer2
10
47.5194597
20
27.0541541
11
47.5394695
21
27.2796998
0
LINE
8
layer2
10
47.5394695
20
27.2796998
11
47.5654714
21
27.5164006
0
LINE
8
layer2
10
47.5654714
20
27.5164006
11
47.5968132
21
27.7558342
0
ARC
8
layer2
10
55.9999994
20
-0.0000023
40
29
50
105.2989622
51
106.8438899
0
LINE
8
layer2
10
48.3481875
20
27.9723014
11
48.5021118
21
27.786242
0
LINE
8
layer2
10
48.5021118
20
27.786242
11
48.6500605
21
27.5996556
0
LINE
8
layer2
10
48.6500605
20
27.5996556
11
48.7870009
21
27.4193265
0
LINE
8
layer2
10
48.7870009
20
27.4193265
11
48.9146217
21
27.2437425
0
LINE
8
layer2
10
48.9146217
20
27.2437425
11
49.0299682
21
27.0778503
0
LINE
8
layer2
10
49.0299682
20
27.0778503
11
49.1368423
21
26.9170812
0
LINE
8
layer2
10
49.1368423
20
26.9170812
11
49.2345681
21
26.7631375
0
LINE
8
layer2
10
49.2345681
20
26.7631375
11
49.3218541
21
26.6190273
0
LINE
8
layer2
10
49.3218541
20
26.6190273
11
49.4002431
21
26.4833385
0
LINE
8
layer2
10
49.4002431
20
26.4833385
11
49.5082944
21
26.2855943
0
LINE
8
layer2
10
49.5082944
20
26.2855943
11
49.5375255
21
26.241247
0
LINE
8
layer2
10
49.5375255
20
26.241247
11
49.5655091
21
26.2096005
0
LINE
8
layer2
10
49.5655091
20
26.2096005
11
49.5917347
21
26.1905998
0
LINE
8
layer2
10
49.5917347
20
26.1905998
11
49.6156833
21
26.1841369
0
LINE
8
layer2
10
49.6156833
20
26.1841369
11
49.6596198
21
26.193642
0
LINE
8
layer2
10
49.6596198
20
26.193642
11
50.0030608
21
26.2743072
0
LINE
8
layer2
10
50.0030608
20
26.2743072
11
50.3474899
21
26.3506438
0
LINE
8
layer2
10
50.3474899
20
26.3506438
11
50.3911994
21
26.3611434
0
LINE
8
layer2
10
50.3911994
20
26.3611434
11
50.4099722
21
26.3773572
0
LINE
8
layer2
10
50.4099722
20
26.3773572
11
50.4253565
21
26.405855
0
LINE
8
layer2
10
50.4253565
20
26.405855
11
50.436838
21
26.4465092
0
LINE
8
layer2
10
50.436838
20
26.4465092
11
50.4439327
21
26.4991477
0
LINE
8
layer2
10
50.4439327
20
26.4991477
11
50.4554856
21
26.7241907
0
LINE
8
layer2
10
50.4554856
20
26.7241907
11
50.4672384
21
26.8804538
0
LINE
8
layer2
10
50.4672384
20
26.8804538
11
50.4833533
21
27.0481646
0
LINE
8
layer2
10
50.4833533
20
27.0481646
11
50.5046076
21
27.2292647
0
LINE
8
layer2
10
50.5046076
20
27.2292647
11
50.5311427
21
27.4204835
0
LINE
8
layer2
10
50.5311427
20
27.4204835
11
50.5630884
21
27.6199943
0
LINE
8
layer2
10
50.5630884
20
27.6199943
11
50.6018877
21
27.8335625
0
LINE
8
layer2
10
50.6018877
20
27.8335625
11
50.6470249
21
28.0554497
0
LINE
8
layer2
10
50.6470249
20
28.0554497
11
50.6993653
21
28.2877508
0
LINE
8
layer2
10
50.6993653
20
28.2877508
11
50.7573181
21
28.5221698
0
ARC
8
layer2
10
56.0000009
20
-0.0000019
40
29
50
98.8703944
51
100.415322
0
LINE
8
layer2
10
51.5282046
20
28.6531486
11
51.6603289
21
28.4510251
0
LINE
8
layer2
10
51.6603289
20
28.4510251
11
51.7864564
21
28.2490469
0
LINE
8
layer2
10
51.7864564
20
28.2490469
11
51.9023453
21
28.0545192
0
LINE
8
layer2
10
51.9023453
20
28.0545192
11
52.0095045
21
27.8657502
0
LINE
8
layer2
10
52.0095045
20
27.8657502
11
52.1055516
21
27.6879864
0
LINE
8
layer2
10
52.1055516
20
27.6879864
11
52.1937533
21
27.5162621
0
LINE
8
layer2
10
52.1937533
20
27.5162621
11
52.2736284
21
27.3523446
0
LINE
8
layer2
10
52.2736284
20
27.3523446
11
52.3442303
21
27.1993676
0
LINE
8
layer2
10
52.3442303
20
27.1993676
11
52.4069341
21
27.0557552
0
LINE
8
layer2
10
52.4069341
20
27.0557552
11
52.4921657
21
26.8471565
0
LINE
8
layer2
10
52.4921657
20
26.8471565
11
52.5162476
21
26.7998151
0
LINE
8
layer2
10
52.5162476
20
26.7998151
11
52.540512
21
26.7652344
0
LINE
8
layer2
10
52.540512
20
26.7652344
11
52.5644453
21
26.7434169
0
LINE
8
layer2
10
52.5644453
20
26.7434169
11
52.5875197
21
26.7343132
0
LINE
8
layer2
10
52.5875197
20
26.7343132
11
52.6322441
21
26.7388392
0
LINE
8
layer2
10
52.6322441
20
26.7388392
11
52.9825574
21
26.7805441
0
LINE
8
layer2
10
52.9825574
20
26.7805441
11
53.3333677
21
26.8178368
0
LINE
8
layer2
10
53.3333677
20
26.8178368
11
53.377978
21
26.8233764
0
LINE
8
layer2
10
53.377978
20
26.8233764
11
53.3984481
21
26.8373865
0
LINE
8
layer2
10
53.3984481
20
26.8373865
11
53.4169264
21
26.8639826
0
LINE
8
layer2
10
53.4169264
20
26.8639826
11
53.4328875
21
26.9030956
0
LINE
8
layer2
10
53.4328875
20
26.9030956
11
53.4458313
21
26.9546088
0
LINE
8
layer2
10
53.4458313
20
26.9546088
11
53.4825083
21
27.1769433
0
LINE
8
layer2
10
53.4825083
20
27.1769433
11
53.5116832
21
27.3309079
0
LINE
8
layer2
10
53.5116832
20
27.3309079
11
53.5464744
21
27.4957599
0
LINE
8
layer2
10
53.5464744
20
27.4957599
11
53.5878719
21
27.6733415
0
LINE
8
layer2
10
53.5878719
20
27.6733415
11
53.6356498
21
27.860387
0
LINE
8
layer2
10
53.6356498
20
27.860387
11
53.6897327
21
28.0550665
0
LINE
8
layer2
10
53.6897327
20
28.0550665
11
53.7522002
21
28.2629478
0
LINE
8
layer2
10
53.7522002
20
28.2629478
11
53.821897
21
28.478386
0
LINE
8
layer2
10
53.821897
20
28.478386
11
53.8999178
21
28.7033661
0
LINE
8
layer2
10
53.8999178
20
28.7033661
11
53.9837528
21
28.9298225
0
ARC
8
layer2
10
55.9999996
20
-0.0000021
40
29
50
92.4418208
51
93.9867484
0
LINE
8
layer2
10
54.7644571
20
28.9736659
11
54.87312
21
28.75802
0
LINE
8
layer2
10
54.87312
20
28.75802
11
54.97584
21
28.54319
0
LINE
8
layer2
10
54.97584
20
28.54319
11
55.06922
21
28.33691
0
LINE
8
layer2
10
55.06922
20
28.33691
11
55.15457
21
28.13733
0
LINE
8
layer2
10
55.15457
20
28.13733
11
55.23011
21
27.94993
0
LINE
8
layer2
10
55.23011
20
27.94993
11
55.29853
21
27.76941
0
LINE
8
layer2
10
55.29853
20
27.76941
11
55.35955
21
27.59758
0
LINE
8
layer2
10
55.35955
20
27.59758
11
55.41258
21
27.43766
0
LINE
8
layer2
10
55.41258
20
27.43766
11
55.45881
21
27.28793
0
LINE
8
layer2
10
55.45881
20
27.28793
11
55.52015
21
27.0711
0
LINE
8
layer2
10
55.52015
20
27.0711
11
55.53878
21
27.02136
0
LINE
8
layer2
10
55.53878
20
27.02136
11
55.55902
21
26.98428
0
LINE
8
layer2
10
55.55902
20
26.98428
11
55.58036
21
26.95992
0
LINE
8
layer2
10
55.58036
20
26.95992
11
55.60227
21
26.94829
0
LINE
8
layer2
10
55.60227
20
26.94829
11
55.64722
21
26.94778
0
LINE
8
layer2
10
55.64722
20
26.94778
11
56
21
26.95
0
LINE
8
layer2
10
56
20
26.95
11
56.35278
21
26.94778
0
LINE
8
layer2
10
56.35278
20
26.94778
11
56.39773
21
26.94829
0
LINE
8
layer2
10
56.39773
20
26.94829
11
56.41964
21
26.95992
0
LINE
8
layer2
10
56.41964
20
26.95992
11
56.44098
21
26.98428
0
LINE
8
layer2
10
56.44098
20
26.98428
11
56.46122
21
27.02136
0
LINE
8
layer2
10
56.46122
20
27.02136
11
56.47985
21
27.0711
0
LINE
8
layer2
10
56.47985
20
27.0711
11
56.54119
21
27.28793
0
LINE
8
layer2
10
56.54119
20
27.28793
11
56.58742
21
27.43766
0
LINE
8
layer2
10
56.58742
20
27.43766
11
56.64045
21
27.59758
0
LINE
8
layer2
10
56.64045
20
27.59758
11
56.70147
21
27.76941
0
LINE
8
layer2
10
56.70147
20
27.76941
11
56.76989
21
27.94993
0
LINE
8
layer2
10
56.76989
20
27.94993
11
56.84543
21
28.13733
0
LINE
8
layer2
10
56.84543
20
28.13733
11
56.93078
21
28.33691
0
LINE
8
layer2
10
56.93078
20
28.33691
11
57.02416
21
28.54319
0
LINE
8
layer2
10
57.02416
20
28.54319
11
57.12688
21
28.75802
0
LINE
8
layer2
10
57.12688
20
28.75802
11
57.2355429
21
28.9736659
0
ARC
8
layer2
10
56.0000003
20
-0.0000021
40
29
50
86.0132514
51
87.558179
0
LINE
8
layer2
10
58.0162472
20
28.9298225
11
58.1000822
21
28.7033661
0
LINE
8
layer2
10
58.1000822
20
28.7033661
11
58.178103
21
28.478386
0
LINE
8
layer2
10
58.178103
20
28.478386
11
58.2477998
21
28.2629478
0
LINE
8
layer2
10
58.2477998
20
28.2629478
11
58.3102673
21
28.0550665
0
LINE
8
layer2
10
58.3102673
20
28.0550665
11
58.3643502
21
27.860387
0
LINE
8
layer2
10
58.3643502
20
27.860387
11
58.4121281
21
27.6733415
0
LINE
8
layer2
10
58.4121281
20
27.6733415
11
58.4535256
21
27.4957599
0
LINE
8
layer2
10
58.4535256
20
27.4957599
11
58.4883168
21
27.3309079
0
LINE
8
layer2
10
58.4883168
20
27.3309079
11
58.5174917
21
27.1769433
0
LINE
8
layer2
10
58.5174917
20
27.1769433
11
58.5541687
21
26.9546088
0
LINE
8
layer2
10
58.5541687
20
26.9546088
11
58.5671125
21
26.9030956
0
LINE
8
layer2
10
58.5671125
20
26.9030956
11
58.5830736
21
26.8639826
0
LINE
8
layer2
10
58.5830736
20
26.8639826
11
58.6015519
21
26.8373865
0
LINE
8
layer2
10
58.6015519
20
26.8373865
11
58.622022
21
26.8233764
0
LINE
8
layer2
10
58.622022
20
26.8233764
11
58.6666323
21
26.8178368
0
LINE
8
layer2
10
58.6666323
20
26.8178368
11
59.0174426
21
26.7805441
0
LINE
8
layer2
10
59.0174426
20
26.7805441
11
59.3677559
21
26.7388392
0
LINE
8
layer2
10
59.3677559
20
26.7388392
11
59.4124803
21
26.7343132
0
LINE
8
layer2
10
59.4124803
20
26.7343132
11
59.4355547
21
26.7434169
0
LINE
8
layer2
10
59.4355547
20
26.7434169
11
59.459488
21
26.7652344
0
LINE
8
layer2
10
59.459488
20
26.7652344
11
59.4837524
21
26.7998151
0
LINE
8
layer2
10
59.4837524
20
26.7998151
11
59.5078343
21
26.8471565
0
LINE
8
layer2
10
59.5078343
20
26.8471565
11
59.5930659
21
27.0557552
0
LINE
8
layer2
10
59.5930659
20
27.0557552
11
59.6557697
21
27.1993676
0
LINE
8
layer2
10
59.6557697
20
27.1993676
11
59.7263716
21
27.3523446
0
LINE
8
layer2
10
59.7263716
20
27.3523446
11
59.8062467
21
27.5162621
0
LINE
8
layer2
10
59.8062467
20
27.5162621
11
59.8944484
21
27.6879864
0
LINE
8
layer2
10
59.8944484
20
27.6879864
11
59.9904955
21
27.8657502
0
LINE
8
layer2
10
59.9904955
20
27.8657502
11
60.0976547
21
28.0545192
0
LINE
8
layer2
10
60.0976547
20
28.0545192
11
60.2135436
21
28.2490469
0
LINE
8
layer2
10
60.2135436
20
28.2490469
11
60.3396711
21
28.4510251
0
LINE
8
layer2
10
60.3396711
20
28.4510251
11
60.4717954
21
28.6531486
0
ARC
8
layer2
10
55.9999991
20
-0.000002
40
29
50
79.584678
51
81.1296056
0
LINE
8
layer2
10
61.2426819
20
28.5221698
11
61.3006347
21
28.2877508
0
LINE
8
layer2
10
61.3006347
20
28.2877508
11
61.3529751
21
28.0554497
0
LINE
8
layer2
10
61.3529751
20
28.0554497
11
61.3981123
21
27.8335625
0
LINE
8
layer2
10
61.3981123
20
27.8335625
11
61.4369116
21
27.6199943
0
LINE
8
layer2
10
61.4369116
20
27.6199943
11
61.4688573
21
27.4204835
0
LINE
8
layer2
10
61.4688573
20
27.4204835
11
61.4953924
21
27.2292647
0
LINE
8
layer2
10
61.4953924
20
27.2292647
11
61.5166467
21
27.0481646
0
LINE
8
layer2
10
61.5166467
20
27.0481646
11
61.5327616
21
26.8804538
0
LINE
8
layer2
10
61.5327616
20
26.8804538
11
61.5445144
21
26.7241907
0
LINE
8
layer2
10
61.5445144
20
26.7241907
11
61.5560673
21
26.4991477
0
LINE
8
layer2
10
61.5560673
20
26.4991477
11
61.563162
21
26.4465092
0
LINE
8
layer2
10
61.563162
20
26.4465092
11
61.5746435
21
26.405855
0
LINE
8
layer2
10
61.5746435
20
26.405855
11
61.5900278
21
26.3773572
0
LINE
8
layer2
10
61.5900278
20
26.3773572
11
61.6088006
21
26.3611434
0
LINE
8
layer2
10
61.6088006
20
26.3611434
11
61.6525101
21
26.3506438
0
LINE
8
layer2
10
61.6525101
20
26.3506438
11
61.9969392
21
26.2743072
0
LINE
8
layer2
10
61.9969392
20
26.2743072
11
62.3403802
21
26.193642
0
LINE
8
layer2
10
62.3403802
20
26.193642
11
62.3843167
21
26.1841369
0
LINE
8
layer2
10
62.3843167
20
26.1841369
11
62.4082653
21
26.1905998
0
LINE
8
layer2
10
62.4082653
20
26.1905998
11
62.4344909
21
26.2096005
0
LINE
8
layer2
10
62.4344909
20
26.2096005
11
62.4624745
21
26.241247
0
LINE
8
layer2
10
62.4624745
20
26.241247
11
62.4917056
21
26.2855943
0
LINE
8
layer2
10
62.4917056
20
26.2855943
11
62.5997569
21
26.4833385
0
LINE
8
layer2
10
62.5997569
20
26.4833385
11
62.6781459
21
26.6190273
0
LINE
8
layer2
10
62.6781459
20
26.6190273
11
62.7654319
21
26.7631375
0
LINE
8
layer2
10
62.7654319
20
26.7631375
11
62.8631577
21
26.9170812
0
LINE
8
layer2
10
62.8631577
20
26.9170812
11
62.9700318
21
27.0778503
0
LINE
8
layer2
10
62.9700318
20
27.0778503
11
63.0853783
21
27.2437425
0
LINE
8
layer2
10
63.0853783
20
27.2437425
11
63.2129991
21
27.4193265
0
LINE
8
layer2
10
63.2129991
20
27.4193265
11
63.3499395
21
27.5996556
0
LINE
8
layer2
10
63.3499395
20
27.5996556
11
63.4978882
21
27.786242
0
LINE
8
layer2
10
63.4978882
20
27.786242
11
63.6518125
21
27.9723014
0
ARC
8
layer2
10
56.0000007
20
-0.0000023
40
29
50
73.1561101
51
74.7010378
0
LINE
8
layer2
10
64.4031868
20
27.7558342
11
64.4345286
21
27.5164006
0
LINE
8
layer2
10
64.4345286
20
27.5164006
11
64.4605305
21
27.2796998
0
LINE
8
layer2
10
64.4605305
20
27.2796998
11
64.4805403
21
27.0541541
0
LINE
8
layer2
10
64.4805403
20
27.0541541
11
64.4951837
21
26.8375846
0
LINE
8
layer2
10
64.4951837
20
26.8375846
11
64.5045903
21
26.6357516
0
LINE
8
layer2
10
64.5045903
20
26.6357516
11
64.5095488
21
26.442764
0
LINE
8
layer2
10
64.5095488
20
26.442764
11
64.5103928
21
26.2604229
0
LINE
8
layer2
10
64.5103928
20
26.2604229
11
64.5076287
21
26.0919624
0
LINE
8
layer2
10
64.5076287
20
26.0919624
11
64.5018117
21
25.935366
0
LINE
8
layer2
10
64.5018117
20
25.935366
11
64.4880951
21
25.7104444
0
LINE
8
layer2
10
64.4880951
20
25.7104444
11
64.4892516
21
25.6573426
0
LINE
8
layer2
10
64.4892516
20
25.6573426
11
64.496109
21
25.6156585
0
LINE
8
layer2
10
64.496109
20
25.6156585
11
64.5082059
21
25.5856174
0
LINE
8
layer2
10
64.5082059
20
25.5856174
11
64.5250452
21
25.5674036
0
LINE
8
layer2
10
64.5250452
20
25.5674036
11
64.5673043
21
25.5520762
0
LINE
8
layer2
10
64.5673043
20
25.5520762
11
64.9010207
21
25.4376558
0
LINE
8
layer2
10
64.9010207
20
25.4376558
11
65.2332707
21
25.3190445
0
LINE
8
layer2
10
65.2332707
20
25.3190445
11
65.2758667
21
25.3046798
0
LINE
8
layer2
10
65.2758667
20
25.3046798
11
65.3003883
21
25.3084208
0
LINE
8
layer2
10
65.3003883
20
25.3084208
11
65.3285764
21
25.3243656
0
LINE
8
layer2
10
65.3285764
20
25.3243656
11
65.3599273
21
25.35268
0
LINE
8
layer2
10
65.3599273
20
25.35268
11
65.3939399
21
25.3934756
0
LINE
8
layer2
10
65.3939399
20
25.3934756
11
65.5234521
21
25.5778785
0
LINE
8
layer2
10
65.5234521
20
25.5778785
11
65.6165406
21
25.7039374
0
LINE
8
layer2
10
65.6165406
20
25.7039374
11
65.7194129
21
25.8373685
0
LINE
8
layer2
10
65.7194129
20
25.8373685
11
65.8337605
21
25.9794023
0
LINE
8
layer2
10
65.8337605
20
25.9794023
11
65.957963
21
26.1271945
0
LINE
8
layer2
10
65.957963
20
26.1271945
11
66.0911582
21
26.2791289
0
LINE
8
layer2
10
66.0911582
20
26.2791289
11
66.2376358
21
26.4393198
0
LINE
8
layer2
10
66.2376358
20
26.4393198
11
66.3939056
21
26.6031826
0
LINE
8
layer2
10
66.3939056
20
26.6031826
11
66.5618151
21
26.7720308
0
LINE
8
layer2
10
66.5618151
20
26.7720308
11
66.7356036
21
26.9396863
0
ARC
8
layer2
10
55.9999975
20
-0.0000012
40
29
50
66.7275325
51
68.2724601
0
LINE
8
layer2
10
67.4580168
20
26.6404529
11
67.4623534
21
26.3990156
0
LINE
8
layer2
10
67.4623534
20
26.3990156
11
67.4616897
21
26.160892
0
LINE
8
layer2
10
67.4616897
20
26.160892
11
67.4563207
21
25.934524
0
LINE
8
layer2
10
67.4563207
20
25.934524
11
67.4466238
21
25.7176767
0
LINE
8
layer2
10
67.4466238
20
25.7176767
11
67.4333732
21
25.5160595
0
LINE
8
layer2
10
67.4333732
20
25.5160595
11
67.4166928
21
25.3237303
0
LINE
8
layer2
10
67.4166928
20
25.3237303
11
67.3971157
21
25.1424413
0
LINE
8
layer2
10
67.3971157
20
25.1424413
11
67.3755074
21
24.9753495
0
LINE
8
layer2
10
67.3755074
20
24.9753495
11
67.3521938
21
24.8203889
0
LINE
8
layer2
10
67.3521938
20
24.8203889
11
67.3133802
21
24.5984174
0
LINE
8
layer2
10
67.3133802
20
24.5984174
11
67.3085839
21
24.54552
0
LINE
8
layer2
10
67.3085839
20
24.54552
11
67.3107311
21
24.5033303
0
LINE
8
layer2
10
67.3107311
20
24.5033303
11
67.3193883
21
24.4721236
0
LINE
8
layer2
10
67.3193883
20
24.4721236
11
67.3340825
21
24.4521389
0
LINE
8
layer2
10
67.3340825
20
24.4521389
11
67.3743598
21
24.4321763
0
LINE
8
layer2
10
67.3743598
20
24.4321763
11
67.6931668
21
24.281111
0
LINE
8
layer2
10
67.6931668
20
24.281111
11
68.0100473
21
24.1260453
0
LINE
8
layer2
10
68.0100473
20
24.1260453
11
68.0507672
21
24.1070018
0
LINE
8
layer2
10
68.0507672
20
24.1070018
11
68.0755535
21
24.1079736
0
LINE
8
layer2
10
68.0755535
20
24.1079736
11
68.1053496
21
24.1206622
0
LINE
8
layer2
10
68.1053496
20
24.1206622
11
68.1396736
21
24.1452883
0
LINE
8
layer2
10
68.1396736
20
24.1452883
11
68.17804
21
24.1820192
0
LINE
8
layer2
10
68.17804
20
24.1820192
11
68.3273844
21
24.3507619
0
LINE
8
layer2
10
68.3273844
20
24.3507619
11
68.4340016
21
24.4656055
0
LINE
8
layer2
10
68.4340016
20
24.4656055
11
68.5511667
21
24.5866796
0
LINE
8
layer2
10
68.5511667
20
24.5866796
11
68.6806981
21
24.7150175
0
LINE
8
layer2
10
68.6806981
20
24.7150175
11
68.8206671
21
24.847974
0
LINE
8
layer2
10
68.8206671
20
24.847974
11
68.9700361
21
24.98404
0
LINE
8
layer2
10
68.9700361
20
24.98404
11
69.1335283
21
25.1268234
0
LINE
8
layer2
10
69.1335283
20
25.1268234
11
69.3071623
21
25.2721592
0
LINE
8
layer2
10
69.3071623
20
25.2721592
11
69.492921
21
25.4211458
0
LINE
8
layer2
10
69.492921
20
25.4211458
11
69.6843882
21
25.568289
0
ARC
8
layer2
10
55.9999972
20
-8e-7
40
29
50
60.2989607
51
61.8438883
0
LINE
8
layer2
10
70.3687555
20
25.1900525
11
70.3460325
21
24.9496478
0
LINE
8
layer2
10
70.3460325
20
24.9496478
11
70.3187116
21
24.7130957
0
LINE
8
layer2
10
70.3187116
20
24.7130957
11
70.2880311
21
24.4887522
0
LINE
8
layer2
10
70.2880311
20
24.4887522
11
70.2541161
21
24.2743541
0
LINE
8
layer2
10
70.2541161
20
24.2743541
11
70.2183748
21
24.0754883
0
LINE
8
layer2
10
70.2183748
20
24.0754883
11
70.1802652
21
23.886236
0
LINE
8
layer2
10
70.1802652
20
23.886236
11
70.1405133
21
23.7082788
0
LINE
8
layer2
10
70.1405133
20
23.7082788
11
70.1003325
21
23.544657
0
LINE
8
layer2
10
70.1003325
20
23.544657
11
70.0598154
21
23.3932811
0
LINE
8
layer2
10
70.0598154
20
23.3932811
11
69.9963929
21
23.1770511
0
LINE
8
layer2
10
69.9963929
20
23.1770511
11
69.9857041
21
23.1250232
0
LINE
8
layer2
10
69.9857041
20
23.1250232
11
69.9831141
21
23.0828584
0
LINE
8
layer2
10
69.9831141
20
23.0828584
11
69.9882229
21
23.0508786
0
LINE
8
layer2
10
69.9882229
20
23.0508786
11
70.0005871
21
23.0293744
0
LINE
8
layer2
10
70.0005871
20
23.0293744
11
70.038376
21
23.0050277
0
LINE
8
layer2
10
70.038376
20
23.0050277
11
70.3382645
21
22.8192172
0
LINE
8
layer2
10
70.3382645
20
22.8192172
11
70.6357907
21
22.6296472
0
LINE
8
layer2
10
70.6357907
20
22.6296472
11
70.6741223
21
22.6061642
0
LINE
8
layer2
10
70.6741223
20
22.6061642
11
70.6988616
21
22.6043547
0
LINE
8
layer2
10
70.6988616
20
22.6043547
11
70.729891
21
22.6136274
0
LINE
8
layer2
10
70.729891
20
22.6136274
11
70.7667564
21
22.6342556
0
LINE
8
layer2
10
70.7667564
20
22.6342556
11
70.8089942
21
22.6664599
0
LINE
8
layer2
10
70.8089942
20
22.6664599
11
70.9762927
21
22.8174202
0
LINE
8
layer2
10
70.9762927
20
22.8174202
11
71.095098
21
22.9196044
0
LINE
8
layer2
10
71.095098
20
22.9196044
11
71.2250823
21
23.0267989
0
LINE
8
layer2
10
71.2250823
20
23.0267989
11
71.3681685
21
23.1398269
0
LINE
8
layer2
10
71.3681685
20
23.1398269
11
71.5221438
21
23.2562759
0
LINE
8
layer2
10
71.5221438
20
23.2562759
11
71.6858081
21
23.3747623
0
LINE
8
layer2
10
71.6858081
20
23.3747623
11
71.864259
21
23.4983426
0
LINE
8
layer2
10
71.864259
20
23.4983426
11
72.0530737
21
23.6233237
0
LINE
8
layer2
10
72.0530737
20
23.6233237
11
72.2543457
21
23.7505751
0
LINE
8
layer2
10
72.2543457
20
23.7505751
11
72.4610837
21
23.8753556
0
ARC
8
layer2
10
55.9999986
20
-0.0000015
40
29
50
53.8703929
51
55.4153205
0
LINE
8
layer2
10
73.0987989
20
23.4228726
11
73.0493019
21
23.1865236
0
LINE
8
layer2
10
73.0493019
20
23.1865236
11
72.9956673
21
22.9545179
0
LINE
8
layer2
10
72.9956673
20
22.9545179
11
72.9400613
21
22.7350202
0
LINE
8
layer2
10
72.9400613
20
22.7350202
11
72.8823545
21
22.5257674
0
LINE
8
layer2
10
72.8823545
20
22.5257674
11
72.8245721
21
22.3321538
0
LINE
8
layer2
10
72.8245721
20
22.3321538
11
72.7655126
21
22.1483584
0
LINE
8
layer2
10
72.7655126
20
22.1483584
11
72.7060857
21
21.9759709
0
LINE
8
layer2
10
72.7060857
20
21.9759709
11
72.6478377
21
21.8178768
0
LINE
8
layer2
10
72.6478377
20
21.8178768
11
72.5906267
21
21.6719892
0
LINE
8
layer2
10
72.5906267
20
21.6719892
11
72.5033929
21
21.4642198
0
LINE
8
layer2
10
72.5033929
20
21.4642198
11
72.4869461
21
21.4137159
0
LINE
8
layer2
10
72.4869461
20
21.4137159
11
72.4796513
21
21.3721062
0
LINE
8
layer2
10
72.4796513
20
21.3721062
11
72.4811474
21
21.3397555
0
LINE
8
layer2
10
72.4811474
20
21.3397555
11
72.4910262
21
21.3170021
0
LINE
8
layer2
10
72.4910262
20
21.3170021
11
72.5258515
21
21.2885775
0
LINE
8
layer2
10
72.5258515
20
21.2885775
11
72.8030502
21
21.0703585
0
LINE
8
layer2
10
72.8030502
20
21.0703585
11
73.0774805
21
20.8486681
0
LINE
8
layer2
10
73.0774805
20
20.8486681
11
73.1129418
21
20.8210409
0
LINE
8
layer2
10
73.1129418
20
20.8210409
11
73.1373229
21
20.816473
0
LINE
8
layer2
10
73.1373229
20
20.816473
11
73.1691954
21
20.8222131
0
LINE
8
layer2
10
73.1691954
20
20.8222131
11
73.2081387
21
20.838584
0
LINE
8
layer2
10
73.2081387
20
20.838584
11
73.2537166
21
20.8658567
0
LINE
8
layer2
10
73.2537166
20
20.8658567
11
73.4368654
21
20.9971363
0
LINE
8
layer2
10
73.4368654
20
20.9971363
11
73.5663646
21
21.085376
0
LINE
8
layer2
10
73.5663646
20
21.085376
11
73.7075337
21
21.1773428
0
LINE
8
layer2
10
73.7075337
20
21.1773428
11
73.8623753
21
21.2736396
0
LINE
8
layer2
10
73.8623753
20
21.2736396
11
74.0284206
21
21.3721166
0
LINE
8
layer2
10
74.0284206
20
21.3721166
11
74.2043221
21
21.4715334
0
LINE
8
layer2
10
74.2043221
20
21.4715334
11
74.3954875
21
21.5743565
0
LINE
8
layer2
10
74.3954875
20
21.5743565
11
74.5971084
21
21.6774112
0
LINE
8
layer2
10
74.5971084
20
21.6774112
11
74.8113625
21
21.7813272
0
LINE
8
layer2
10
74.8113625
20
21.7813272
11
75.0307716
21
21.8821757
0
ARC
8
layer2
10
55.9999997
20
-0.0000024
40
29
50
47.4418245
51
48.9867521
0
LINE
8
layer2
10
75.6138148
20
21.3611364
11
75.5381665
21
21.1318154
0
LINE
8
layer2
10
75.5381665
20
21.1318154
11
75.4588927
21
20.9072737
0
LINE
8
layer2
10
75.4588927
20
20.9072737
11
75.3790604
21
20.6953821
0
LINE
8
layer2
10
75.3790604
20
20.6953821
11
75.2982876
21
20.4939061
0
LINE
8
layer2
10
75.2982876
20
20.4939061
11
75.2191906
21
20.3079795
0
LINE
8
layer2
10
75.2191906
20
20.3079795
11
75.1399239
21
20.1319523
0
LINE
8
layer2
10
75.1399239
20
20.1319523
11
75.0615694
21
19.9673025
0
LINE
8
layer2
10
75.0615694
20
19.9673025
11
74.9859868
21
19.8167241
0
LINE
8
layer2
10
74.9859868
20
19.8167241
11
74.9128012
21
19.6781595
0
LINE
8
layer2
10
74.9128012
20
19.6781595
11
74.8028532
21
19.4814636
0
LINE
8
layer2
10
74.8028532
20
19.4814636
11
74.7808551
21
19.4331187
0
LINE
8
layer2
10
74.7808551
20
19.4331187
11
74.7689474
21
19.3925873
0
LINE
8
layer2
10
74.7689474
20
19.3925873
11
74.766812
21
19.3602725
0
LINE
8
layer2
10
74.766812
20
19.3602725
11
74.774081
21
19.3365562
0
LINE
8
layer2
10
74.774081
20
19.3365562
11
74.8055048
21
19.3044111
0
LINE
8
layer2
10
74.8055048
20
19.3044111
11
75.0565278
21
19.0565278
0
LINE
8
layer2
10
75.0565278
20
19.0565278
11
75.3044111
21
18.8055048
0
LINE
8
layer2
10
75.3044111
20
18.8055048
11
75.3365562
21
18.774081
0
LINE
8
layer2
10
75.3365562
20
18.774081
11
75.3602725
21
18.766812
0
LINE
8
layer2
10
75.3602725
20
18.766812
11
75.3925873
21
18.7689474
0
LINE
8
layer2
10
75.3925873
20
18.7689474
11
75.4331187
21
18.7808551
0
LINE
8
layer2
10
75.4331187
20
18.7808551
11
75.4814636
21
18.8028532
0
LINE
8
layer2
10
75.4814636
20
18.8028532
11
75.6781595
21
18.9128012
0
LINE
8
layer2
10
75.6781595
20
18.9128012
11
75.8167241
21
18.9859868
0
LINE
8
layer2
10
75.8167241
20
18.9859868
11
75.9673025
21
19.0615694
0
LINE
8
layer2
10
75.9673025
20
19.0615694
11
76.1319523
21
19.1399239
0
LINE
8
layer2
10
76.1319523
20
19.1399239
11
76.3079795
21
19.2191906
0
LINE
8
layer2
10
76.3079795
20
19.2191906
11
76.4939061
21
19.2982876
0
LINE
8
layer2
10
76.4939061
20
19.2982876
11
76.6953821
21
19.3790604
0
LINE
8
layer2
10
76.6953821
20
19.3790604
11
76.9072737
21
19.4588927
0
LINE
8
layer2
10
76.9072737
20
19.4588927
11
77.1318154
21
19.5381665
0
LINE
8
layer2
10
77.1318154
20
19.5381665
11
77.3611364
21
19.6138148
0
ARC
8
layer2
10
55.9999976
20
-4e-7
40
29
50
41.0132479
51
42.5581755
0
LINE
8
layer2
10
77.8821757
20
19.0307716
11
77.7813272
21
18.8113625
0
LINE
8
layer2
10
77.7813272
20
18.8113625
11
77.6774112
21
18.5971084
0
LINE
8
layer2
10
77.6774112
20
18.5971084
11
77.5743565
21
18.3954875
0
LINE
8
layer2
10
77.5743565
20
18.3954875
11
77.4715334
21
18.2043221
0
LINE
8
layer2
10
77.4715334
20
18.2043221
11
77.3721166
21
18.0284206
0
LINE
8
layer2
10
77.3721166
20
18.0284206
11
77.2736396
21
17.8623753
0
LINE
8
layer2
10
77.2736396
20
17.8623753
11
77.1773428
21
17.7075337
0
LINE
8
layer2
10
77.1773428
20
17.7075337
11
77.085376
21
17.5663646
0
LINE
8
layer2
10
77.085376
20
17.5663646
11
76.9971363
21
17.4368654
0
LINE
8
layer2
10
76.9971363
20
17.4368654
11
76.8658567
21
17.2537166
0
LINE
8
layer2
10
76.8658567
20
17.2537166
11
76.838584
21
17.2081387
0
LINE
8
layer2
10
76.838584
20
17.2081387
11
76.8222131
21
17.1691954
0
LINE
8
layer2
10
76.8222131
20
17.1691954
11
76.816473
21
17.1373229
0
LINE
8
layer2
10
76.816473
20
17.1373229
11
76.8210409
21
17.1129418
0
LINE
8
layer2
10
76.8210409
20
17.1129418
11
76.8486681
21
17.0774805
0
LINE
8
layer2
10
76.8486681
20
17.0774805
11
77.0703585
21
16.8030502
0
LINE
8
layer2
10
77.0703585
20
16.8030502
11
77.2885775
21
16.5258515
0
LINE
8
layer2
10
77.2885775
20
16.5258515
11
77.3170021
21
16.4910262
0
LINE
8
layer2
10
77.3170021
20
16.4910262
11
77.3397555
21
16.4811474
0
LINE
8
layer2
10
77.3397555
20
16.4811474
11
77.3721062
21
16.4796513
0
LINE
8
layer2
10
77.3721062
20
16.4796513
11
77.4137159
21
16.4869461
0
LINE
8
layer2
10
77.4137159
20
16.4869461
11
77.4642198
21
16.5033929
0
LINE
8
layer2
10
77.4642198
20
16.5033929
11
77.6719892
21
16.5906267
0
LINE
8
layer2
10
77.6719892
20
16.5906267
11
77.8178768
21
16.6478377
0
LINE
8
layer2
10
77.8178768
20
16.6478377
11
77.9759709
21
16.7060857
0
LINE
8
layer2
10
77.9759709
20
16.7060857
11
78.1483584
21
16.7655126
0
LINE
8
layer2
10
78.1483584
20
16.7655126
11
78.3321538
21
16.8245721
0
LINE
8
layer2
10
78.3321538
20
16.8245721
11
78.5257674
21
16.8823545
0
LINE
8
layer2
10
78.5257674
20
16.8823545
11
78.7350202
21
16.9400613
0
LINE
8
layer2
10
78.7350202
20
16.9400613
11
78.9545179
21
16.9956673
0
LINE
8
layer2
10
78.9545179
20
16.9956673
11
79.1865236
21
17.0493019
0
LINE
8
layer2
10
79.1865236
20
17.0493019
11
79.4228726
21
17.0987989
0
ARC
8
layer2
10
55.9999985
20
-0.0000013
40
29
50
34.5846795
51
36.1296071
0
LINE
8
layer2
10
79.8753556
20
16.4610837
11
79.7505751
21
16.2543457
0
LINE
8
layer2
10
79.7505751
20
16.2543457
11
79.6233237
21
16.0530737
0
LINE
8
layer2
10
79.6233237
20
16.0530737
11
79.4983426
21
15.864259
0
LINE
8
layer2
10
79.4983426
20
15.864259
11
79.3747623
21
15.6858081
0
LINE
8
layer2
10
79.3747623
20
15.6858081
11
79.2562759
21
15.5221438
0
LINE
8
layer2
10
79.2562759
20
15.5221438
11
79.1398269
21
15.3681685
0
LINE
8
layer2
10
79.1398269
20
15.3681685
11
79.0267989
21
15.2250823
0
LINE
8
layer2
10
79.0267989
20
15.2250823
11
78.9196044
21
15.095098
0
LINE
8
layer2
10
78.9196044
20
15.095098
11
78.8174202
21
14.9762927
0
LINE
8
layer2
10
78.8174202
20
14.9762927
11
78.6664599
21
14.8089942
0
LINE
8
layer2
10
78.6664599
20
14.8089942
11
78.6342556
21
14.7667564
0
LINE
8
layer2
10
78.6342556
20
14.7667564
11
78.6136274
21
14.729891
0
LINE
8
layer2
10
78.6136274
20
14.729891
11
78.6043547
21
14.6988616
0
LINE
8
layer2
10
78.6043547
20
14.6988616
11
78.6061642
21
14.6741223
0
LINE
8
layer2
10
78.6061642
20
14.6741223
11
78.6296472
21
14.6357907
0
LINE
8
layer2
10
78.6296472
20
14.6357907
11
78.8192172
21
14.3382645
0
LINE
8
layer2
10
78.8192172
20
14.3382645
11
79.0050277
21
14.038376
0
LINE
8
layer2
10
79.0050277
20
14.038376
11
79.0293744
21
14.0005871
0
LINE
8
layer2
10
79.0293744
20
14.0005871
11
79.0508786
21
13.9882229
0
LINE
8
layer2
10
79.0508786
20
13.9882229
11
79.0828584
21
13.9831141
0
LINE
8
layer2
10
79.0828584
20
13.9831141
11
79.1250232
21
13.9857041
0
LINE
8
layer2
10
79.1250232
20
13.9857041
11
79.1770511
21
13.9963929
0
LINE
8
layer2
10
79.1770511
20
13.9963929
11
79.3932811
21
14.0598154
0
LINE
8
layer2
10
79.3932811
20
14.0598154
11
79.544657
21
14.1003325
0
LINE
8
layer2
10
79.544657
20
14.1003325
11
79.7082788
21
14.1405133
0
LINE
8
layer2
10
79.7082788
20
14.1405133
11
79.886236
21
14.1802652
0
LINE
8
layer2
10
79.886236
20
14.1802652
11
80.0754883
21
14.2183748
0
LINE
8
layer2
10
80.0754883
20
14.2183748
11
80.2743541
21
14.2541161
0
LINE
8
layer2
10
80.2743541
20
14.2541161
11
80.4887522
21
14.2880311
0
LINE
8
layer2
10
80.4887522
20
14.2880311
11
80.7130957
21
14.3187116
0
LINE
8
layer2
10
80.7130957
20
14.3187116
11
80.9496478
21
14.3460325
0
LINE
8
layer2
10
80.9496478
20
14.3460325
11
81.1900525
21
14.3687555
0
ARC
8
layer2
10
55.9999992
20
-0.0000028
40
29
50
28.1561117
51
29.7010393
0
LINE
8
layer2
10
81.568289
20
13.6843882
11
81.4211458
21
13.492921
0
LINE
8
layer2
10
81.4211458
20
13.492921
11
81.2721592
21
13.3071623
0
LINE
8
layer2
10
81.2721592
20
13.3071623
11
81.1268234
21
13.1335283
0
LINE
8
layer2
10
81.1268234
20
13.1335283
11
80.98404
21
12.9700361
0
LINE
8
layer2
10
80.98404
20
12.9700361
11
80.847974
21
12.8206671
0
LINE
8
layer2
10
80.847974
20
12.8206671
11
80.7150175
21
12.6806981
0
LINE
8
layer2
10
80.7150175
20
12.6806981
11
80.5866796
21
12.5511667
0
LINE
8
layer2
10
80.5866796
20
12.5511667
11
80.4656055
21
12.4340016
0
LINE
8
layer2
10
80.4656055
20
12.4340016
11
80.3507619
21
12.3273844
0
LINE
8
layer2
10
80.3507619
20
12.3273844
11
80.1820192
21
12.17804
0
LINE
8
layer2
10
80.1820192
20
12.17804
11
80.1452883
21
12.1396736
0
LINE
8
layer2
10
80.1452883
20
12.1396736
11
80.1206622
21
12.1053496
0
LINE
8
layer2
10
80.1206622
20
12.1053496
11
80.1079736
21
12.0755535
0
LINE
8
layer2
10
80.1079736
20
12.0755535
11
80.1070018
21
12.0507672
0
LINE
8
layer2
10
80.1070018
20
12.0507672
11
80.1260453
21
12.0100473
0
LINE
8
layer2
10
80.1260453
20
12.0100473
11
80.281111
21
11.6931668
0
LINE
8
layer2
10
80.281111
20
11.6931668
11
80.4321763
21
11.3743598
0
LINE
8
layer2
10
80.4321763
20
11.3743598
11
80.4521389
21
11.3340825
0
LINE
8
layer2
10
80.4521389
20
11.3340825
11
80.4721236
21
11.3193883
0
LINE
8
layer2
10
80.4721236
20
11.3193883
11
80.5033303
21
11.3107311
0
LINE
8
layer2
10
80.5033303
20
11.3107311
11
80.54552
21
11.3085839
0
LINE
8
layer2
10
80.54552
20
11.3085839
11
80.5984174
21
11.3133802
0
LINE
8
layer2
10
80.5984174
20
11.3133802
11
80.8203889
21
11.3521938
0
LINE
8
layer2
10
80.8203889
20
11.3521938
11
80.9753495
21
11.3755074
0
LINE
8
layer2
10
80.9753495
20
11.3755074
11
81.1424413
21
11.3971157
0
LINE
8
layer2
10
81.1424413
20
11.3971157
11
81.3237303
21
11.4166928
0
LINE
8
layer2
10
81.3237303
20
11.4166928
11
81.5160595
21
11.4333732
0
LINE
8
layer2
10
81.5160595
20
11.4333732
11
81.7176767
21
11.4466238
0
LINE
8
layer2
10
81.7176767
20
11.4466238
11
81.934524
21
11.4563207
0
LINE
8
layer2
10
81.934524
20
11.4563207
11
82.160892
21
11.4616897
0
LINE
8
layer2
10
82.160892
20
11.4616897
11
82.3990156
21
11.4623534
0
LINE
8
layer2
10
82.3990156
20
11.4623534
11
82.6404529
21
11.4580168
0
ARC
8
layer2
10
55.9999988
20
-0.0000025
40
29
50
21.7275399
51
23.2724675
0
LINE
8
layer2
10
82.9396863
20
10.7356036
11
82.7720308
21
10.5618151
0
LINE
8
layer2
10
82.7720308
20
10.5618151
11
82.6031826
21
10.3939056
0
LINE
8
layer2
10
82.6031826
20
10.3939056
11
82.4393198
21
10.2376358
0
LINE
8
layer2
10
82.4393198
20
10.2376358
11
82.2791289
21
10.0911582
0
LINE
8
layer2
10
82.2791289
20
10.0911582
11
82.1271945
21
9.957963
0
LINE
8
layer2
10
82.1271945
20
9.957963
11
81.9794023
21
9.8337605
0
LINE
8
layer2
10
81.9794023
20
9.8337605
11
81.8373685
21
9.7194129
0
LINE
8
layer2
10
81.8373685
20
9.7194129
11
81.7039374
21
9.6165406
0
LINE
8
layer2
10
81.7039374
20
9.6165406
11
81.5778785
21
9.5234521
0
LINE
8
layer2
10
81.5778785
20
9.5234521
11
81.3934756
21
9.3939399
0
LINE
8
layer2
10
81.3934756
20
9.3939399
11
81.35268
21
9.3599273
0
LINE
8
layer2
10
81.35268
20
9.3599273
11
81.3243656
21
9.3285764
0
LINE
8
layer2
10
81.3243656
20
9.3285764
11
81.3084208
21
9.3003883
0
LINE
8
layer2
10
81.3084208
20
9.3003883
11
81.3046798
21
9.2758667
0
LINE
8
layer2
10
81.3046798
20
9.2758667
11
81.3190445
21
9.2332707
0
LINE
8
layer2
10
81.3190445
20
9.2332707
11
81.4376558
21
8.9010207
0
LINE
8
layer2
10
81.4376558
20
8.9010207
11
81.5520762
21
8.5673043
0
LINE
8
layer2
10
81.5520762
20
8.5673043
11
81.5674036
21
8.5250452
0
LINE
8
layer2
10
81.5674036
20
8.5250452
11
81.5856174
21
8.5082059
0
LINE
8
layer2
10
81.5856174
20
8.5082059
11
81.6156585
21
8.496109
0
LINE
8
layer2
10
81.6156585
20
8.496109
11
81.6573426
21
8.4892516
0
LINE
8
layer2
10
81.6573426
20
8.4892516
11
81.7104444
21
8.4880951
0
LINE
8
layer2
10
81.7104444
20
8.4880951
11
81.935366
21
8.5018117
0
LINE
8
layer2
10
81.935366
20
8.5018117
11
82.0919624
21
8.5076287
0
LINE
8
layer2
10
82.0919624
20
8.5076287
11
82.2604229
21
8.5103928
0
LINE
8
layer2
10
82.2604229
20
8.5103928
11
82.442764
21
8.5095488
0
LINE
8
layer2
10
82.442764
20
8.5095488
11
82.6357516
21
8.5045903
0
LINE
8
layer2
10
82.6357516
20
8.5045903
11
82.8375846
21
8.4951837
0
LINE
8
layer2
10
82.8375846
20
8.4951837
11
83.0541541
21
8.4805403
0
LINE
8
layer2
10
83.0541541
20
8.4805403
11
83.2796998
21
8.4605305
0
LINE
8
layer2
10
83.2796998
20
8.4605305
11
83.5164006
21
8.4345286
0
LINE
8
layer2
10
83.5164006
20
8.4345286
11
83.7558342
21
8.4031868
0
ARC
8
layer2
10
55.9999977
20
6e-7
40
29
50
15.2989622
51
16.8438899
0
LINE
8
layer2
10
83.9723014
20
7.6518125
11
83.786242
21
7.4978882
0
LINE
8
layer2
10
83.786242
20
7.4978882
11
83.5996556
21
7.3499395
0
LINE
8
layer2
10
83.5996556
20
7.3499395
11
83.4193265
21
7.2129991
0
LINE
8
layer2
10
83.4193265
20
7.2129991
11
83.2437425
21
7.0853783
0
LINE
8
layer2
10
83.2437425
20
7.0853783
11
83.0778503
21
6.9700318
0
LINE
8
layer2
10
83.0778503
20
6.9700318
11
82.9170812
21
6.8631577
0
LINE
8
layer2
10
82.9170812
20
6.8631577
11
82.7631375
21
6.7654319
0
LINE
8
layer2
10
82.7631375
20
6.7654319
11
82.6190273
21
6.6781459
0
LINE
8
layer2
10
82.6190273
20
6.6781459
11
82.4833385
21
6.5997569
0
LINE
8
layer2
10
82.4833385
20
6.5997569
11
82.2855943
21
6.4917056
0
LINE
8
layer2
10
82.2855943
20
6.4917056
11
82.241247
21
6.4624745
0
LINE
8
layer2
10
82.241247
20
6.4624745
11
82.2096005
21
6.4344909
0
LINE
8
layer2
10
82.2096005
20
6.4344909
11
82.1905998
21
6.4082653
0
LINE
8
layer2
10
82.1905998
20
6.4082653
11
82.1841369
21
6.3843167
0
LINE
8
layer2
10
82.1841369
20
6.3843167
11
82.193642
21
6.3403802
0
LINE
8
layer2
10
82.193642
20
6.3403802
11
82.2743072
21
5.9969392
0
LINE
8
layer2
10
82.2743072
20
5.9969392
11
82.3506438
21
5.6525101
0
LINE
8
layer2
10
82.3506438
20
5.6525101
11
82.3611434
21
5.6088006
0
LINE
8
layer2
10
82.3611434
20
5.6088006
11
82.3773572
21
5.5900278
0
LINE
8
layer2
10
82.3773572
20
5.5900278
11
82.405855
21
5.5746435
0
LINE
8
layer2
10
82.405855
20
5.5746435
11
82.4465092
21
5.563162
0
LINE
8
layer2
10
82.4465092
20
5.563162
11
82.4991477
21
5.5560673
0
LINE
8
layer2
10
82.4991477
20
5.5560673
11
82.7241907
21
5.5445144
0
LINE
8
layer2
10
82.7241907
20
5.5445144
11
82.8804538
21
5.5327616
0
LINE
8
layer2
10
82.8804538
20
5.5327616
11
83.0481646
21
5.5166467
0
LINE
8
layer2
10
83.0481646
20
5.5166467
11
83.2292647
21
5.4953924
0
LINE
8
layer2
10
83.2292647
20
5.4953924
11
83.4204835
21
5.4688573
0
LINE
8
layer2
10
83.4204835
20
5.4688573
11
83.6199943
21
5.4369116
0
LINE
8
layer2
10
83.6199943
20
5.4369116
11
83.8335625
21
5.3981123
0
LINE
8
layer2
10
83.8335625
20
5.3981123
11
84.0554497
21
5.3529751
0
LINE
8
layer2
10
84.0554497
20
5.3529751
11
84.2877508
21
5.3006347
0
LINE
8
layer2
10
84.2877508
20
5.3006347
11
84.5221698
21
5.2426819
0
ARC
8
layer2
10
55.9999981
20
-9e-7
40
29
50
8.8703944
51
10.415322
0
LINE
8
layer2
10
84.6531486
20
4.4717954
11
84.4510251
21
4.3396711
0
LINE
8
layer2
10
84.4510251
20
4.3396711
11
84.2490469
21
4.2135436
0
LINE
8
layer2
10
84.2490469
20
4.2135436
11
84.0545192
21
4.0976547
0
LINE
8
layer2
10
84.0545192
20
4.0976547
11
83.8657502
21
3.9904955
0
LINE
8
layer2
10
83.8657502
20
3.9904955
11
83.6879864
21
3.8944484
0
LINE
8
layer2
10
83.6879864
20
3.8944484
11
83.5162621
21
3.8062467
0
LINE
8
layer2
10
83.5162621
20
3.8062467
11
83.3523446
21
3.7263716
0
LINE
8
layer2
10
83.3523446
20
3.7263716
11
83.1993676
21
3.6557697
0
LINE
8
layer2
10
83.1993676
20
3.6557697
11
83.0557552
21
3.5930659
0
LINE
8
layer2
10
83.0557552
20
3.5930659
11
82.8471565
21
3.5078343
0
LINE
8
layer2
10
82.8471565
20
3.5078343
11
82.7998151
21
3.4837524
0
LINE
8
layer2
10
82.7998151
20
3.4837524
11
82.7652344
21
3.459488
0
LINE
8
layer2
10
82.7652344
20
3.459488
11
82.7434169
21
3.4355547
0
LINE
8
layer2
10
82.7434169
20
3.4355547
11
82.7343132
21
3.4124803
0
LINE
8
layer2
10
82.7343132
20
3.4124803
11
82.7388392
21
3.3677559
0
LINE
8
layer2
10
82.7388392
20
3.3677559
11
82.7805441
21
3.0174426
0
LINE
8
layer2
10
82.7805441
20
3.0174426
11
82.8178368
21
2.6666323
0
LINE
8
layer2
10
82.8178368
20
2.6666323
11
82.8233764
21
2.622022
0
LINE
8
layer2
10
82.8233764
20
2.622022
11
82.8373865
21
2.6015519
0
LINE
8
layer2
10
82.8373865
20
2.6015519
11
82.8639826
21
2.5830736
0
LINE
8
layer2
10
82.8639826
20
2.5830736
11
82.9030956
21
2.5671125
0
LINE
8
layer2
10
82.9030956
20
2.5671125
11
82.9546088
21
2.5541687
0
LINE
8
layer2
10
82.9546088
20
2.5541687
11
83.1769433
21
2.5174917
0
LINE
8
layer2
10
83.1769433
20
2.5174917
11
83.3309079
21
2.4883168
0
LINE
8
layer2
10
83.3309079
20
2.4883168
11
83.4957599
21
2.4535256
0
LINE
8
layer2
10
83.4957599
20
2.4535256
11
83.6733415
21
2.4121281
0
LINE
8
layer2
10
83.6733415
20
2.4121281
11
83.860387
21
2.3643502
0
LINE
8
layer2
10
83.860387
20
2.3643502
11
84.0550665
21
2.3102673
0
LINE
8
layer2
10
84.0550665
20
2.3102673
11
84.2629478
21
2.2477998
0
LINE
8
layer2
10
84.2629478
20
2.2477998
11
84.478386
21
2.178103
0
LINE
8
layer2
10
84.478386
20
2.178103
11
84.7033661
21
2.1000822
0
LINE
8
layer2
10
84.7033661
20
2.1000822
11
84.9298225
21
2.0162472
0
ARC
8
layer2
10
55.9999979
20
4e-7
40
29
50
2.4418208
51
3.9867484
0
LINE
8
layer2
10
84.9736659
20
1.2355429
11
84.75802
21
1.12688
0
LINE
8
layer2
10
84.75802
20
1.12688
11
84.54319
21
1.02416
0
LINE
8
layer2
10
84.54319
20
1.02416
11
84.33691
21
0.93078
0
LINE
8
layer2
10
84.33691
20
0.93078
11
84.13733
21
0.84543
0
LINE
8
layer2
10
84.13733
20
0.84543
11
83.94993
21
0.76989
0
LINE
8
layer2
10
83.94993
20
0.76989
11
83.76941
21
0.70147
0
LINE
8
layer2
10
83.76941
20
0.70147
11
83.59758
21
0.64045
0
LINE
8
layer2
10
83.59758
20
0.64045
11
83.43766
21
0.58742
0
LINE
8
layer2
10
83.43766
20
0.58742
11
83.28793
21
0.54119
0
LINE
8
layer2
10
83.28793
20
0.54119
11
83.0711
21
0.47985
0
LINE
8
layer2
10
83.0711
20
0.47985
11
83.02136
21
0.46122
0
LINE
8
layer2
10
83.02136
20
0.46122
11
82.98428
21
0.44098
0
LINE
8
layer2
10
82.98428
20
0.44098
11
82.95992
21
0.41964
0
LINE
8
layer2
10
82.95992
20
0.41964
11
82.94829
21
0.39773
0
LINE
8
layer2
10
82.94829
20
0.39773
11
82.94778
21
0.35278
0
LINE
8
layer2
10
82.94778
20
0.35278
11
82.95
21
0
0
LINE
8
layer2
10
82.95
20
0
11
82.94778
21
-0.35278
0
LINE
8
layer2
10
82.94778
20
-0.35278
11
82.94829
21
-0.39773
0
LINE
8
layer2
10
82.94829
20
-0.39773
11
82.95992
21
-0.41964
0
LINE
8
layer2
10
82.95992
20
-0.41964
11
82.98428
21
-0.44098
0
LINE
8
layer2
10
82.98428
20
-0.44098
11
83.02136
21
-0.46122
0
LINE
8
layer2
10
83.02136
20
-0.46122
11
83.0711
21
-0.47985
0
LINE
8
layer2
10
83.0711
20
-0.47985
11
83.28793
21
-0.54119
0
LINE
8
layer2
10
83.28793
20
-0.54119
11
83.43766
21
-0.58742
0
LINE
8
layer2
10
83.43766
20
-0.58742
11
83.59758
21
-0.64045
0
LINE
8
layer2
10
83.59758
20
-0.64045
11
83.76941
21
-0.70147
0
LINE
8
layer2
10
83.76941
20
-0.70147
11
83.94993
21
-0.76989
0
LINE
8
layer2
10
83.94993
20
-0.76989
11
84.13733
21
-0.84543
0
LINE
8
layer2
10
84.13733
20
-0.84543
11
84.33691
21
-0.93078
0
LINE
8
layer2
10
84.33691
20
-0.93078
11
84.54319
21
-1.02416
0
LINE
8
layer2
10
84.54319
20
-1.02416
11
84.75802
21
-1.12688
0
LINE
8
layer2
10
84.75802
20
-1.12688
11
84.9736659
21
-1.2355429
0
ARC
8
layer2
10
55.9999979
20
-3e-7
40
29
50
356.0132514
51
357.558179
0
LINE
8
layer2
10
84.9298225
20
-2.0162472
11
84.7033661
21
-2.1000822
0
LINE
8
layer2
10
84.7033661
20
-2.1000822
11
84.478386
21
-2.178103
0
LINE
8
layer2
10
84.478386
20
-2.178103
11
84.2629478
21
-2.2477998
0
LINE
8
layer2
10
84.2629478
20
-2.2477998
11
84.0550665
21
-2.3102673
0
LINE
8
layer2
10
84.0550665
20
-2.3102673
11
83.860387
21
-2.3643502
0
LINE
8
layer2
10
83.860387
20
-2.3643502
11
83.6733415
21
-2.4121281
0
LINE
8
layer2
10
83.6733415
20
-2.4121281
11
83.4957599
21
-2.4535256
0
LINE
8
layer2
10
83.4957599
20
-2.4535256
11
83.3309079
21
-2.4883168
0
LINE
8
layer2
10
83.3309079
20
-2.4883168
11
83.1769433
21
-2.5174917
0
LINE
8
layer2
10
83.1769433
20
-2.5174917
11
82.9546088
21
-2.5541687
0
LINE
8
layer2
10
82.9546088
20
-2.5541687
11
82.9030956
21
-2.5671125
0
LINE
8
layer2
10
82.9030956
20
-2.5671125
11
82.8639826
21
-2.5830736
0
LINE
8
layer2
10
82.8639826
20
-2.5830736
11
82.8373865
21
-2.6015519
0
LINE
8
layer2
10
82.8373865
20
-2.6015519
11
82.8233764
21
-2.622022
0
LINE
8
layer2
10
82.8233764
20
-2.622022
11
82.8178368
21
-2.6666323
0
LINE
8
layer2
10
82.8178368
20
-2.6666323
11
82.7805441
21
-3.0174426
0
LINE
8
layer2
10
82.7805441
20
-3.0174426
11
82.7388392
21
-3.3677559
0
LINE
8
layer2
10
82.7388392
20
-3.3677559
11
82.7343132
21
-3.4124803
0
LINE
8
layer2
10
82.7343132
20
-3.4124803
11
82.7434169
21
-3.4355547
0
LINE
8
layer2
10
82.7434169
20
-3.4355547
11
82.7652344
21
-3.459488
0
LINE
8
layer2
10
82.7652344
20
-3.459488
11
82.7998151
21
-3.4837524
0
LINE
8
layer2
10
82.7998151
20
-3.4837524
11
82.8471565
21
-3.5078343
0
LINE
8
layer2
10
82.8471565
20
-3.5078343
11
83.0557552
21
-3.5930659
0
LINE
8
layer2
10
83.0557552
20
-3.5930659
11
83.1993676
21
-3.6557697
0
LINE
8
layer2
10
83.1993676
20
-3.6557697
11
83.3523446
21
-3.7263716
0
LINE
8
layer2
10
83.3523446
20
-3.7263716
11
83.5162621
21
-3.8062467
0
LINE
8
layer2
10
83.5162621
20
-3.8062467
11
83.6879864
21
-3.8944484
0
LINE
8
layer2
10
83.6879864
20
-3.8944484
11
83.8657502
21
-3.9904955
0
LINE
8
layer2
10
83.8657502
20
-3.9904955
11
84.0545192
21
-4.0976547
0
LINE
8
layer2
10
84.0545192
20
-4.0976547
11
84.2490469
21
-4.2135436
0
LINE
8
layer2
10
84.2490469
20
-4.2135436
11
84.4510251
21
-4.3396711
0
LINE
8
layer2
10
84.4510251
20
-4.3396711
11
84.6531486
21
-4.4717954
0
ARC
8
layer2
10
55.999998
20
9e-7
40
29
50
349.584678
51
351.1296056
0
LINE
8
layer2
10
84.5221698
20
-5.2426819
11
84.2877508
21
-5.3006347
0
LINE
8
layer2
10
84.2877508
20
-5.3006347
11
84.0554497
21
-5.3529751
0
LINE
8
layer2
10
84.0554497
20
-5.3529751
11
83.8335625
21
-5.3981123
0
LINE
8
layer2
10
83.8335625
20
-5.3981123
11
83.6199943
21
-5.4369116
0
LINE
8
layer2
10
83.6199943
20
-5.4369116
11
83.4204835
21
-5.4688573
0
LINE
8
layer2
10
83.4204835
20
-5.4688573
11
83.2292647
21
-5.4953924
0
LINE
8
layer2
10
83.2292647
20
-5.4953924
11
83.0481646
21
-5.5166467
0
LINE
8
layer2
10
83.0481646
20
-5.5166467
11
82.8804538
21
-5.5327616
0
LINE
8
layer2
10
82.8804538
20
-5.5327616
11
82.7241907
21
-5.5445144
0
LINE
8
layer2
10
82.7241907
20
-5.5445144
11
82.4991477
21
-5.5560673
0
LINE
8
layer2
10
82.4991477
20
-5.5560673
11
82.4465092
21
-5.563162
0
LINE
8
layer2
10
82.4465092
20
-5.563162
11
82.405855
21
-5.5746435
0
LINE
8
layer2
10
82.405855
20
-5.5746435
11
82.3773572
21
-5.5900278
0
LINE
8
layer2
10
82.3773572
20
-5.5900278
11
82.3611434
21
-5.6088006
0
LINE
8
layer2
10
82.3611434
20
-5.6088006
11
82.3506438
21
-5.6525101
0
LINE
8
layer2
10
82.3506438
20
-5.6525101
11
82.2743072
21
-5.9969392
0
LINE
8
layer2
10
82.2743072
20
-5.9969392
11
82.193642
21
-6.3403802
0
LINE
8
layer2
10
82.193642
20
-6.3403802
11
82.1841369
21
-6.3843167
0
LINE
8
layer2
10
82.1841369
20
-6.3843167
11
82.1905998
21
-6.4082653
0
LINE
8
layer2
10
82.1905998
20
-6.4082653
11
82.2096005
21
-6.4344909
0
LINE
8
layer2
10
82.2096005
20
-6.4344909
11
82.241247
21
-6.4624745
0
LINE
8
layer2
10
82.241247
20
-6.4624745
11
82.2855943
21
-6.4917056
0
LINE
8
layer2
10
82.2855943
20
-6.4917056
11
82.4833385
21
-6.5997569
0
LINE
8
layer2
10
82.4833385
20
-6.5997569
11
82.6190273
21
-6.6781459
0
LINE
8
layer2
10
82.6190273
20
-6.6781459
11
82.7631375
21
-6.7654319
0
LINE
8
layer2
10
82.7631375
20
-6.7654319
11
82.9170812
21
-6.8631577
0
LINE
8
layer2
10
82.9170812
20
-6.8631577
11
83.0778503
21
-6.9700318
0
LINE
8
layer2
10
83.0778503
20
-6.9700318
11
83.2437425
21
-7.0853783
0
LINE
8
layer2
10
83.2437425
20
-7.0853783
11
83.4193265
21
-7.2129991
0
LINE
8
layer2
10
83.4193265
20
-7.2129991
11
83.5996556
21
-7.3499395
0
LINE
8
layer2
10
83.5996556
20
-7.3499395
11
83.786242
21
-7.4978882
0
LINE
8
layer2
10
83.786242
20
-7.4978882
11
83.9723014
21
-7.6518125
0
ARC
8
layer2
10
55.9999977
20
-7e-7
40
29
50
343.1561101
51
344.7010378
0
LINE
8
layer2
10
83.7558342
20
-8.4031868
11
83.5164006
21
-8.4345286
0
LINE
8
layer2
10
83.5164006
20
-8.4345286
11
83.2796998
21
-8.4605305
0
LINE
8
layer2
10
83.2796998
20
-8.4605305
11
83.0541541
21
-8.4805403
0
LINE
8
layer2
10
83.0541541
20
-8.4805403
11
82.8375846
21
-8.4951837
0
LINE
8
layer2
10
82.8375846
20
-8.4951837
11
82.6357516
21
-8.5045903
0
LINE
8
layer2
10
82.6357516
20
-8.5045903
11
82.442764
21
-8.5095488
0
LINE
8
layer2
10
82.442764
20
-8.5095488
11
82.2604229
21
-8.5103928
0
LINE
8
layer2
10
82.2604229
20
-8.5103928
11
82.0919624
21
-8.5076287
0
LINE
8
layer2
10
82.0919624
20
-8.5076287
11
81.935366
21
-8.5018117
0
LINE
8
layer2
10
81.935366
20
-8.5018117
11
81.7104444
21
-8.4880951
0
LINE
8
layer2
10
81.7104444
20
-8.4880951
11
81.6573426
21
-8.4892516
0
LINE
8
layer2
10
81.6573426
20
-8.4892516
11
81.6156585
21
-8.496109
0
LINE
8
layer2
10
81.6156585
20
-8.496109
11
81.5856174
21
-8.5082059
0
LINE
8
layer2
10
81.5856174
20
-8.5082059
11
81.5674036
21
-8.5250452
0
LINE
8
layer2
10
81.5674036
20
-8.5250452
11
81.5520762
21
-8.5673043
0
LINE
8
layer2
10
81.5520762
20
-8.5673043
11
81.4376558
21
-8.9010207
0
LINE
8
layer2
10
81.4376558
20
-8.9010207
11
81.3190445
21
-9.2332707
0
LINE
8
layer2
10
81.3190445
20
-9.2332707
11
81.3046798
21
-9.2758667
0
LINE
8
layer2
10
81.3046798
20
-9.2758667
11
81.3084208
21
-9.3003883
0
LINE
8
layer2
10
81.3084208
20
-9.3003883
11
81.3243656
21
-9.3285764
0
LINE
8
layer2
10
81.3243656
20
-9.3285764
11
81.35268
21
-9.3599273
0
LINE
8
layer2
10
81.35268
20
-9.3599273
11
81.3934756
21
-9.3939399
0
LINE
8
layer2
10
81.3934756
20
-9.3939399
11
81.5778785
21
-9.5234521
0
LINE
8
layer2
10
81.5778785
20
-9.5234521
11
81.7039374
21
-9.6165406
0
LINE
8
layer2
10
81.7039374
20
-9.6165406
11
81.8373685
21
-9.7194129
0
LINE
8
layer2
10
81.8373685
20
-9.7194129
11
81.9794023
21
-9.8337605
0
LINE
8
layer2
10
81.9794023
20
-9.8337605
11
82.1271945
21
-9.957963
0
LINE
8
layer2
10
82.1271945
20
-9.957963
11
82.2791289
21
-10.0911582
0
LINE
8
layer2
10
82.2791289
20
-10.0911582
11
82.4393198
21
-10.2376358
0
LINE
8
layer2
10
82.4393198
20
-10.2376358
11
82.6031826
21
-10.3939056
0
LINE
8
layer2
10
82.6031826
20
-10.3939056
11
82.7720308
21
-10.5618151
0
LINE
8
layer2
10
82.7720308
20
-10.5618151
11
82.9396863
21
-10.7356036
0
ARC
8
layer2
10
55.9999988
20
0.0000025
40
29
50
336.7275325
51
338.2724601
0
LINE
8
layer2
10
82.6404529
20
-11.4580168
11
82.3990156
21
-11.4623534
0
LINE
8
layer2
10
82.3990156
20
-11.4623534
11
82.160892
21
-11.4616897
0
LINE
8
layer2
10
82.160892
20
-11.4616897
11
81.934524
21
-11.4563207
0
LINE
8
layer2
10
81.934524
20
-11.4563207
11
81.7176767
21
-11.4466238
0
LINE
8
layer2
10
81.7176767
20
-11.4466238
11
81.5160595
21
-11.4333732
0
LINE
8
layer2
10
81.5160595
20
-11.4333732
11
81.3237303
21
-11.4166928
0
LINE
8
layer2
10
81.3237303
20
-11.4166928
11
81.1424413
21
-11.3971157
0
LINE
8
layer2
10
81.1424413
20
-11.3971157
11
80.9753495
21
-11.3755074
0
LINE
8
layer2
10
80.9753495
20
-11.3755074
11
80.8203889
21
-11.3521938
0
LINE
8
layer2
10
80.8203889
20
-11.3521938
11
80.5984174
21
-11.3133802
0
LINE
8
layer2
10
80.5984174
20
-11.3133802
11
80.54552
21
-11.3085839
0
LINE
8
layer2
10
80.54552
20
-11.3085839
11
80.5033303
21
-11.3107311
0
LINE
8
layer2
10
80.5033303
20
-11.3107311
11
80.4721236
21
-11.3193883
0
LINE
8
layer2
10
80.4721236
20
-11.3193883
11
80.4521389
21
-11.3340825
0
LINE
8
layer2
10
80.4521389
20
-11.3340825
11
80.4321763
21
-11.3743598
0
LINE
8
layer2
10
80.4321763
20
-11.3743598
11
80.281111
21
-11.6931668
0
LINE
8
layer2
10
80.281111
20
-11.6931668
11
80.1260453
21
-12.0100473
0
LINE
8
layer2
10
80.1260453
20
-12.0100473
11
80.1070018
21
-12.0507672
0
LINE
8
layer2
10
80.1070018
20
-12.0507672
11
80.1079736
21
-12.0755535
0
LINE
8
layer2
10
80.1079736
20
-12.0755535
11
80.1206622
21
-12.1053496
0
LINE
8
layer2
10
80.1206622
20
-12.1053496
11
80.1452883
21
-12.1396736
0
LINE
8
layer2
10
80.1452883
20
-12.1396736
11
80.1820192
21
-12.17804
0
LINE
8
layer2
10
80.1820192
20
-12.17804
11
80.3507619
21
-12.3273844
0
LINE
8
layer2
10
80.3507619
20
-12.3273844
11
80.4656055
21
-12.4340016
0
LINE
8
layer2
10
80.4656055
20
-12.4340016
11
80.5866796
21
-12.5511667
0
LINE
8
layer2
10
80.5866796
20
-12.5511667
11
80.7150175
21
-12.6806981
0
LINE
8
layer2
10
80.7150175
20
-12.6806981
11
80.847974
21
-12.8206671
0
LINE
8
layer2
10
80.847974
20
-12.8206671
11
80.98404
21
-12.9700361
0
LINE
8
layer2
10
80.98404
20
-12.9700361
11
81.1268234
21
-13.1335283
0
LINE
8
layer2
10
81.1268234
20
-13.1335283
11
81.2721592
21
-13.3071623
0
LINE
8
layer2
10
81.2721592
20
-13.3071623
11
81.4211458
21
-13.492921
0
LINE
8
layer2
10
81.4211458
20
-13.492921
11
81.568289
21
-13.6843882
0
ARC
8
layer2
10
55.9999992
20
0.0000028
40
29
50
330.2989607
51
331.8438883
0
LINE
8
layer2
10
81.1900525
20
-14.3687555
11
80.9496478
21
-14.3460325
0
LINE
8
layer2
10
80.9496478
20
-14.3460325
11
80.7130957
21
-14.3187116
0
LINE
8
layer2
10
80.7130957
20
-14.3187116
11
80.4887522
21
-14.2880311
0
LINE
8
layer2
10
80.4887522
20
-14.2880311
11
80.2743541
21
-14.2541161
0
LINE
8
layer2
10
80.2743541
20
-14.2541161
11
80.0754883
21
-14.2183748
0
LINE
8
layer2
10
80.0754883
20
-14.2183748
11
79.886236
21
-14.1802652
0
LINE
8
layer2
10
79.886236
20
-14.1802652
11
79.7082788
21
-14.1405133
0
LINE
8
layer2
10
79.7082788
20
-14.1405133
11
79.544657
21
-14.1003325
0
LINE
8
layer2
10
79.544657
20
-14.1003325
11
79.3932811
21
-14.0598154
0
LINE
8
layer2
10
79.3932811
20
-14.0598154
11
79.1770511
21
-13.9963929
0
LINE
8
layer2
10
79.1770511
20
-13.9963929
11
79.1250232
21
-13.9857041
0
LINE
8
layer2
10
79.1250232
20
-13.9857041
11
79.0828584
21
-13.9831141
0
LINE
8
layer2
10
79.0828584
20
-13.9831141
11
79.0508786
21
-13.9882229
0
LINE
8
layer2
10
79.0508786
20
-13.9882229
11
79.0293744
21
-14.0005871
0
LINE
8
layer2
10
79.0293744
20
-14.0005871
11
79.0050277
21
-14.038376
0
LINE
8
layer2
10
79.0050277
20
-14.038376
11
78.8192172
21
-14.3382645
0
LINE
8
layer2
10
78.8192172
20
-14.3382645
11
78.6296472
21
-14.6357907
0
LINE
8
layer2
10
78.6296472
20
-14.6357907
11
78.6061642
21
-14.6741223
0
LINE
8
layer2
10
78.6061642
20
-14.6741223
11
78.6043547
21
-14.6988616
0
LINE
8
layer2
10
78.6043547
20
-14.6988616
11
78.6136274
21
-14.729891
0
LINE
8
layer2
10
78.6136274
20
-14.729891
11
78.6342556
21
-14.7667564
0
LINE
8
layer2
10
78.6342556
20
-14.7667564
11
78.6664599
21
-14.8089942
0
LINE
8
layer2
10
78.6664599
20
-14.8089942
11
78.8174202
21
-14.9762927
0
LINE
8
layer2
10
78.8174202
20
-14.9762927
11
78.9196044
21
-15.095098
0
LINE
8
layer2
10
78.9196044
20
-15.095098
11
79.0267989
21
-15.2250823
0
LINE
8
layer2
10
79.0267989
20
-15.2250823
11
79.1398269
21
-15.3681685
0
LINE
8
layer2
10
79.1398269
20
-15.3681685
11
79.2562759
21
-15.5221438
0
LINE
8
layer2
10
79.2562759
20
-15.5221438
11
79.3747623
21
-15.6858081
0
LINE
8
layer2
10
79.3747623
20
-15.6858081
11
79.4983426
21
-15.864259
0
LINE
8
layer2
10
79.4983426
20
-15.864259
11
79.6233237
21
-16.0530737
0
LINE
8
layer2
10
79.6233237
20
-16.0530737
11
79.7505751
21
-16.2543457
0
LINE
8
layer2
10
79.7505751
20
-16.2543457
11
79.8753556
21
-16.4610837
0
ARC
8
layer2
10
55.9999985
20
0.0000014
40
29
50
323.8703929
51
325.4153205
0
LINE
8
layer2
10
79.4228726
20
-17.0987989
11
79.1865236
21
-17.0493019
0
LINE
8
layer2
10
79.1865236
20
-17.0493019
11
78.9545179
21
-16.9956673
0
LINE
8
layer2
10
78.9545179
20
-16.9956673
11
78.7350202
21
-16.9400613
0
LINE
8
layer2
10
78.7350202
20
-16.9400613
11
78.5257674
21
-16.8823545
0
LINE
8
layer2
10
78.5257674
20
-16.8823545
11
78.3321538
21
-16.8245721
0
LINE
8
layer2
10
78.3321538
20
-16.8245721
11
78.1483584
21
-16.7655126
0
LINE
8
layer2
10
78.1483584
20
-16.7655126
11
77.9759709
21
-16.7060857
0
LINE
8
layer2
10
77.9759709
20
-16.7060857
11
77.8178768
21
-16.6478377
0
LINE
8
layer2
10
77.8178768
20
-16.6478377
11
77.6719892
21
-16.5906267
0
LINE
8
layer2
10
77.6719892
20
-16.5906267
11
77.4642198
21
-16.5033929
0
LINE
8
layer2
10
77.4642198
20
-16.5033929
11
77.4137159
21
-16.4869461
0
LINE
8
layer2
10
77.4137159
20
-16.4869461
11
77.3721062
21
-16.4796513
0
LINE
8
layer2
10
77.3721062
20
-16.4796513
11
77.3397555
21
-16.4811474
0
LINE
8
layer2
10
77.3397555
20
-16.4811474
11
77.3170021
21
-16.4910262
0
LINE
8
layer2
10
77.3170021
20
-16.4910262
11
77.2885775
21
-16.5258515
0
LINE
8
layer2
10
77.2885775
20
-16.5258515
11
77.0703585
21
-16.8030502
0
LINE
8
layer2
10
77.0703585
20
-16.8030502
11
76.8486681
21
-17.0774805
0
LINE
8
layer2
10
76.8486681
20
-17.0774805
11
76.8210409
21
-17.1129418
0
LINE
8
layer2
10
76.8210409
20
-17.1129418
11
76.816473
21
-17.1373229
0
LINE
8
layer2
10
76.816473
20
-17.1373229
11
76.8222131
21
-17.1691954
0
LINE
8
layer2
10
76.8222131
20
-17.1691954
11
76.838584
21
-17.2081387
0
LINE
8
layer2
10
76.838584
20
-17.2081387
11
76.8658567
21
-17.2537166
0
LINE
8
layer2
10
76.8658567
20
-17.2537166
11
76.9971363
21
-17.4368654
0
LINE
8
layer2
10
76.9971363
20
-17.4368654
11
77.085376
21
-17.5663646
0
LINE
8
layer2
10
77.085376
20
-17.5663646
11
77.1773428
21
-17.7075337
0
LINE
8
layer2
10
77.1773428
20
-17.7075337
11
77.2736396
21
-17.8623753
0
LINE
8
layer2
10
77.2736396
20
-17.8623753
11
77.3721166
21
-18.0284206
0
LINE
8
layer2
10
77.3721166
20
-18.0284206
11
77.4715334
21
-18.2043221
0
LINE
8
layer2
10
77.4715334
20
-18.2043221
11
77.5743565
21
-18.3954875
0
LINE
8
layer2
10
77.5743565
20
-18.3954875
11
77.6774112
21
-18.5971084
0
LINE
8
layer2
10
77.6774112
20
-18.5971084
11
77.7813272
21
-18.8113625
0
LINE
8
layer2
10
77.7813272
20
-18.8113625
11
77.8821757
21
-19.0307716
0
ARC
8
layer2
10
55.9999976
20
3e-7
40
29
50
317.4418245
51
318.9867521
0
LINE
8
layer2
10
77.3611364
20
-19.6138148
11
77.1318154
21
-19.5381665
0
LINE
8
layer2
10
77.1318154
20
-19.5381665
11
76.9072737
21
-19.4588927
0
LINE
8
layer2
10
76.9072737
20
-19.4588927
11
76.6953821
21
-19.3790604
0
LINE
8
layer2
10
76.6953821
20
-19.3790604
11
76.4939061
21
-19.2982876
0
LINE
8
layer2
10
76.4939061
20
-19.2982876
11
76.3079795
21
-19.2191906
0
LINE
8
layer2
10
76.3079795
20
-19.2191906
11
76.1319523
21
-19.1399239
0
LINE
8
layer2
10
76.1319523
20
-19.1399239
11
75.9673025
21
-19.0615694
0
LINE
8
layer2
10
75.9673025
20
-19.0615694
11
75.8167241
21
-18.9859868
0
LINE
8
layer2
10
75.8167241
20
-18.9859868
11
75.6781595
21
-18.9128012
0
LINE
8
layer2
10
75.6781595
20
-18.9128012
11
75.4814636
21
-18.8028532
0
LINE
8
layer2
10
75.4814636
20
-18.8028532
11
75.4331187
21
-18.7808551
0
LINE
8
layer2
10
75.4331187
20
-18.7808551
11
75.3925873
21
-18.7689474
0
LINE
8
layer2
10
75.3925873
20
-18.7689474
11
75.3602725
21
-18.766812
0
LINE
8
layer2
10
75.3602725
20
-18.766812
11
75.3365562
21
-18.774081
0
LINE
8
layer2
10
75.3365562
20
-18.774081
11
75.3044111
21
-18.8055048
0
LINE
8
layer2
10
75.3044111
20
-18.8055048
11
75.0565278
21
-19.0565278
0
LINE
8
layer2
10
75.0565278
20
-19.0565278
11
74.8055048
21
-19.3044111
0
LINE
8
layer2
10
74.8055048
20
-19.3044111
11
74.774081
21
-19.3365562
0
LINE
8
layer2
10
74.774081
20
-19.3365562
11
74.766812
21
-19.3602725
0
LINE
8
layer2
10
74.766812
20
-19.3602725
11
74.7689474
21
-19.3925873
0
LINE
8
layer2
10
74.7689474
20
-19.3925873
11
74.7808551
21
-19.4331187
0
LINE
8
layer2
10
74.7808551
20
-19.4331187
11
74.8028532
21
-19.4814636
0
LINE
8
layer2
10
74.8028532
20
-19.4814636
11
74.9128012
21
-19.6781595
0
LINE
8
layer2
10
74.9128012
20
-19.6781595
11
74.9859868
21
-19.8167241
0
LINE
8
layer2
10
74.9859868
20
-19.8167241
11
75.0615694
21
-19.9673025
0
LINE
8
layer2
10
75.0615694
20
-19.9673025
11
75.1399239
21
-20.1319523
0
LINE
8
layer2
10
75.1399239
20
-20.1319523
11
75.2191906
21
-20.3079795
0
LINE
8
layer2
10
75.2191906
20
-20.3079795
11
75.2982876
21
-20.4939061
0
LINE
8
layer2
10
75.2982876
20
-20.4939061
11
75.3790604
21
-20.6953821
0
LINE
8
layer2
10
75.3790604
20
-20.6953821
11
75.4588927
21
-20.9072737
0
LINE
8
layer2
10
75.4588927
20
-20.9072737
11
75.5381665
21
-21.1318154
0
LINE
8
layer2
10
75.5381665
20
-21.1318154
11
75.6138148
21
-21.3611364
0
ARC
8
layer2
10
55.9999996
20
0.0000024
40
29
50
311.0132479
51
312.5581755
0
LINE
8
layer2
10
75.0307716
20
-21.8821757
11
74.8113625
21
-21.7813272
0
LINE
8
layer2
10
74.8113625
20
-21.7813272
11
74.5971084
21
-21.6774112
0
LINE
8
layer2
10
74.5971084
20
-21.6774112
11
74.3954875
21
-21.5743565
0
LINE
8
layer2
10
74.3954875
20
-21.5743565
11
74.2043221
21
-21.4715334
0
LINE
8
layer2
10
74.2043221
20
-21.4715334
11
74.0284206
21
-21.3721166
0
LINE
8
layer2
10
74.0284206
20
-21.3721166
11
73.8623753
21
-21.2736396
0
LINE
8
layer2
10
73.8623753
20
-21.2736396
11
73.7075337
21
-21.1773428
0
LINE
8
layer2
10
73.7075337
20
-21.1773428
11
73.5663646
21
-21.085376
0
LINE
8
layer2
10
73.5663646
20
-21.085376
11
73.4368654
21
-20.9971363
0
LINE
8
layer2
10
73.4368654
20
-20.9971363
11
73.2537166
21
-20.8658567
0
LINE
8
layer2
10
73.2537166
20
-20.8658567
11
73.2081387
21
-20.838584
0
LINE
8
layer2
10
73.2081387
20
-20.838584
11
73.1691954
21
-20.8222131
0
LINE
8
layer2
10
73.1691954
20
-20.8222131
11
73.1373229
21
-20.816473
0
LINE
8
layer2
10
73.1373229
20
-20.816473
11
73.1129418
21
-20.8210409
0
LINE
8
layer2
10
73.1129418
20
-20.8210409
11
73.0774805
21
-20.8486681
0
LINE
8
layer2
10
73.0774805
20
-20.8486681
11
72.8030502
21
-21.0703585
0
LINE
8
layer2
10
72.8030502
20
-21.0703585
11
72.5258515
21
-21.2885775
0
LINE
8
layer2
10
72.5258515
20
-21.2885775
11
72.4910262
21
-21.3170021
0
LINE
8
layer2
10
72.4910262
20
-21.3170021
11
72.4811474
21
-21.3397555
0
LINE
8
layer2
10
72.4811474
20
-21.3397555
11
72.4796513
21
-21.3721062
0
LINE
8
layer2
10
72.4796513
20
-21.3721062
11
72.4869461
21
-21.4137159
0
LINE
8
layer2
10
72.4869461
20
-21.4137159
11
72.5033929
21
-21.4642198
0
LINE
8
layer2
10
72.5033929
20
-21.4642198
11
72.5906267
21
-21.6719892
0
LINE
8
layer2
10
72.5906267
20
-21.6719892
11
72.6478377
21
-21.8178768
0
LINE
8
layer2
10
72.6478377
20
-21.8178768
11
72.7060857
21
-21.9759709
0
LINE
8
layer2
10
72.7060857
20
-21.9759709
11
72.7655126
21
-22.1483584
0
LINE
8
layer2
10
72.7655126
20
-22.1483584
11
72.8245721
21
-22.3321538
0
LINE
8
layer2
10
72.8245721
20
-22.3321538
11
72.8823545
21
-22.5257674
0
LINE
8
layer2
10
72.8823545
20
-22.5257674
11
72.9400613
21
-22.7350202
0
LINE
8
layer2
10
72.9400613
20
-22.7350202
11
72.9956673
21
-22.9545179
0
LINE
8
layer2
10
72.9956673
20
-22.9545179
11
73.0493019
21
-23.1865236
0
LINE
8
layer2
10
73.0493019
20
-23.1865236
11
73.0987989
21
-23.4228726
0
ARC
8
layer2
10
55.9999987
20
0.0000015
40
29
50
304.5846795
51
306.1296071
0
LINE
8
layer2
10
72.4610837
20
-23.8753556
11
72.2543457
21
-23.7505751
0
LINE
8
layer2
10
72.2543457
20
-23.7505751
11
72.0530737
21
-23.6233237
0
LINE
8
layer2
10
72.0530737
20
-23.6233237
11
71.864259
21
-23.4983426
0
LINE
8
layer2
10
71.864259
20
-23.4983426
11
71.6858081
21
-23.3747623
0
LINE
8
layer2
10
71.6858081
20
-23.3747623
11
71.5221438
21
-23.2562759
0
LINE
8
layer2
10
71.5221438
20
-23.2562759
11
71.3681685
21
-23.1398269
0
LINE
8
layer2
10
71.3681685
20
-23.1398269
11
71.2250823
21
-23.0267989
0
LINE
8
layer2
10
71.2250823
20
-23.0267989
11
71.095098
21
-22.9196044
0
LINE
8
layer2
10
71.095098
20
-22.9196044
11
70.9762927
21
-22.8174202
0
LINE
8
layer2
10
70.9762927
20
-22.8174202
11
70.8089942
21
-22.6664599
0
LINE
8
layer2
10
70.8089942
20
-22.6664599
11
70.7667564
21
-22.6342556
0
LINE
8
layer2
10
70.7667564
20
-22.6342556
11
70.729891
21
-22.6136274
0
LINE
8
layer2
10
70.729891
20
-22.6136274
11
70.6988616
21
-22.6043547
0
LINE
8
layer2
10
70.6988616
20
-22.6043547
11
70.6741223
21
-22.6061642
0
LINE
8
layer2
10
70.6741223
20
-22.6061642
11
70.6357907
21
-22.6296472
0
LINE
8
layer2
10
70.6357907
20
-22.6296472
11
70.3382645
21
-22.8192172
0
LINE
8
layer2
10
70.3382645
20
-22.8192172
11
70.038376
21
-23.0050277
0
LINE
8
layer2
10
70.038376
20
-23.0050277
11
70.0005871
21
-23.0293744
0
LINE
8
layer2
10
70.0005871
20
-23.0293744
11
69.9882229
21
-23.0508786
0
LINE
8
layer2
10
69.9882229
20
-23.0508786
11
69.9831141
21
-23.0828584
0
LINE
8
layer2
10
69.9831141
20
-23.0828584
11
69.9857041
21
-23.1250232
0
LINE
8
layer2
10
69.9857041
20
-23.1250232
11
69.9963929
21
-23.1770511
0
LINE
8
layer2
10
69.9963929
20
-23.1770511
11
70.0598154
21
-23.3932811
0
LINE
8
layer2
10
70.0598154
20
-23.3932811
11
70.1003325
21
-23.544657
0
LINE
8
layer2
10
70.1003325
20
-23.544657
11
70.1405133
21
-23.7082788
0
LINE
8
layer2
10
70.1405133
20
-23.7082788
11
70.1802652
21
-23.886236
0
LINE
8
layer2
10
70.1802652
20
-23.886236
11
70.2183748
21
-24.0754883
0
LINE
8
layer2
10
70.2183748
20
-24.0754883
11
70.2541161
21
-24.2743541
0
LINE
8
layer2
10
70.2541161
20
-24.2743541
11
70.2880311
21
-24.4887522
0
LINE
8
layer2
10
70.2880311
20
-24.4887522
11
70.3187116
21
-24.7130957
0
LINE
8
layer2
10
70.3187116
20
-24.7130957
11
70.3460325
21
-24.9496478
0
LINE
8
layer2
10
70.3460325
20
-24.9496478
11
70.3687555
21
-25.1900525
0
ARC
8
layer2
10
55.9999972
20
8e-7
40
29
50
298.1561117
51
299.7010393
0
LINE
8
layer2
10
69.6843882
20
-25.568289
11
69.492921
21
-25.4211458
0
LINE
8
layer2
10
69.492921
20
-25.4211458
11
69.3071623
21
-25.2721592
0
LINE
8
layer2
10
69.3071623
20
-25.2721592
11
69.1335283
21
-25.1268234
0
LINE
8
layer2
10
69.1335283
20
-25.1268234
11
68.9700361
21
-24.98404
0
LINE
8
layer2
10
68.9700361
20
-24.98404
11
68.8206671
21
-24.847974
0
LINE
8
layer2
10
68.8206671
20
-24.847974
11
68.6806981
21
-24.7150175
0
LINE
8
layer2
10
68.6806981
20
-24.7150175
11
68.5511667
21
-24.5866796
0
LINE
8
layer2
10
68.5511667
20
-24.5866796
11
68.4340016
21
-24.4656055
0
LINE
8
layer2
10
68.4340016
20
-24.4656055
11
68.3273844
21
-24.3507619
0
LINE
8
layer2
10
68.3273844
20
-24.3507619
11
68.17804
21
-24.1820192
0
LINE
8
layer2
10
68.17804
20
-24.1820192
11
68.1396736
21
-24.1452883
0
LINE
8
layer2
10
68.1396736
20
-24.1452883
11
68.1053496
21
-24.1206622
0
LINE
8
layer2
10
68.1053496
20
-24.1206622
11
68.0755535
21
-24.1079736
0
LINE
8
layer2
10
68.0755535
20
-24.1079736
11
68.0507672
21
-24.1070018
0
LINE
8
layer2
10
68.0507672
20
-24.1070018
11
68.0100473
21
-24.1260453
0
LINE
8
layer2
10
68.0100473
20
-24.1260453
11
67.6931668
21
-24.281111
0
LINE
8
layer2
10
67.6931668
20
-24.281111
11
67.3743598
21
-24.4321763
0
LINE
8
layer2
10
67.3743598
20
-24.4321763
11
67.3340825
21
-24.4521389
0
LINE
8
layer2
10
67.3340825
20
-24.4521389
11
67.3193883
21
-24.4721236
0
LINE
8
layer2
10
67.3193883
20
-24.4721236
11
67.3107311
21
-24.5033303
0
LINE
8
layer2
10
67.3107311
20
-24.5033303
11
67.3085839
21
-24.54552
0
LINE
8
layer2
10
67.3085839
20
-24.54552
11
67.3133802
21
-24.5984174
0
LINE
8
layer2
10
67.3133802
20
-24.5984174
11
67.3521938
21
-24.8203889
0
LINE
8
layer2
10
67.3521938
20
-24.8203889
11
67.3755074
21
-24.9753495
0
LINE
8
layer2
10
67.3755074
20
-24.9753495
11
67.3971157
21
-25.1424413
0
LINE
8
layer2
10
67.3971157
20
-25.1424413
11
67.4166928
21
-25.3237303
0
LINE
8
layer2
10
67.4166928
20
-25.3237303
11
67.4333732
21
-25.5160595
0
LINE
8
layer2
10
67.4333732
20
-25.5160595
11
67.4466238
21
-25.7176767
0
LINE
8
layer2
10
67.4466238
20
-25.7176767
11
67.4563207
21
-25.934524
0
LINE
8
layer2
10
67.4563207
20
-25.934524
11
67.4616897
21
-26.160892
0
LINE
8
layer2
10
67.4616897
20
-26.160892
11
67.4623534
21
-26.3990156
0
LINE
8
layer2
10
67.4623534
20
-26.3990156
11
67.4580168
21
-26.6404529
0
ARC
8
layer2
10
55.9999975
20
0.0000012
40
29
50
291.7275399
51
293.2724675
0
LINE
8
layer2
10
66.7356036
20
-26.9396863
11
66.5618151
21
-26.7720308
0
LINE
8
layer2
10
66.5618151
20
-26.7720308
11
66.3939056
21
-26.6031826
0
LINE
8
layer2
10
66.3939056
20
-26.6031826
11
66.2376358
21
-26.4393198
0
LINE
8
layer2
10
66.2376358
20
-26.4393198
11
66.0911582
21
-26.2791289
0
LINE
8
layer2
10
66.0911582
20
-26.2791289
11
65.957963
21
-26.1271945
0
LINE
8
layer2
10
65.957963
20
-26.1271945
11
65.8337605
21
-25.9794023
0
LINE
8
layer2
10
65.8337605
20
-25.9794023
11
65.7194129
21
-25.8373685
0
LINE
8
layer2
10
65.7194129
20
-25.8373685
11
65.6165406
21
-25.7039374
0
LINE
8
layer2
10
65.6165406
20
-25.7039374
11
65.5234521
21
-25.5778785
0
LINE
8
layer2
10
65.5234521
20
-25.5778785
11
65.3939399
21
-25.3934756
0
LINE
8
layer2
10
65.3939399
20
-25.3934756
11
65.3599273
21
-25.35268
0
LINE
8
layer2
10
65.3599273
20
-25.35268
11
65.3285764
21
-25.3243656
0
LINE
8
layer2
10
65.3285764
20
-25.3243656
11
65.3003883
21
-25.3084208
0
LINE
8
layer2
10
65.3003883
20
-25.3084208
11
65.2758667
21
-25.3046798
0
LINE
8
layer2
10
65.2758667
20
-25.3046798
11
65.2332707
21
-25.3190445
0
LINE
8
layer2
10
65.2332707
20
-25.3190445
11
64.9010207
21
-25.4376558
0
LINE
8
layer2
10
64.9010207
20
-25.4376558
11
64.5673043
21
-25.5520762
0
LINE
8
layer2
10
64.5673043
20
-25.5520762
11
64.5250452
21
-25.5674036
0
LINE
8
layer2
10
64.5250452
20
-25.5674036
11
64.5082059
21
-25.5856174
0
LINE
8
layer2
10
64.5082059
20
-25.5856174
11
64.496109
21
-25.6156585
0
LINE
8
layer2
10
64.496109
20
-25.6156585
11
64.4892516
21
-25.6573426
0
LINE
8
layer2
10
64.4892516
20
-25.6573426
11
64.4880951
21
-25.7104444
0
LINE
8
layer2
10
64.4880951
20
-25.7104444
11
64.5018117
21
-25.935366
0
LINE
8
layer2
10
64.5018117
20
-25.935366
11
64.5076287
21
-26.0919624
0
LINE
8
layer2
10
64.5076287
20
-26.0919624
11
64.5103928
21
-26.2604229
0
LINE
8
layer2
10
64.5103928
20
-26.2604229
11
64.5095488
21
-26.442764
0
LINE
8
layer2
10
64.5095488
20
-26.442764
11
64.5045903
21
-26.6357516
0
LINE
8
layer2
10
64.5045903
20
-26.6357516
11
64.4951837
21
-26.8375846
0
LINE
8
layer2
10
64.4951837
20
-26.8375846
11
64.4805403
21
-27.0541541
0
LINE
8
layer2
10
64.4805403
20
-27.0541541
11
64.4605305
21
-27.2796998
0
LINE
8
layer2
10
64.4605305
20
-27.2796998
11
64.4345286
21
-27.5164006
0
LINE
8
layer2
10
64.4345286
20
-27.5164006
11
64.4031868
21
-27.7558342
0
ARC
8
layer2
10
56.0000006
20
0.0000023
40
29
50
285.2989622
51
286.8438899
0
LINE
8
layer2
10
63.6518125
20
-27.9723014
11
63.4978882
21
-27.786242
0
LINE
8
layer2
10
63.4978882
20
-27.786242
11
63.3499395
21
-27.5996556
0
LINE
8
layer2
10
63.3499395
20
-27.5996556
11
63.2129991
21
-27.4193265
0
LINE
8
layer2
10
63.2129991
20
-27.4193265
11
63.0853783
21
-27.2437425
0
LINE
8
layer2
10
63.0853783
20
-27.2437425
11
62.9700318
21
-27.0778503
0
LINE
8
layer2
10
62.9700318
20
-27.0778503
11
62.8631577
21
-26.9170812
0
LINE
8
layer2
10
62.8631577
20
-26.9170812
11
62.7654319
21
-26.7631375
0
LINE
8
layer2
10
62.7654319
20
-26.7631375
11
62.6781459
21
-26.6190273
0
LINE
8
layer2
10
62.6781459
20
-26.6190273
11
62.5997569
21
-26.4833385
0
LINE
8
layer2
10
62.5997569
20
-26.4833385
11
62.4917056
21
-26.2855943
0
LINE
8
layer2
10
62.4917056
20
-26.2855943
11
62.4624745
21
-26.241247
0
LINE
8
layer2
10
62.4624745
20
-26.241247
11
62.4344909
21
-26.2096005
0
LINE
8
layer2
10
62.4344909
20
-26.2096005
11
62.4082653
21
-26.1905998
0
LINE
8
layer2
10
62.4082653
20
-26.1905998
11
62.3843167
21
-26.1841369
0
LINE
8
layer2
10
62.3843167
20
-26.1841369
11
62.3403802
21
-26.193642
0
LINE
8
layer2
10
62.3403802
20
-26.193642
11
61.9969392
21
-26.2743072
0
LINE
8
layer2
10
61.9969392
20
-26.2743072
11
61.6525101
21
-26.3506438
0
LINE
8
layer2
10
61.6525101
20
-26.3506438
11
61.6088006
21
-26.3611434
0
LINE
8
layer2
10
61.6088006
20
-26.3611434
11
61.5900278
21
-26.3773572
0
LINE
8
layer2
10
61.5900278
20
-26.3773572
11
61.5746435
21
-26.405855
0
LINE
8
layer2
10
61.5746435
20
-26.405855
11
61.563162
21
-26.4465092
0
LINE
8
layer2
10
61.563162
20
-26.4465092
11
61.5560673
21
-26.4991477
0
LINE
8
layer2
10
61.5560673
20
-26.4991477
11
61.5445144
21
-26.7241907
0
LINE
8
layer2
10
61.5445144
20
-26.7241907
11
61.5327616
21
-26.8804538
0
LINE
8
layer2
10
61.5327616
20
-26.8804538
11
61.5166467
21
-27.0481646
0
LINE
8
layer2
10
61.5166467
20
-27.0481646
11
61.4953924
21
-27.2292647
0
LINE
8
layer2
10
61.4953924
20
-27.2292647
11
61.4688573
21
-27.4204835
0
LINE
8
layer2
10
61.4688573
20
-27.4204835
11
61.4369116
21
-27.6199943
0
LINE
8
layer2
10
61.4369116
20
-27.6199943
11
61.3981123
21
-27.8335625
0
LINE
8
layer2
10
61.3981123
20
-27.8335625
11
61.3529751
21
-28.0554497
0
LINE
8
layer2
10
61.3529751
20
-28.0554497
11
61.3006347
21
-28.2877508
0
LINE
8
layer2
10
61.3006347
20
-28.2877508
11
61.2426819
21
-28.5221698
0
ARC
8
layer2
10
55.9999991
20
0.0000019
40
29
50
278.8703944
51
280.415322
0
LINE
8
layer2
10
60.4717954
20
-28.6531486
11
60.3396711
21
-28.4510251
0
LINE
8
layer2
10
60.3396711
20
-28.4510251
11
60.2135436
21
-28.2490469
0
LINE
8
layer2
10
60.2135436
20
-28.2490469
11
60.0976547
21
-28.0545192
0
LINE
8
layer2
10
60.0976547
20
-28.0545192
11
59.9904955
21
-27.8657502
0
LINE
8
layer2
10
59.9904955
20
-27.8657502
11
59.8944484
21
-27.6879864
0
LINE
8
layer2
10
59.8944484
20
-27.6879864
11
59.8062467
21
-27.5162621
0
LINE
8
layer2
10
59.8062467
20
-27.5162621
11
59.7263716
21
-27.3523446
0
LINE
8
layer2
10
59.7263716
20
-27.3523446
11
59.6557697
21
-27.1993676
0
LINE
8
layer2
10
59.6557697
20
-27.1993676
11
59.5930659
21
-27.0557552
0
LINE
8
layer2
10
59.5930659
20
-27.0557552
11
59.5078343
21
-26.8471565
0
LINE
8
layer2
10
59.5078343
20
-26.8471565
11
59.4837524
21
-26.7998151
0
LINE
8
layer2
10
59.4837524
20
-26.7998151
11
59.459488
21
-26.7652344
0
LINE
8
layer2
10
59.459488
20
-26.7652344
11
59.4355547
21
-26.7434169
0
LINE
8
layer2
10
59.4355547
20
-26.7434169
11
59.4124803
21
-26.7343132
0
LINE
8
layer2
10
59.4124803
20
-26.7343132
11
59.3677559
21
-26.7388392
0
LINE
8
layer2
10
59.3677559
20
-26.7388392
11
59.0174426
21
-26.7805441
0
LINE
8
layer2
10
59.0174426
20
-26.7805441
11
58.6666323
21
-26.8178368
0
LINE
8
layer2
10
58.6666323
20
-26.8178368
11
58.622022
21
-26.8233764
0
LINE
8
layer2
10
58.622022
20
-26.8233764
11
58.6015519
21
-26.8373865
0
LINE
8
layer2
10
58.6015519
20
-26.8373865
11
58.5830736
21
-26.8639826
0
LINE
8
layer2
10
58.5830736
20
-26.8639826
11
58.5671125
21
-26.9030956
0
LINE
8
layer2
10
58.5671125
20
-26.9030956
11
58.5541687
21
-26.9546088
0
LINE
8
layer2
10
58.5541687
20
-26.9546088
11
58.5174917
21
-27.1769433
0
LINE
8
layer2
10
58.5174917
20
-27.1769433
11
58.4883168
21
-27.3309079
0
LINE
8
layer2
10
58.4883168
20
-27.3309079
11
58.4535256
21
-27.4957599
0
LINE
8
layer2
10
58.4535256
20
-27.4957599
11
58.4121281
21
-27.6733415
0
LINE
8
layer2
10
58.4121281
20
-27.6733415
11
58.3643502
21
-27.860387
0
LINE
8
layer2
10
58.3643502
20
-27.860387
11
58.3102673
21
-28.0550665
0
LINE
8
layer2
10
58.3102673
20
-28.0550665
11
58.2477998
21
-28.2629478
0
LINE
8
layer2
10
58.2477998
20
-28.2629478
11
58.178103
21
-28.478386
0
LINE
8
layer2
10
58.178103
20
-28.478386
11
58.1000822
21
-28.7033661
0
LINE
8
layer2
10
58.1000822
20
-28.7033661
11
58.0162472
21
-28.9298225
0
ARC
8
layer2
10
56.0000004
20
0.0000021
40
29
50
272.4418208
51
273.9867484
0
LINE
8
layer2
10
57.2355429
20
-28.9736659
11
57.12688
21
-28.75802
0
LINE
8
layer2
10
57.12688
20
-28.75802
11
57.02416
21
-28.54319
0
LINE
8
layer2
10
57.02416
20
-28.54319
11
56.93078
21
-28.33691
0
LINE
8
layer2
10
56.93078
20
-28.33691
11
56.84543
21
-28.13733
0
LINE
8
layer2
10
56.84543
20
-28.13733
11
56.76989
21
-27.94993
0
LINE
8
layer2
10
56.76989
20
-27.94993
11
56.70147
21
-27.76941
0
LINE
8
layer2
10
56.70147
20
-27.76941
11
56.64045
21
-27.59758
0
LINE
8
layer2
10
56.64045
20
-27.59758
11
56.58742
21
-27.43766
0
LINE
8
layer2
10
56.58742
20
-27.43766
11
56.54119
21
-27.28793
0
LINE
8
layer2
10
56.54119
20
-27.28793
11
56.47985
21
-27.0711
0
LINE
8
layer2
10
56.47985
20
-27.0711
11
56.46122
21
-27.02136
0
LINE
8
layer2
10
56.46122
20
-27.02136
11
56.44098
21
-26.98428
0
LINE
8
layer2
10
56.44098
20
-26.98428
11
56.41964
21
-26.95992
0
LINE
8
layer2
10
56.41964
20
-26.95992
11
56.39773
21
-26.94829
0
LINE
8
layer2
10
56.39773
20
-26.94829
11
56.35278
21
-26.94778
0
LINE
8
layer2
10
56.35278
20
-26.94778
11
56
21
-26.95
0
LINE
8
layer2
10
56
20
-26.95
11
55.64722
21
-26.94778
0
LINE
8
layer2
10
55.64722
20
-26.94778
11
55.60227
21
-26.94829
0
LINE
8
layer2
10
55.60227
20
-26.94829
11
55.58036
21
-26.95992
0
LINE
8
layer2
10
55.58036
20
-26.95992
11
55.55902
21
-26.98428
0
LINE
8
layer2
10
55.55902
20
-26.98428
11
55.53878
21
-27.02136
0
LINE
8
layer2
10
55.53878
20
-27.02136
11
55.52015
21
-27.0711
0
LINE
8
layer2
10
55.52015
20
-27.0711
11
55.45881
21
-27.28793
0
LINE
8
layer2
10
55.45881
20
-27.28793
11
55.41258
21
-27.43766
0
LINE
8
layer2
10
55.41258
20
-27.43766
11
55.35955
21
-27.59758
0
LINE
8
layer2
10
55.35955
20
-27.59758
11
55.29853
21
-27.76941
0
LINE
8
layer2
10
55.29853
20
-27.76941
11
55.23011
21
-27.94993
0
LINE
8
layer2
10
55.23011
20
-27.94993
11
55.15457
21
-28.13733
0
LINE
8
layer2
10
55.15457
20
-28.13733
11
55.06922
21
-28.33691
0
LINE
8
layer2
10
55.06922
20
-28.33691
11
54.97584
21
-28.54319
0
LINE
8
layer2
10
54.97584
20
-28.54319
11
54.87312
21
-28.75802
0
LINE
8
layer2
10
54.87312
20
-28.75802
11
54.7644571
21
-28.9736659
0
ARC
8
layer2
10
55.9999997
20
0.0000021
40
29
50
266.0132514
51
267.558179
0
LINE
8
layer2
10
53.9837528
20
-28.9298225
11
53.8999178
21
-28.7033661
0
LINE
8
layer2
10
53.8999178
20
-28.7033661
11
53.821897
21
-28.478386
0
LINE
8
layer2
10
53.821897
20
-28.478386
11
53.7522002
21
-28.2629478
0
LINE
8
layer2
10
53.7522002
20
-28.2629478
11
53.6897327
21
-28.0550665
0
LINE
8
layer2
10
53.6897327
20
-28.0550665
11
53.6356498
21
-27.860387
0
LINE
8
layer2
10
53.6356498
20
-27.860387
11
53.5878719
21
-27.6733415
0
LINE
8
layer2
10
53.5878719
20
-27.6733415
11
53.5464744
21
-27.4957599
0
LINE
8
layer2
10
53.5464744
20
-27.4957599
11
53.5116832
21
-27.3309079
0
LINE
8
layer2
10
53.5116832
20
-27.3309079
11
53.4825083
21
-27.1769433
0
LINE
8
layer2
10
53.4825083
20
-27.1769433
11
53.4458313
21
-26.9546088
0
LINE
8
layer2
10
53.4458313
20
-26.9546088
11
53.4328875
21
-26.9030956
0
LINE
8
layer2
10
53.4328875
20
-26.9030956
11
53.4169264
21
-26.8639826
0
LINE
8
layer2
10
53.4169264
20
-26.8639826
11
53.3984481
21
-26.8373865
0
LINE
8
layer2
10
53.3984481
20
-26.8373865
11
53.377978
21
-26.8233764
0
LINE
8
layer2
10
53.377978
20
-26.8233764
11
53.3333677
21
-26.8178368
0
LINE
8
layer2
10
53.3333677
20
-26.8178368
11
52.9825574
21
-26.7805441
0
LINE
8
layer2
10
52.9825574
20
-26.7805441
11
52.6322441
21
-26.7388392
0
LINE
8
layer2
10
52.6322441
20
-26.7388392
11
52.5875197
21
-26.7343132
0
LINE
8
layer2
10
52.5875197
20
-26.7343132
11
52.5644453
21
-26.7434169
0
LINE
8
layer2
10
52.5644453
20
-26.7434169
11
52.540512
21
-26.7652344
0
LINE
8
layer2
10
52.540512
20
-26.7652344
11
52.5162476
21
-26.7998151
0
LINE
8
layer2
10
52.5162476
20
-26.7998151
11
52.4921657
21
-26.8471565
0
LINE
8
layer2
10
52.4921657
20
-26.8471565
11
52.4069341
21
-27.0557552
0
LINE
8
layer2
10
52.4069341
20
-27.0557552
11
52.3442303
21
-27.1993676
0
LINE
8
layer2
10
52.3442303
20
-27.1993676
11
52.2736284
21
-27.3523446
0
LINE
8
layer2
10
52.2736284
20
-27.3523446
11
52.1937533
21
-27.5162621
0
LINE
8
layer2
10
52.1937533
20
-27.5162621
11
52.1055516
21
-27.6879864
0
LINE
8
layer2
10
52.1055516
20
-27.6879864
11
52.0095045
21
-27.8657502
0
LINE
8
layer2
10
52.0095045
20
-27.8657502
11
51.9023453
21
-28.0545192
0
LINE
8
layer2
10
51.9023453
20
-28.0545192
11
51.7864564
21
-28.2490469
0
LINE
8
layer2
10
51.7864564
20
-28.2490469
11
51.6603289
21
-28.4510251
0
LINE
8
layer2
10
51.6603289
20
-28.4510251
11
51.5282046
21
-28.6531486
0
ARC
8
layer2
10
56.0000009
20
0.000002
40
29
50
259.584678
51
261.1296056
0
LINE
8
layer2
10
50.7573181
20
-28.5221698
11
50.6993653
21
-28.2877508
0
LINE
8
layer2
10
50.6993653
20
-28.2877508
11
50.6470249
21
-28.0554497
0
LINE
8
layer2
10
50.6470249
20
-28.0554497
11
50.6018877
21
-27.8335625
0
LINE
8
layer2
10
50.6018877
20
-27.8335625
11
50.5630884
21
-27.6199943
0
LINE
8
layer2
10
50.5630884
20
-27.6199943
11
50.5311427
21
-27.4204835
0
LINE
8
layer2
10
50.5311427
20
-27.4204835
11
50.5046076
21
-27.2292647
0
LINE
8
layer2
10
50.5046076
20
-27.2292647
11
50.4833533
21
-27.0481646
0
LINE
8
layer2
10
50.4833533
20
-27.0481646
11
50.4672384
21
-26.8804538
0
LINE
8
layer2
10
50.4672384
20
-26.8804538
11
50.4554856
21
-26.7241907
0
LINE
8
layer2
10
50.4554856
20
-26.7241907
11
50.4439327
21
-26.4991477
0
LINE
8
layer2
10
50.4439327
20
-26.4991477
11
50.436838
21
-26.4465092
0
LINE
8
layer2
10
50.436838
20
-26.4465092
11
50.4253565
21
-26.405855
0
LINE
8
layer2
10
50.4253565
20
-26.405855
11
50.4099722
21
-26.3773572
0
LINE
8
layer2
10
50.4099722
20
-26.3773572
11
50.3911994
21
-26.3611434
0
LINE
8
layer2
10
50.3911994
20
-26.3611434
11
50.3474899
21
-26.3506438
0
LINE
8
layer2
10
50.3474899
20
-26.3506438
11
50.0030608
21
-26.2743072
0
LINE
8
layer2
10
50.0030608
20
-26.2743072
11
49.6596198
21
-26.193642
0
LINE
8
layer2
10
49.6596198
20
-26.193642
11
49.6156833
21
-26.1841369
0
LINE
8
layer2
10
49.6156833
20
-26.1841369
11
49.5917347
21
-26.1905998
0
LINE
8
layer2
10
49.5917347
20
-26.1905998
11
49.5655091
21
-26.2096005
0
LINE
8
layer2
10
49.5655091
20
-26.2096005
11
49.5375255
21
-26.241247
0
LINE
8
layer2
10
49.5375255
20
-26.241247
11
49.5082944
21
-26.2855943
0
LINE
8
layer2
10
49.5082944
20
-26.2855943
11
49.4002431
21
-26.4833385
0
LINE
8
layer2
10
49.4002431
20
-26.4833385
11
49.3218541
21
-26.6190273
0
LINE
8
layer2
10
49.3218541
20
-26.6190273
11
49.2345681
21
-26.7631375
0
LINE
8
layer2
10
49.2345681
20
-26.7631375
11
49.1368423
21
-26.9170812
0
LINE
8
layer2
10
49.1368423
20
-26.9170812
11
49.0299682
21
-27.0778503
0
LINE
8
layer2
10
49.0299682
20
-27.0778503
11
48.9146217
21
-27.2437425
0
LINE
8
layer2
10
48.9146217
20
-27.2437425
11
48.7870009
21
-27.4193265
0
LINE
8
layer2
10
48.7870009
20
-27.4193265
11
48.6500605
21
-27.5996556
0
LINE
8
layer2
10
48.6500605
20
-27.5996556
11
48.5021118
21
-27.786242
0
LINE
8
layer2
10
48.5021118
20
-27.786242
11
48.3481875
21
-27.9723014
0
ARC
8
layer2
10
55.9999993
20
0.0000023
40
29
50
253.1561101
51
254.7010378
0
LINE
8
layer2
10
47.5968132
20
-27.7558342
11
47.5654714
21
-27.5164006
0
LINE
8
layer2
10
47.5654714
20
-27.5164006
11
47.5394695
21
-27.2796998
0
LINE
8
layer2
10
47.5394695
20
-27.2796998
11
47.5194597
21
-27.0541541
0
LINE
8
layer2
10
47.5194597
20
-27.0541541
11
47.5048163
21
-26.8375846
0
LINE
8
layer2
10
47.5048163
20
-26.8375846
11
47.4954097
21
-26.6357516
0
LINE
8
layer2
10
47.4954097
20
-26.6357516
11
47.4904512
21
-26.442764
0
LINE
8
layer2
10
47.4904512
20
-26.442764
11
47.4896072
21
-26.2604229
0
LINE
8
layer2
10
47.4896072
20
-26.2604229
11
47.4923713
21
-26.0919624
0
LINE
8
layer2
10
47.4923713
20
-26.0919624
11
47.4981883
21
-25.935366
0
LINE
8
layer2
10
47.4981883
20
-25.935366
11
47.5119049
21
-25.7104444
0
LINE
8
layer2
10
47.5119049
20
-25.7104444
11
47.5107484
21
-25.6573426
0
LINE
8
layer2
10
47.5107484
20
-25.6573426
11
47.503891
21
-25.6156585
0
LINE
8
layer2
10
47.503891
20
-25.6156585
11
47.4917941
21
-25.5856174
0
LINE
8
layer2
10
47.4917941
20
-25.5856174
11
47.4749548
21
-25.5674036
0
LINE
8
layer2
10
47.4749548
20
-25.5674036
11
47.4326957
21
-25.5520762
0
LINE
8
layer2
10
47.4326957
20
-25.5520762
11
47.0989793
21
-25.4376558
0
LINE
8
layer2
10
47.0989793
20
-25.4376558
11
46.7667293
21
-25.3190445
0
LINE
8
layer2
10
46.7667293
20
-25.3190445
11
46.7241333
21
-25.3046798
0
LINE
8
layer2
10
46.7241333
20
-25.3046798
11
46.6996117
21
-25.3084208
0
LINE
8
layer2
10
46.6996117
20
-25.3084208
11
46.6714236
21
-25.3243656
0
LINE
8
layer2
10
46.6714236
20
-25.3243656
11
46.6400727
21
-25.35268
0
LINE
8
layer2
10
46.6400727
20
-25.35268
11
46.6060601
21
-25.3934756
0
LINE
8
layer2
10
46.6060601
20
-25.3934756
11
46.4765479
21
-25.5778785
0
LINE
8
layer2
10
46.4765479
20
-25.5778785
11
46.3834594
21
-25.7039374
0
LINE
8
layer2
10
46.3834594
20
-25.7039374
11
46.2805871
21
-25.8373685
0
LINE
8
layer2
10
46.2805871
20
-25.8373685
11
46.1662395
21
-25.9794023
0
LINE
8
layer2
10
46.1662395
20
-25.9794023
11
46.042037
21
-26.1271945
0
LINE
8
layer2
10
46.042037
20
-26.1271945
11
45.9088418
21
-26.2791289
0
LINE
8
layer2
10
45.9088418
20
-26.2791289
11
45.7623642
21
-26.4393198
0
LINE
8
layer2
10
45.7623642
20
-26.4393198
11
45.6060944
21
-26.6031826
0
LINE
8
layer2
10
45.6060944
20
-26.6031826
11
45.4381849
21
-26.7720308
0
LINE
8
layer2
10
45.4381849
20
-26.7720308
11
45.2643964
21
-26.9396863
0
ARC
8
layer2
10
56.0000025
20
0.0000012
40
29
50
246.7275325
51
248.2724601
0
LINE
8
layer2
10
44.5419832
20
-26.6404529
11
44.5376466
21
-26.3990156
0
LINE
8
layer2
10
44.5376466
20
-26.3990156
11
44.5383103
21
-26.160892
0
LINE
8
layer2
10
44.5383103
20
-26.160892
11
44.5436793
21
-25.934524
0
LINE
8
layer2
10
44.5436793
20
-25.934524
11
44.5533762
21
-25.7176767
0
LINE
8
layer2
10
44.5533762
20
-25.7176767
11
44.5666268
21
-25.5160595
0
LINE
8
layer2
10
44.5666268
20
-25.5160595
11
44.5833072
21
-25.3237303
0
LINE
8
layer2
10
44.5833072
20
-25.3237303
11
44.6028843
21
-25.1424413
0
LINE
8
layer2
10
44.6028843
20
-25.1424413
11
44.6244926
21
-24.9753495
0
LINE
8
layer2
10
44.6244926
20
-24.9753495
11
44.6478062
21
-24.8203889
0
LINE
8
layer2
10
44.6478062
20
-24.8203889
11
44.6866198
21
-24.5984174
0
LINE
8
layer2
10
44.6866198
20
-24.5984174
11
44.6914161
21
-24.54552
0
LINE
8
layer2
10
44.6914161
20
-24.54552
11
44.6892689
21
-24.5033303
0
LINE
8
layer2
10
44.6892689
20
-24.5033303
11
44.6806117
21
-24.4721236
0
LINE
8
layer2
10
44.6806117
20
-24.4721236
11
44.6659175
21
-24.4521389
0
LINE
8
layer2
10
44.6659175
20
-24.4521389
11
44.6256402
21
-24.4321763
0
LINE
8
layer2
10
44.6256402
20
-24.4321763
11
44.3068332
21
-24.281111
0
LINE
8
layer2
10
44.3068332
20
-24.281111
11
43.9899527
21
-24.1260453
0
LINE
8
layer2
10
43.9899527
20
-24.1260453
11
43.9492328
21
-24.1070018
0
LINE
8
layer2
10
43.9492328
20
-24.1070018
11
43.9244465
21
-24.1079736
0
LINE
8
layer2
10
43.9244465
20
-24.1079736
11
43.8946504
21
-24.1206622
0
LINE
8
layer2
10
43.8946504
20
-24.1206622
11
43.8603264
21
-24.1452883
0
LINE
8
layer2
10
43.8603264
20
-24.1452883
11
43.82196
21
-24.1820192
0
LINE
8
layer2
10
43.82196
20
-24.1820192
11
43.6726156
21
-24.3507619
0
LINE
8
layer2
10
43.6726156
20
-24.3507619
11
43.5659984
21
-24.4656055
0
LINE
8
layer2
10
43.5659984
20
-24.4656055
11
43.4488333
21
-24.5866796
0
LINE
8
layer2
10
43.4488333
20
-24.5866796
11
43.3193019
21
-24.7150175
0
LINE
8
layer2
10
43.3193019
20
-24.7150175
11
43.1793329
21
-24.847974
0
LINE
8
layer2
10
43.1793329
20
-24.847974
11
43.0299639
21
-24.98404
0
LINE
8
layer2
10
43.0299639
20
-24.98404
11
42.8664717
21
-25.1268234
0
LINE
8
layer2
10
42.8664717
20
-25.1268234
11
42.6928377
21
-25.2721592
0
LINE
8
layer2
10
42.6928377
20
-25.2721592
11
42.507079
21
-25.4211458
0
LINE
8
layer2
10
42.507079
20
-25.4211458
11
42.3156118
21
-25.568289
0
ARC
8
layer2
10
56.0000028
20
8e-7
40
29
50
240.2989607
51
241.8438883
0
LINE
8
layer2
10
41.6312445
20
-25.1900525
11
41.6539675
21
-24.9496478
0
LINE
8
layer2
10
41.6539675
20
-24.9496478
11
41.6812884
21
-24.7130957
0
LINE
8
layer2
10
41.6812884
20
-24.7130957
11
41.7119689
21
-24.4887522
0
LINE
8
layer2
10
41.7119689
20
-24.4887522
11
41.7458839
21
-24.2743541
0
LINE
8
layer2
10
41.7458839
20
-24.2743541
11
41.7816252
21
-24.0754883
0
LINE
8
layer2
10
41.7816252
20
-24.0754883
11
41.8197348
21
-23.886236
0
LINE
8
layer2
10
41.8197348
20
-23.886236
11
41.8594867
21
-23.7082788
0
LINE
8
layer2
10
41.8594867
20
-23.7082788
11
41.8996675
21
-23.544657
0
LINE
8
layer2
10
41.8996675
20
-23.544657
11
41.9401846
21
-23.3932811
0
LINE
8
layer2
10
41.9401846
20
-23.3932811
11
42.0036071
21
-23.1770511
0
LINE
8
layer2
10
42.0036071
20
-23.1770511
11
42.0142959
21
-23.1250232
0
LINE
8
layer2
10
42.0142959
20
-23.1250232
11
42.0168859
21
-23.0828584
0
LINE
8
layer2
10
42.0168859
20
-23.0828584
11
42.0117771
21
-23.0508786
0
LINE
8
layer2
10
42.0117771
20
-23.0508786
11
41.9994129
21
-23.0293744
0
LINE
8
layer2
10
41.9994129
20
-23.0293744
11
41.961624
21
-23.0050277
0
LINE
8
layer2
10
41.961624
20
-23.0050277
11
41.6617355
21
-22.8192172
0
LINE
8
layer2
10
41.6617355
20
-22.8192172
11
41.3642093
21
-22.6296472
0
LINE
8
layer2
10
41.3642093
20
-22.6296472
11
41.3258777
21
-22.6061642
0
LINE
8
layer2
10
41.3258777
20
-22.6061642
11
41.3011384
21
-22.6043547
0
LINE
8
layer2
10
41.3011384
20
-22.6043547
11
41.270109
21
-22.6136274
0
LINE
8
layer2
10
41.270109
20
-22.6136274
11
41.2332436
21
-22.6342556
0
LINE
8
layer2
10
41.2332436
20
-22.6342556
11
41.1910058
21
-22.6664599
0
LINE
8
layer2
10
41.1910058
20
-22.6664599
11
41.0237073
21
-22.8174202
0
LINE
8
layer2
10
41.0237073
20
-22.8174202
11
40.904902
21
-22.9196044
0
LINE
8
layer2
10
40.904902
20
-22.9196044
11
40.7749177
21
-23.0267989
0
LINE
8
layer2
10
40.7749177
20
-23.0267989
11
40.6318315
21
-23.1398269
0
LINE
8
layer2
10
40.6318315
20
-23.1398269
11
40.4778562
21
-23.2562759
0
LINE
8
layer2
10
40.4778562
20
-23.2562759
11
40.3141919
21
-23.3747623
0
LINE
8
layer2
10
40.3141919
20
-23.3747623
11
40.135741
21
-23.4983426
0
LINE
8
layer2
10
40.135741
20
-23.4983426
11
39.9469263
21
-23.6233237
0
LINE
8
layer2
10
39.9469263
20
-23.6233237
11
39.7456543
21
-23.7505751
0
LINE
8
layer2
10
39.7456543
20
-23.7505751
11
39.5389163
21
-23.8753556
0
ARC
8
layer2
10
56.0000014
20
0.0000015
40
29
50
233.8703929
51
235.4153205
0
LINE
8
layer2
10
38.9012011
20
-23.4228726
11
38.9506981
21
-23.1865236
0
LINE
8
layer2
10
38.9506981
20
-23.1865236
11
39.0043327
21
-22.9545179
0
LINE
8
layer2
10
39.0043327
20
-22.9545179
11
39.0599387
21
-22.7350202
0
LINE
8
layer2
10
39.0599387
20
-22.7350202
11
39.1176455
21
-22.5257674
0
LINE
8
layer2
10
39.1176455
20
-22.5257674
11
39.1754279
21
-22.3321538
0
LINE
8
layer2
10
39.1754279
20
-22.3321538
11
39.2344874
21
-22.1483584
0
LINE
8
layer2
10
39.2344874
20
-22.1483584
11
39.2939143
21
-21.9759709
0
LINE
8
layer2
10
39.2939143
20
-21.9759709
11
39.3521623
21
-21.8178768
0
LINE
8
layer2
10
39.3521623
20
-21.8178768
11
39.4093733
21
-21.6719892
0
LINE
8
layer2
10
39.4093733
20
-21.6719892
11
39.4966071
21
-21.4642198
0
LINE
8
layer2
10
39.4966071
20
-21.4642198
11
39.5130539
21
-21.4137159
0
LINE
8
layer2
10
39.5130539
20
-21.4137159
11
39.5203487
21
-21.3721062
0
LINE
8
layer2
10
39.5203487
20
-21.3721062
11
39.5188526
21
-21.3397555
0
LINE
8
layer2
10
39.5188526
20
-21.3397555
11
39.5089738
21
-21.3170021
0
LINE
8
layer2
10
39.5089738
20
-21.3170021
11
39.4741485
21
-21.2885775
0
LINE
8
layer2
10
39.4741485
20
-21.2885775
11
39.1969498
21
-21.0703585
0
LINE
8
layer2
10
39.1969498
20
-21.0703585
11
38.9225195
21
-20.8486681
0
LINE
8
layer2
10
38.9225195
20
-20.8486681
11
38.8870582
21
-20.8210409
0
LINE
8
layer2
10
38.8870582
20
-20.8210409
11
38.8626771
21
-20.816473
0
LINE
8
layer2
10
38.8626771
20
-20.816473
11
38.8308046
21
-20.8222131
0
LINE
8
layer2
10
38.8308046
20
-20.8222131
11
38.7918613
21
-20.838584
0
LINE
8
layer2
10
38.7918613
20
-20.838584
11
38.7462834
21
-20.8658567
0
LINE
8
layer2
10
38.7462834
20
-20.8658567
11
38.5631346
21
-20.9971363
0
LINE
8
layer2
10
38.5631346
20
-20.9971363
11
38.4336354
21
-21.085376
0
LINE
8
layer2
10
38.4336354
20
-21.085376
11
38.2924663
21
-21.1773428
0
LINE
8
layer2
10
38.2924663
20
-21.1773428
11
38.1376247
21
-21.2736396
0
LINE
8
layer2
10
38.1376247
20
-21.2736396
11
37.9715794
21
-21.3721166
0
LINE
8
layer2
10
37.9715794
20
-21.3721166
11
37.7956779
21
-21.4715334
0
LINE
8
layer2
10
37.7956779
20
-21.4715334
11
37.6045125
21
-21.5743565
0
LINE
8
layer2
10
37.6045125
20
-21.5743565
11
37.4028916
21
-21.6774112
0
LINE
8
layer2
10
37.4028916
20
-21.6774112
11
37.1886375
21
-21.7813272
0
LINE
8
layer2
10
37.1886375
20
-21.7813272
11
36.9692284
21
-21.8821757
0
ARC
8
layer2
10
56.0000003
20
0.0000024
40
29
50
227.4418245
51
228.9867521
0
LINE
8
layer2
10
36.3861852
20
-21.3611364
11
36.4618335
21
-21.1318154
0
LINE
8
layer2
10
36.4618335
20
-21.1318154
11
36.5411073
21
-20.9072737
0
LINE
8
layer2
10
36.5411073
20
-20.9072737
11
36.6209396
21
-20.6953821
0
LINE
8
layer2
10
36.6209396
20
-20.6953821
11
36.7017124
21
-20.4939061
0
LINE
8
layer2
10
36.7017124
20
-20.4939061
11
36.7808094
21
-20.3079795
0
LINE
8
layer2
10
36.7808094
20
-20.3079795
11
36.8600761
21
-20.1319523
0
LINE
8
layer2
10
36.8600761
20
-20.1319523
11
36.9384306
21
-19.9673025
0
LINE
8
layer2
10
36.9384306
20
-19.9673025
11
37.0140132
21
-19.8167241
0
LINE
8
layer2
10
37.0140132
20
-19.8167241
11
37.0871988
21
-19.6781595
0
LINE
8
layer2
10
37.0871988
20
-19.6781595
11
37.1971468
21
-19.4814636
0
LINE
8
layer2
10
37.1971468
20
-19.4814636
11
37.2191449
21
-19.4331187
0
LINE
8
layer2
10
37.2191449
20
-19.4331187
11
37.2310526
21
-19.3925873
0
LINE
8
layer2
10
37.2310526
20
-19.3925873
11
37.233188
21
-19.3602725
0
LINE
8
layer2
10
37.233188
20
-19.3602725
11
37.225919
21
-19.3365562
0
LINE
8
layer2
10
37.225919
20
-19.3365562
11
37.1944952
21
-19.3044111
0
LINE
8
layer2
10
37.1944952
20
-19.3044111
11
36.9434722
21
-19.0565278
0
LINE
8
layer2
10
36.9434722
20
-19.0565278
11
36.6955889
21
-18.8055048
0
LINE
8
layer2
10
36.6955889
20
-18.8055048
11
36.6634438
21
-18.774081
0
LINE
8
layer2
10
36.6634438
20
-18.774081
11
36.6397275
21
-18.766812
0
LINE
8
layer2
10
36.6397275
20
-18.766812
11
36.6074127
21
-18.7689474
0
LINE
8
layer2
10
36.6074127
20
-18.7689474
11
36.5668813
21
-18.7808551
0
LINE
8
layer2
10
36.5668813
20
-18.7808551
11
36.5185364
21
-18.8028532
0
LINE
8
layer2
10
36.5185364
20
-18.8028532
11
36.3218405
21
-18.9128012
0
LINE
8
layer2
10
36.3218405
20
-18.9128012
11
36.1832759
21
-18.9859868
0
LINE
8
layer2
10
36.1832759
20
-18.9859868
11
36.0326975
21
-19.0615694
0
LINE
8
layer2
10
36.0326975
20
-19.0615694
11
35.8680477
21
-19.1399239
0
LINE
8
layer2
10
35.8680477
20
-19.1399239
11
35.6920205
21
-19.2191906
0
LINE
8
layer2
10
35.6920205
20
-19.2191906
11
35.5060939
21
-19.2982876
0
LINE
8
layer2
10
35.5060939
20
-19.2982876
11
35.3046179
21
-19.3790604
0
LINE
8
layer2
10
35.3046179
20
-19.3790604
11
35.0927263
21
-19.4588927
0
LINE
8
layer2
10
35.0927263
20
-19.4588927
11
34.8681846
21
-19.5381665
0
LINE
8
layer2
10
34.8681846
20
-19.5381665
11
34.6388636
21
-19.6138148
0
ARC
8
layer2
10
56.0000024
20
4e-7
40
29
50
221.0132479
51
222.5581755
0
LINE
8
layer2
10
34.1178243
20
-19.0307716
11
34.2186728
21
-18.8113625
0
LINE
8
layer2
10
34.2186728
20
-18.8113625
11
34.3225888
21
-18.5971084
0
LINE
8
layer2
10
34.3225888
20
-18.5971084
11
34.4256435
21
-18.3954875
0
LINE
8
layer2
10
34.4256435
20
-18.3954875
11
34.5284666
21
-18.2043221
0
LINE
8
layer2
10
34.5284666
20
-18.2043221
11
34.6278834
21
-18.0284206
0
LINE
8
layer2
10
34.6278834
20
-18.0284206
11
34.7263604
21
-17.8623753
0
LINE
8
layer2
10
34.7263604
20
-17.8623753
11
34.8226572
21
-17.7075337
0
LINE
8
layer2
10
34.8226572
20
-17.7075337
11
34.914624
21
-17.5663646
0
LINE
8
layer2
10
34.914624
20
-17.5663646
11
35.0028637
21
-17.4368654
0
LINE
8
layer2
10
35.0028637
20
-17.4368654
11
35.1341433
21
-17.2537166
0
LINE
8
layer2
10
35.1341433
20
-17.2537166
11
35.161416
21
-17.2081387
0
LINE
8
layer2
10
35.161416
20
-17.2081387
11
35.1777869
21
-17.1691954
0
LINE
8
layer2
10
35.1777869
20
-17.1691954
11
35.183527
21
-17.1373229
0
LINE
8
layer2
10
35.183527
20
-17.1373229
11
35.1789591
21
-17.1129418
0
LINE
8
layer2
10
35.1789591
20
-17.1129418
11
35.1513319
21
-17.0774805
0
LINE
8
layer2
10
35.1513319
20
-17.0774805
11
34.9296415
21
-16.8030502
0
LINE
8
layer2
10
34.9296415
20
-16.8030502
11
34.7114225
21
-16.5258515
0
LINE
8
layer2
10
34.7114225
20
-16.5258515
11
34.6829979
21
-16.4910262
0
LINE
8
layer2
10
34.6829979
20
-16.4910262
11
34.6602445
21
-16.4811474
0
LINE
8
layer2
10
34.6602445
20
-16.4811474
11
34.6278938
21
-16.4796513
0
LINE
8
layer2
10
34.6278938
20
-16.4796513
11
34.5862841
21
-16.4869461
0
LINE
8
layer2
10
34.5862841
20
-16.4869461
11
34.5357802
21
-16.5033929
0
LINE
8
layer2
10
34.5357802
20
-16.5033929
11
34.3280108
21
-16.5906267
0
LINE
8
layer2
10
34.3280108
20
-16.5906267
11
34.1821232
21
-16.6478377
0
LINE
8
layer2
10
34.1821232
20
-16.6478377
11
34.0240291
21
-16.7060857
0
LINE
8
layer2
10
34.0240291
20
-16.7060857
11
33.8516416
21
-16.7655126
0
LINE
8
layer2
10
33.8516416
20
-16.7655126
11
33.6678462
21
-16.8245721
0
LINE
8
layer2
10
33.6678462
20
-16.8245721
11
33.4742326
21
-16.8823545
0
LINE
8
layer2
10
33.4742326
20
-16.8823545
11
33.2649798
21
-16.9400613
0
LINE
8
layer2
10
33.2649798
20
-16.9400613
11
33.0454821
21
-16.9956673
0
LINE
8
layer2
10
33.0454821
20
-16.9956673
11
32.8134764
21
-17.0493019
0
LINE
8
layer2
10
32.8134764
20
-17.0493019
11
32.5771274
21
-17.0987989
0
ARC
8
layer2
10
56.0000015
20
0.0000013
40
29
50
214.5846795
51
216.1296071
0
LINE
8
layer2
10
32.1246444
20
-16.4610837
11
32.2494249
21
-16.2543457
0
LINE
8
layer2
10
32.2494249
20
-16.2543457
11
32.3766763
21
-16.0530737
0
LINE
8
layer2
10
32.3766763
20
-16.0530737
11
32.5016574
21
-15.864259
0
LINE
8
layer2
10
32.5016574
20
-15.864259
11
32.6252377
21
-15.6858081
0
LINE
8
layer2
10
32.6252377
20
-15.6858081
11
32.7437241
21
-15.5221438
0
LINE
8
layer2
10
32.7437241
20
-15.5221438
11
32.8601731
21
-15.3681685
0
LINE
8
layer2
10
32.8601731
20
-15.3681685
11
32.9732011
21
-15.2250823
0
LINE
8
layer2
10
32.9732011
20
-15.2250823
11
33.0803956
21
-15.095098
0
LINE
8
layer2
10
33.0803956
20
-15.095098
11
33.1825798
21
-14.9762927
0
LINE
8
layer2
10
33.1825798
20
-14.9762927
11
33.3335401
21
-14.8089942
0
LINE
8
layer2
10
33.3335401
20
-14.8089942
11
33.3657444
21
-14.7667564
0
LINE
8
layer2
10
33.3657444
20
-14.7667564
11
33.3863726
21
-14.729891
0
LINE
8
layer2
10
33.3863726
20
-14.729891
11
33.3956453
21
-14.6988616
0
LINE
8
layer2
10
33.3956453
20
-14.6988616
11
33.3938358
21
-14.6741223
0
LINE
8
layer2
10
33.3938358
20
-14.6741223
11
33.3703528
21
-14.6357907
0
LINE
8
layer2
10
33.3703528
20
-14.6357907
11
33.1807828
21
-14.3382645
0
LINE
8
layer2
10
33.1807828
20
-14.3382645
11
32.9949723
21
-14.038376
0
LINE
8
layer2
10
32.9949723
20
-14.038376
11
32.9706256
21
-14.0005871
0
LINE
8
layer2
10
32.9706256
20
-14.0005871
11
32.9491214
21
-13.9882229
0
LINE
8
layer2
10
32.9491214
20
-13.9882229
11
32.9171416
21
-13.9831141
0
LINE
8
layer2
10
32.9171416
20
-13.9831141
11
32.8749768
21
-13.9857041
0
LINE
8
layer2
10
32.8749768
20
-13.9857041
11
32.8229489
21
-13.9963929
0
LINE
8
layer2
10
32.8229489
20
-13.9963929
11
32.6067189
21
-14.0598154
0
LINE
8
layer2
10
32.6067189
20
-14.0598154
11
32.455343
21
-14.1003325
0
LINE
8
layer2
10
32.455343
20
-14.1003325
11
32.2917212
21
-14.1405133
0
LINE
8
layer2
10
32.2917212
20
-14.1405133
11
32.113764
21
-14.1802652
0
LINE
8
layer2
10
32.113764
20
-14.1802652
11
31.9245117
21
-14.2183748
0
LINE
8
layer2
10
31.9245117
20
-14.2183748
11
31.7256459
21
-14.2541161
0
LINE
8
layer2
10
31.7256459
20
-14.2541161
11
31.5112478
21
-14.2880311
0
LINE
8
layer2
10
31.5112478
20
-14.2880311
11
31.2869043
21
-14.3187116
0
LINE
8
layer2
10
31.2869043
20
-14.3187116
11
31.0503522
21
-14.3460325
0
LINE
8
layer2
10
31.0503522
20
-14.3460325
11
30.8099475
21
-14.3687555
0
ARC
8
layer2
10
56.0000008
20
0.0000028
40
29
50
208.1561117
51
209.7010393
0
LINE
8
layer2
10
30.431711
20
-13.6843882
11
30.5788542
21
-13.492921
0
LINE
8
layer2
10
30.5788542
20
-13.492921
11
30.7278408
21
-13.3071623
0
LINE
8
layer2
10
30.7278408
20
-13.3071623
11
30.8731766
21
-13.1335283
0
LINE
8
layer2
10
30.8731766
20
-13.1335283
11
31.01596
21
-12.9700361
0
LINE
8
layer2
10
31.01596
20
-12.9700361
11
31.152026
21
-12.8206671
0
LINE
8
layer2
10
31.152026
20
-12.8206671
11
31.2849825
21
-12.6806981
0
LINE
8
layer2
10
31.2849825
20
-12.6806981
11
31.4133204
21
-12.5511667
0
LINE
8
layer2
10
31.4133204
20
-12.5511667
11
31.5343945
21
-12.4340016
0
LINE
8
layer2
10
31.5343945
20
-12.4340016
11
31.6492381
21
-12.3273844
0
LINE
8
layer2
10
31.6492381
20
-12.3273844
11
31.8179808
21
-12.17804
0
LINE
8
layer2
10
31.8179808
20
-12.17804
11
31.8547117
21
-12.1396736
0
LINE
8
layer2
10
31.8547117
20
-12.1396736
11
31.8793378
21
-12.1053496
0
LINE
8
layer2
10
31.8793378
20
-12.1053496
11
31.8920264
21
-12.0755535
0
LINE
8
layer2
10
31.8920264
20
-12.0755535
11
31.8929982
21
-12.0507672
0
LINE
8
layer2
10
31.8929982
20
-12.0507672
11
31.8739547
21
-12.0100473
0
LINE
8
layer2
10
31.8739547
20
-12.0100473
11
31.718889
21
-11.6931668
0
LINE
8
layer2
10
31.718889
20
-11.6931668
11
31.5678237
21
-11.3743598
0
LINE
8
layer2
10
31.5678237
20
-11.3743598
11
31.5478611
21
-11.3340825
0
LINE
8
layer2
10
31.5478611
20
-11.3340825
11
31.5278764
21
-11.3193883
0
LINE
8
layer2
10
31.5278764
20
-11.3193883
11
31.4966697
21
-11.3107311
0
LINE
8
layer2
10
31.4966697
20
-11.3107311
11
31.45448
21
-11.3085839
0
LINE
8
layer2
10
31.45448
20
-11.3085839
11
31.4015826
21
-11.3133802
0
LINE
8
layer2
10
31.4015826
20
-11.3133802
11
31.1796111
21
-11.3521938
0
LINE
8
layer2
10
31.1796111
20
-11.3521938
11
31.0246505
21
-11.3755074
0
LINE
8
layer2
10
31.0246505
20
-11.3755074
11
30.8575587
21
-11.3971157
0
LINE
8
layer2
10
30.8575587
20
-11.3971157
11
30.6762697
21
-11.4166928
0
LINE
8
layer2
10
30.6762697
20
-11.4166928
11
30.4839405
21
-11.4333732
0
LINE
8
layer2
10
30.4839405
20
-11.4333732
11
30.2823233
21
-11.4466238
0
LINE
8
layer2
10
30.2823233
20
-11.4466238
11
30.065476
21
-11.4563207
0
LINE
8
layer2
10
30.065476
20
-11.4563207
11
29.839108
21
-11.4616897
0
LINE
8
layer2
10
29.839108
20
-11.4616897
11
29.6009844
21
-11.4623534
0
LINE
8
layer2
10
29.6009844
20
-11.4623534
11
29.3595471
21
-11.4580168
0
ARC
8
layer2
10
56.0000012
20
0.0000025
40
29
50
201.7275399
51
203.2724675
0
LINE
8
layer2
10
29.0603137
20
-10.7356036
11
29.2279692
21
-10.5618151
0
LINE
8
layer2
10
29.2279692
20
-10.5618151
11
29.3968174
21
-10.3939056
0
LINE
8
layer2
10
29.3968174
20
-10.3939056
11
29.5606802
21
-10.2376358
0
LINE
8
layer2
10
29.5606802
20
-10.2376358
11
29.7208711
21
-10.0911582
0
LINE
8
layer2
10
29.7208711
20
-10.0911582
11
29.8728055
21
-9.957963
0
LINE
8
layer2
10
29.8728055
20
-9.957963
11
30.0205977
21
-9.8337605
0
LINE
8
layer2
10
30.0205977
20
-9.8337605
11
30.1626315
21
-9.7194129
0
LINE
8
layer2
10
30.1626315
20
-9.7194129
11
30.2960626
21
-9.6165406
0
LINE
8
layer2
10
30.2960626
20
-9.6165406
11
30.4221215
21
-9.5234521
0
LINE
8
layer2
10
30.4221215
20
-9.5234521
11
30.6065244
21
-9.3939399
0
LINE
8
layer2
10
30.6065244
20
-9.3939399
11
30.64732
21
-9.3599273
0
LINE
8
layer2
10
30.64732
20
-9.3599273
11
30.6756344
21
-9.3285764
0
LINE
8
layer2
10
30.6756344
20
-9.3285764
11
30.6915792
21
-9.3003883
0
LINE
8
layer2
10
30.6915792
20
-9.3003883
11
30.6953202
21
-9.2758667
0
LINE
8
layer2
10
30.6953202
20
-9.2758667
11
30.6809555
21
-9.2332707
0
LINE
8
layer2
10
30.6809555
20
-9.2332707
11
30.5623442
21
-8.9010207
0
LINE
8
layer2
10
30.5623442
20
-8.9010207
11
30.4479238
21
-8.5673043
0
LINE
8
layer2
10
30.4479238
20
-8.5673043
11
30.4325964
21
-8.5250452
0
LINE
8
layer2
10
30.4325964
20
-8.5250452
11
30.4143826
21
-8.5082059
0
LINE
8
layer2
10
30.4143826
20
-8.5082059
11
30.3843415
21
-8.496109
0
LINE
8
layer2
10
30.3843415
20
-8.496109
11
30.3426574
21
-8.4892516
0
LINE
8
layer2
10
30.3426574
20
-8.4892516
11
30.2895556
21
-8.4880951
0
LINE
8
layer2
10
30.2895556
20
-8.4880951
11
30.064634
21
-8.5018117
0
LINE
8
layer2
10
30.064634
20
-8.5018117
11
29.9080376
21
-8.5076287
0
LINE
8
layer2
10
29.9080376
20
-8.5076287
11
29.7395771
21
-8.5103928
0
LINE
8
layer2
10
29.7395771
20
-8.5103928
11
29.557236
21
-8.5095488
0
LINE
8
layer2
10
29.557236
20
-8.5095488
11
29.3642484
21
-8.5045903
0
LINE
8
layer2
10
29.3642484
20
-8.5045903
11
29.1624154
21
-8.4951837
0
LINE
8
layer2
10
29.1624154
20
-8.4951837
11
28.9458459
21
-8.4805403
0
LINE
8
layer2
10
28.9458459
20
-8.4805403
11
28.7203002
21
-8.4605305
0
LINE
8
layer2
10
28.7203002
20
-8.4605305
11
28.4835994
21
-8.4345286
0
LINE
8
layer2
10
28.4835994
20
-8.4345286
11
28.2441658
21
-8.4031868
0
ARC
8
layer2
10
56.0000023
20
-6e-7
40
29
50
195.2989622
51
196.8438899
0
LINE
8
layer2
10
28.0276986
20
-7.6518125
11
28.213758
21
-7.4978882
0
LINE
8
layer2
10
28.213758
20
-7.4978882
11
28.4003444
21
-7.3499395
0
LINE
8
layer2
10
28.4003444
20
-7.3499395
11
28.5806735
21
-7.2129991
0
LINE
8
layer2
10
28.5806735
20
-7.2129991
11
28.7562575
21
-7.0853783
0
LINE
8
layer2
10
28.7562575
20
-7.0853783
11
28.9221497
21
-6.9700318
0
LINE
8
layer2
10
28.9221497
20
-6.9700318
11
29.0829188
21
-6.8631577
0
LINE
8
layer2
10
29.0829188
20
-6.8631577
11
29.2368625
21
-6.7654319
0
LINE
8
layer2
10
29.2368625
20
-6.7654319
11
29.3809727
21
-6.6781459
0
LINE
8
layer2
10
29.3809727
20
-6.6781459
11
29.5166615
21
-6.5997569
0
LINE
8
layer2
10
29.5166615
20
-6.5997569
11
29.7144057
21
-6.4917056
0
LINE
8
layer2
10
29.7144057
20
-6.4917056
11
29.758753
21
-6.4624745
0
LINE
8
layer2
10
29.758753
20
-6.4624745
11
29.7903995
21
-6.4344909
0
LINE
8
layer2
10
29.7903995
20
-6.4344909
11
29.8094002
21
-6.4082653
0
LINE
8
layer2
10
29.8094002
20
-6.4082653
11
29.8158631
21
-6.3843167
0
LINE
8
layer2
10
29.8158631
20
-6.3843167
11
29.806358
21
-6.3403802
0
LINE
8
layer2
10
29.806358
20
-6.3403802
11
29.7256928
21
-5.9969392
0
LINE
8
layer2
10
29.7256928
20
-5.9969392
11
29.6493562
21
-5.6525101
0
LINE
8
layer2
10
29.6493562
20
-5.6525101
11
29.6388566
21
-5.6088006
0
LINE
8
layer2
10
29.6388566
20
-5.6088006
11
29.6226428
21
-5.5900278
0
LINE
8
layer2
10
29.6226428
20
-5.5900278
11
29.594145
21
-5.5746435
0
LINE
8
layer2
10
29.594145
20
-5.5746435
11
29.5534908
21
-5.563162
0
LINE
8
layer2
10
29.5534908
20
-5.563162
11
29.5008523
21
-5.5560673
0
LINE
8
layer2
10
29.5008523
20
-5.5560673
11
29.2758093
21
-5.5445144
0
LINE
8
layer2
10
29.2758093
20
-5.5445144
11
29.1195462
21
-5.5327616
0
LINE
8
layer2
10
29.1195462
20
-5.5327616
11
28.9518354
21
-5.5166467
0
LINE
8
layer2
10
28.9518354
20
-5.5166467
11
28.7707353
21
-5.4953924
0
LINE
8
layer2
10
28.7707353
20
-5.4953924
11
28.5795165
21
-5.4688573
0
LINE
8
layer2
10
28.5795165
20
-5.4688573
11
28.3800057
21
-5.4369116
0
LINE
8
layer2
10
28.3800057
20
-5.4369116
11
28.1664375
21
-5.3981123
0
LINE
8
layer2
10
28.1664375
20
-5.3981123
11
27.9445503
21
-5.3529751
0
LINE
8
layer2
10
27.9445503
20
-5.3529751
11
27.7122492
21
-5.3006347
0
LINE
8
layer2
10
27.7122492
20
-5.3006347
11
27.4778302
21
-5.2426819
0
ARC
8
layer2
10
56.0000019
20
9e-7
40
29
50
188.8703944
51
190.415322
0
LINE
8
layer2
10
27.3468514
20
-4.4717954
11
27.5489749
21
-4.3396711
0
LINE
8
layer3
10
28.6495936
20
2.7375823
11
28.4408612
21
2.6229782
0
LINE
8
layer3
10
28.4408612
20
2.6229782
11
28.2401415
21
2.5181789
0
LINE
8
layer3
10
28.2401415
20
2.5181789
11
28.0456611
21
2.4217727
0
LINE
8
layer3
10
28.0456611
20
2.4217727
11
27.8627915
21
2.3358439
0
LINE
8
layer3
10
27.8627915
20
2.3358439
11
27.6863918
21
2.2574097
0
LINE
8
layer3
10
27.6863918
20
2.2574097
11
27.5182536
21
2.1868511
0
LINE
8
layer3
10
27.5182536
20
2.1868511
11
27.3615586
21
2.1249377
0
LINE
8
layer3
10
27.3615586
20
2.1249377
11
27.2146563
21
2.070385
0
LINE
8
layer3
10
27.2146563
20
2.070385
11
27.0016067
21
1.9969838
0
LINE
8
layer3
10
27.0016067
20
1.9969838
11
26.9529896
21
1.9755942
0
LINE
8
layer3
10
26.9529896
20
1.9755942
11
26.9171028
21
1.9533069
0
LINE
8
layer3
10
26.9171028
20
1.9533069
11
26.8939777
21
1.9306346
0
LINE
8
layer3
10
26.8939777
20
1.9306346
11
26.8835945
21
1.908107
0
LINE
8
layer3
10
26.8835945
20
1.908107
11
26.8856056
21
1.8631991
0
LINE
8
layer3
10
26.8856056
20
1.8631991
11
26.9076027
21
1.5110986
0
LINE
8
layer3
10
26.9076027
20
1.5110986
11
26.9251667
21
1.1587491
0
LINE
8
layer3
10
26.9251667
20
1.1587491
11
26.9281963
21
1.1138984
0
LINE
8
layer3
10
26.9281963
20
1.1138984
11
26.9410365
21
1.0926749
0
LINE
8
layer3
10
26.9410365
20
1.0926749
11
26.9665547
21
1.0727344
0
LINE
8
layer3
10
26.9665547
20
1.0727344
11
27.0047112
21
1.0546053
0
LINE
8
layer3
10
27.0047112
20
1.0546053
11
27.0554176
21
1.0387936
0
LINE
8
layer3
10
27.0554176
20
1.0387936
11
27.2753458
21
0.9897078
0
LINE
8
layer3
10
27.2753458
20
0.9897078
11
27.4274324
21
0.951946
0
LINE
8
layer3
10
27.4274324
20
0.951946
11
27.5900742
21
0.9079662
0
LINE
8
layer3
10
27.5900742
20
0.9079662
11
27.7650553
21
0.8566768
0
LINE
8
layer3
10
27.7650553
20
0.8566768
11
27.9491277
21
0.7984863
0
LINE
8
layer3
10
27.9491277
20
0.7984863
11
28.1404684
21
0.7335727
0
LINE
8
layer3
10
28.1404684
20
0.7335727
11
28.34452
21
0.6595475
0
LINE
8
layer3
10
28.34452
20
0.6595475
11
28.5557114
21
0.5778806
0
LINE
8
layer3
10
28.5557114
20
0.5778806
11
28.775963
21
0.4873678
0
LINE
8
layer3
10
28.775963
20
0.4873678
11
28.9973624
21
0.3909672
0
ARC
8
layer3
10
-0.000002
20
0
40
29
50
359.227536
51
360.7724638
0
LINE
8
layer3
10
28.9973624
20
-0.3909672
11
28.775963
21
-0.4873678
0
LINE
8
layer3
10
28.775963
20
-0.4873678
11
28.5557114
21
-0.5778806
0
LINE
8
layer3
10
28.5557114
20
-0.5778806
11
28.34452
21
-0.6595475
0
LINE
8
layer3
10
28.34452
20
-0.6595475
11
28.1404684
21
-0.7335727
0
LINE
8
layer3
10
28.1404684
20
-0.7335727
11
27.9491277
21
-0.7984863
0
LINE
8
layer3
10
27.9491277
20
-0.7984863
11
27.7650553
21
-0.8566768
0
LINE
8
layer3
10
27.7650553
20
-0.8566768
11
27.5900742
21
-0.9079662
0
LINE
8
layer3
10
27.5900742
20
-0.9079662
11
27.4274324
21
-0.951946
0
LINE
8
layer3
10
27.4274324
20
-0.951946
11
27.2753458
21
-0.9897078
0
LINE
8
layer3
10
27.2753458
20
-0.9897078
11
27.0554176
21
-1.0387936
0
LINE
8
layer3
10
27.0554176
20
-1.0387936
11
27.0047112
21
-1.0546053
0
LINE
8
layer3
10
27.0047112
20
-1.0546053
11
26.9665547
21
-1.0727344
0
LINE
8
layer3
10
26.9665547
20
-1.0727344
11
26.9410365
21
-1.0926749
0
LINE
8
layer3
10
26.9410365
20
-1.0926749
11
26.9281963
21
-1.1138984
0
LINE
8
layer3
10
26.9281963
20
-1.1138984
11
26.9251667
21
-1.1587491
0
LINE
8
layer3
10
26.9251667
20
-1.1587491
11
26.9076027
21
-1.5110986
0
LINE
8
layer3
10
26.9076027
20
-1.5110986
11
26.8856056
21
-1.8631991
0
LINE
8
layer3
10
26.8856056
20
-1.8631991
11
26.8835945
21
-1.908107
0
LINE
8
layer3
10
26.8835945
20
-1.908107
11
26.8939777
21
-1.9306346
0
LINE
8
layer3
10
26.8939777
20
-1.9306346
11
26.9171028
21
-1.9533069
0
LINE
8
layer3
10
26.9171028
20
-1.9533069
11
26.9529896
21
-1.9755942
0
LINE
8
layer3
10
26.9529896
20
-1.9755942
11
27.0016067
21
-1.9969838
0
LINE
8
layer3
10
27.0016067
20
-1.9969838
11
27.2146563
21
-2.070385
0
LINE
8
layer3
10
27.2146563
20
-2.070385
11
27.3615586
21
-2.1249377
0
LINE
8
layer3
10
27.3615586
20
-2.1249377
11
27.5182536
21
-2.1868511
0
LINE
8
layer3
10
27.5182536
20
-2.1868511
11
27.6863918
21
-2.2574097
0
LINE
8
layer3
10
27.6863918
20
-2.2574097
11
27.8627915
21
-2.3358439
0
LINE
8
layer3
10
27.8627915
20
-2.3358439
11
28.0456611
21
-2.4217727
0
LINE
8
layer3
10
28.0456611
20
-2.4217727
11
28.2401415
21
-2.5181789
0
LINE
8
layer3
10
28.2401415
20
-2.5181789
11
28.4408612
21
-2.6229782
0
LINE
8
layer3
10
28.4408612
20
-2.6229782
11
28.6495936
21
-2.7375823
0
LINE
8
layer3
10
28.6495936
20
-2.7375823
11
28.8588075
21
-2.8581656
0
ARC
8
layer3
10
-0.000002
20
0.000001
40
29
50
352.7989632
51
354.3438908
0
LINE
8
layer3
10
28.7712586
20
-3.6351834
11
28.5404579
21
-3.706189
0
LINE
8
layer3
10
28.5404579
20
-3.706189
11
28.311457
21
-3.7714723
0
LINE
8
layer3
10
28.311457
20
-3.7714723
11
28.0924498
21
-3.8289797
0
LINE
8
layer3
10
28.0924498
20
-3.8289797
11
27.881393
21
-3.8796929
0
LINE
8
layer3
10
27.881393
20
-3.8796929
11
27.6839873
21
-3.922775
0
LINE
8
layer3
10
27.6839873
20
-3.922775
11
27.4945571
21
-3.95999
0
LINE
8
layer3
10
27.4945571
20
-3.95999
11
27.3149337
21
-3.9913653
0
LINE
8
layer3
10
27.3149337
20
-3.9913653
11
27.1483903
21
-4.0168584
0
LINE
8
layer3
10
27.1483903
20
-4.0168584
11
26.993032
21
-4.0373546
0
LINE
8
layer3
10
26.993032
20
-4.0373546
11
26.7689908
21
-4.0615075
0
LINE
8
layer3
10
26.7689908
20
-4.0615075
11
26.7168329
21
-4.0715425
0
LINE
8
layer3
10
26.7168329
20
-4.0715425
11
26.6768865
21
-4.0852854
0
LINE
8
layer3
10
26.6768865
20
-4.0852854
11
26.6492961
21
-4.1022435
0
LINE
8
layer3
10
26.6492961
20
-4.1022435
11
26.6341604
21
-4.1218958
0
LINE
8
layer3
10
26.6341604
20
-4.1218958
11
26.6261282
21
-4.1661253
0
LINE
8
layer3
10
26.6261282
20
-4.1661253
11
26.5692239
21
-4.5142927
0
LINE
8
layer3
10
26.5692239
20
-4.5142927
11
26.5079425
21
-4.8617164
0
LINE
8
layer3
10
26.5079425
20
-4.8617164
11
26.5009159
21
-4.9061168
0
LINE
8
layer3
10
26.5009159
20
-4.9061168
11
26.5087115
21
-4.9296653
0
LINE
8
layer3
10
26.5087115
20
-4.9296653
11
26.5291527
21
-4.9547842
0
LINE
8
layer3
10
26.5291527
20
-4.9547842
11
26.5623185
21
-4.9809494
0
LINE
8
layer3
10
26.5623185
20
-4.9809494
11
26.6082351
21
-5.0076479
0
LINE
8
layer3
10
26.6082351
20
-5.0076479
11
26.8117266
21
-5.1044416
0
LINE
8
layer3
10
26.8117266
20
-5.1044416
11
26.9515973
21
-5.1750992
0
LINE
8
layer3
10
26.9515973
20
-5.1750992
11
27.1003749
21
-5.2541675
0
LINE
8
layer3
10
27.1003749
20
-5.2541675
11
27.2595559
21
-5.3431079
0
LINE
8
layer3
10
27.2595559
20
-5.3431079
11
27.4260646
21
-5.4407995
0
LINE
8
layer3
10
27.4260646
20
-5.4407995
11
27.5981634
21
-5.5466628
0
LINE
8
layer3
10
27.5981634
20
-5.5466628
11
27.7806269
21
-5.6642378
0
LINE
8
layer3
10
27.7806269
20
-5.6642378
11
27.9683506
21
-5.7908516
0
LINE
8
layer3
10
27.9683506
20
-5.7908516
11
28.1629391
21
-5.9281057
0
LINE
8
layer3
10
28.1629391
20
-5.9281057
11
28.3573364
21
-6.0713553
0
ARC
8
layer3
10
-0.0000018
20
0.0000012
40
29
50
346.3703919
51
347.9153195
0
LINE
8
layer3
10
28.1833396
20
-6.833685
11
27.94604
21
-6.8784027
0
LINE
8
layer3
10
27.94604
20
-6.8784027
11
27.7111696
21
-6.9176355
0
LINE
8
layer3
10
27.7111696
20
-6.9176355
11
27.4871006
21
-6.9502603
0
LINE
8
layer3
10
27.4871006
20
-6.9502603
11
27.2716928
21
-6.9770238
0
LINE
8
layer3
10
27.2716928
20
-6.9770238
11
27.0707048
21
-6.9977325
0
LINE
8
layer3
10
27.0707048
20
-6.9977325
11
26.8782989
21
-7.0135041
0
LINE
8
layer3
10
26.8782989
20
-7.0135041
11
26.696292
21
-7.0245707
0
LINE
8
layer3
10
26.696292
20
-7.0245707
11
26.5279415
21
-7.0312566
0
LINE
8
layer3
10
26.5279415
20
-7.0312566
11
26.3712652
21
-7.0342292
0
LINE
8
layer3
10
26.3712652
20
-7.0342292
11
26.1459284
21
-7.0331456
0
LINE
8
layer3
10
26.1459284
20
-7.0331456
11
26.092975
21
-7.0372777
0
LINE
8
layer3
10
26.092975
20
-7.0372777
11
26.051741
21
-7.0464616
0
LINE
8
layer3
10
26.051741
20
-7.0464616
11
26.0224254
21
-7.0602239
0
LINE
8
layer3
10
26.0224254
20
-7.0602239
11
26.0051844
21
-7.078058
0
LINE
8
layer3
10
26.0051844
20
-7.078058
11
25.9922506
21
-7.12111
0
LINE
8
layer3
10
25.9922506
20
-7.12111
11
25.8967218
21
-7.460717
0
LINE
8
layer3
10
25.8967218
20
-7.460717
11
25.7969266
21
-7.7990949
0
LINE
8
layer3
10
25.7969266
20
-7.7990949
11
25.7849729
21
-7.8424293
0
LINE
8
layer3
10
25.7849729
20
-7.8424293
11
25.7900829
21
-7.8667026
0
LINE
8
layer3
10
25.7900829
20
-7.8667026
11
25.8075831
21
-7.8939523
0
LINE
8
layer3
10
25.8075831
20
-7.8939523
11
25.8376108
21
-7.9236663
0
LINE
8
layer3
10
25.8376108
20
-7.9236663
11
25.8802494
21
-7.955338
0
LINE
8
layer3
10
25.8802494
20
-7.955338
11
26.071624
21
-8.0743069
0
LINE
8
layer3
10
26.071624
20
-8.0743069
11
26.2027041
21
-8.1601807
0
LINE
8
layer3
10
26.2027041
20
-8.1601807
11
26.3416934
21
-8.2554097
0
LINE
8
layer3
10
26.3416934
20
-8.2554097
11
26.4899153
21
-8.3616135
0
LINE
8
layer3
10
26.4899153
20
-8.3616135
11
26.644439
21
-8.4773338
0
LINE
8
layer3
10
26.644439
20
-8.4773338
11
26.8036027
21
-8.6018005
0
LINE
8
layer3
10
26.8036027
20
-8.6018005
11
26.9717547
21
-8.7390656
0
LINE
8
layer3
10
26.9717547
20
-8.7390656
11
27.1441218
21
-8.8859017
0
LINE
8
layer3
10
27.1441218
20
-8.8859017
11
27.3221192
21
-9.0440797
0
LINE
8
layer3
10
27.3221192
20
-9.0440797
11
27.4992553
21
-9.2081942
0
ARC
8
layer3
10
-0.0000017
20
0.0000013
40
29
50
339.9418206
51
341.4867482
0
LINE
8
layer3
10
27.2409987
20
-9.9462491
11
27.0001844
21
-9.9641164
0
LINE
8
layer3
10
27.0001844
20
-9.9641164
11
26.7623981
21
-9.9768055
0
LINE
8
layer3
10
26.7623981
20
-9.9768055
11
26.5360852
21
-9.9841374
0
LINE
8
layer3
10
26.5360852
20
-9.9841374
11
26.3190353
21
-9.9866145
0
LINE
8
layer3
10
26.3190353
20
-9.9866145
11
26.1169924
21
-9.9846895
0
LINE
8
layer3
10
26.1169924
20
-9.9846895
11
25.9240305
21
-9.9788194
0
LINE
8
layer3
10
25.9240305
20
-9.9788194
11
25.7419289
21
-9.969438
0
LINE
8
layer3
10
25.7419289
20
-9.969438
11
25.5738884
21
-9.9572326
0
LINE
8
layer3
10
25.5738884
20
-9.9572326
11
25.4178645
21
-9.9426444
0
LINE
8
layer3
10
25.4178645
20
-9.9426444
11
25.1940659
21
-9.9163379
0
LINE
8
layer3
10
25.1940659
20
-9.9163379
11
25.1409827
21
-9.9145151
0
LINE
8
layer3
10
25.1409827
20
-9.9145151
11
25.0989797
21
-9.9190245
0
LINE
8
layer3
10
25.0989797
20
-9.9190245
11
25.0683076
21
-9.9294179
0
LINE
8
layer3
10
25.0683076
20
-9.9294179
11
25.0491782
21
-9.9452095
0
LINE
8
layer3
10
25.0491782
20
-9.9452095
11
25.0315054
21
-9.9865427
0
LINE
8
layer3
10
25.0315054
20
-9.9865427
11
24.8985534
21
-10.3133185
0
LINE
8
layer3
10
24.8985534
20
-10.3133185
11
24.7614993
21
-10.6383952
0
LINE
8
layer3
10
24.7614993
20
-10.6383952
11
24.7447689
21
-10.6801187
0
LINE
8
layer3
10
24.7447689
20
-10.6801187
11
24.747129
21
-10.7048115
0
LINE
8
layer3
10
24.747129
20
-10.7048115
11
24.7614683
21
-10.7338493
0
LINE
8
layer3
10
24.7614683
20
-10.7338493
11
24.7879802
21
-10.7667385
0
LINE
8
layer3
10
24.7879802
20
-10.7667385
11
24.8268046
21
-10.8029851
0
LINE
8
layer3
10
24.8268046
20
-10.8029851
11
25.0036556
21
-10.9426331
0
LINE
8
layer3
10
25.0036556
20
-10.9426331
11
25.1242966
21
-11.0426432
0
LINE
8
layer3
10
25.1242966
20
-11.0426432
11
25.2517497
21
-11.1528353
0
LINE
8
layer3
10
25.2517497
20
-11.1528353
11
25.3871486
21
-11.2749669
0
LINE
8
layer3
10
25.3871486
20
-11.2749669
11
25.5277441
21
-11.4072608
0
LINE
8
layer3
10
25.5277441
20
-11.4072608
11
25.6719712
21
-11.5487655
0
LINE
8
layer3
10
25.6719712
20
-11.5487655
11
25.8236971
21
-11.7039946
0
LINE
8
layer3
10
25.8236971
20
-11.7039946
11
25.97854
21
-11.8692064
0
LINE
8
layer3
10
25.97854
20
-11.8692064
11
26.1377078
21
-12.0463192
0
LINE
8
layer3
10
26.1377078
20
-12.0463192
11
26.2953551
21
-12.2292347
0
ARC
8
layer3
10
-0.0000025
20
-4e-7
40
29
50
333.5132534
51
335.058181
0
LINE
8
layer3
10
25.9560864
20
-12.9337333
11
25.7147858
21
-12.9245257
0
LINE
8
layer3
10
25.7147858
20
-12.9245257
11
25.477074
21
-12.9105113
0
LINE
8
layer3
10
25.477074
20
-12.9105113
11
25.2513632
21
-12.8924581
0
LINE
8
layer3
10
25.2513632
20
-12.8924581
11
25.0354007
21
-12.8706178
0
LINE
8
layer3
10
25.0354007
20
-12.8706178
11
24.8348437
21
-12.8460833
0
LINE
8
layer3
10
24.8348437
20
-12.8460833
11
24.6437523
21
-12.8186451
0
LINE
8
layer3
10
24.6437523
20
-12.8186451
11
24.4638462
21
-12.7889338
0
LINE
8
layer3
10
24.4638462
20
-12.7889338
11
24.2982288
21
-12.7579906
0
LINE
8
layer3
10
24.2982288
20
-12.7579906
11
24.1448193
21
-12.726025
0
LINE
8
layer3
10
24.1448193
20
-12.726025
11
23.9253733
21
-12.6748264
0
LINE
8
layer3
10
23.9253733
20
-12.6748264
11
23.872828
21
-12.6670716
0
LINE
8
layer3
10
23.872828
20
-12.6670716
11
23.8305842
21
-12.6668499
0
LINE
8
layer3
10
23.8305842
20
-12.6668499
11
23.7989412
21
-12.6737437
0
LINE
8
layer3
10
23.7989412
20
-12.6737437
11
23.7781641
21
-12.6872942
0
LINE
8
layer3
10
23.7781641
20
-12.6872942
11
23.7559746
21
-12.7263888
0
LINE
8
layer3
10
23.7559746
20
-12.7263888
11
23.5872712
21
-13.036224
0
LINE
8
layer3
10
23.5872712
20
-13.036224
11
23.4146819
21
-13.3439115
0
LINE
8
layer3
10
23.4146819
20
-13.3439115
11
23.3933851
21
-13.3834995
0
LINE
8
layer3
10
23.3933851
20
-13.3834995
11
23.3929656
21
-13.4083013
0
LINE
8
layer3
10
23.3929656
20
-13.4083013
11
23.4039635
21
-13.4387619
0
LINE
8
layer3
10
23.4039635
20
-13.4387619
11
23.4266263
21
-13.4744127
0
LINE
8
layer3
10
23.4266263
20
-13.4744127
11
23.4611483
21
-13.5147783
0
LINE
8
layer3
10
23.4611483
20
-13.5147783
11
23.6212516
21
-13.6733493
0
LINE
8
layer3
10
23.6212516
20
-13.6733493
11
23.7299365
21
-13.7862381
0
LINE
8
layer3
10
23.7299365
20
-13.7862381
11
23.8442506
21
-13.9100075
0
LINE
8
layer3
10
23.8442506
20
-13.9100075
11
23.9651238
21
-14.0465311
0
LINE
8
layer3
10
23.9651238
20
-14.0465311
11
24.090023
21
-14.1937348
0
LINE
8
layer3
10
24.090023
20
-14.1937348
11
24.2174998
21
-14.3504981
0
LINE
8
layer3
10
24.2174998
20
-14.3504981
11
24.3508915
21
-14.521739
0
LINE
8
layer3
10
24.3508915
20
-14.521739
11
24.4862629
21
-14.7032489
0
LINE
8
layer3
10
24.4862629
20
-14.7032489
11
24.6245995
21
-14.8970692
0
LINE
8
layer3
10
24.6245995
20
-14.8970692
11
24.7607756
21
-15.0964855
0
ARC
8
layer3
10
-0.0000016
20
0.0000012
40
29
50
327.0846788
51
328.6296064
0
LINE
8
layer3
10
24.3447613
20
-15.7585683
11
24.1060089
21
-15.7224015
0
LINE
8
layer3
10
24.1060089
20
-15.7224015
11
23.8713608
21
-15.6818599
0
LINE
8
layer3
10
23.8713608
20
-15.6818599
11
23.6490906
21
-15.6386487
0
LINE
8
layer3
10
23.6490906
20
-15.6386487
11
23.4369314
21
-15.5927656
0
LINE
8
layer3
10
23.4369314
20
-15.5927656
11
23.2403824
21
-15.5459301
0
LINE
8
layer3
10
23.2403824
20
-15.5459301
11
23.0535647
21
-15.497269
0
LINE
8
layer3
10
23.0535647
20
-15.497269
11
22.8781164
21
-15.4476014
0
LINE
8
layer3
10
22.8781164
20
-15.4476014
11
22.7170049
21
-15.3983095
0
LINE
8
layer3
10
22.7170049
20
-15.3983095
11
22.568139
21
-15.3493684
0
LINE
8
layer3
10
22.568139
20
-15.3493684
11
22.3558053
21
-15.2739216
0
LINE
8
layer3
10
22.3558053
20
-15.2739216
11
22.3044586
21
-15.2603324
0
LINE
8
layer3
10
22.3044586
20
-15.2603324
11
22.2625053
21
-15.2553823
0
LINE
8
layer3
10
22.2625053
20
-15.2553823
11
22.2302894
21
-15.2586899
0
LINE
8
layer3
10
22.2302894
20
-15.2586899
11
22.2081257
21
-15.2698289
0
LINE
8
layer3
10
22.2081257
20
-15.2698289
11
22.1816985
21
-15.3061932
0
LINE
8
layer3
10
22.1816985
20
-15.3061932
11
21.9793654
21
-15.5951914
0
LINE
8
layer3
10
21.9793654
20
-15.5951914
11
21.7734112
21
-15.8816203
0
LINE
8
layer3
10
21.7734112
20
-15.8816203
11
21.7478159
21
-15.9185749
0
LINE
8
layer3
10
21.7478159
20
-15.9185749
11
21.7446222
21
-15.9431738
0
LINE
8
layer3
10
21.7446222
20
-15.9431738
11
21.7521404
21
-15.9746743
0
LINE
8
layer3
10
21.7521404
20
-15.9746743
11
21.7706691
21
-16.0126384
0
LINE
8
layer3
10
21.7706691
20
-16.0126384
11
21.8004544
21
-16.0566154
0
LINE
8
layer3
10
21.8004544
20
-16.0566154
11
21.9417968
21
-16.2321152
0
LINE
8
layer3
10
21.9417968
20
-16.2321152
11
22.0371587
21
-16.356463
0
LINE
8
layer3
10
22.0371587
20
-16.356463
11
22.1368963
21
-16.4922533
0
LINE
8
layer3
10
22.1368963
20
-16.4922533
11
22.2417236
21
-16.641452
0
LINE
8
layer3
10
22.2417236
20
-16.641452
11
22.349356
21
-16.8017144
0
LINE
8
layer3
10
22.349356
20
-16.8017144
11
22.4584792
21
-16.9717648
0
LINE
8
layer3
10
22.4584792
20
-16.9717648
11
22.5718593
21
-17.1568642
0
LINE
8
layer3
10
22.5718593
20
-17.1568642
11
22.6860568
21
-17.3523896
0
LINE
8
layer3
10
22.6860568
20
-17.3523896
11
22.8018227
21
-17.5604799
0
LINE
8
layer3
10
22.8018227
20
-17.5604799
11
22.9148149
21
-17.7738892
0
ARC
8
layer3
10
-0.0000013
20
0.0000018
40
29
50
320.6561064
51
322.2010341
0
LINE
8
layer3
10
22.4272868
20
-18.3852302
11
22.1940849
21
-18.322559
0
LINE
8
layer3
10
22.1940849
20
-18.322559
11
21.9654515
21
-18.2560001
0
LINE
8
layer3
10
21.9654515
20
-18.2560001
11
21.749417
21
-18.1881742
0
LINE
8
layer3
10
21.749417
20
-18.1881742
11
21.543729
21
-18.1188253
0
LINE
8
layer3
10
21.543729
20
-18.1188253
11
21.3536599
21
-18.0502778
0
LINE
8
layer3
10
21.3536599
20
-18.0502778
11
21.1734651
21
-17.9810057
0
LINE
8
layer3
10
21.1734651
20
-17.9810057
11
21.004681
21
-17.9120065
0
LINE
8
layer3
10
21.004681
20
-17.9120065
11
20.8501015
21
-17.8449857
0
LINE
8
layer3
10
20.8501015
20
-17.8449857
11
20.7076513
21
-17.7796847
0
LINE
8
layer3
10
20.7076513
20
-17.7796847
11
20.5051
21
-17.6809385
0
LINE
8
layer3
10
20.5051
20
-17.6809385
11
20.4555977
21
-17.6616857
0
LINE
8
layer3
10
20.4555977
20
-17.6616857
11
20.4144625
21
-17.6520694
0
LINE
8
layer3
10
20.4144625
20
-17.6520694
11
20.3820788
21
-17.6517492
0
LINE
8
layer3
10
20.3820788
20
-17.6517492
11
20.3588073
21
-17.6603366
0
LINE
8
layer3
10
20.3588073
20
-17.6603366
11
20.3284748
21
-17.6935133
0
LINE
8
layer3
10
20.3284748
20
-17.6935133
11
20.0950563
21
-17.9580403
0
LINE
8
layer3
10
20.0950563
20
-17.9580403
11
19.8583273
21
-18.2196086
0
LINE
8
layer3
10
19.8583273
20
-18.2196086
11
19.8287553
21
-18.2534651
0
LINE
8
layer3
10
19.8287553
20
-18.2534651
11
19.8228274
21
-18.2775517
0
LINE
8
layer3
10
19.8228274
20
-18.2775517
11
19.8267714
21
-18.3096959
0
LINE
8
layer3
10
19.8267714
20
-18.3096959
11
19.840933
21
-18.3494958
0
LINE
8
layer3
10
19.840933
20
-18.3494958
11
19.8656072
21
-18.3965312
0
LINE
8
layer3
10
19.8656072
20
-18.3965312
11
19.9864111
21
-18.5867529
0
LINE
8
layer3
10
19.9864111
20
-18.5867529
11
20.0672509
21
-18.720996
0
LINE
8
layer3
10
20.0672509
20
-18.720996
11
20.1511576
21
-18.8670995
0
LINE
8
layer3
10
20.1511576
20
-18.8670995
11
20.2386209
21
-19.0270969
0
LINE
8
layer3
10
20.2386209
20
-19.0270969
11
20.3276327
21
-19.1984027
0
LINE
8
layer3
10
20.3276327
20
-19.1984027
11
20.4170303
21
-19.3796018
0
LINE
8
layer3
10
20.4170303
20
-19.3796018
11
20.5089729
21
-19.5762318
0
LINE
8
layer3
10
20.5089729
20
-19.5762318
11
20.6005605
21
-19.7833139
0
LINE
8
layer3
10
20.6005605
20
-19.7833139
11
20.6922997
21
-20.0030575
0
LINE
8
layer3
10
20.6922997
20
-20.0030575
11
20.7806872
21
-20.227776
0
ARC
8
layer3
10
-0.0000014
20
0.0000014
40
29
50
314.2275361
51
315.7724639
0
LINE
8
layer3
10
20.227776
20
-20.7806872
11
20.0030575
21
-20.6922997
0
LINE
8
layer3
10
20.0030575
20
-20.6922997
11
19.7833139
21
-20.6005605
0
LINE
8
layer3
10
19.7833139
20
-20.6005605
11
19.5762318
21
-20.5089729
0
LINE
8
layer3
10
19.5762318
20
-20.5089729
11
19.3796018
21
-20.4170303
0
LINE
8
layer3
10
19.3796018
20
-20.4170303
11
19.1984027
21
-20.3276327
0
LINE
8
layer3
10
19.1984027
20
-20.3276327
11
19.0270969
21
-20.2386209
0
LINE
8
layer3
10
19.0270969
20
-20.2386209
11
18.8670995
21
-20.1511576
0
LINE
8
layer3
10
18.8670995
20
-20.1511576
11
18.720996
21
-20.0672509
0
LINE
8
layer3
10
18.720996
20
-20.0672509
11
18.5867529
21
-19.9864111
0
LINE
8
layer3
10
18.5867529
20
-19.9864111
11
18.3965312
21
-19.8656072
0
LINE
8
layer3
10
18.3965312
20
-19.8656072
11
18.3494958
21
-19.840933
0
LINE
8
layer3
10
18.3494958
20
-19.840933
11
18.3096959
21
-19.8267714
0
LINE
8
layer3
10
18.3096959
20
-19.8267714
11
18.2775517
21
-19.8228274
0
LINE
8
layer3
10
18.2775517
20
-19.8228274
11
18.2534651
21
-19.8287553
0
LINE
8
layer3
10
18.2534651
20
-19.8287553
11
18.2196086
21
-19.8583273
0
LINE
8
layer3
10
18.2196086
20
-19.8583273
11
17.9580403
21
-20.0950563
0
LINE
8
layer3
10
17.9580403
20
-20.0950563
11
17.6935133
21
-20.3284748
0
LINE
8
layer3
10
17.6935133
20
-20.3284748
11
17.6603366
21
-20.3588073
0
LINE
8
layer3
10
17.6603366
20
-20.3588073
11
17.6517492
21
-20.3820788
0
LINE
8
layer3
10
17.6517492
20
-20.3820788
11
17.6520694
21
-20.4144625
0
LINE
8
layer3
10
17.6520694
20
-20.4144625
11
17.6616857
21
-20.4555977
0
LINE
8
layer3
10
17.6616857
20
-20.4555977
11
17.6809385
21
-20.5051
0
LINE
8
layer3
10
17.6809385
20
-20.5051
11
17.7796847
21
-20.7076513
0
LINE
8
layer3
10
17.7796847
20
-20.7076513
11
17.8449857
21
-20.8501015
0
LINE
8
layer3
10
17.8449857
20
-20.8501015
11
17.9120065
21
-21.004681
0
LINE
8
layer3
10
17.9120065
20
-21.004681
11
17.9810057
21
-21.1734651
0
LINE
8
layer3
10
17.9810057
20
-21.1734651
11
18.0502778
21
-21.3536599
0
LINE
8
layer3
10
18.0502778
20
-21.3536599
11
18.1188253
21
-21.543729
0
LINE
8
layer3
10
18.1188253
20
-21.543729
11
18.1881742
21
-21.749417
0
LINE
8
layer3
10
18.1881742
20
-21.749417
11
18.2560001
21
-21.9654515
0
LINE
8
layer3
10
18.2560001
20
-21.9654515
11
18.322559
21
-22.1940849
0
LINE
8
layer3
10
18.322559
20
-22.1940849
11
18.3852302
21
-22.4272868
0
ARC
8
layer3
10
-0.0000018
20
0.0000012
40
29
50
307.7989659
51
309.3438936
0
LINE
8
layer3
10
17.7738892
20
-22.9148149
11
17.5604799
21
-22.8018227
0
LINE
8
layer3
10
17.5604799
20
-22.8018227
11
17.3523896
21
-22.6860568
0
LINE
8
layer3
10
17.3523896
20
-22.6860568
11
17.1568642
21
-22.5718593
0
LINE
8
layer3
10
17.1568642
20
-22.5718593
11
16.9717648
21
-22.4584792
0
LINE
8
layer3
10
16.9717648
20
-22.4584792
11
16.8017144
21
-22.349356
0
LINE
8
layer3
10
16.8017144
20
-22.349356
11
16.641452
21
-22.2417236
0
LINE
8
layer3
10
16.641452
20
-22.2417236
11
16.4922533
21
-22.1368963
0
LINE
8
layer3
10
16.4922533
20
-22.1368963
11
16.356463
21
-22.0371587
0
LINE
8
layer3
10
16.356463
20
-22.0371587
11
16.2321152
21
-21.9417968
0
LINE
8
layer3
10
16.2321152
20
-21.9417968
11
16.0566154
21
-21.8004544
0
LINE
8
layer3
10
16.0566154
20
-21.8004544
11
16.0126384
21
-21.7706691
0
LINE
8
layer3
10
16.0126384
20
-21.7706691
11
15.9746743
21
-21.7521404
0
LINE
8
layer3
10
15.9746743
20
-21.7521404
11
15.9431738
21
-21.7446222
0
LINE
8
layer3
10
15.9431738
20
-21.7446222
11
15.9185749
21
-21.7478159
0
LINE
8
layer3
10
15.9185749
20
-21.7478159
11
15.8816203
21
-21.7734112
0
LINE
8
layer3
10
15.8816203
20
-21.7734112
11
15.5951914
21
-21.9793654
0
LINE
8
layer3
10
15.5951914
20
-21.9793654
11
15.3061932
21
-22.1816985
0
LINE
8
layer3
10
15.3061932
20
-22.1816985
11
15.2698289
21
-22.2081257
0
LINE
8
layer3
10
15.2698289
20
-22.2081257
11
15.2586899
21
-22.2302894
0
LINE
8
layer3
10
15.2586899
20
-22.2302894
11
15.2553823
21
-22.2625053
0
LINE
8
layer3
10
15.2553823
20
-22.2625053
11
15.2603324
21
-22.3044586
0
LINE
8
layer3
10
15.2603324
20
-22.3044586
11
15.2739216
21
-22.3558053
0
LINE
8
layer3
10
15.2739216
20
-22.3558053
11
15.3493684
21
-22.568139
0
LINE
8
layer3
10
15.3493684
20
-22.568139
11
15.3983095
21
-22.7170049
0
LINE
8
layer3
10
15.3983095
20
-22.7170049
11
15.4476014
21
-22.8781164
0
LINE
8
layer3
10
15.4476014
20
-22.8781164
11
15.497269
21
-23.0535647
0
LINE
8
layer3
10
15.497269
20
-23.0535647
11
15.5459301
21
-23.2403824
0
LINE
8
layer3
10
15.5459301
20
-23.2403824
11
15.5927656
21
-23.4369314
0
LINE
8
layer3
10
15.5927656
20
-23.4369314
11
15.6386487
21
-23.6490906
0
LINE
8
layer3
10
15.6386487
20
-23.6490906
11
15.6818599
21
-23.8713608
0
LINE
8
layer3
10
15.6818599
20
-23.8713608
11
15.7224015
21
-24.1060089
0
LINE
8
layer3
10
15.7224015
20
-24.1060089
11
15.7585683
21
-24.3447613
0
ARC
8
layer3
10
-0.0000012
20
0.0000017
40
29
50
301.3703936
51
302.9153212
0
LINE
8
layer3
10
15.0964855
20
-24.7607756
11
14.8970692
21
-24.6245995
0
LINE
8
layer3
10
14.8970692
20
-24.6245995
11
14.7032489
21
-24.4862629
0
LINE
8
layer3
10
14.7032489
20
-24.4862629
11
14.521739
21
-24.3508915
0
LINE
8
layer3
10
14.521739
20
-24.3508915
11
14.3504981
21
-24.2174998
0
LINE
8
layer3
10
14.3504981
20
-24.2174998
11
14.1937348
21
-24.090023
0
LINE
8
layer3
10
14.1937348
20
-24.090023
11
14.0465311
21
-23.9651238
0
LINE
8
layer3
10
14.0465311
20
-23.9651238
11
13.9100075
21
-23.8442506
0
LINE
8
layer3
10
13.9100075
20
-23.8442506
11
13.7862381
21
-23.7299365
0
LINE
8
layer3
10
13.7862381
20
-23.7299365
11
13.6733493
21
-23.6212516
0
LINE
8
layer3
10
13.6733493
20
-23.6212516
11
13.5147783
21
-23.4611483
0
LINE
8
layer3
10
13.5147783
20
-23.4611483
11
13.4744127
21
-23.4266263
0
LINE
8
layer3
10
13.4744127
20
-23.4266263
11
13.4387619
21
-23.4039635
0
LINE
8
layer3
10
13.4387619
20
-23.4039635
11
13.4083013
21
-23.3929656
0
LINE
8
layer3
10
13.4083013
20
-23.3929656
11
13.3834995
21
-23.3933851
0
LINE
8
layer3
10
13.3834995
20
-23.3933851
11
13.3439115
21
-23.4146819
0
LINE
8
layer3
10
13.3439115
20
-23.4146819
11
13.036224
21
-23.5872712
0
LINE
8
layer3
10
13.036224
20
-23.5872712
11
12.7263888
21
-23.7559746
0
LINE
8
layer3
10
12.7263888
20
-23.7559746
11
12.6872942
21
-23.7781641
0
LINE
8
layer3
10
12.6872942
20
-23.7781641
11
12.6737437
21
-23.7989412
0
LINE
8
layer3
10
12.6737437
20
-23.7989412
11
12.6668499
21
-23.8305842
0
LINE
8
layer3
10
12.6668499
20
-23.8305842
11
12.6670716
21
-23.872828
0
LINE
8
layer3
10
12.6670716
20
-23.872828
11
12.6748264
21
-23.9253733
0
LINE
8
layer3
10
12.6748264
20
-23.9253733
11
12.726025
21
-24.1448193
0
LINE
8
layer3
10
12.726025
20
-24.1448193
11
12.7579906
21
-24.2982288
0
LINE
8
layer3
10
12.7579906
20
-24.2982288
11
12.7889338
21
-24.4638462
0
LINE
8
layer3
10
12.7889338
20
-24.4638462
11
12.8186451
21
-24.6437523
0
LINE
8
layer3
10
12.8186451
20
-24.6437523
11
12.8460833
21
-24.8348437
0
LINE
8
layer3
10
12.8460833
20
-24.8348437
11
12.8706178
21
-25.0354007
0
LINE
8
layer3
10
12.8706178
20
-25.0354007
11
12.8924581
21
-25.2513632
0
LINE
8
layer3
10
12.8924581
20
-25.2513632
11
12.9105113
21
-25.477074
0
LINE
8
layer3
10
12.9105113
20
-25.477074
11
12.9245257
21
-25.7147858
0
LINE
8
layer3
10
12.9245257
20
-25.7147858
11
12.9337333
21
-25.9560864
0
ARC
8
layer3
10
5e-7
20
0.0000026
40
29
50
294.9418188
51
296.4867464
0
LINE
8
layer3
10
12.2292347
20
-26.2953551
11
12.0463192
21
-26.1377078
0
LINE
8
layer3
10
12.0463192
20
-26.1377078
11
11.8692064
21
-25.97854
0
LINE
8
layer3
10
11.8692064
20
-25.97854
11
11.7039946
21
-25.8236971
0
LINE
8
layer3
10
11.7039946
20
-25.8236971
11
11.5487655
21
-25.6719712
0
LINE
8
layer3
10
11.5487655
20
-25.6719712
11
11.4072608
21
-25.5277441
0
LINE
8
layer3
10
11.4072608
20
-25.5277441
11
11.2749669
21
-25.3871486
0
LINE
8
layer3
10
11.2749669
20
-25.3871486
11
11.1528353
21
-25.2517497
0
LINE
8
layer3
10
11.1528353
20
-25.2517497
11
11.0426432
21
-25.1242966
0
LINE
8
layer3
10
11.0426432
20
-25.1242966
11
10.9426331
21
-25.0036556
0
LINE
8
layer3
10
10.9426331
20
-25.0036556
11
10.8029851
21
-24.8268046
0
LINE
8
layer3
10
10.8029851
20
-24.8268046
11
10.7667385
21
-24.7879802
0
LINE
8
layer3
10
10.7667385
20
-24.7879802
11
10.7338493
21
-24.7614683
0
LINE
8
layer3
10
10.7338493
20
-24.7614683
11
10.7048115
21
-24.747129
0
LINE
8
layer3
10
10.7048115
20
-24.747129
11
10.6801187
21
-24.7447689
0
LINE
8
layer3
10
10.6801187
20
-24.7447689
11
10.6383952
21
-24.7614993
0
LINE
8
layer3
10
10.6383952
20
-24.7614993
11
10.3133185
21
-24.8985534
0
LINE
8
layer3
10
10.3133185
20
-24.8985534
11
9.9865427
21
-25.0315054
0
LINE
8
layer3
10
9.9865427
20
-25.0315054
11
9.9452095
21
-25.0491782
0
LINE
8
layer3
10
9.9452095
20
-25.0491782
11
9.9294179
21
-25.0683076
0
LINE
8
layer3
10
9.9294179
20
-25.0683076
11
9.9190245
21
-25.0989797
0
LINE
8
layer3
10
9.9190245
20
-25.0989797
11
9.9145151
21
-25.1409827
0
LINE
8
layer3
10
9.9145151
20
-25.1409827
11
9.9163379
21
-25.1940659
0
LINE
8
layer3
10
9.9163379
20
-25.1940659
11
9.9426444
21
-25.4178645
0
LINE
8
layer3
10
9.9426444
20
-25.4178645
11
9.9572326
21
-25.5738884
0
LINE
8
layer3
10
9.9572326
20
-25.5738884
11
9.969438
21
-25.7419289
0
LINE
8
layer3
10
9.969438
20
-25.7419289
11
9.9788194
21
-25.9240305
0
LINE
8
layer3
10
9.9788194
20
-25.9240305
11
9.9846895
21
-26.1169924
0
LINE
8
layer3
10
9.9846895
20
-26.1169924
11
9.9866145
21
-26.3190353
0
LINE
8
layer3
10
9.9866145
20
-26.3190353
11
9.9841374
21
-26.5360852
0
LINE
8
layer3
10
9.9841374
20
-26.5360852
11
9.9768055
21
-26.7623981
0
LINE
8
layer3
10
9.9768055
20
-26.7623981
11
9.9641164
21
-27.0001844
0
LINE
8
layer3
10
9.9641164
20
-27.0001844
11
9.9462491
21
-27.2409987
0
ARC
8
layer3
10
-0.0000014
20
0.0000017
40
29
50
288.513252
51
290.0581796
0
LINE
8
layer3
10
9.2081942
20
-27.4992553
11
9.0440797
21
-27.3221192
0
LINE
8
layer3
10
9.0440797
20
-27.3221192
11
8.8859017
21
-27.1441218
0
LINE
8
layer3
10
8.8859017
20
-27.1441218
11
8.7390656
21
-26.9717547
0
LINE
8
layer3
10
8.7390656
20
-26.9717547
11
8.6018005
21
-26.8036027
0
LINE
8
layer3
10
8.6018005
20
-26.8036027
11
8.4773338
21
-26.644439
0
LINE
8
layer3
10
8.4773338
20
-26.644439
11
8.3616135
21
-26.4899153
0
LINE
8
layer3
10
8.3616135
20
-26.4899153
11
8.2554097
21
-26.3416934
0
LINE
8
layer3
10
8.2554097
20
-26.3416934
11
8.1601807
21
-26.2027041
0
LINE
8
layer3
10
8.1601807
20
-26.2027041
11
8.0743069
21
-26.071624
0
LINE
8
layer3
10
8.0743069
20
-26.071624
11
7.955338
21
-25.8802494
0
LINE
8
layer3
10
7.955338
20
-25.8802494
11
7.9236663
21
-25.8376108
0
LINE
8
layer3
10
7.9236663
20
-25.8376108
11
7.8939523
21
-25.8075831
0
LINE
8
layer3
10
7.8939523
20
-25.8075831
11
7.8667026
21
-25.7900829
0
LINE
8
layer3
10
7.8667026
20
-25.7900829
11
7.8424293
21
-25.7849729
0
LINE
8
layer3
10
7.8424293
20
-25.7849729
11
7.7990949
21
-25.7969266
0
LINE
8
layer3
10
7.7990949
20
-25.7969266
11
7.460717
21
-25.8967218
0
LINE
8
layer3
10
7.460717
20
-25.8967218
11
7.12111
21
-25.9922506
0
LINE
8
layer3
10
7.12111
20
-25.9922506
11
7.078058
21
-26.0051844
0
LINE
8
layer3
10
7.078058
20
-26.0051844
11
7.0602239
21
-26.0224254
0
LINE
8
layer3
10
7.0602239
20
-26.0224254
11
7.0464616
21
-26.051741
0
LINE
8
layer3
10
7.0464616
20
-26.051741
11
7.0372777
21
-26.092975
0
LINE
8
layer3
10
7.0372777
20
-26.092975
11
7.0331456
21
-26.1459284
0
LINE
8
layer3
10
7.0331456
20
-26.1459284
11
7.0342292
21
-26.3712652
0
LINE
8
layer3
10
7.0342292
20
-26.3712652
11
7.0312566
21
-26.5279415
0
LINE
8
layer3
10
7.0312566
20
-26.5279415
11
7.0245707
21
-26.696292
0
LINE
8
layer3
10
7.0245707
20
-26.696292
11
7.0135041
21
-26.8782989
0
LINE
8
layer3
10
7.0135041
20
-26.8782989
11
6.9977325
21
-27.0707048
0
LINE
8
layer3
10
6.9977325
20
-27.0707048
11
6.9770238
21
-27.2716928
0
LINE
8
layer3
10
6.9770238
20
-27.2716928
11
6.9502603
21
-27.4871006
0
LINE
8
layer3
10
6.9502603
20
-27.4871006
11
6.9176355
21
-27.7111696
0
LINE
8
layer3
10
6.9176355
20
-27.7111696
11
6.8784027
21
-27.94604
0
LINE
8
layer3
10
6.8784027
20
-27.94604
11
6.833685
21
-28.1833396
0
ARC
8
layer3
10
-0.0000012
20
0.0000018
40
29
50
282.0846805
51
283.6296081
0
LINE
8
layer3
10
6.0713553
20
-28.3573364
11
5.9281057
21
-28.1629391
0
LINE
8
layer3
10
5.9281057
20
-28.1629391
11
5.7908516
21
-27.9683506
0
LINE
8
layer3
10
5.7908516
20
-27.9683506
11
5.6642378
21
-27.7806269
0
LINE
8
layer3
10
5.6642378
20
-27.7806269
11
5.5466628
21
-27.5981634
0
LINE
8
layer3
10
5.5466628
20
-27.5981634
11
5.4407995
21
-27.4260646
0
LINE
8
layer3
10
5.4407995
20
-27.4260646
11
5.3431079
21
-27.2595559
0
LINE
8
layer3
10
5.3431079
20
-27.2595559
11
5.2541675
21
-27.1003749
0
LINE
8
layer3
10
5.2541675
20
-27.1003749
11
5.1750992
21
-26.9515973
0
LINE
8
layer3
10
5.1750992
20
-26.9515973
11
5.1044416
21
-26.8117266
0
LINE
8
layer3
10
5.1044416
20
-26.8117266
11
5.0076479
21
-26.6082351
0
LINE
8
layer3
10
5.0076479
20
-26.6082351
11
4.9809494
21
-26.5623185
0
LINE
8
layer3
10
4.9809494
20
-26.5623185
11
4.9547842
21
-26.5291527
0
LINE
8
layer3
10
4.9547842
20
-26.5291527
11
4.9296653
21
-26.5087115
0
LINE
8
layer3
10
4.9296653
20
-26.5087115
11
4.9061168
21
-26.5009159
0
LINE
8
layer3
10
4.9061168
20
-26.5009159
11
4.8617164
21
-26.5079425
0
LINE
8
layer3
10
4.8617164
20
-26.5079425
11
4.5142927
21
-26.5692239
0
LINE
8
layer3
10
4.5142927
20
-26.5692239
11
4.1661253
21
-26.6261282
0
LINE
8
layer3
10
4.1661253
20
-26.6261282
11
4.1218958
21
-26.6341604
0
LINE
8
layer3
10
4.1218958
20
-26.6341604
11
4.1022435
21
-26.6492961
0
LINE
8
layer3
10
4.1022435
20
-26.6492961
11
4.0852854
21
-26.6768865
0
LINE
8
layer3
10
4.0852854
20
-26.6768865
11
4.0715425
21
-26.7168329
0
LINE
8
layer3
10
4.0715425
20
-26.7168329
11
4.0615075
21
-26.7689908
0
LINE
8
layer3
10
4.0615075
20
-26.7689908
11
4.0373546
21
-26.993032
0
LINE
8
layer3
10
4.0373546
20
-26.993032
11
4.0168584
21
-27.1483903
0
LINE
8
layer3
10
4.0168584
20
-27.1483903
11
3.9913653
21
-27.3149337
0
LINE
8
layer3
10
3.9913653
20
-27.3149337
11
3.95999
21
-27.4945571
0
LINE
8
layer3
10
3.95999
20
-27.4945571
11
3.922775
21
-27.6839873
0
LINE
8
layer3
10
3.922775
20
-27.6839873
11
3.8796929
21
-27.881393
0
LINE
8
layer3
10
3.8796929
20
-27.881393
11
3.8289797
21
-28.0924498
0
LINE
8
layer3
10
3.8289797
20
-28.0924498
11
3.7714723
21
-28.311457
0
LINE
8
layer3
10
3.7714723
20
-28.311457
11
3.706189
21
-28.5404579
0
LINE
8
layer3
10
3.706189
20
-28.5404579
11
3.6351834
21
-28.7712586
0
ARC
8
layer3
10
-9e-7
20
0.000002
40
29
50
275.656109
51
277.2010366
0
LINE
8
layer3
10
2.8581656
20
-28.8588075
11
2.7375823
21
-28.6495936
0
LINE
8
layer3
10
2.7375823
20
-28.6495936
11
2.6229782
21
-28.4408612
0
LINE
8
layer3
10
2.6229782
20
-28.4408612
11
2.5181789
21
-28.2401415
0
LINE
8
layer3
10
2.5181789
20
-28.2401415
11
2.4217727
21
-28.0456611
0
LINE
8
layer3
10
2.4217727
20
-28.0456611
11
2.3358439
21
-27.8627915
0
LINE
8
layer3
10
2.3358439
20
-27.8627915
11
2.2574097
21
-27.6863918
0
LINE
8
layer3
10
2.2574097
20
-27.6863918
11
2.1868511
21
-27.5182536
0
LINE
8
layer3
10
2.1868511
20
-27.5182536
11
2.1249377
21
-27.3615586
0
LINE
8
layer3
10
2.1249377
20
-27.3615586
11
2.070385
21
-27.2146563
0
LINE
8
layer3
10
2.070385
20
-27.2146563
11
1.9969838
21
-27.0016067
0
LINE
8
layer3
10
1.9969838
20
-27.0016067
11
1.9755942
21
-26.9529896
0
LINE
8
layer3
10
1.9755942
20
-26.9529896
11
1.9533069
21
-26.9171028
0
LINE
8
layer3
10
1.9533069
20
-26.9171028
11
1.9306346
21
-26.8939777
0
LINE
8
layer3
10
1.9306346
20
-26.8939777
11
1.908107
21
-26.8835945
0
LINE
8
layer3
10
1.908107
20
-26.8835945
11
1.8631991
21
-26.8856056
0
LINE
8
layer3
10
1.8631991
20
-26.8856056
11
1.5110986
21
-26.9076027
0
LINE
8
layer3
10
1.5110986
20
-26.9076027
11
1.1587491
21
-26.9251667
0
LINE
8
layer3
10
1.1587491
20
-26.9251667
11
1.1138984
21
-26.9281963
0
LINE
8
layer3
10
1.1138984
20
-26.9281963
11
1.0926749
21
-26.9410365
0
LINE
8
layer3
10
1.0926749
20
-26.9410365
11
1.0727344
21
-26.9665547
0
LINE
8
layer3
10
1.0727344
20
-26.9665547
11
1.0546053
21
-27.0047112
0
LINE
8
layer3
10
1.0546053
20
-27.0047112
11
1.0387936
21
-27.0554176
0
LINE
8
layer3
10
1.0387936
20
-27.0554176
11
0.9897078
21
-27.2753458
0
LINE
8
layer3
10
0.9897078
20
-27.2753458
11
0.951946
21
-27.4274324
0
LINE
8
layer3
10
0.951946
20
-27.4274324
11
0.9079662
21
-27.5900742
0
LINE
8
layer3
10
0.9079662
20
-27.5900742
11
0.8566768
21
-27.7650553
0
LINE
8
layer3
10
0.8566768
20
-27.7650553
11
0.7984863
21
-27.9491277
0
LINE
8
layer3
10
0.7984863
20
-27.9491277
11
0.7335727
21
-28.1404684
0
LINE
8
layer3
10
0.7335727
20
-28.1404684
11
0.6595475
21
-28.34452
0
LINE
8
layer3
10
0.6595475
20
-28.34452
11
0.5778806
21
-28.5557114
0
LINE
8
layer3
10
0.5778806
20
-28.5557114
11
0.4873678
21
-28.775963
0
LINE
8
layer3
10
0.4873678
20
-28.775963
11
0.3909672
21
-28.9973624
0
ARC
8
layer3
10
-1e-7
20
0.000002
40
29
50
269.2275362
51
270.772464
0
LINE
8
layer3
10
-0.3909672
20
-28.9973624
11
-0.4873678
21
-28.775963
0
LINE
8
layer3
10
-0.4873678
20
-28.775963
11
-0.5778806
21
-28.5557114
0
LINE
8
layer3
10
-0.5778806
20
-28.5557114
11
-0.6595475
21
-28.34452
0
LINE
8
layer3
10
-0.6595475
20
-28.34452
11
-0.7335727
21
-28.1404684
0
LINE
8
layer3
10
-0.7335727
20
-28.1404684
11
-0.7984863
21
-27.9491277
0
LINE
8
layer3
10
-0.7984863
20
-27.9491277
11
-0.8566768
21
-27.7650553
0
LINE
8
layer3
10
-0.8566768
20
-27.7650553
11
-0.9079662
21
-27.5900742
0
LINE
8
layer3
10
-0.9079662
20
-27.5900742
11
-0.951946
21
-27.4274324
0
LINE
8
layer3
10
-0.951946
20
-27.4274324
11
-0.9897078
21
-27.2753458
0
LINE
8
layer3
10
-0.9897078
20
-27.2753458
11
-1.0387936
21
-27.0554176
0
LINE
8
layer3
10
-1.0387936
20
-27.0554176
11
-1.0546053
21
-27.0047112
0
LINE
8
layer3
10
-1.0546053
20
-27.0047112
11
-1.0727344
21
-26.9665547
0
LINE
8
layer3
10
-1.0727344
20
-26.9665547
11
-1.0926749
21
-26.9410365
0
LINE
8
layer3
10
-1.0926749
20
-26.9410365
11
-1.1138984
21
-26.9281963
0
LINE
8
layer3
10
-1.1138984
20
-26.9281963
11
-1.1587491
21
-26.9251667
0
LINE
8
layer3
10
-1.1587491
20
-26.9251667
11
-1.5110986
21
-26.9076027
0
LINE
8
layer3
10
-1.5110986
20
-26.9076027
11
-1.8631991
21
-26.8856056
0
LINE
8
layer3
10
-1.8631991
20
-26.8856056
11
-1.908107
21
-26.8835945
0
LINE
8
layer3
10
-1.908107
20
-26.8835945
11
-1.9306346
21
-26.8939777
0
LINE
8
layer3
10
-1.9306346
20
-26.8939777
11
-1.9533069
21
-26.9171028
0
LINE
8
layer3
10
-1.9533069
20
-26.9171028
11
-1.9755942
21
-26.9529896
0
LINE
8
layer3
10
-1.9755942
20
-26.9529896
11
-1.9969838
21
-27.0016067
0
LINE
8
layer3
10
-1.9969838
20
-27.0016067
11
-2.070385
21
-27.2146563
0
LINE
8
layer3
10
-2.070385
20
-27.2146563
11
-2.1249377
21
-27.3615586
0
LINE
8
layer3
10
-2.1249377
20
-27.3615586
11
-2.1868511
21
-27.5182536
0
LINE
8
layer3
10
-2.1868511
20
-27.5182536
11
-2.2574097
21
-27.6863918
0
LINE
8
layer3
10
-2.2574097
20
-27.6863918
11
-2.3358439
21
-27.8627915
0
LINE
8
layer3
10
-2.3358439
20
-27.8627915
11
-2.4217727
21
-28.0456611
0
LINE
8
layer3
10
-2.4217727
20
-28.0456611
11
-2.5181789
21
-28.2401415
0
LINE
8
layer3
10
-2.5181789
20
-28.2401415
11
-2.6229782
21
-28.4408612
0
LINE
8
layer3
10
-2.6229782
20
-28.4408612
11
-2.7375823
21
-28.6495936
0
LINE
8
layer3
10
-2.7375823
20
-28.6495936
11
-2.8581656
21
-28.8588075
0
ARC
8
layer3
10
0.000001
20
0.000002
40
29
50
262.7989632
51
264.3438908
0
LINE
8
layer3
10
-3.6351834
20
-28.7712586
11
-3.706189
21
-28.5404579
0
LINE
8
layer3
10
-3.706189
20
-28.5404579
11
-3.7714723
21
-28.311457
0
LINE
8
layer3
10
-3.7714723
20
-28.311457
11
-3.8289797
21
-28.0924498
0
LINE
8
layer3
10
-3.8289797
20
-28.0924498
11
-3.8796929
21
-27.881393
0
LINE
8
layer3
10
-3.8796929
20
-27.881393
11
-3.922775
21
-27.6839873
0
LINE
8
layer3
10
-3.922775
20
-27.6839873
11
-3.95999
21
-27.4945571
0
LINE
8
layer3
10
-3.95999
20
-27.4945571
11
-3.9913653
21
-27.3149337
0
LINE
8
layer3
10
-3.9913653
20
-27.3149337
11
-4.0168584
21
-27.1483903
0
LINE
8
layer3
10
-4.0168584
20
-27.1483903
11
-4.0373546
21
-26.993032
0
LINE
8
layer3
10
-4.0373546
20
-26.993032
11
-4.0615075
21
-26.7689908
0
LINE
8
layer3
10
-4.0615075
20
-26.7689908
11
-4.0715425
21
-26.7168329
0
LINE
8
layer3
10
-4.0715425
20
-26.7168329
11
-4.0852854
21
-26.6768865
0
LINE
8
layer3
10
-4.0852854
20
-26.6768865
11
-4.1022435
21
-26.6492961
0
LINE
8
layer3
10
-4.1022435
20
-26.6492961
11
-4.1218958
21
-26.6341604
0
LINE
8
layer3
10
-4.1218958
20
-26.6341604
11
-4.1661253
21
-26.6261282
0
LINE
8
layer3
10
-4.1661253
20
-26.6261282
11
-4.5142927
21
-26.5692239
0
LINE
8
layer3
10
-4.5142927
20
-26.5692239
11
-4.8617164
21
-26.5079425
0
LINE
8
layer3
10
-4.8617164
20
-26.5079425
11
-4.9061168
21
-26.5009159
0
LINE
8
layer3
10
-4.9061168
20
-26.5009159
11
-4.9296653
21
-26.5087115
0
LINE
8
layer3
10
-4.9296653
20
-26.5087115
11
-4.9547842
21
-26.5291527
0
LINE
8
layer3
10
-4.9547842
20
-26.5291527
11
-4.9809494
21
-26.5623185
0
LINE
8
layer3
10
-4.9809494
20
-26.5623185
11
-5.0076479
21
-26.6082351
0
LINE
8
layer3
10
-5.0076479
20
-26.6082351
11
-5.1044416
21
-26.8117266
0
LINE
8
layer3
10
-5.1044416
20
-26.8117266
11
-5.1750992
21
-26.9515973
0
LINE
8
layer3
10
-5.1750992
20
-26.9515973
11
-5.2541675
21
-27.1003749
0
LINE
8
layer3
10
-5.2541675
20
-27.1003749
11
-5.3431079
21
-27.2595559
0
LINE
8
layer3
10
-5.3431079
20
-27.2595559
11
-5.4407995
21
-27.4260646
0
LINE
8
layer3
10
-5.4407995
20
-27.4260646
11
-5.5466628
21
-27.5981634
0
LINE
8
layer3
10
-5.5466628
20
-27.5981634
11
-5.6642378
21
-27.7806269
0
LINE
8
layer3
10
-5.6642378
20
-27.7806269
11
-5.7908516
21
-27.9683506
0
LINE
8
layer3
10
-5.7908516
20
-27.9683506
11
-5.9281057
21
-28.1629391
0
LINE
8
layer3
10
-5.9281057
20
-28.1629391
11
-6.0713553
21
-28.3573364
0
ARC
8
layer3
10
0.0000012
20
0.0000018
40
29
50
256.3703919
51
257.9153195
0
LINE
8
layer3
10
-6.833685
20
-28.1833396
11
-6.8784027
21
-27.94604
0
LINE
8
layer3
10
-6.8784027
20
-27.94604
11
-6.9176355
21
-27.7111696
0
LINE
8
layer3
10
-6.9176355
20
-27.7111696
11
-6.9502603
21
-27.4871006
0
LINE
8
layer3
10
-6.9502603
20
-27.4871006
11
-6.9770238
21
-27.2716928
0
LINE
8
layer3
10
-6.9770238
20
-27.2716928
11
-6.9977325
21
-27.0707048
0
LINE
8
layer3
10
-6.9977325
20
-27.0707048
11
-7.0135041
21
-26.8782989
0
LINE
8
layer3
10
-7.0135041
20
-26.8782989
11
-7.0245707
21
-26.696292
0
LINE
8
layer3
10
-7.0245707
20
-26.696292
11
-7.0312566
21
-26.5279415
0
LINE
8
layer3
10
-7.0312566
20
-26.5279415
11
-7.0342292
21
-26.3712652
0
LINE
8
layer3
10
-7.0342292
20
-26.3712652
11
-7.0331456
21
-26.1459284
0
LINE
8
layer3
10
-7.0331456
20
-26.1459284
11
-7.0372777
21
-26.092975
0
LINE
8
layer3
10
-7.0372777
20
-26.092975
11
-7.0464616
21
-26.051741
0
LINE
8
layer3
10
-7.0464616
20
-26.051741
11
-7.0602239
21
-26.0224254
0
LINE
8
layer3
10
-7.0602239
20
-26.0224254
11
-7.078058
21
-26.0051844
0
LINE
8
layer3
10
-7.078058
20
-26.0051844
11
-7.12111
21
-25.9922506
0
LINE
8
layer3
10
-7.12111
20
-25.9922506
11
-7.460717
21
-25.8967218
0
LINE
8
layer3
10
-7.460717
20
-25.8967218
11
-7.7990949
21
-25.7969266
0
LINE
8
layer3
10
-7.7990949
20
-25.7969266
11
-7.8424293
21
-25.7849729
0
LINE
8
layer3
10
-7.8424293
20
-25.7849729
11
-7.8667026
21
-25.7900829
0
LINE
8
layer3
10
-7.8667026
20
-25.7900829
11
-7.8939523
21
-25.8075831
0
LINE
8
layer3
10
-7.8939523
20
-25.8075831
11
-7.9236663
21
-25.8376108
0
LINE
8
layer3
10
-7.9236663
20
-25.8376108
11
-7.955338
21
-25.8802494
0
LINE
8
layer3
10
-7.955338
20
-25.8802494
11
-8.0743069
21
-26.071624
0
LINE
8
layer3
10
-8.0743069
20
-26.071624
11
-8.1601807
21
-26.2027041
0
LINE
8
layer3
10
-8.1601807
20
-26.2027041
11
-8.2554097
21
-26.3416934
0
LINE
8
layer3
10
-8.2554097
20
-26.3416934
11
-8.3616135
21
-26.4899153
0
LINE
8
layer3
10
-8.3616135
20
-26.4899153
11
-8.4773338
21
-26.644439
0
LINE
8
layer3
10
-8.4773338
20
-26.644439
11
-8.6018005
21
-26.8036027
0
LINE
8
layer3
10
-8.6018005
20
-26.8036027
11
-8.7390656
21
-26.9717547
0
LINE
8
layer3
10
-8.7390656
20
-26.9717547
11
-8.8859017
21
-27.1441218
0
LINE
8
layer3
10
-8.8859017
20
-27.1441218
11
-9.0440797
21
-27.3221192
0
LINE
8
layer3
10
-9.0440797
20
-27.3221192
11
-9.2081942
21
-27.4992553
0
ARC
8
layer3
10
0.0000013
20
0.0000017
40
29
50
249.9418206
51
251.4867482
0
LINE
8
layer3
10
-9.9462491
20
-27.2409987
11
-9.9641164
21
-27.0001844
0
LINE
8
layer3
10
-9.9641164
20
-27.0001844
11
-9.9768055
21
-26.7623981
0
LINE
8
layer3
10
-9.9768055
20
-26.7623981
11
-9.9841374
21
-26.5360852
0
LINE
8
layer3
10
-9.9841374
20
-26.5360852
11
-9.9866145
21
-26.3190353
0
LINE
8
layer3
10
-9.9866145
20
-26.3190353
11
-9.9846895
21
-26.1169924
0
LINE
8
layer3
10
-9.9846895
20
-26.1169924
11
-9.9788194
21
-25.9240305
0
LINE
8
layer3
10
-9.9788194
20
-25.9240305
11
-9.969438
21
-25.7419289
0
LINE
8
layer3
10
-9.969438
20
-25.7419289
11
-9.9572326
21
-25.5738884
0
LINE
8
layer3
10
-9.9572326
20
-25.5738884
11
-9.9426444
21
-25.4178645
0
LINE
8
layer3
10
-9.9426444
20
-25.4178645
11
-9.9163379
21
-25.1940659
0
LINE
8
layer3
10
-9.9163379
20
-25.1940659
11
-9.9145151
21
-25.1409827
0
LINE
8
layer3
10
-9.9145151
20
-25.1409827
11
-9.9190245
21
-25.0989797
0
LINE
8
layer3
10
-9.9190245
20
-25.0989797
11
-9.9294179
21
-25.0683076
0
LINE
8
layer3
10
-9.9294179
20
-25.0683076
11
-9.9452095
21
-25.0491782
0
LINE
8
layer3
10
-9.9452095
20
-25.0491782
11
-9.9865427
21
-25.0315054
0
LINE
8
layer3
10
-9.9865427
20
-25.0315054
11
-10.3133185
21
-24.8985534
0
LINE
8
layer3
10
-10.3133185
20
-24.8985534
11
-10.6383952
21
-24.7614993
0
LINE
8
layer3
10
-10.6383952
20
-24.7614993
11
-10.6801187
21
-24.7447689
0
LINE
8
layer3
10
-10.6801187
20
-24.7447689
11
-10.7048115
21
-24.747129
0
LINE
8
layer3
10
-10.7048115
20
-24.747129
11
-10.7338493
21
-24.7614683
0
LINE
8
layer3
10
-10.7338493
20
-24.7614683
11
-10.7667385
21
-24.7879802
0
LINE
8
layer3
10
-10.7667385
20
-24.7879802
11
-10.8029851
21
-24.8268046
0
LINE
8
layer3
10
-10.8029851
20
-24.8268046
11
-10.9426331
21
-25.0036556
0
LINE
8
layer3
10
-10.9426331
20
-25.0036556
11
-11.0426432
21
-25.1242966
0
LINE
8
layer3
10
-11.0426432
20
-25.1242966
11
-11.1528353
21
-25.2517497
0
LINE
8
layer3
10
-11.1528353
20
-25.2517497
11
-11.2749669
21
-25.3871486
0
LINE
8
layer3
10
-11.2749669
20
-25.3871486
11
-11.4072608
21
-25.5277441
0
LINE
8
layer3
10
-11.4072608
20
-25.5277441
11
-11.5487655
21
-25.6719712
0
LINE
8
layer3
10
-11.5487655
20
-25.6719712
11
-11.7039946
21
-25.8236971
0
LINE
8
layer3
10
-11.7039946
20
-25.8236971
11
-11.8692064
21
-25.97854
0
LINE
8
layer3
10
-11.8692064
20
-25.97854
11
-12.0463192
21
-26.1377078
0
LINE
8
layer3
10
-12.0463192
20
-26.1377078
11
-12.2292347
21
-26.2953551
0
ARC
8
layer3
10
-4e-7
20
0.0000025
40
29
50
243.5132534
51
245.058181
0
LINE
8
layer3
10
-12.9337333
20
-25.9560864
11
-12.9245257
21
-25.7147858
0
LINE
8
layer3
10
-12.9245257
20
-25.7147858
11
-12.9105113
21
-25.477074
0
LINE
8
layer3
10
-12.9105113
20
-25.477074
11
-12.8924581
21
-25.2513632
0
LINE
8
layer3
10
-12.8924581
20
-25.2513632
11
-12.8706178
21
-25.0354007
0
LINE
8
layer3
10
-12.8706178
20
-25.0354007
11
-12.8460833
21
-24.8348437
0
LINE
8
layer3
10
-12.8460833
20
-24.8348437
11
-12.8186451
21
-24.6437523
0
LINE
8
layer3
10
-12.8186451
20
-24.6437523
11
-12.7889338
21
-24.4638462
0
LINE
8
layer3
10
-12.7889338
20
-24.4638462
11
-12.7579906
21
-24.2982288
0
LINE
8
layer3
10
-12.7579906
20
-24.2982288
11
-12.726025
21
-24.1448193
0
LINE
8
layer3
10
-12.726025
20
-24.1448193
11
-12.6748264
21
-23.9253733
0
LINE
8
layer3
10
-12.6748264
20
-23.9253733
11
-12.6670716
21
-23.872828
0
LINE
8
layer3
10
-12.6670716
20
-23.872828
11
-12.6668499
21
-23.8305842
0
LINE
8
layer3
10
-12.6668499
20
-23.8305842
11
-12.6737437
21
-23.7989412
0
LINE
8
layer3
10
-12.6737437
20
-23.7989412
11
-12.6872942
21
-23.7781641
0
LINE
8
layer3
10
-12.6872942
20
-23.7781641
11
-12.7263888
21
-23.7559746
0
LINE
8
layer3
10
-12.7263888
20
-23.7559746
11
-13.036224
21
-23.5872712
0
LINE
8
layer3
10
-13.036224
20
-23.5872712
11
-13.3439115
21
-23.4146819
0
LINE
8
layer3
10
-13.3439115
20
-23.4146819
11
-13.3834995
21
-23.3933851
0
LINE
8
layer3
10
-13.3834995
20
-23.3933851
11
-13.4083013
21
-23.3929656
0
LINE
8
layer3
10
-13.4083013
20
-23.3929656
11
-13.4387619
21
-23.4039635
0
LINE
8
layer3
10
-13.4387619
20
-23.4039635
11
-13.4744127
21
-23.4266263
0
LINE
8
layer3
10
-13.4744127
20
-23.4266263
11
-13.5147783
21
-23.4611483
0
LINE
8
layer3
10
-13.5147783
20
-23.4611483
11
-13.6733493
21
-23.6212516
0
LINE
8
layer3
10
-13.6733493
20
-23.6212516
11
-13.7862381
21
-23.7299365
0
LINE
8
layer3
10
-13.7862381
20
-23.7299365
11
-13.9100075
21
-23.8442506
0
LINE
8
layer3
10
-13.9100075
20
-23.8442506
11
-14.0465311
21
-23.9651238
0
LINE
8
layer3
10
-14.0465311
20
-23.9651238
11
-14.1937348
21
-24.090023
0
LINE
8
layer3
10
-14.1937348
20
-24.090023
11
-14.3504981
21
-24.2174998
0
LINE
8
layer3
10
-14.3504981
20
-24.2174998
11
-14.521739
21
-24.3508915
0
LINE
8
layer3
10
-14.521739
20
-24.3508915
11
-14.7032489
21
-24.4862629
0
LINE
8
layer3
10
-14.7032489
20
-24.4862629
11
-14.8970692
21
-24.6245995
0
LINE
8
layer3
10
-14.8970692
20
-24.6245995
11
-15.0964855
21
-24.7607756
0
ARC
8
layer3
10
0.0000012
20
0.0000016
40
29
50
237.0846788
51
238.6296064
0
LINE
8
layer3
10
-15.7585683
20
-24.3447613
11
-15.7224015
21
-24.1060089
0
LINE
8
layer3
10
-15.7224015
20
-24.1060089
11
-15.6818599
21
-23.8713608
0
LINE
8
layer3
10
-15.6818599
20
-23.8713608
11
-15.6386487
21
-23.6490906
0
LINE
8
layer3
10
-15.6386487
20
-23.6490906
11
-15.5927656
21
-23.4369314
0
LINE
8
layer3
10
-15.5927656
20
-23.4369314
11
-15.5459301
21
-23.2403824
0
LINE
8
layer3
10
-15.5459301
20
-23.2403824
11
-15.497269
21
-23.0535647
0
LINE
8
layer3
10
-15.497269
20
-23.0535647
11
-15.4476014
21
-22.8781164
0
LINE
8
layer3
10
-15.4476014
20
-22.8781164
11
-15.3983095
21
-22.7170049
0
LINE
8
layer3
10
-15.3983095
20
-22.7170049
11
-15.3493684
21
-22.568139
0
LINE
8
layer3
10
-15.3493684
20
-22.568139
11
-15.2739216
21
-22.3558053
0
LINE
8
layer3
10
-15.2739216
20
-22.3558053
11
-15.2603324
21
-22.3044586
0
LINE
8
layer3
10
-15.2603324
20
-22.3044586
11
-15.2553823
21
-22.2625053
0
LINE
8
layer3
10
-15.2553823
20
-22.2625053
11
-15.2586899
21
-22.2302894
0
LINE
8
layer3
10
-15.2586899
20
-22.2302894
11
-15.2698289
21
-22.2081257
0
LINE
8
layer3
10
-15.2698289
20
-22.2081257
11
-15.3061932
21
-22.1816985
0
LINE
8
layer3
10
-15.3061932
20
-22.1816985
11
-15.5951914
21
-21.9793654
0
LINE
8
layer3
10
-15.5951914
20
-21.9793654
11
-15.8816203
21
-21.7734112
0
LINE
8
layer3
10
-15.8816203
20
-21.7734112
11
-15.9185749
21
-21.7478159
0
LINE
8
layer3
10
-15.9185749
20
-21.7478159
11
-15.9431738
21
-21.7446222
0
LINE
8
layer3
10
-15.9431738
20
-21.7446222
11
-15.9746743
21
-21.7521404
0
LINE
8
layer3
10
-15.9746743
20
-21.7521404
11
-16.0126384
21
-21.7706691
0
LINE
8
layer3
10
-16.0126384
20
-21.7706691
11
-16.0566154
21
-21.8004544
0
LINE
8
layer3
10
-16.0566154
20
-21.8004544
11
-16.2321152
21
-21.9417968
0
LINE
8
layer3
10
-16.2321152
20
-21.9417968
11
-16.356463
21
-22.0371587
0
LINE
8
layer3
10
-16.356463
20
-22.0371587
11
-16.4922533
21
-22.1368963
0
LINE
8
layer3
10
-16.4922533
20
-22.1368963
11
-16.641452
21
-22.2417236
0
LINE
8
layer3
10
-16.641452
20
-22.2417236
11
-16.8017144
21
-22.349356
0
LINE
8
layer3
10
-16.8017144
20
-22.349356
11
-16.9717648
21
-22.4584792
0
LINE
8
layer3
10
-16.9717648
20
-22.4584792
11
-17.1568642
21
-22.5718593
0
LINE
8
layer3
10
-17.1568642
20
-22.5718593
11
-17.3523896
21
-22.6860568
0
LINE
8
layer3
10
-17.3523896
20
-22.6860568
11
-17.5604799
21
-22.8018227
0
LINE
8
layer3
10
-17.5604799
20
-22.8018227
11
-17.7738892
21
-22.9148149
0
ARC
8
layer3
10
0.0000018
20
0.0000013
40
29
50
230.6561064
51
232.2010341
0
LINE
8
layer3
10
-18.3852302
20
-22.4272868
11
-18.322559
21
-22.1940849
0
LINE
8
layer3
10
-18.322559
20
-22.1940849
11
-18.2560001
21
-21.9654515
0
LINE
8
layer3
10
-18.2560001
20
-21.9654515
11
-18.1881742
21
-21.749417
0
LINE
8
layer3
10
-18.1881742
20
-21.749417
11
-18.1188253
21
-21.543729
0
LINE
8
layer3
10
-18.1188253
20
-21.543729
11
-18.0502778
21
-21.3536599
0
LINE
8
layer3
10
-18.0502778
20
-21.3536599
11
-17.9810057
21
-21.1734651
0
LINE
8
layer3
10
-17.9810057
20
-21.1734651
11
-17.9120065
21
-21.004681
0
LINE
8
layer3
10
-17.9120065
20
-21.004681
11
-17.8449857
21
-20.8501015
0
LINE
8
layer3
10
-17.8449857
20
-20.8501015
11
-17.7796847
21
-20.7076513
0
LINE
8
layer3
10
-17.7796847
20
-20.7076513
11
-17.6809385
21
-20.5051
0
LINE
8
layer3
10
-17.6809385
20
-20.5051
11
-17.6616857
21
-20.4555977
0
LINE
8
layer3
10
-17.6616857
20
-20.4555977
11
-17.6520694
21
-20.4144625
0
LINE
8
layer3
10
-17.6520694
20
-20.4144625
11
-17.6517492
21
-20.3820788
0
LINE
8
layer3
10
-17.6517492
20
-20.3820788
11
-17.6603366
21
-20.3588073
0
LINE
8
layer3
10
-17.6603366
20
-20.3588073
11
-17.6935133
21
-20.3284748
0
LINE
8
layer3
10
-17.6935133
20
-20.3284748
11
-17.9580403
21
-20.0950563
0
LINE
8
layer3
10
-17.9580403
20
-20.0950563
11
-18.2196086
21
-19.8583273
0
LINE
8
layer3
10
-18.2196086
20
-19.8583273
11
-18.2534651
21
-19.8287553
0
LINE
8
layer3
10
-18.2534651
20
-19.8287553
11
-18.2775517
21
-19.8228274
0
LINE
8
layer3
10
-18.2775517
20
-19.8228274
11
-18.3096959
21
-19.8267714
0
LINE
8
layer3
10
-18.3096959
20
-19.8267714
11
-18.3494958
21
-19.840933
0
LINE
8
layer3
10
-18.3494958
20
-19.840933
11
-18.3965312
21
-19.8656072
0
LINE
8
layer3
10
-18.3965312
20
-19.8656072
11
-18.5867529
21
-19.9864111
0
LINE
8
layer3
10
-18.5867529
20
-19.9864111
11
-18.720996
21
-20.0672509
0
LINE
8
layer3
10
-18.720996
20
-20.0672509
11
-18.8670995
21
-20.1511576
0
LINE
8
layer3
10
-18.8670995
20
-20.1511576
11
-19.0270969
21
-20.2386209
0
LINE
8
layer3
10
-19.0270969
20
-20.2386209
11
-19.1984027
21
-20.3276327
0
LINE
8
layer3
10
-19.1984027
20
-20.3276327
11
-19.3796018
21
-20.4170303
0
LINE
8
layer3
10
-19.3796018
20
-20.4170303
11
-19.5762318
21
-20.5089729
0
LINE
8
layer3
10
-19.5762318
20
-20.5089729
11
-19.7833139
21
-20.6005605
0
LINE
8
layer3
10
-19.7833139
20
-20.6005605
11
-20.0030575
21
-20.6922997
0
LINE
8
layer3
10
-20.0030575
20
-20.6922997
11
-20.227776
21
-20.7806872
0
ARC
8
layer3
10
0.0000014
20
0.0000014
40
29
50
224.2275361
51
225.7724639
0
LINE
8
layer3
10
-20.7806872
20
-20.227776
11
-20.6922997
21
-20.0030575
0
LINE
8
layer3
10
-20.6922997
20
-20.0030575
11
-20.6005605
21
-19.7833139
0
LINE
8
layer3
10
-20.6005605
20
-19.7833139
11
-20.5089729
21
-19.5762318
0
LINE
8
layer3
10
-20.5089729
20
-19.5762318
11
-20.4170303
21
-19.3796018
0
LINE
8
layer3
10
-20.4170303
20
-19.3796018
11
-20.3276327
21
-19.1984027
0
LINE
8
layer3
10
-20.3276327
20
-19.1984027
11
-20.2386209
21
-19.0270969
0
LINE
8
layer3
10
-20.2386209
20
-19.0270969
11
-20.1511576
21
-18.8670995
0
LINE
8
layer3
10
-20.1511576
20
-18.8670995
11
-20.0672509
21
-18.720996
0
LINE
8
layer3
10
-20.0672509
20
-18.720996
11
-19.9864111
21
-18.5867529
0
LINE
8
layer3
10
-19.9864111
20
-18.5867529
11
-19.8656072
21
-18.3965312
0
LINE
8
layer3
10
-19.8656072
20
-18.3965312
11
-19.840933
21
-18.3494958
0
LINE
8
layer3
10
-19.840933
20
-18.3494958
11
-19.8267714
21
-18.3096959
0
LINE
8
layer3
10
-19.8267714
20
-18.3096959
11
-19.8228274
21
-18.2775517
0
LINE
8
layer3
10
-19.8228274
20
-18.2775517
11
-19.8287553
21
-18.2534651
0
LINE
8
layer3
10
-19.8287553
20
-18.2534651
11
-19.8583273
21
-18.2196086
0
LINE
8
layer3
10
-19.8583273
20
-18.2196086
11
-20.0950563
21
-17.9580403
0
LINE
8
layer3
10
-20.0950563
20
-17.9580403
11
-20.3284748
21
-17.6935133
0
LINE
8
layer3
10
-20.3284748
20
-17.6935133
11
-20.3588073
21
-17.6603366
0
LINE
8
layer3
10
-20.3588073
20
-17.6603366
11
-20.3820788
21
-17.6517492
0
LINE
8
layer3
10
-20.3820788
20
-17.6517492
11
-20.4144625
21
-17.6520694
0
LINE
8
layer3
10
-20.4144625
20
-17.6520694
11
-20.4555977
21
-17.6616857
0
LINE
8
layer3
10
-20.4555977
20
-17.6616857
11
-20.5051
21
-17.6809385
0
LINE
8
layer3
10
-20.5051
20
-17.6809385
11
-20.7076513
21
-17.7796847
0
LINE
8
layer3
10
-20.7076513
20
-17.7796847
11
-20.8501015
21
-17.8449857
0
LINE
8
layer3
10
-20.8501015
20
-17.8449857
11
-21.004681
21
-17.9120065
0
LINE
8
layer3
10
-21.004681
20
-17.9120065
11
-21.1734651
21
-17.9810057
0
LINE
8
layer3
10
-21.1734651
20
-17.9810057
11
-21.3536599
21
-18.0502778
0
LINE
8
layer3
10
-21.3536599
20
-18.0502778
11
-21.543729
21
-18.1188253
0
LINE
8
layer3
10
-21.543729
20
-18.1188253
11
-21.749417
21
-18.1881742
0
LINE
8
layer3
10
-21.749417
20
-18.1881742
11
-21.9654515
21
-18.2560001
0
LINE
8
layer3
10
-21.9654515
20
-18.2560001
11
-22.1940849
21
-18.322559
0
LINE
8
layer3
10
-22.1940849
20
-18.322559
11
-22.4272868
21
-18.3852302
0
ARC
8
layer3
10
0.0000012
20
0.0000018
40
29
50
217.7989659
51
219.3438936
0
LINE
8
layer3
10
-22.9148149
20
-17.7738892
11
-22.8018227
21
-17.5604799
0
LINE
8
layer3
10
-22.8018227
20
-17.5604799
11
-22.6860568
21
-17.3523896
0
LINE
8
layer3
10
-22.6860568
20
-17.3523896
11
-22.5718593
21
-17.1568642
0
LINE
8
layer3
10
-22.5718593
20
-17.1568642
11
-22.4584792
21
-16.9717648
0
LINE
8
layer3
10
-22.4584792
20
-16.9717648
11
-22.349356
21
-16.8017144
0
LINE
8
layer3
10
-22.349356
20
-16.8017144
11
-22.2417236
21
-16.641452
0
LINE
8
layer3
10
-22.2417236
20
-16.641452
11
-22.1368963
21
-16.4922533
0
LINE
8
layer3
10
-22.1368963
20
-16.4922533
11
-22.0371587
21
-16.356463
0
LINE
8
layer3
10
-22.0371587
20
-16.356463
11
-21.9417968
21
-16.2321152
0
LINE
8
layer3
10
-21.9417968
20
-16.2321152
11
-21.8004544
21
-16.0566154
0
LINE
8
layer3
10
-21.8004544
20
-16.0566154
11
-21.7706691
21
-16.0126384
0
LINE
8
layer3
10
-21.7706691
20
-16.0126384
11
-21.7521404
21
-15.9746743
0
LINE
8
layer3
10
-21.7521404
20
-15.9746743
11
-21.7446222
21
-15.9431738
0
LINE
8
layer3
10
-21.7446222
20
-15.9431738
11
-21.7478159
21
-15.9185749
0
LINE
8
layer3
10
-21.7478159
20
-15.9185749
11
-21.7734112
21
-15.8816203
0
LINE
8
layer3
10
-21.7734112
20
-15.8816203
11
-21.9793654
21
-15.5951914
0
LINE
8
layer3
10
-21.9793654
20
-15.5951914
11
-22.1816985
21
-15.3061932
0
LINE
8
layer3
10
-22.1816985
20
-15.3061932
11
-22.2081257
21
-15.2698289
0
LINE
8
layer3
10
-22.2081257
20
-15.2698289
11
-22.2302894
21
-15.2586899
0
LINE
8
layer3
10
-22.2302894
20
-15.2586899
11
-22.2625053
21
-15.2553823
0
LINE
8
layer3
10
-22.2625053
20
-15.2553823
11
-22.3044586
21
-15.2603324
0
LINE
8
layer3
10
-22.3044586
20
-15.2603324
11
-22.3558053
21
-15.2739216
0
LINE
8
layer3
10
-22.3558053
20
-15.2739216
11
-22.568139
21
-15.3493684
0
LINE
8
layer3
10
-22.568139
20
-15.3493684
11
-22.7170049
21
-15.3983095
0
LINE
8
layer3
10
-22.7170049
20
-15.3983095
11
-22.8781164
21
-15.4476014
0
LINE
8
layer3
10
-22.8781164
20
-15.4476014
11
-23.0535647
21
-15.497269
0
LINE
8
layer3
10
-23.0535647
20
-15.497269
11
-23.2403824
21
-15.5459301
0
LINE
8
layer3
10
-23.2403824
20
-15.5459301
11
-23.4369314
21
-15.5927656
0
LINE
8
layer3
10
-23.4369314
20
-15.5927656
11
-23.6490906
21
-15.6386487
0
LINE
8
layer3
10
-23.6490906
20
-15.6386487
11
-23.8713608
21
-15.6818599
0
LINE
8
layer3
10
-23.8713608
20
-15.6818599
11
-24.1060089
21
-15.7224015
0
LINE
8
layer3
10
-24.1060089
20
-15.7224015
11
-24.3447613
21
-15.7585683
0
ARC
8
layer3
10
0.0000017
20
0.0000012
40
29
50
211.3703936
51
212.9153212
0
LINE
8
layer3
10
-24.7607756
20
-15.0964855
11
-24.6245995
21
-14.8970692
0
LINE
8
layer3
10
-24.6245995
20
-14.8970692
11
-24.4862629
21
-14.7032489
0
LINE
8
layer3
10
-24.4862629
20
-14.7032489
11
-24.3508915
21
-14.521739
0
LINE
8
layer3
10
-24.3508915
20
-14.521739
11
-24.2174998
21
-14.3504981
0
LINE
8
layer3
10
-24.2174998
20
-14.3504981
11
-24.090023
21
-14.1937348
0
LINE
8
layer3
10
-24.090023
20
-14.1937348
11
-23.9651238
21
-14.0465311
0
LINE
8
layer3
10
-23.9651238
20
-14.0465311
11
-23.8442506
21
-13.9100075
0
LINE
8
layer3
10
-23.8442506
20
-13.9100075
11
-23.7299365
21
-13.7862381
0
LINE
8
layer3
10
-23.7299365
20
-13.7862381
11
-23.6212516
21
-13.6733493
0
LINE
8
layer3
10
-23.6212516
20
-13.6733493
11
-23.4611483
21
-13.5147783
0
LINE
8
layer3
10
-23.4611483
20
-13.5147783
11
-23.4266263
21
-13.4744127
0
LINE
8
layer3
10
-23.4266263
20
-13.4744127
11
-23.4039635
21
-13.4387619
0
LINE
8
layer3
10
-23.4039635
20
-13.4387619
11
-23.3929656
21
-13.4083013
0
LINE
8
layer3
10
-23.3929656
20
-13.4083013
11
-23.3933851
21
-13.3834995
0
LINE
8
layer3
10
-23.3933851
20
-13.3834995
11
-23.4146819
21
-13.3439115
0
LINE
8
layer3
10
-23.4146819
20
-13.3439115
11
-23.5872712
21
-13.036224
0
LINE
8
layer3
10
-23.5872712
20
-13.036224
11
-23.7559746
21
-12.7263888
0
LINE
8
layer3
10
-23.7559746
20
-12.7263888
11
-23.7781641
21
-12.6872942
0
LINE
8
layer3
10
-23.7781641
20
-12.6872942
11
-23.7989412
21
-12.6737437
0
LINE
8
layer3
10
-23.7989412
20
-12.6737437
11
-23.8305842
21
-12.6668499
0
LINE
8
layer3
10
-23.8305842
20
-12.6668499
11
-23.872828
21
-12.6670716
0
LINE
8
layer3
10
-23.872828
20
-12.6670716
11
-23.9253733
21
-12.6748264
0
LINE
8
layer3
10
-23.9253733
20
-12.6748264
11
-24.1448193
21
-12.726025
0
LINE
8
layer3
10
-24.1448193
20
-12.726025
11
-24.2982288
21
-12.7579906
0
LINE
8
layer3
10
-24.2982288
20
-12.7579906
11
-24.4638462
21
-12.7889338
0
LINE
8
layer3
10
-24.4638462
20
-12.7889338
11
-24.6437523
21
-12.8186451
0
LINE
8
layer3
10
-24.6437523
20
-12.8186451
11
-24.8348437
21
-12.8460833
0
LINE
8
layer3
10
-24.8348437
20
-12.8460833
11
-25.0354007
21
-12.8706178
0
LINE
8
layer3
10
-25.0354007
20
-12.8706178
11
-25.2513632
21
-12.8924581
0
LINE
8
layer3
10
-25.2513632
20
-12.8924581
11
-25.477074
21
-12.9105113
0
LINE
8
layer3
10
-25.477074
20
-12.9105113
11
-25.7147858
21
-12.9245257
0
LINE
8
layer3
10
-25.7147858
20
-12.9245257
11
-25.9560864
21
-12.9337333
0
ARC
8
layer3
10
0.0000026
20
-5e-7
40
29
50
204.9418188
51
206.4867464
0
LINE
8
layer3
10
-26.2953551
20
-12.2292347
11
-26.1377078
21
-12.0463192
0
LINE
8
layer3
10
-26.1377078
20
-12.0463192
11
-25.97854
21
-11.8692064
0
LINE
8
layer3
10
-25.97854
20
-11.8692064
11
-25.8236971
21
-11.7039946
0
LINE
8
layer3
10
-25.8236971
20
-11.7039946
11
-25.6719712
21
-11.5487655
0
LINE
8
layer3
10
-25.6719712
20
-11.5487655
11
-25.5277441
21
-11.4072608
0
LINE
8
layer3
10
-25.5277441
20
-11.4072608
11
-25.3871486
21
-11.2749669
0
LINE
8
layer3
10
-25.3871486
20
-11.2749669
11
-25.2517497
21
-11.1528353
0
LINE
8
layer3
10
-25.2517497
20
-11.1528353
11
-25.1242966
21
-11.0426432
0
LINE
8
layer3
10
-25.1242966
20
-11.0426432
11
-25.0036556
21
-10.9426331
0
LINE
8
layer3
10
-25.0036556
20
-10.9426331
11
-24.8268046
21
-10.8029851
0
LINE
8
layer3
10
-24.8268046
20
-10.8029851
11
-24.7879802
21
-10.7667385
0
LINE
8
layer3
10
-24.7879802
20
-10.7667385
11
-24.7614683
21
-10.7338493
0
LINE
8
layer3
10
-24.7614683
20
-10.7338493
11
-24.747129
21
-10.7048115
0
LINE
8
layer3
10
-24.747129
20
-10.7048115
11
-24.7447689
21
-10.6801187
0
LINE
8
layer3
10
-24.7447689
20
-10.6801187
11
-24.7614993
21
-10.6383952
0
LINE
8
layer3
10
-24.7614993
20
-10.6383952
11
-24.8985534
21
-10.3133185
0
LINE
8
layer3
10
-24.8985534
20
-10.3133185
11
-25.0315054
21
-9.9865427
0
LINE
8
layer3
10
-25.0315054
20
-9.9865427
11
-25.0491782
21
-9.9452095
0
LINE
8
layer3
10
-25.0491782
20
-9.9452095
11
-25.0683076
21
-9.9294179
0
LINE
8
layer3
10
-25.0683076
20
-9.9294179
11
-25.0989797
21
-9.9190245
0
LINE
8
layer3
10
-25.0989797
20
-9.9190245
11
-25.1409827
21
-9.9145151
0
LINE
8
layer3
10
-25.1409827
20
-9.9145151
11
-25.1940659
21
-9.9163379
0
LINE
8
layer3
10
-25.1940659
20
-9.9163379
11
-25.4178645
21
-9.9426444
0
LINE
8
layer3
10
-25.4178645
20
-9.9426444
11
-25.5738884
21
-9.9572326
0
LINE
8
layer3
10
-25.5738884
20
-9.9572326
11
-25.7419289
21
-9.969438
0
LINE
8
layer3
10
-25.7419289
20
-9.969438
11
-25.9240305
21
-9.9788194
0
LINE
8
layer3
10
-25.9240305
20
-9.9788194
11
-26.1169924
21
-9.9846895
0
LINE
8
layer3
10
-26.1169924
20
-9.9846895
11
-26.3190353
21
-9.9866145
0
LINE
8
layer3
10
-26.3190353
20
-9.9866145
11
-26.5360852
21
-9.9841374
0
LINE
8
layer3
10
-26.5360852
20
-9.9841374
11
-26.7623981
21
-9.9768055
0
LINE
8
layer3
10
-26.7623981
20
-9.9768055
11
-27.0001844
21
-9.9641164
0
LINE
8
layer3
10
-27.0001844
20
-9.9641164
11
-27.2409987
21
-9.9462491
0
ARC
8
layer3
10
0.0000017
20
0.0000014
40
29
50
198.513252
51
200.0581796
0
LINE
8
layer3
10
-27.4992553
20
-9.2081942
11
-27.3221192
21
-9.0440797
0
LINE
8
layer3
10
-27.3221192
20
-9.0440797
11
-27.1441218
21
-8.8859017
0
LINE
8
layer3
10
-27.1441218
20
-8.8859017
11
-26.9717547
21
-8.7390656
0
LINE
8
layer3
10
-26.9717547
20
-8.7390656
11
-26.8036027
21
-8.6018005
0
LINE
8
layer3
10
-26.8036027
20
-8.6018005
11
-26.644439
21
-8.4773338
0
LINE
8
layer3
10
-26.644439
20
-8.4773338
11
-26.4899153
21
-8.3616135
0
LINE
8
layer3
10
-26.4899153
20
-8.3616135
11
-26.3416934
21
-8.2554097
0
LINE
8
layer3
10
-26.3416934
20
-8.2554097
11
-26.2027041
21
-8.1601807
0
LINE
8
layer3
10
-26.2027041
20
-8.1601807
11
-26.071624
21
-8.0743069
0
LINE
8
layer3
10
-26.071624
20
-8.0743069
11
-25.8802494
21
-7.955338
0
LINE
8
layer3
10
-25.8802494
20
-7.955338
11
-25.8376108
21
-7.9236663
0
LINE
8
layer3
10
-25.8376108
20
-7.9236663
11
-25.8075831
21
-7.8939523
0
LINE
8
layer3
10
-25.8075831
20
-7.8939523
11
-25.7900829
21
-7.8667026
0
LINE
8
layer3
10
-25.7900829
20
-7.8667026
11
-25.7849729
21
-7.8424293
0
LINE
8
layer3
10
-25.7849729
20
-7.8424293
11
-25.7969266
21
-7.7990949
0
LINE
8
layer3
10
-25.7969266
20
-7.7990949
11
-25.8967218
21
-7.460717
0
LINE
8
layer3
10
-25.8967218
20
-7.460717
11
-25.9922506
21
-7.12111
0
LINE
8
layer3
10
-25.9922506
20
-7.12111
11
-26.0051844
21
-7.078058
0
LINE
8
layer3
10
-26.0051844
20
-7.078058
11
-26.0224254
21
-7.0602239
0
LINE
8
layer3
10
-26.0224254
20
-7.0602239
11
-26.051741
21
-7.0464616
0
LINE
8
layer3
10
-26.051741
20
-7.0464616
11
-26.092975
21
-7.0372777
0
LINE
8
layer3
10
-26.092975
20
-7.0372777
11
-26.1459284
21
-7.0331456
0
LINE
8
layer3
10
-26.1459284
20
-7.0331456
11
-26.3712652
21
-7.0342292
0
LINE
8
layer3
10
-26.3712652
20
-7.0342292
11
-26.5279415
21
-7.0312566
0
LINE
8
layer3
10
-26.5279415
20
-7.0312566
11
-26.696292
21
-7.0245707
0
LINE
8
layer3
10
-26.696292
20
-7.0245707
11
-26.8782989
21
-7.0135041
0
LINE
8
layer3
10
-26.8782989
20
-7.0135041
11
-27.0707048
21
-6.9977325
0
LINE
8
layer3
10
-27.0707048
20
-6.9977325
11
-27.2716928
21
-6.9770238
0
LINE
8
layer3
10
-27.2716928
20
-6.9770238
11
-27.4871006
21
-6.9502603
0
LINE
8
layer3
10
-27.4871006
20
-6.9502603
11
-27.7111696
21
-6.9176355
0
LINE
8
layer3
10
-27.7111696
20
-6.9176355
11
-27.94604
21
-6.8784027
0
LINE
8
layer3
10
-27.94604
20
-6.8784027
11
-28.1833396
21
-6.833685
0
ARC
8
layer3
10
0.0000018
20
0.0000012
40
29
50
192.0846805
51
193.6296081
0
LINE
8
layer3
10
-28.3573364
20
-6.0713553
11
-28.1629391
21
-5.9281057
0
LINE
8
layer3
10
-28.1629391
20
-5.9281057
11
-27.9683506
21
-5.7908516
0
LINE
8
layer3
10
-27.9683506
20
-5.7908516
11
-27.7806269
21
-5.6642378
0
LINE
8
layer3
10
-27.7806269
20
-5.6642378
11
-27.5981634
21
-5.5466628
0
LINE
8
layer3
10
-27.5981634
20
-5.5466628
11
-27.4260646
21
-5.4407995
0
LINE
8
layer3
10
-27.4260646
20
-5.4407995
11
-27.2595559
21
-5.3431079
0
LINE
8
layer3
10
-27.2595559
20
-5.3431079
11
-27.1003749
21
-5.2541675
0
LINE
8
layer3
10
-27.1003749
20
-5.2541675
11
-26.9515973
21
-5.1750992
0
LINE
8
layer3
10
-26.9515973
20
-5.1750992
11
-26.8117266
21
-5.1044416
0
LINE
8
layer3
10
-26.8117266
20
-5.1044416
11
-26.6082351
21
-5.0076479
0
LINE
8
layer3
10
-26.6082351
20
-5.0076479
11
-26.5623185
21
-4.9809494
0
LINE
8
layer3
10
-26.5623185
20
-4.9809494
11
-26.5291527
21
-4.9547842
0
LINE
8
layer3
10
-26.5291527
20
-4.9547842
11
-26.5087115
21
-4.9296653
0
LINE
8
layer3
10
-26.5087115
20
-4.9296653
11
-26.5009159
21
-4.9061168
0
LINE
8
layer3
10
-26.5009159
20
-4.9061168
11
-26.5079425
21
-4.8617164
0
LINE
8
layer3
10
-26.5079425
20
-4.8617164
11
-26.5692239
21
-4.5142927
0
LINE
8
layer3
10
-26.5692239
20
-4.5142927
11
-26.6261282
21
-4.1661253
0
LINE
8
layer3
10
-26.6261282
20
-4.1661253
11
-26.6341604
21
-4.1218958
0
LINE
8
layer3
10
-26.6341604
20
-4.1218958
11
-26.6492961
21
-4.1022435
0
LINE
8
layer3
10
-26.6492961
20
-4.1022435
11
-26.6768865
21
-4.0852854
0
LINE
8
layer3
10
-26.6768865
20
-4.0852854
11
-26.7168329
21
-4.0715425
0
LINE
8
layer3
10
-26.7168329
20
-4.0715425
11
-26.7689908
21
-4.0615075
0
LINE
8
layer3
10
-26.7689908
20
-4.0615075
11
-26.993032
21
-4.0373546
0
LINE
8
layer3
10
-26.993032
20
-4.0373546
11
-27.1483903
21
-4.0168584
0
LINE
8
layer3
10
-27.1483903
20
-4.0168584
11
-27.3149337
21
-3.9913653
0
LINE
8
layer3
10
-27.3149337
20
-3.9913653
11
-27.4945571
21
-3.95999
0
LINE
8
layer3
10
-27.4945571
20
-3.95999
11
-27.6839873
21
-3.922775
0
LINE
8
layer3
10
-27.6839873
20
-3.922775
11
-27.881393
21
-3.8796929
0
LINE
8
layer3
10
-27.881393
20
-3.8796929
11
-28.0924498
21
-3.8289797
0
LINE
8
layer3
10
-28.0924498
20
-3.8289797
11
-28.311457
21
-3.7714723
0
LINE
8
layer3
10
-28.311457
20
-3.7714723
11
-28.5404579
21
-3.706189
0
LINE
8
layer3
10
-28.5404579
20
-3.706189
11
-28.7712586
21
-3.6351834
0
ARC
8
layer3
10
0.000002
20
9e-7
40
29
50
185.656109
51
187.2010366
0
LINE
8
layer3
10
-28.8588075
20
-2.8581656
11
-28.6495936
21
-2.7375823
0
LINE
8
layer3
10
-28.6495936
20
-2.7375823
11
-28.4408612
21
-2.6229782
0
LINE
8
layer3
10
-28.4408612
20
-2.6229782
11
-28.2401415
21
-2.5181789
0
LINE
8
layer3
10
-28.2401415
20
-2.5181789
11
-28.0456611
21
-2.4217727
0
LINE
8
layer3
10
-28.0456611
20
-2.4217727
11
-27.8627915
21
-2.3358439
0
LINE
8
layer3
10
-27.8627915
20
-2.3358439
11
-27.6863918
21
-2.2574097
0
LINE
8
layer3
10
-27.6863918
20
-2.2574097
11
-27.5182536
21
-2.1868511
0
LINE
8
layer3
10
-27.5182536
20
-2.1868511
11
-27.3615586
21
-2.1249377
0
LINE
8
layer3
10
-27.3615586
20
-2.1249377
11
-27.2146563
21
-2.070385
0
LINE
8
layer3
10
-27.2146563
20
-2.070385
11
-27.0016067
21
-1.9969838
0
LINE
8
layer3
10
-27.0016067
20
-1.9969838
11
-26.9529896
21
-1.9755942
0
LINE
8
layer3
10
-26.9529896
20
-1.9755942
11
-26.9171028
21
-1.9533069
0
LINE
8
layer3
10
-26.9171028
20
-1.9533069
11
-26.8939777
21
-1.9306346
0
LINE
8
layer3
10
-26.8939777
20
-1.9306346
11
-26.8835945
21
-1.908107
0
LINE
8
layer3
10
-26.8835945
20
-1.908107
11
-26.8856056
21
-1.8631991
0
LINE
8
layer3
10
-26.8856056
20
-1.8631991
11
-26.9076027
21
-1.5110986
0
LINE
8
layer3
10
-26.9076027
20
-1.5110986
11
-26.9251667
21
-1.1587491
0
LINE
8
layer3
10
-26.9251667
20
-1.1587491
11
-26.9281963
21
-1.1138984
0
LINE
8
layer3
10
-26.9281963
20
-1.1138984
11
-26.9410365
21
-1.0926749
0
LINE
8
layer3
10
-26.9410365
20
-1.0926749
11
-26.9665547
21
-1.0727344
0
LINE
8
layer3
10
-26.9665547
20
-1.0727344
11
-27.0047112
21
-1.0546053
0
LINE
8
layer3
10
-27.0047112
20
-1.0546053
11
-27.0554176
21
-1.0387936
0
LINE
8
layer3
10
-27.0554176
20
-1.0387936
11
-27.2753458
21
-0.9897078
0
LINE
8
layer3
10
-27.2753458
20
-0.9897078
11
-27.4274324
21
-0.951946
0
LINE
8
layer3
10
-27.4274324
20
-0.951946
11
-27.5900742
21
-0.9079662
0
LINE
8
layer3
10
-27.5900742
20
-0.9079662
11
-27.7650553
21
-0.8566768
0
LINE
8
layer3
10
-27.7650553
20
-0.8566768
11
-27.9491277
21
-0.7984863
0
LINE
8
layer3
10
-27.9491277
20
-0.7984863
11
-28.1404684
21
-0.7335727
0
LINE
8
layer3
10
-28.1404684
20
-0.7335727
11
-28.34452
21
-0.6595475
0
LINE
8
layer3
10
-28.34452
20
-0.6595475
11
-28.5557114
21
-0.5778806
0
LINE
8
layer3
10
-28.5557114
20
-0.5778806
11
-28.775963
21
-0.4873678
0
LINE
8
layer3
10
-28.775963
20
-0.4873678
11
-28.9973624
21
-0.3909672
0
ARC
8
layer3
10
0.000002
20
1e-7
40
29
50
179.2275362
51
180.772464
0
LINE
8
layer3
10
-28.9973624
20
0.3909672
11
-28.775963
21
0.4873678
0
LINE
8
layer3
10
-28.775963
20
0.4873678
11
-28.5557114
21
0.5778806
0
LINE
8
layer3
10
-28.5557114
20
0.5778806
11
-28.34452
21
0.6595475
0
LINE
8
layer3
10
-28.34452
20
0.6595475
11
-28.1404684
21
0.7335727
0
LINE
8
layer3
10
-28.1404684
20
0.7335727
11
-27.9491277
21
0.7984863
0
LINE
8
layer3
10
-27.9491277
20
0.7984863
11
-27.7650553
21
0.8566768
0
LINE
8
layer3
10
-27.7650553
20
0.8566768
11
-27.5900742
21
0.9079662
0
LINE
8
layer3
10
-27.5900742
20
0.9079662
11
-27.4274324
21
0.951946
0
LINE
8
layer3
10
-27.4274324
20
0.951946
11
-27.2753458
21
0.9897078
0
LINE
8
layer3
10
-27.2753458
20
0.9897078
11
-27.0554176
21
1.0387936
0
LINE
8
layer3
10
-27.0554176
20
1.0387936
11
-27.0047112
21
1.0546053
0
LINE
8
layer3
10
-27.0047112
20
1.0546053
11
-26.9665547
21
1.0727344
0
LINE
8
layer3
10
-26.9665547
20
1.0727344
11
-26.9410365
21
1.0926749
0
LINE
8
layer3
10
-26.9410365
20
1.0926749
11
-26.9281963
21
1.1138984
0
LINE
8
layer3
10
-26.9281963
20
1.1138984
11
-26.9251667
21
1.1587491
0
LINE
8
layer3
10
-26.9251667
20
1.1587491
11
-26.9076027
21
1.5110986
0
LINE
8
layer3
10
-26.9076027
20
1.5110986
11
-26.8856056
21
1.8631991
0
LINE
8
layer3
10
-26.8856056
20
1.8631991
11
-26.8835945
21
1.908107
0
LINE
8
layer3
10
-26.8835945
20
1.908107
11
-26.8939777
21
1.9306346
0
LINE
8
layer3
10
-26.8939777
20
1.9306346
11
-26.9171028
21
1.9533069
0
LINE
8
layer3
10
-26.9171028
20
1.9533069
11
-26.9529896
21
1.9755942
0
LINE
8
layer3
10
-26.9529896
20
1.9755942
11
-27.0016067
21
1.9969838
0
LINE
8
layer3
10
-27.0016067
20
1.9969838
11
-27.2146563
21
2.070385
0
LINE
8
layer3
10
-27.2146563
20
2.070385
11
-27.3615586
21
2.1249377
0
LINE
8
layer3
10
-27.3615586
20
2.1249377
11
-27.5182536
21
2.1868511
0
LINE
8
layer3
10
-27.5182536
20
2.1868511
11
-27.6863918
21
2.2574097
0
LINE
8
layer3
10
-27.6863918
20
2.2574097
11
-27.8627915
21
2.3358439
0
LINE
8
layer3
10
-27.8627915
20
2.3358439
11
-28.0456611
21
2.4217727
0
LINE
8
layer3
10
-28.0456611
20
2.4217727
11
-28.2401415
21
2.5181789
0
LINE
8
layer3
10
-28.2401415
20
2.5181789
11
-28.4408612
21
2.6229782
0
LINE
8
layer3
10
-28.4408612
20
2.6229782
11
-28.6495936
21
2.7375823
0
LINE
8
layer3
10
-28.6495936
20
2.7375823
11
-28.8588075
21
2.8581656
0
ARC
8
layer3
10
0.000002
20
-0.000001
40
29
50
172.7989632
51
174.3438908
0
LINE
8
layer3
10
-28.7712586
20
3.6351834
11
-28.5404579
21
3.706189
0
LINE
8
layer3
10
-28.5404579
20
3.706189
11
-28.311457
21
3.7714723
0
LINE
8
layer3
10
-28.311457
20
3.7714723
11
-28.0924498
21
3.8289797
0
LINE
8
layer3
10
-28.0924498
20
3.8289797
11
-27.881393
21
3.8796929
0
LINE
8
layer3
10
-27.881393
20
3.8796929
11
-27.6839873
21
3.922775
0
LINE
8
layer3
10
-27.6839873
20
3.922775
11
-27.4945571
21
3.95999
0
LINE
8
layer3
10
-27.4945571
20
3.95999
11
-27.3149337
21
3.9913653
0
LINE
8
layer3
10
-27.3149337
20
3.9913653
11
-27.1483903
21
4.0168584
0
LINE
8
layer3
10
-27.1483903
20
4.0168584
11
-26.993032
21
4.0373546
0
LINE
8
layer3
10
-26.993032
20
4.0373546
11
-26.7689908
21
4.0615075
0
LINE
8
layer3
10
-26.7689908
20
4.0615075
11
-26.7168329
21
4.0715425
0
LINE
8
layer3
10
-26.7168329
20
4.0715425
11
-26.6768865
21
4.0852854
0
LINE
8
layer3
10
-26.6768865
20
4.0852854
11
-26.6492961
21
4.1022435
0
LINE
8
layer3
10
-26.6492961
20
4.1022435
11
-26.6341604
21
4.1218958
0
LINE
8
layer3
10
-26.6341604
20
4.1218958
11
-26.6261282
21
4.1661253
0
LINE
8
layer3
10
-26.6261282
20
4.1661253
11
-26.5692239
21
4.5142927
0
LINE
8
layer3
10
-26.5692239
20
4.5142927
11
-26.5079425
21
4.8617164
0
LINE
8
layer3
10
-26.5079425
20
4.8617164
11
-26.5009159
21
4.9061168
0
LINE
8
layer3
10
-26.5009159
20
4.9061168
11
-26.5087115
21
4.9296653
0
LINE
8
layer3
10
-26.5087115
20
4.9296653
11
-26.5291527
21
4.9547842
0
LINE
8
layer3
10
-26.5291527
20
4.9547842
11
-26.5623185
21
4.9809494
0
LINE
8
layer3
10
-26.5623185
20
4.9809494
11
-26.6082351
21
5.0076479
0
LINE
8
layer3
10
-26.6082351
20
5.0076479
11
-26.8117266
21
5.1044416
0
LINE
8
layer3
10
-26.8117266
20
5.1044416
11
-26.9515973
21
5.1750992
0
LINE
8
layer3
10
-26.9515973
20
5.1750992
11
-27.1003749
21
5.2541675
0
LINE
8
layer3
10
-27.1003749
20
5.2541675
11
-27.2595559
21
5.3431079
0
LINE
8
layer3
10
-27.2595559
20
5.3431079
11
-27.4260646
21
5.4407995
0
LINE
8
layer3
10
-27.4260646
20
5.4407995
11
-27.5981634
21
5.5466628
0
LINE
8
layer3
10
-27.5981634
20
5.5466628
11
-27.7806269
21
5.6642378
0
LINE
8
layer3
10
-27.7806269
20
5.6642378
11
-27.9683506
21
5.7908516
0
LINE
8
layer3
10
-27.9683506
20
5.7908516
11
-28.1629391
21
5.9281057
0
LINE
8
layer3
10
-28.1629391
20
5.9281057
11
-28.3573364
21
6.0713553
0
ARC
8
layer3
10
0.0000018
20
-0.0000012
40
29
50
166.3703919
51
167.9153195
0
LINE
8
layer3
10
-28.1833396
20
6.833685
11
-27.94604
21
6.8784027
0
LINE
8
layer3
10
-27.94604
20
6.8784027
11
-27.7111696
21
6.9176355
0
LINE
8
layer3
10
-27.7111696
20
6.9176355
11
-27.4871006
21
6.9502603
0
LINE
8
layer3
10
-27.4871006
20
6.9502603
11
-27.2716928
21
6.9770238
0
LINE
8
layer3
10
-27.2716928
20
6.9770238
11
-27.0707048
21
6.9977325
0
LINE
8
layer3
10
-27.0707048
20
6.9977325
11
-26.8782989
21
7.0135041
0
LINE
8
layer3
10
-26.8782989
20
7.0135041
11
-26.696292
21
7.0245707
0
LINE
8
layer3
10
-26.696292
20
7.0245707
11
-26.5279415
21
7.0312566
0
LINE
8
layer3
10
-26.5279415
20
7.0312566
11
-26.3712652
21
7.0342292
0
LINE
8
layer3
10
-26.3712652
20
7.0342292
11
-26.1459284
21
7.0331456
0
LINE
8
layer3
10
-26.1459284
20
7.0331456
11
-26.092975
21
7.0372777
0
LINE
8
layer3
10
-26.092975
20
7.0372777
11
-26.051741
21
7.0464616
0
LINE
8
layer3
10
-26.051741
20
7.0464616
11
-26.0224254
21
7.0602239
0
LINE
8
layer3
10
-26.0224254
20
7.0602239
11
-26.0051844
21
7.078058
0
LINE
8
layer3
10
-26.0051844
20
7.078058
11
-25.9922506
21
7.12111
0
LINE
8
layer3
10
-25.9922506
20
7.12111
11
-25.8967218
21
7.460717
0
LINE
8
layer3
10
-25.8967218
20
7.460717
11
-25.7969266
21
7.7990949
0
LINE
8
layer3
10
-25.7969266
20
7.7990949
11
-25.7849729
21
7.8424293
0
LINE
8
layer3
10
-25.7849729
20
7.8424293
11
-25.7900829
21
7.8667026
0
LINE
8
layer3
10
-25.7900829
20
7.8667026
11
-25.8075831
21
7.8939523
0
LINE
8
layer3
10
-25.8075831
20
7.8939523
11
-25.8376108
21
7.9236663
0
LINE
8
layer3
10
-25.8376108
20
7.9236663
11
-25.8802494
21
7.955338
0
LINE
8
layer3
10
-25.8802494
20
7.955338
11
-26.071624
21
8.0743069
0
LINE
8
layer3
10
-26.071624
20
8.0743069
11
-26.2027041
21
8.1601807
0
LINE
8
layer3
10
-26.2027041
20
8.1601807
11
-26.3416934
21
8.2554097
0
LINE
8
layer3
10
-26.3416934
20
8.2554097
11
-26.4899153
21
8.3616135
0
LINE
8
layer3
10
-26.4899153
20
8.3616135
11
-26.644439
21
8.4773338
0
LINE
8
layer3
10
-26.644439
20
8.4773338
11
-26.8036027
21
8.6018005
0
LINE
8
layer3
10
-26.8036027
20
8.6018005
11
-26.9717547
21
8.7390656
0
LINE
8
layer3
10
-26.9717547
20
8.7390656
11
-27.1441218
21
8.8859017
0
LINE
8
layer3
10
-27.1441218
20
8.8859017
11
-27.3221192
21
9.0440797
0
LINE
8
layer3
10
-27.3221192
20
9.0440797
11
-27.4992553
21
9.2081942
0
ARC
8
layer3
10
0.0000017
20
-0.0000013
40
29
50
159.9418206
51
161.4867482
0
LINE
8
layer3
10
-27.2409987
20
9.9462491
11
-27.0001844
21
9.9641164
0
LINE
8
layer3
10
-27.0001844
20
9.9641164
11
-26.7623981
21
9.9768055
0
LINE
8
layer3
10
-26.7623981
20
9.9768055
11
-26.5360852
21
9.9841374
0
LINE
8
layer3
10
-26.5360852
20
9.9841374
11
-26.3190353
21
9.9866145
0
LINE
8
layer3
10
-26.3190353
20
9.9866145
11
-26.1169924
21
9.9846895
0
LINE
8
layer3
10
-26.1169924
20
9.9846895
11
-25.9240305
21
9.9788194
0
LINE
8
layer3
10
-25.9240305
20
9.9788194
11
-25.7419289
21
9.969438
0
LINE
8
layer3
10
-25.7419289
20
9.969438
11
-25.5738884
21
9.9572326
0
LINE
8
layer3
10
-25.5738884
20
9.9572326
11
-25.4178645
21
9.9426444
0
LINE
8
layer3
10
-25.4178645
20
9.9426444
11
-25.1940659
21
9.9163379
0
LINE
8
layer3
10
-25.1940659
20
9.9163379
11
-25.1409827
21
9.9145151
0
LINE
8
layer3
10
-25.1409827
20
9.9145151
11
-25.0989797
21
9.9190245
0
LINE
8
layer3
10
-25.0989797
20
9.9190245
11
-25.0683076
21
9.9294179
0
LINE
8
layer3
10
-25.0683076
20
9.9294179
11
-25.0491782
21
9.9452095
0
LINE
8
layer3
10
-25.0491782
20
9.9452095
11
-25.0315054
21
9.9865427
0
LINE
8
layer3
10
-25.0315054
20
9.9865427
11
-24.8985534
21
10.3133185
0
LINE
8
layer3
10
-24.8985534
20
10.3133185
11
-24.7614993
21
10.6383952
0
LINE
8
layer3
10
-24.7614993
20
10.6383952
11
-24.7447689
21
10.6801187
0
LINE
8
layer3
10
-24.7447689
20
10.6801187
11
-24.747129
21
10.7048115
0
LINE
8
layer3
10
-24.747129
20
10.7048115
11
-24.7614683
21
10.7338493
0
LINE
8
layer3
10
-24.7614683
20
10.7338493
11
-24.7879802
21
10.7667385
0
LINE
8
layer3
10
-24.7879802
20
10.7667385
11
-24.8268046
21
10.8029851
0
LINE
8
layer3
10
-24.8268046
20
10.8029851
11
-25.0036556
21
10.9426331
0
LINE
8
layer3
10
-25.0036556
20
10.9426331
11
-25.1242966
21
11.0426432
0
LINE
8
layer3
10
-25.1242966
20
11.0426432
11
-25.2517497
21
11.1528353
0
LINE
8
layer3
10
-25.2517497
20
11.1528353
11
-25.3871486
21
11.2749669
0
LINE
8
layer3
10
-25.3871486
20
11.2749669
11
-25.5277441
21
11.4072608
0
LINE
8
layer3
10
-25.5277441
20
11.4072608
11
-25.6719712
21
11.5487655
0
LINE
8
layer3
10
-25.6719712
20
11.5487655
11
-25.8236971
21
11.7039946
0
LINE
8
layer3
10
-25.8236971
20
11.7039946
11
-25.97854
21
11.8692064
0
LINE
8
layer3
10
-25.97854
20
11.8692064
11
-26.1377078
21
12.0463192
0
LINE
8
layer3
10
-26.1377078
20
12.0463192
11
-26.2953551
21
12.2292347
0
ARC
8
layer3
10
0.0000025
20
4e-7
40
29
50
153.5132534
51
155.058181
0
LINE
8
layer3
10
-25.9560864
20
12.9337333
11
-25.7147858
21
12.9245257
0
LINE
8
layer3
10
-25.7147858
20
12.9245257
11
-25.477074
21
12.9105113
0
LINE
8
layer3
10
-25.477074
20
12.9105113
11
-25.2513632
21
12.8924581
0
LINE
8
layer3
10
-25.2513632
20
12.8924581
11
-25.0354007
21
12.8706178
0
LINE
8
layer3
10
-25.0354007
20
12.8706178
11
-24.8348437
21
12.8460833
0
LINE
8
layer3
10
-24.8348437
20
12.8460833
11
-24.6437523
21
12.8186451
0
LINE
8
layer3
10
-24.6437523
20
12.8186451
11
-24.4638462
21
12.7889338
0
LINE
8
layer3
10
-24.4638462
20
12.7889338
11
-24.2982288
21
12.7579906
0
LINE
8
layer3
10
-24.2982288
20
12.7579906
11
-24.1448193
21
12.726025
0
LINE
8
layer3
10
-24.1448193
20
12.726025
11
-23.9253733
21
12.6748264
0
LINE
8
layer3
10
-23.9253733
20
12.6748264
11
-23.872828
21
12.6670716
0
LINE
8
layer3
10
-23.872828
20
12.6670716
11
-23.8305842
21
12.6668499
0
LINE
8
layer3
10
-23.8305842
20
12.6668499
11
-23.7989412
21
12.6737437
0
LINE
8
layer3
10
-23.7989412
20
12.6737437
11
-23.7781641
21
12.6872942
0
LINE
8
layer3
10
-23.7781641
20
12.6872942
11
-23.7559746
21
12.7263888
0
LINE
8
layer3
10
-23.7559746
20
12.7263888
11
-23.5872712
21
13.036224
0
LINE
8
layer3
10
-23.5872712
20
13.036224
11
-23.4146819
21
13.3439115
0
LINE
8
layer3
10
-23.4146819
20
13.3439115
11
-23.3933851
21
13.3834995
0
LINE
8
layer3
10
-23.3933851
20
13.3834995
11
-23.3929656
21
13.4083013
0
LINE
8
layer3
10
-23.3929656
20
13.4083013
11
-23.4039635
21
13.4387619
0
LINE
8
layer3
10
-23.4039635
20
13.4387619
11
-23.4266263
21
13.4744127
0
LINE
8
layer3
10
-23.4266263
20
13.4744127
11
-23.4611483
21
13.5147783
0
LINE
8
layer3
10
-23.4611483
20
13.5147783
11
-23.6212516
21
13.6733493
0
LINE
8
layer3
10
-23.6212516
20
13.6733493
11
-23.7299365
21
13.7862381
0
LINE
8
layer3
10
-23.7299365
20
13.7862381
11
-23.8442506
21
13.9100075
0
LINE
8
layer3
10
-23.8442506
20
13.9100075
11
-23.9651238
21
14.0465311
0
LINE
8
layer3
10
-23.9651238
20
14.0465311
11
-24.090023
21
14.1937348
0
LINE
8
layer3
10
-24.090023
20
14.1937348
11
-24.2174998
21
14.3504981
0
LINE
8
layer3
10
-24.2174998
20
14.3504981
11
-24.3508915
21
14.521739
0
LINE
8
layer3
10
-24.3508915
20
14.521739
11
-24.4862629
21
14.7032489
0
LINE
8
layer3
10
-24.4862629
20
14.7032489
11
-24.6245995
21
14.8970692
0
LINE
8
layer3
10
-24.6245995
20
14.8970692
11
-24.7607756
21
15.0964855
0
ARC
8
layer3
10
0.0000016
20
-0.0000012
40
29
50
147.0846788
51
148.6296064
0
LINE
8
layer3
10
-24.3447613
20
15.7585683
11
-24.1060089
21
15.7224015
0
LINE
8
layer3
10
-24.1060089
20
15.7224015
11
-23.8713608
21
15.6818599
0
LINE
8
layer3
10
-23.8713608
20
15.6818599
11
-23.6490906
21
15.6386487
0
LINE
8
layer3
10
-23.6490906
20
15.6386487
11
-23.4369314
21
15.5927656
0
LINE
8
layer3
10
-23.4369314
20
15.5927656
11
-23.2403824
21
15.5459301
0
LINE
8
layer3
10
-23.2403824
20
15.5459301
11
-23.0535647
21
15.497269
0
LINE
8
layer3
10
-23.0535647
20
15.497269
11
-22.8781164
21
15.4476014
0
LINE
8
layer3
10
-22.8781164
20
15.4476014
11
-22.7170049
21
15.3983095
0
LINE
8
layer3
10
-22.7170049
20
15.3983095
11
-22.568139
21
15.3493684
0
LINE
8
layer3
10
-22.568139
20
15.3493684
11
-22.3558053
21
15.2739216
0
LINE
8
layer3
10
-22.3558053
20
15.2739216
11
-22.3044586
21
15.2603324
0
LINE
8
layer3
10
-22.3044586
20
15.2603324
11
-22.2625053
21
15.2553823
0
LINE
8
layer3
10
-22.2625053
20
15.2553823
11
-22.2302894
21
15.2586899
0
LINE
8
layer3
10
-22.2302894
20
15.2586899
11
-22.2081257
21
15.2698289
0
LINE
8
layer3
10
-22.2081257
20
15.2698289
11
-22.1816985
21
15.3061932
0
LINE
8
layer3
10
-22.1816985
20
15.3061932
11
-21.9793654
21
15.5951914
0
LINE
8
layer3
10
-21.9793654
20
15.5951914
11
-21.7734112
21
15.8816203
0
LINE
8
layer3
10
-21.7734112
20
15.8816203
11
-21.7478159
21
15.9185749
0
LINE
8
layer3
10
-21.7478159
20
15.9185749
11
-21.7446222
21
15.9431738
0
LINE
8
layer3
10
-21.7446222
20
15.9431738
11
-21.7521404
21
15.9746743
0
LINE
8
layer3
10
-21.7521404
20
15.9746743
11
-21.7706691
21
16.0126384
0
LINE
8
layer3
10
-21.7706691
20
16.0126384
11
-21.8004544
21
16.0566154
0
LINE
8
layer3
10
-21.8004544
20
16.0566154
11
-21.9417968
21
16.2321152
0
LINE
8
layer3
10
-21.9417968
20
16.2321152
11
-22.0371587
21
16.356463
0
LINE
8
layer3
10
-22.0371587
20
16.356463
11
-22.1368963
21
16.4922533
0
LINE
8
layer3
10
-22.1368963
20
16.4922533
11
-22.2417236
21
16.641452
0
LINE
8
layer3
10
-22.2417236
20
16.641452
11
-22.349356
21
16.8017144
0
LINE
8
layer3
10
-22.349356
20
16.8017144
11
-22.4584792
21
16.9717648
0
LINE
8
layer3
10
-22.4584792
20
16.9717648
11
-22.5718593
21
17.1568642
0
LINE
8
layer3
10
-22.5718593
20
17.1568642
11
-22.6860568
21
17.3523896
0
LINE
8
layer3
10
-22.6860568
20
17.3523896
11
-22.8018227
21
17.5604799
0
LINE
8
layer3
10
-22.8018227
20
17.5604799
11
-22.9148149
21
17.7738892
0
ARC
8
layer3
10
0.0000013
20
-0.0000018
40
29
50
140.6561064
51
142.2010341
0
LINE
8
layer3
10
-22.4272868
20
18.3852302
11
-22.1940849
21
18.322559
0
LINE
8
layer3
10
-22.1940849
20
18.322559
11
-21.9654515
21
18.2560001
0
LINE
8
layer3
10
-21.9654515
20
18.2560001
11
-21.749417
21
18.1881742
0
LINE
8
layer3
10
-21.749417
20
18.1881742
11
-21.543729
21
18.1188253
0
LINE
8
layer3
10
-21.543729
20
18.1188253
11
-21.3536599
21
18.0502778
0
LINE
8
layer3
10
-21.3536599
20
18.0502778
11
-21.1734651
21
17.9810057
0
LINE
8
layer3
10
-21.1734651
20
17.9810057
11
-21.004681
21
17.9120065
0
LINE
8
layer3
10
-21.004681
20
17.9120065
11
-20.8501015
21
17.8449857
0
LINE
8
layer3
10
-20.8501015
20
17.8449857
11
-20.7076513
21
17.7796847
0
LINE
8
layer3
10
-20.7076513
20
17.7796847
11
-20.5051
21
17.6809385
0
LINE
8
layer3
10
-20.5051
20
17.6809385
11
-20.4555977
21
17.6616857
0
LINE
8
layer3
10
-20.4555977
20
17.6616857
11
-20.4144625
21
17.6520694
0
LINE
8
layer3
10
-20.4144625
20
17.6520694
11
-20.3820788
21
17.6517492
0
LINE
8
layer3
10
-20.3820788
20
17.6517492
11
-20.3588073
21
17.6603366
0
LINE
8
layer3
10
-20.3588073
20
17.6603366
11
-20.3284748
21
17.6935133
0
LINE
8
layer3
10
-20.3284748
20
17.6935133
11
-20.0950563
21
17.9580403
0
LINE
8
layer3
10
-20.0950563
20
17.9580403
11
-19.8583273
21
18.2196086
0
LINE
8
layer3
10
-19.8583273
20
18.2196086
11
-19.8287553
21
18.2534651
0
LINE
8
layer3
10
-19.8287553
20
18.2534651
11
-19.8228274
21
18.2775517
0
LINE
8
layer3
10
-19.8228274
20
18.2775517
11
-19.8267714
21
18.3096959
0
LINE
8
layer3
10
-19.8267714
20
18.3096959
11
-19.840933
21
18.3494958
0
LINE
8
layer3
10
-19.840933
20
18.3494958
11
-19.8656072
21
18.3965312
0
LINE
8
layer3
10
-19.8656072
20
18.3965312
11
-19.9864111
21
18.5867529
0
LINE
8
layer3
10
-19.9864111
20
18.5867529
11
-20.0672509
21
18.720996
0
LINE
8
layer3
10
-20.0672509
20
18.720996
11
-20.1511576
21
18.8670995
0
LINE
8
layer3
10
-20.1511576
20
18.8670995
11
-20.2386209
21
19.0270969
0
LINE
8
layer3
10
-20.2386209
20
19.0270969
11
-20.3276327
21
19.1984027
0
LINE
8
layer3
10
-20.3276327
20
19.1984027
11
-20.4170303
21
19.3796018
0
LINE
8
layer3
10
-20.4170303
20
19.3796018
11
-20.5089729
21
19.5762318
0
LINE
8
layer3
10
-20.5089729
20
19.5762318
11
-20.6005605
21
19.7833139
0
LINE
8
layer3
10
-20.6005605
20
19.7833139
11
-20.6922997
21
20.0030575
0
LINE
8
layer3
10
-20.6922997
20
20.0030575
11
-20.7806872
21
20.227776
0
ARC
8
layer3
10
0.0000014
20
-0.0000014
40
29
50
134.2275361
51
135.7724639
0
LINE
8
layer3
10
-20.227776
20
20.7806872
11
-20.0030575
21
20.6922997
0
LINE
8
layer3
10
-20.0030575
20
20.6922997
11
-19.7833139
21
20.6005605
0
LINE
8
layer3
10
-19.7833139
20
20.6005605
11
-19.5762318
21
20.5089729
0
LINE
8
layer3
10
-19.5762318
20
20.5089729
11
-19.3796018
21
20.4170303
0
LINE
8
layer3
10
-19.3796018
20
20.4170303
11
-19.1984027
21
20.3276327
0
LINE
8
layer3
10
-19.1984027
20
20.3276327
11
-19.0270969
21
20.2386209
0
LINE
8
layer3
10
-19.0270969
20
20.2386209
11
-18.8670995
21
20.1511576
0
LINE
8
layer3
10
-18.8670995
20
20.1511576
11
-18.720996
21
20.0672509
0
LINE
8
layer3
10
-18.720996
20
20.0672509
11
-18.5867529
21
19.9864111
0
LINE
8
layer3
10
-18.5867529
20
19.9864111
11
-18.3965312
21
19.8656072
0
LINE
8
layer3
10
-18.3965312
20
19.8656072
11
-18.3494958
21
19.840933
0
LINE
8
layer3
10
-18.3494958
20
19.840933
11
-18.3096959
21
19.8267714
0
LINE
8
layer3
10
-18.3096959
20
19.8267714
11
-18.2775517
21
19.8228274
0
LINE
8
layer3
10
-18.2775517
20
19.8228274
11
-18.2534651
21
19.8287553
0
LINE
8
layer3
10
-18.2534651
20
19.8287553
11
-18.2196086
21
19.8583273
0
LINE
8
layer3
10
-18.2196086
20
19.8583273
11
-17.9580403
21
20.0950563
0
LINE
8
layer3
10
-17.9580403
20
20.0950563
11
-17.6935133
21
20.3284748
0
LINE
8
layer3
10
-17.6935133
20
20.3284748
11
-17.6603366
21
20.3588073
0
LINE
8
layer3
10
-17.6603366
20
20.3588073
11
-17.6517492
21
20.3820788
0
LINE
8
layer3
10
-17.6517492
20
20.3820788
11
-17.6520694
21
20.4144625
0
LINE
8
layer3
10
-17.6520694
20
20.4144625
11
-17.6616857
21
20.4555977
0
LINE
8
layer3
10
-17.6616857
20
20.4555977
11
-17.6809385
21
20.5051
0
LINE
8
layer3
10
-17.6809385
20
20.5051
11
-17.7796847
21
20.7076513
0
LINE
8
layer3
10
-17.7796847
20
20.7076513
11
-17.8449857
21
20.8501015
0
LINE
8
layer3
10
-17.8449857
20
20.8501015
11
-17.9120065
21
21.004681
0
LINE
8
layer3
10
-17.9120065
20
21.004681
11
-17.9810057
21
21.1734651
0
LINE
8
layer3
10
-17.9810057
20
21.1734651
11
-18.0502778
21
21.3536599
0
LINE
8
layer3
10
-18.0502778
20
21.3536599
11
-18.1188253
21
21.543729
0
LINE
8
layer3
10
-18.1188253
20
21.543729
11
-18.1881742
21
21.749417
0
LINE
8
layer3
10
-18.1881742
20
21.749417
11
-18.2560001
21
21.9654515
0
LINE
8
layer3
10
-18.2560001
20
21.9654515
11
-18.322559
21
22.1940849
0
LINE
8
layer3
10
-18.322559
20
22.1940849
11
-18.3852302
21
22.4272868
0
ARC
8
layer3
10
0.0000018
20
-0.0000012
40
29
50
127.7989659
51
129.3438936
0
LINE
8
layer3
10
-17.7738892
20
22.9148149
11
-17.5604799
21
22.8018227
0
LINE
8
layer3
10
-17.5604799
20
22.8018227
11
-17.3523896
21
22.6860568
0
LINE
8
layer3
10
-17.3523896
20
22.6860568
11
-17.1568642
21
22.5718593
0
LINE
8
layer3
10
-17.1568642
20
22.5718593
11
-16.9717648
21
22.4584792
0
LINE
8
layer3
10
-16.9717648
20
22.4584792
11
-16.8017144
21
22.349356
0
LINE
8
layer3
10
-16.8017144
20
22.349356
11
-16.641452
21
22.2417236
0
LINE
8
layer3
10
-16.641452
20
22.2417236
11
-16.4922533
21
22.1368963
0
LINE
8
layer3
10
-16.4922533
20
22.1368963
11
-16.356463
21
22.0371587
0
LINE
8
layer3
10
-16.356463
20
22.0371587
11
-16.2321152
21
21.9417968
0
LINE
8
layer3
10
-16.2321152
20
21.9417968
11
-16.0566154
21
21.8004544
0
LINE
8
layer3
10
-16.0566154
20
21.8004544
11
-16.0126384
21
21.7706691
0
LINE
8
layer3
10
-16.0126384
20
21.7706691
11
-15.9746743
21
21.7521404
0
LINE
8
layer3
10
-15.9746743
20
21.7521404
11
-15.9431738
21
21.7446222
0
LINE
8
layer3
10
-15.9431738
20
21.7446222
11
-15.9185749
21
21.7478159
0
LINE
8
layer3
10
-15.9185749
20
21.7478159
11
-15.8816203
21
21.7734112
0
LINE
8
layer3
10
-15.8816203
20
21.7734112
11
-15.5951914
21
21.9793654
0
LINE
8
layer3
10
-15.5951914
20
21.9793654
11
-15.3061932
21
22.1816985
0
LINE
8
layer3
10
-15.3061932
20
22.1816985
11
-15.2698289
21
22.2081257
0
LINE
8
layer3
10
-15.2698289
20
22.2081257
11
-15.2586899
21
22.2302894
0
LINE
8
layer3
10
-15.2586899
20
22.2302894
11
-15.2553823
21
22.2625053
0
LINE
8
layer3
10
-15.2553823
20
22.2625053
11
-15.2603324
21
22.3044586
0
LINE
8
layer3
10
-15.2603324
20
22.3044586
11
-15.2739216
21
22.3558053
0
LINE
8
layer3
10
-15.2739216
20
22.3558053
11
-15.3493684
21
22.568139
0
LINE
8
layer3
10
-15.3493684
20
22.568139
11
-15.3983095
21
22.7170049
0
LINE
8
layer3
10
-15.3983095
20
22.7170049
11
-15.4476014
21
22.8781164
0
LINE
8
layer3
10
-15.4476014
20
22.8781164
11
-15.497269
21
23.0535647
0
LINE
8
layer3
10
-15.497269
20
23.0535647
11
-15.5459301
21
23.2403824
0
LINE
8
layer3
10
-15.5459301
20
23.2403824
11
-15.5927656
21
23.4369314
0
LINE
8
layer3
10
-15.5927656
20
23.4369314
11
-15.6386487
21
23.6490906
0
LINE
8
layer3
10
-15.6386487
20
23.6490906
11
-15.6818599
21
23.8713608
0
LINE
8
layer3
10
-15.6818599
20
23.8713608
11
-15.7224015
21
24.1060089
0
LINE
8
layer3
10
-15.7224015
20
24.1060089
11
-15.7585683
21
24.3447613
0
ARC
8
layer3
10
0.0000012
20
-0.0000017
40
29
50
121.3703936
51
122.9153212
0
LINE
8
layer3
10
-15.0964855
20
24.7607756
11
-14.8970692
21
24.6245995
0
LINE
8
layer3
10
-14.8970692
20
24.6245995
11
-14.7032489
21
24.4862629
0
LINE
8
layer3
10
-14.7032489
20
24.4862629
11
-14.521739
21
24.3508915
0
LINE
8
layer3
10
-14.521739
20
24.3508915
11
-14.3504981
21
24.2174998
0
LINE
8
layer3
10
-14.3504981
20
24.2174998
11
-14.1937348
21
24.090023
0
LINE
8
layer3
10
-14.1937348
20
24.090023
11
-14.0465311
21
23.9651238
0
LINE
8
layer3
10
-14.0465311
20
23.9651238
11
-13.9100075
21
23.8442506
0
LINE
8
layer3
10
-13.9100075
20
23.8442506
11
-13.7862381
21
23.7299365
0
LINE
8
layer3
10
-13.7862381
20
23.7299365
11
-13.6733493
21
23.6212516
0
LINE
8
layer3
10
-13.6733493
20
23.6212516
11
-13.5147783
21
23.4611483
0
LINE
8
layer3
10
-13.5147783
20
23.4611483
11
-13.4744127
21
23.4266263
0
LINE
8
layer3
10
-13.4744127
20
23.4266263
11
-13.4387619
21
23.4039635
0
LINE
8
layer3
10
-13.4387619
20
23.4039635
11
-13.4083013
21
23.3929656
0
LINE
8
layer3
10
-13.4083013
20
23.3929656
11
-13.3834995
21
23.3933851
0
LINE
8
layer3
10
-13.3834995
20
23.3933851
11
-13.3439115
21
23.4146819
0
LINE
8
layer3
10
-13.3439115
20
23.4146819
11
-13.036224
21
23.5872712
0
LINE
8
layer3
10
-13.036224
20
23.5872712
11
-12.7263888
21
23.7559746
0
LINE
8
layer3
10
-12.7263888
20
23.7559746
11
-12.6872942
21
23.7781641
0
LINE
8
layer3
10
-12.6872942
20
23.7781641
11
-12.6737437
21
23.7989412
0
LINE
8
layer3
10
-12.6737437
20
23.7989412
11
-12.6668499
21
23.8305842
0
LINE
8
layer3
10
-12.6668499
20
23.8305842
11
-12.6670716
21
23.872828
0
LINE
8
layer3
10
-12.6670716
20
23.872828
11
-12.6748264
21
23.9253733
0
LINE
8
layer3
10
-12.6748264
20
23.9253733
11
-12.726025
21
24.1448193
0
LINE
8
layer3
10
-12.726025
20
24.1448193
11
-12.7579906
21
24.2982288
0
LINE
8
layer3
10
-12.7579906
20
24.2982288
11
-12.7889338
21
24.4638462
0
LINE
8
layer3
10
-12.7889338
20
24.4638462
11
-12.8186451
21
24.6437523
0
LINE
8
layer3
10
-12.8186451
20
24.6437523
11
-12.8460833
21
24.8348437
0
LINE
8
layer3
10
-12.8460833
20
24.8348437
11
-12.8706178
21
25.0354007
0
LINE
8
layer3
10
-12.8706178
20
25.0354007
11
-12.8924581
21
25.2513632
0
LINE
8
layer3
10
-12.8924581
20
25.2513632
11
-12.9105113
21
25.477074
0
LINE
8
layer3
10
-12.9105113
20
25.477074
11
-12.9245257
21
25.7147858
0
LINE
8
layer3
10
-12.9245257
20
25.7147858
11
-12.9337333
21
25.9560864
0
ARC
8
layer3
10
-5e-7
20
-0.0000026
40
29
50
114.9418188
51
116.4867464
0
LINE
8
layer3
10
-12.2292347
20
26.2953551
11
-12.0463192
21
26.1377078
0
LINE
8
layer3
10
-12.0463192
20
26.1377078
11
-11.8692064
21
25.97854
0
LINE
8
layer3
10
-11.8692064
20
25.97854
11
-11.7039946
21
25.8236971
0
LINE
8
layer3
10
-11.7039946
20
25.8236971
11
-11.5487655
21
25.6719712
0
LINE
8
layer3
10
-11.5487655
20
25.6719712
11
-11.4072608
21
25.5277441
0
LINE
8
layer3
10
-11.4072608
20
25.5277441
11
-11.2749669
21
25.3871486
0
LINE
8
layer3
10
-11.2749669
20
25.3871486
11
-11.1528353
21
25.2517497
0
LINE
8
layer3
10
-11.1528353
20
25.2517497
11
-11.0426432
21
25.1242966
0
LINE
8
layer3
10
-11.0426432
20
25.1242966
11
-10.9426331
21
25.0036556
0
LINE
8
layer3
10
-10.9426331
20
25.0036556
11
-10.8029851
21
24.8268046
0
LINE
8
layer3
10
-10.8029851
20
24.8268046
11
-10.7667385
21
24.7879802
0
LINE
8
layer3
10
-10.7667385
20
24.7879802
11
-10.7338493
21
24.7614683
0
LINE
8
layer3
10
-10.7338493
20
24.7614683
11
-10.7048115
21
24.747129
0
LINE
8
layer3
10
-10.7048115
20
24.747129
11
-10.6801187
21
24.7447689
0
LINE
8
layer3
10
-10.6801187
20
24.7447689
11
-10.6383952
21
24.7614993
0
LINE
8
layer3
10
-10.6383952
20
24.7614993
11
-10.3133185
21
24.8985534
0
LINE
8
layer3
10
-10.3133185
20
24.8985534
11
-9.9865427
21
25.0315054
0
LINE
8
layer3
10
-9.9865427
20
25.0315054
11
-9.9452095
21
25.0491782
0
LINE
8
layer3
10
-9.9452095
20
25.0491782
11
-9.9294179
21
25.0683076
0
LINE
8
layer3
10
-9.9294179
20
25.0683076
11
-9.9190245
21
25.0989797
0
LINE
8
layer3
10
-9.9190245
20
25.0989797
11
-9.9145151
21
25.1409827
0
LINE
8
layer3
10
-9.9145151
20
25.1409827
11
-9.9163379
21
25.1940659
0
LINE
8
layer3
10
-9.9163379
20
25.1940659
11
-9.9426444
21
25.4178645
0
LINE
8
layer3
10
-9.9426444
20
25.4178645
11
-9.9572326
21
25.5738884
0
LINE
8
layer3
10
-9.9572326
20
25.5738884
11
-9.969438
21
25.7419289
0
LINE
8
layer3
10
-9.969438
20
25.7419289
11
-9.9788194
21
25.9240305
0
LINE
8
layer3
10
-9.9788194
20
25.9240305
11
-9.9846895
21
26.1169924
0
LINE
8
layer3
10
-9.9846895
20
26.1169924
11
-9.9866145
21
26.3190353
0
LINE
8
layer3
10
-9.9866145
20
26.3190353
11
-9.9841374
21
26.5360852
0
LINE
8
layer3
10
-9.9841374
20
26.5360852
11
-9.9768055
21
26.7623981
0
LINE
8
layer3
10
-9.9768055
20
26.7623981
11
-9.9641164
21
27.0001844
0
LINE
8
layer3
10
-9.9641164
20
27.0001844
11
-9.9462491
21
27.2409987
0
ARC
8
layer3
10
0.0000014
20
-0.0000017
40
29
50
108.513252
51
110.0581796
0
LINE
8
layer3
10
-9.2081942
20
27.4992553
11
-9.0440797
21
27.3221192
0
LINE
8
layer3
10
-9.0440797
20
27.3221192
11
-8.8859017
21
27.1441218
0
LINE
8
layer3
10
-8.8859017
20
27.1441218
11
-8.7390656
21
26.9717547
0
LINE
8
layer3
10
-8.7390656
20
26.9717547
11
-8.6018005
21
26.8036027
0
LINE
8
layer3
10
-8.6018005
20
26.8036027
11
-8.4773338
21
26.644439
0
LINE
8
layer3
10
-8.4773338
20
26.644439
11
-8.3616135
21
26.4899153
0
LINE
8
layer3
10
-8.3616135
20
26.4899153
11
-8.2554097
21
26.3416934
0
LINE
8
layer3
10
-8.2554097
20
26.3416934
11
-8.1601807
21
26.2027041
0
LINE
8
layer3
10
-8.1601807
20
26.2027041
11
-8.0743069
21
26.071624
0
LINE
8
layer3
10
-8.0743069
20
26.071624
11
-7.955338
21
25.8802494
0
LINE
8
layer3
10
-7.955338
20
25.8802494
11
-7.9236663
21
25.8376108
0
LINE
8
layer3
10
-7.9236663
20
25.8376108
11
-7.8939523
21
25.8075831
0
LINE
8
layer3
10
-7.8939523
20
25.8075831
11
-7.8667026
21
25.7900829
0
LINE
8
layer3
10
-7.8667026
20
25.7900829
11
-7.8424293
21
25.7849729
0
LINE
8
layer3
10
-7.8424293
20
25.7849729
11
-7.7990949
21
25.7969266
0
LINE
8
layer3
10
-7.7990949
20
25.7969266
11
-7.460717
21
25.8967218
0
LINE
8
layer3
10
-7.460717
20
25.8967218
11
-7.12111
21
25.9922506
0
LINE
8
layer3
10
-7.12111
20
25.9922506
11
-7.078058
21
26.0051844
0
LINE
8
layer3
10
-7.078058
20
26.0051844
11
-7.0602239
21
26.0224254
0
LINE
8
layer3
10
-7.0602239
20
26.0224254
11
-7.0464616
21
26.051741
0
LINE
8
layer3
10
-7.0464616
20
26.051741
11
-7.0372777
21
26.092975
0
LINE
8
layer3
10
-7.0372777
20
26.092975
11
-7.0331456
21
26.1459284
0
LINE
8
layer3
10
-7.0331456
20
26.1459284
11
-7.0342292
21
26.3712652
0
LINE
8
layer3
10
-7.0342292
20
26.3712652
11
-7.0312566
21
26.5279415
0
LINE
8
layer3
10
-7.0312566
20
26.5279415
11
-7.0245707
21
26.696292
0
LINE
8
layer3
10
-7.0245707
20
26.696292
11
-7.0135041
21
26.8782989
0
LINE
8
layer3
10
-7.0135041
20
26.8782989
11
-6.9977325
21
27.0707048
0
LINE
8
layer3
10
-6.9977325
20
27.0707048
11
-6.9770238
21
27.2716928
0
LINE
8
layer3
10
-6.9770238
20
27.2716928
11
-6.9502603
21
27.4871006
0
LINE
8
layer3
10
-6.9502603
20
27.4871006
11
-6.9176355
21
27.7111696
0
LINE
8
layer3
10
-6.9176355
20
27.7111696
11
-6.8784027
21
27.94604
0
LINE
8
layer3
10
-6.8784027
20
27.94604
11
-6.833685
21
28.1833396
0
ARC
8
layer3
10
0.0000012
20
-0.0000018
40
29
50
102.0846805
51
103.6296081
0
LINE
8
layer3
10
-6.0713553
20
28.3573364
11
-5.9281057
21
28.1629391
0
LINE
8
layer3
10
-5.9281057
20
28.1629391
11
-5.7908516
21
27.9683506
0
LINE
8
layer3
10
-5.7908516
20
27.9683506
11
-5.6642378
21
27.7806269
0
LINE
8
layer3
10
-5.6642378
20
27.7806269
11
-5.5466628
21
27.5981634
0
LINE
8
layer3
10
-5.5466628
20
27.5981634
11
-5.4407995
21
27.4260646
0
LINE
8
layer3
10
-5.4407995
20
27.4260646
11
-5.3431079
21
27.2595559
0
LINE
8
layer3
10
-5.3431079
20
27.2595559
11
-5.2541675
21
27.1003749
0
LINE
8
layer3
10
-5.2541675
20
27.1003749
11
-5.1750992
21
26.9515973
0
LINE
8
layer3
10
-5.1750992
20
26.9515973
11
-5.1044416
21
26.8117266
0
LINE
8
layer3
10
-5.1044416
20
26.8117266
11
-5.0076479
21
26.6082351
0
LINE
8
layer3
10
-5.0076479
20
26.6082351
11
-4.9809494
21
26.5623185
0
LINE
8
layer3
10
-4.9809494
20
26.5623185
11
-4.9547842
21
26.5291527
0
LINE
8
layer3
10
-4.9547842
20
26.5291527
11
-4.9296653
21
26.5087115
0
LINE
8
layer3
10
-4.9296653
20
26.5087115
11
-4.9061168
21
26.5009159
0
LINE
8
layer3
10
-4.9061168
20
26.5009159
11
-4.8617164
21
26.5079425
0
LINE
8
layer3
10
-4.8617164
20
26.5079425
11
-4.5142927
21
26.5692239
0
LINE
8
layer3
10
-4.5142927
20
26.5692239
11
-4.1661253
21
26.6261282
0
LINE
8
layer3
10
-4.1661253
20
26.6261282
11
-4.1218958
21
26.6341604
0
LINE
8
layer3
10
-4.1218958
20
26.6341604
11
-4.1022435
21
26.6492961
0
LINE
8
layer3
10
-4.1022435
20
26.6492961
11
-4.0852854
21
26.6768865
0
LINE
8
layer3
10
-4.0852854
20
26.6768865
11
-4.0715425
21
26.7168329
0
LINE
8
layer3
10
-4.0715425
20
26.7168329
11
-4.0615075
21
26.7689908
0
LINE
8
layer3
10
-4.0615075
20
26.7689908
11
-4.0373546
21
26.993032
0
LINE
8
layer3
10
-4.0373546
20
26.993032
11
-4.0168584
21
27.1483903
0
LINE
8
layer3
10
-4.0168584
20
27.1483903
11
-3.9913653
21
27.3149337
0
LINE
8
layer3
10
-3.9913653
20
27.3149337
11
-3.95999
21
27.4945571
0
LINE
8
layer3
10
-3.95999
20
27.4945571
11
-3.922775
21
27.6839873
0
LINE
8
layer3
10
-3.922775
20
27.6839873
11
-3.8796929
21
27.881393
0
LINE
8
layer3
10
-3.8796929
20
27.881393
11
-3.8289797
21
28.0924498
0
LINE
8
layer3
10
-3.8289797
20
28.0924498
11
-3.7714723
21
28.311457
0
LINE
8
layer3
10
-3.7714723
20
28.311457
11
-3.706189
21
28.5404579
0
LINE
8
layer3
10
-3.706189
20
28.5404579
11
-3.6351834
21
28.7712586
0
ARC
8
layer3
10
9e-7
20
-0.000002
40
29
50
95.656109
51
97.2010366
0
LINE
8
layer3
10
-2.8581656
20
28.8588075
11
-2.7375823
21
28.6495936
0
LINE
8
layer3
10
-2.7375823
20
28.6495936
11
-2.6229782
21
28.4408612
0
LINE
8
layer3
10
-2.6229782
20
28.4408612
11
-2.5181789
21
28.2401415
0
LINE
8
layer3
10
-2.5181789
20
28.2401415
11
-2.4217727
21
28.0456611
0
LINE
8
layer3
10
-2.4217727
20
28.0456611
11
-2.3358439
21
27.8627915
0
LINE
8
layer3
10
-2.3358439
20
27.8627915
11
-2.2574097
21
27.6863918
0
LINE
8
layer3
10
-2.2574097
20
27.6863918
11
-2.1868511
21
27.5182536
0
LINE
8
layer3
10
-2.1868511
20
27.5182536
11
-2.1249377
21
27.3615586
0
LINE
8
layer3
10
-2.1249377
20
27.3615586
11
-2.070385
21
27.2146563
0
LINE
8
layer3
10
-2.070385
20
27.2146563
11
-1.9969838
21
27.0016067
0
LINE
8
layer3
10
-1.9969838
20
27.0016067
11
-1.9755942
21
26.9529896
0
LINE
8
layer3
10
-1.9755942
20
26.9529896
11
-1.9533069
21
26.9171028
0
LINE
8
layer3
10
-1.9533069
20
26.9171028
11
-1.9306346
21
26.8939777
0
LINE
8
layer3
10
-1.9306346
20
26.8939777
11
-1.908107
21
26.8835945
0
LINE
8
layer3
10
-1.908107
20
26.8835945
11
-1.8631991
21
26.8856056
0
LINE
8
layer3
10
-1.8631991
20
26.8856056
11
-1.5110986
21
26.9076027
0
LINE
8
layer3
10
-1.5110986
20
26.9076027
11
-1.1587491
21
26.9251667
0
LINE
8
layer3
10
-1.1587491
20
26.9251667
11
-1.1138984
21
26.9281963
0
LINE
8
layer3
10
-1.1138984
20
26.9281963
11
-1.0926749
21
26.9410365
0
LINE
8
layer3
10
-1.0926749
20
26.9410365
11
-1.0727344
21
26.9665547
0
LINE
8
layer3
10
-1.0727344
20
26.9665547
11
-1.0546053
21
27.0047112
0
LINE
8
layer3
10
-1.0546053
20
27.0047112
11
-1.0387936
21
27.0554176
0
LINE
8
layer3
10
-1.0387936
20
27.0554176
11
-0.9897078
21
27.2753458
0
LINE
8
layer3
10
-0.9897078
20
27.2753458
11
-0.951946
21
27.4274324
0
LINE
8
layer3
10
-0.951946
20
27.4274324
11
-0.9079662
21
27.5900742
0
LINE
8
layer3
10
-0.9079662
20
27.5900742
11
-0.8566768
21
27.7650553
0
LINE
8
layer3
10
-0.8566768
20
27.7650553
11
-0.7984863
21
27.9491277
0
LINE
8
layer3
10
-0.7984863
20
27.9491277
11
-0.7335727
21
28.1404684
0
LINE
8
layer3
10
-0.7335727
20
28.1404684
11
-0.6595475
21
28.34452
0
LINE
8
layer3
10
-0.6595475
20
28.34452
11
-0.5778806
21
28.5557114
0
LINE
8
layer3
10
-0.5778806
20
28.5557114
11
-0.4873678
21
28.775963
0
LINE
8
layer3
10
-0.4873678
20
28.775963
11
-0.3909672
21
28.9973624
0
ARC
8
layer3
10
1e-7
20
-0.000002
40
29
50
89.2275362
51
90.772464
0
LINE
8
layer3
10
0.3909672
20
28.9973624
11
0.4873678
21
28.775963
0
LINE
8
layer3
10
0.4873678
20
28.775963
11
0.5778806
21
28.5557114
0
LINE
8
layer3
10
0.5778806
20
28.5557114
11
0.6595475
21
28.34452
0
LINE
8
layer3
10
0.6595475
20
28.34452
11
0.7335727
21
28.1404684
0
LINE
8
layer3
10
0.7335727
20
28.1404684
11
0.7984863
21
27.9491277
0
LINE
8
layer3
10
0.7984863
20
27.9491277
11
0.8566768
21
27.7650553
0
LINE
8
layer3
10
0.8566768
20
27.7650553
11
0.9079662
21
27.5900742
0
LINE
8
layer3
10
0.9079662
20
27.5900742
11
0.951946
21
27.4274324
0
LINE
8
layer3
10
0.951946
20
27.4274324
11
0.9897078
21
27.2753458
0
LINE
8
layer3
10
0.9897078
20
27.2753458
11
1.0387936
21
27.0554176
0
LINE
8
layer3
10
1.0387936
20
27.0554176
11
1.0546053
21
27.0047112
0
LINE
8
layer3
10
1.0546053
20
27.0047112
11
1.0727344
21
26.9665547
0
LINE
8
layer3
10
1.0727344
20
26.9665547
11
1.0926749
21
26.9410365
0
LINE
8
layer3
10
1.0926749
20
26.9410365
11
1.1138984
21
26.9281963
0
LINE
8
layer3
10
1.1138984
20
26.9281963
11
1.1587491
21
26.9251667
0
LINE
8
layer3
10
1.1587491
20
26.9251667
11
1.5110986
21
26.9076027
0
LINE
8
layer3
10
1.5110986
20
26.9076027
11
1.8631991
21
26.8856056
0
LINE
8
layer3
10
1.8631991
20
26.8856056
11
1.908107
21
26.8835945
0
LINE
8
layer3
10
1.908107
20
26.8835945
11
1.9306346
21
26.8939777
0
LINE
8
layer3
10
1.9306346
20
26.8939777
11
1.9533069
21
26.9171028
0
LINE
8
layer3
10
1.9533069
20
26.9171028
11
1.9755942
21
26.9529896
0
LINE
8
layer3
10
1.9755942
20
26.9529896
11
1.9969838
21
27.0016067
0
LINE
8
layer3
10
1.9969838
20
27.0016067
11
2.070385
21
27.2146563
0
LINE
8
layer3
10
2.070385
20
27.2146563
11
2.1249377
21
27.3615586
0
LINE
8
layer3
10
2.1249377
20
27.3615586
11
2.1868511
21
27.5182536
0
LINE
8
layer3
10
2.1868511
20
27.5182536
11
2.2574097
21
27.6863918
0
LINE
8
layer3
10
2.2574097
20
27.6863918
11
2.3358439
21
27.8627915
0
LINE
8
layer3
10
2.3358439
20
27.8627915
11
2.4217727
21
28.0456611
0
LINE
8
layer3
10
2.4217727
20
28.0456611
11
2.5181789
21
28.2401415
0
LINE
8
layer3
10
2.5181789
20
28.2401415
11
2.6229782
21
28.4408612
0
LINE
8
layer3
10
2.6229782
20
28.4408612
11
2.7375823
21
28.6495936
0
LINE
8
layer3
10
2.7375823
20
28.6495936
11
2.8581656
21
28.8588075
0
ARC
8
layer3
10
-0.000001
20
-0.000002
40
29
50
82.7989632
51
84.3438908
0
LINE
8
layer3
10
3.6351834
20
28.7712586
11
3.706189
21
28.5404579
0
LINE
8
layer3
10
3.706189
20
28.5404579
11
3.7714723
21
28.311457
0
LINE
8
layer3
10
3.7714723
20
28.311457
11
3.8289797
21
28.0924498
0
LINE
8
layer3
10
3.8289797
20
28.0924498
11
3.8796929
21
27.881393
0
LINE
8
layer3
10
3.8796929
20
27.881393
11
3.922775
21
27.6839873
0
LINE
8
layer3
10
3.922775
20
27.6839873
11
3.95999
21
27.4945571
0
LINE
8
layer3
10
3.95999
20
27.4945571
11
3.9913653
21
27.3149337
0
LINE
8
layer3
10
3.9913653
20
27.3149337
11
4.0168584
21
27.1483903
0
LINE
8
layer3
10
4.0168584
20
27.1483903
11
4.0373546
21
26.993032
0
LINE
8
layer3
10
4.0373546
20
26.993032
11
4.0615075
21
26.7689908
0
LINE
8
layer3
10
4.0615075
20
26.7689908
11
4.0715425
21
26.7168329
0
LINE
8
layer3
10
4.0715425
20
26.7168329
11
4.0852854
21
26.6768865
0
LINE
8
layer3
10
4.0852854
20
26.6768865
11
4.1022435
21
26.6492961
0
LINE
8
layer3
10
4.1022435
20
26.6492961
11
4.1218958
21
26.6341604
0
LINE
8
layer3
10
4.1218958
20
26.6341604
11
4.1661253
21
26.6261282
0
LINE
8
layer3
10
4.1661253
20
26.6261282
11
4.5142927
21
26.5692239
0
LINE
8
layer3
10
4.5142927
20
26.5692239
11
4.8617164
21
26.5079425
0
LINE
8
layer3
10
4.8617164
20
26.5079425
11
4.9061168
21
26.5009159
0
LINE
8
layer3
10
4.9061168
20
26.5009159
11
4.9296653
21
26.5087115
0
LINE
8
layer3
10
4.9296653
20
26.5087115
11
4.9547842
21
26.5291527
0
LINE
8
layer3
10
4.9547842
20
26.5291527
11
4.9809494
21
26.5623185
0
LINE
8
layer3
10
4.9809494
20
26.5623185
11
5.0076479
21
26.6082351
0
LINE
8
layer3
10
5.0076479
20
26.6082351
11
5.1044416
21
26.8117266
0
LINE
8
layer3
10
5.1044416
20
26.8117266
11
5.1750992
21
26.9515973
0
LINE
8
layer3
10
5.1750992
20
26.9515973
11
5.2541675
21
27.1003749
0
LINE
8
layer3
10
5.2541675
20
27.1003749
11
5.3431079
21
27.2595559
0
LINE
8
layer3
10
5.3431079
20
27.2595559
11
5.4407995
21
27.4260646
0
LINE
8
layer3
10
5.4407995
20
27.4260646
11
5.5466628
21
27.5981634
0
LINE
8
layer3
10
5.5466628
20
27.5981634
11
5.6642378
21
27.7806269
0
LINE
8
layer3
10
5.6642378
20
27.7806269
11
5.7908516
21
27.9683506
0
LINE
8
layer3
10
5.7908516
20
27.9683506
11
5.9281057
21
28.1629391
0
LINE
8
layer3
10
5.9281057
20
28.1629391
11
6.0713553
21
28.3573364
0
ARC
8
layer3
10
-0.0000012
20
-0.0000018
40
29
50
76.3703919
51
77.9153195
0
LINE
8
layer3
10
6.833685
20
28.1833396
11
6.8784027
21
27.94604
0
LINE
8
layer3
10
6.8784027
20
27.94604
11
6.9176355
21
27.7111696
0
LINE
8
layer3
10
6.9176355
20
27.7111696
11
6.9502603
21
27.4871006
0
LINE
8
layer3
10
6.9502603
20
27.4871006
11
6.9770238
21
27.2716928
0
LINE
8
layer3
10
6.9770238
20
27.2716928
11
6.9977325
21
27.0707048
0
LINE
8
layer3
10
6.9977325
20
27.0707048
11
7.0135041
21
26.8782989
0
LINE
8
layer3
10
7.0135041
20
26.8782989
11
7.0245707
21
26.696292
0
LINE
8
layer3
10
7.0245707
20
26.696292
11
7.0312566
21
26.5279415
0
LINE
8
layer3
10
7.0312566
20
26.5279415
11
7.0342292
21
26.3712652
0
LINE
8
layer3
10
7.0342292
20
26.3712652
11
7.0331456
21
26.1459284
0
LINE
8
layer3
10
7.0331456
20
26.1459284
11
7.0372777
21
26.092975
0
LINE
8
layer3
10
7.0372777
20
26.092975
11
7.0464616
21
26.051741
0
LINE
8
layer3
10
7.0464616
20
26.051741
11
7.0602239
21
26.0224254
0
LINE
8
layer3
10
7.0602239
20
26.0224254
11
7.078058
21
26.0051844
0
LINE
8
layer3
10
7.078058
20
26.0051844
11
7.12111
21
25.9922506
0
LINE
8
layer3
10
7.12111
20
25.9922506
11
7.460717
21
25.8967218
0
LINE
8
layer3
10
7.460717
20
25.8967218
11
7.7990949
21
25.7969266
0
LINE
8
layer3
10
7.7990949
20
25.7969266
11
7.8424293
21
25.7849729
0
LINE
8
layer3
10
7.8424293
20
25.7849729
11
7.8667026
21
25.7900829
0
LINE
8
layer3
10
7.8667026
20
25.7900829
11
7.8939523
21
25.8075831
0
LINE
8
layer3
10
7.8939523
20
25.8075831
11
7.9236663
21
25.8376108
0
LINE
8
layer3
10
7.9236663
20
25.8376108
11
7.955338
21
25.8802494
0
LINE
8
layer3
10
7.955338
20
25.8802494
11
8.0743069
21
26.071624
0
LINE
8
layer3
10
8.0743069
20
26.071624
11
8.1601807
21
26.2027041
0
LINE
8
layer3
10
8.1601807
20
26.2027041
11
8.2554097
21
26.3416934
0
LINE
8
layer3
10
8.2554097
20
26.3416934
11
8.3616135
21
26.4899153
0
LINE
8
layer3
10
8.3616135
20
26.4899153
11
8.4773338
21
26.644439
0
LINE
8
layer3
10
8.4773338
20
26.644439
11
8.6018005
21
26.8036027
0
LINE
8
layer3
10
8.6018005
20
26.8036027
11
8.7390656
21
26.9717547
0
LINE
8
layer3
10
8.7390656
20
26.9717547
11
8.8859017
21
27.1441218
0
LINE
8
layer3
10
8.8859017
20
27.1441218
11
9.0440797
21
27.3221192
0
LINE
8
layer3
10
9.0440797
20
27.3221192
11
9.2081942
21
27.4992553
0
ARC
8
layer3
10
-0.0000013
20
-0.0000017
40
29
50
69.9418206
51
71.4867482
0
LINE
8
layer3
10
9.9462491
20
27.2409987
11
9.9641164
21
27.0001844
0
LINE
8
layer3
10
9.9641164
20
27.0001844
11
9.9768055
21
26.7623981
0
LINE
8
layer3
10
9.9768055
20
26.7623981
11
9.9841374
21
26.5360852
0
LINE
8
layer3
10
9.9841374
20
26.5360852
11
9.9866145
21
26.3190353
0
LINE
8
layer3
10
9.9866145
20
26.3190353
11
9.9846895
21
26.1169924
0
LINE
8
layer3
10
9.9846895
20
26.1169924
11
9.9788194
21
25.9240305
0
LINE
8
layer3
10
9.9788194
20
25.9240305
11
9.969438
21
25.7419289
0
LINE
8
layer3
10
9.969438
20
25.7419289
11
9.9572326
21
25.5738884
0
LINE
8
layer3
10
9.9572326
20
25.5738884
11
9.9426444
21
25.4178645
0
LINE
8
layer3
10
9.9426444
20
25.4178645
11
9.9163379
21
25.1940659
0
LINE
8
layer3
10
9.9163379
20
25.1940659
11
9.9145151
21
25.1409827
0
LINE
8
layer3
10
9.9145151
20
25.1409827
11
9.9190245
21
25.0989797
0
LINE
8
layer3
10
9.9190245
20
25.0989797
11
9.9294179
21
25.0683076
0
LINE
8
layer3
10
9.9294179
20
25.0683076
11
9.9452095
21
25.0491782
0
LINE
8
layer3
10
9.9452095
20
25.0491782
11
9.9865427
21
25.0315054
0
LINE
8
layer3
10
9.9865427
20
25.0315054
11
10.3133185
21
24.8985534
0
LINE
8
layer3
10
10.3133185
20
24.8985534
11
10.6383952
21
24.7614993
0
LINE
8
layer3
10
10.6383952
20
24.7614993
11
10.6801187
21
24.7447689
0
LINE
8
layer3
10
10.6801187
20
24.7447689
11
10.7048115
21
24.747129
0
LINE
8
layer3
10
10.7048115
20
24.747129
11
10.7338493
21
24.7614683
0
LINE
8
layer3
10
10.7338493
20
24.7614683
11
10.7667385
21
24.7879802
0
LINE
8
layer3
10
10.7667385
20
24.7879802
11
10.8029851
21
24.8268046
0
LINE
8
layer3
10
10.8029851
20
24.8268046
11
10.9426331
21
25.0036556
0
LINE
8
layer3
10
10.9426331
20
25.0036556
11
11.0426432
21
25.1242966
0
LINE
8
layer3
10
11.0426432
20
25.1242966
11
11.1528353
21
25.2517497
0
LINE
8
layer3
10
11.1528353
20
25.2517497
11
11.2749669
21
25.3871486
0
LINE
8
layer3
10
11.2749669
20
25.3871486
11
11.4072608
21
25.5277441
0
LINE
8
layer3
10
11.4072608
20
25.5277441
11
11.5487655
21
25.6719712
0
LINE
8
layer3
10
11.5487655
20
25.6719712
11
11.7039946
21
25.8236971
0
LINE
8
layer3
10
11.7039946
20
25.8236971
11
11.8692064
21
25.97854
0
LINE
8
layer3
10
11.8692064
20
25.97854
11
12.0463192
21
26.1377078
0
LINE
8
layer3
10
12.0463192
20
26.1377078
11
12.2292347
21
26.2953551
0
ARC
8
layer3
10
4e-7
20
-0.0000025
40
29
50
63.5132534
51
65.058181
0
LINE
8
layer3
10
12.9337333
20
25.9560864
11
12.9245257
21
25.7147858
0
LINE
8
layer3
10
12.9245257
20
25.7147858
11
12.9105113
21
25.477074
0
LINE
8
layer3
10
12.9105113
20
25.477074
11
12.8924581
21
25.2513632
0
LINE
8
layer3
10
12.8924581
20
25.2513632
11
12.8706178
21
25.0354007
0
LINE
8
layer3
10
12.8706178
20
25.0354007
11
12.8460833
21
24.8348437
0
LINE
8
layer3
10
12.8460833
20
24.8348437
11
12.8186451
21
24.6437523
0
LINE
8
layer3
10
12.8186451
20
24.6437523
11
12.7889338
21
24.4638462
0
LINE
8
layer3
10
12.7889338
20
24.4638462
11
12.7579906
21
24.2982288
0
LINE
8
layer3
10
12.7579906
20
24.2982288
11
12.726025
21
24.1448193
0
LINE
8
layer3
10
12.726025
20
24.1448193
11
12.6748264
21
23.9253733
0
LINE
8
layer3
10
12.6748264
20
23.9253733
11
12.6670716
21
23.872828
0
LINE
8
layer3
10
12.6670716
20
23.872828
11
12.6668499
21
23.8305842
0
LINE
8
layer3
10
12.6668499
20
23.8305842
11
12.6737437
21
23.7989412
0
LINE
8
layer3
10
12.6737437
20
23.7989412
11
12.6872942
21
23.7781641
0
LINE
8
layer3
10
12.6872942
20
23.7781641
11
12.7263888
21
23.7559746
0
LINE
8
layer3
10
12.7263888
20
23.7559746
11
13.036224
21
23.5872712
0
LINE
8
layer3
10
13.036224
20
23.5872712
11
13.3439115
21
23.4146819
0
LINE
8
layer3
10
13.3439115
20
23.4146819
11
13.3834995
21
23.3933851
0
LINE
8
layer3
10
13.3834995
20
23.3933851
11
13.4083013
21
23.3929656
0
LINE
8
layer3
10
13.4083013
20
23.3929656
11
13.4387619
21
23.4039635
0
LINE
8
layer3
10
13.4387619
20
23.4039635
11
13.4744127
21
23.4266263
0
LINE
8
layer3
10
13.4744127
20
23.4266263
11
13.5147783
21
23.4611483
0
LINE
8
layer3
10
13.5147783
20
23.4611483
11
13.6733493
21
23.6212516
0
LINE
8
layer3
10
13.6733493
20
23.6212516
11
13.7862381
21
23.7299365
0
LINE
8
layer3
10
13.7862381
20
23.7299365
11
13.9100075
21
23.8442506
0
LINE
8
layer3
10
13.9100075
20
23.8442506
11
14.0465311
21
23.9651238
0
LINE
8
layer3
10
14.0465311
20
23.9651238
11
14.1937348
21
24.090023
0
LINE
8
layer3
10
14.1937348
20
24.090023
11
14.3504981
21
24.2174998
0
LINE
8
layer3
10
14.3504981
20
24.2174998
11
14.521739
21
24.3508915
0
LINE
8
layer3
10
14.521739
20
24.3508915
11
14.7032489
21
24.4862629
0
LINE
8
layer3
10
14.7032489
20
24.4862629
11
14.8970692
21
24.6245995
0
LINE
8
layer3
10
14.8970692
20
24.6245995
11
15.0964855
21
24.7607756
0
ARC
8
layer3
10
-0.0000012
20
-0.0000016
40
29
50
57.0846788
51
58.6296064
0
LINE
8
layer3
10
15.7585683
20
24.3447613
11
15.7224015
21
24.1060089
0
LINE
8
layer3
10
15.7224015
20
24.1060089
11
15.6818599
21
23.8713608
0
LINE
8
layer3
10
15.6818599
20
23.8713608
11
15.6386487
21
23.6490906
0
LINE
8
layer3
10
15.6386487
20
23.6490906
11
15.5927656
21
23.4369314
0
LINE
8
layer3
10
15.5927656
20
23.4369314
11
15.5459301
21
23.2403824
0
LINE
8
layer3
10
15.5459301
20
23.2403824
11
15.497269
21
23.0535647
0
LINE
8
layer3
10
15.497269
20
23.0535647
11
15.4476014
21
22.8781164
0
LINE
8
layer3
10
15.4476014
20
22.8781164
11
15.3983095
21
22.7170049
0
LINE
8
layer3
10
15.3983095
20
22.7170049
11
15.3493684
21
22.568139
0
LINE
8
layer3
10
15.3493684
20
22.568139
11
15.2739216
21
22.3558053
0
LINE
8
layer3
10
15.2739216
20
22.3558053
11
15.2603324
21
22.3044586
0
LINE
8
layer3
10
15.2603324
20
22.3044586
11
15.2553823
21
22.2625053
0
LINE
8
layer3
10
15.2553823
20
22.2625053
11
15.2586899
21
22.2302894
0
LINE
8
layer3
10
15.2586899
20
22.2302894
11
15.2698289
21
22.2081257
0
LINE
8
layer3
10
15.2698289
20
22.2081257
11
15.3061932
21
22.1816985
0
LINE
8
layer3
10
15.3061932
20
22.1816985
11
15.5951914
21
21.9793654
0
LINE
8
layer3
10
15.5951914
20
21.9793654
11
15.8816203
21
21.7734112
0
LINE
8
layer3
10
15.8816203
20
21.7734112
11
15.9185749
21
21.7478159
0
LINE
8
layer3
10
15.9185749
20
21.7478159
11
15.9431738
21
21.7446222
0
LINE
8
layer3
10
15.9431738
20
21.7446222
11
15.9746743
21
21.7521404
0
LINE
8
layer3
10
15.9746743
20
21.7521404
11
16.0126384
21
21.7706691
0
LINE
8
layer3
10
16.0126384
20
21.7706691
11
16.0566154
21
21.8004544
0
LINE
8
layer3
10
16.0566154
20
21.8004544
11
16.2321152
21
21.9417968
0
LINE
8
layer3
10
16.2321152
20
21.9417968
11
16.356463
21
22.0371587
0
LINE
8
layer3
10
16.356463
20
22.0371587
11
16.4922533
21
22.1368963
0
LINE
8
layer3
10
16.4922533
20
22.1368963
11
16.641452
21
22.2417236
0
LINE
8
layer3
10
16.641452
20
22.2417236
11
16.8017144
21
22.349356
0
LINE
8
layer3
10
16.8017144
20
22.349356
11
16.9717648
21
22.4584792
0
LINE
8
layer3
10
16.9717648
20
22.4584792
11
17.1568642
21
22.5718593
0
LINE
8
layer3
10
17.1568642
20
22.5718593
11
17.3523896
21
22.6860568
0
LINE
8
layer3
10
17.3523896
20
22.6860568
11
17.5604799
21
22.8018227
0
LINE
8
layer3
10
17.5604799
20
22.8018227
11
17.7738892
21
22.9148149
0
ARC
8
layer3
10
-0.0000018
20
-0.0000013
40
29
50
50.6561064
51
52.2010341
0
LINE
8
layer3
10
18.3852302
20
22.4272868
11
18.322559
21
22.1940849
0
LINE
8
layer3
10
18.322559
20
22.1940849
11
18.2560001
21
21.9654515
0
LINE
8
layer3
10
18.2560001
20
21.9654515
11
18.1881742
21
21.749417
0
LINE
8
layer3
10
18.1881742
20
21.749417
11
18.1188253
21
21.543729
0
LINE
8
layer3
10
18.1188253
20
21.543729
11
18.0502778
21
21.3536599
0
LINE
8
layer3
10
18.0502778
20
21.3536599
11
17.9810057
21
21.1734651
0
LINE
8
layer3
10
17.9810057
20
21.1734651
11
17.9120065
21
21.004681
0
LINE
8
layer3
10
17.9120065
20
21.004681
11
17.8449857
21
20.8501015
0
LINE
8
layer3
10
17.8449857
20
20.8501015
11
17.7796847
21
20.7076513
0
LINE
8
layer3
10
17.7796847
20
20.7076513
11
17.6809385
21
20.5051
0
LINE
8
layer3
10
17.6809385
20
20.5051
11
17.6616857
21
20.4555977
0
LINE
8
layer3
10
17.6616857
20
20.4555977
11
17.6520694
21
20.4144625
0
LINE
8
layer3
10
17.6520694
20
20.4144625
11
17.6517492
21
20.3820788
0
LINE
8
layer3
10
17.6517492
20
20.3820788
11
17.6603366
21
20.3588073
0
LINE
8
layer3
10
17.6603366
20
20.3588073
11
17.6935133
21
20.3284748
0
LINE
8
layer3
10
17.6935133
20
20.3284748
11
17.9580403
21
20.0950563
0
LINE
8
layer3
10
17.9580403
20
20.0950563
11
18.2196086
21
19.8583273
0
LINE
8
layer3
10
18.2196086
20
19.8583273
11
18.2534651
21
19.8287553
0
LINE
8
layer3
10
18.2534651
20
19.8287553
11
18.2775517
21
19.8228274
0
LINE
8
layer3
10
18.2775517
20
19.8228274
11
18.3096959
21
19.8267714
0
LINE
8
layer3
10
18.3096959
20
19.8267714
11
18.3494958
21
19.840933
0
LINE
8
layer3
10
18.3494958
20
19.840933
11
18.3965312
21
19.8656072
0
LINE
8
layer3
10
18.3965312
20
19.8656072
11
18.5867529
21
19.9864111
0
LINE
8
layer3
10
18.5867529
20
19.9864111
11
18.720996
21
20.0672509
0
LINE
8
layer3
10
18.720996
20
20.0672509
11
18.8670995
21
20.1511576
0
LINE
8
layer3
10
18.8670995
20
20.1511576
11
19.0270969
21
20.2386209
0
LINE
8
layer3
10
19.0270969
20
20.2386209
11
19.1984027
21
20.3276327
0
LINE
8
layer3
10
19.1984027
20
20.3276327
11
19.3796018
21
20.4170303
0
LINE
8
layer3
10
19.3796018
20
20.4170303
11
19.5762318
21
20.5089729
0
LINE
8
layer3
10
19.5762318
20
20.5089729
11
19.7833139
21
20.6005605
0
LINE
8
layer3
10
19.7833139
20
20.6005605
11
20.0030575
21
20.6922997
0
LINE
8
layer3
10
20.0030575
20
20.6922997
11
20.227776
21
20.7806872
0
ARC
8
layer3
10
-0.0000014
20
-0.0000014
40
29
50
44.2275361
51
45.7724639
0
LINE
8
layer3
10
20.7806872
20
20.227776
11
20.6922997
21
20.0030575
0
LINE
8
layer3
10
20.6922997
20
20.0030575
11
20.6005605
21
19.7833139
0
LINE
8
layer3
10
20.6005605
20
19.7833139
11
20.5089729
21
19.5762318
0
LINE
8
layer3
10
20.5089729
20
19.5762318
11
20.4170303
21
19.3796018
0
LINE
8
layer3
10
20.4170303
20
19.3796018
11
20.3276327
21
19.1984027
0
LINE
8
layer3
10
20.3276327
20
19.1984027
11
20.2386209
21
19.0270969
0
LINE
8
layer3
10
20.2386209
20
19.0270969
11
20.1511576
21
18.8670995
0
LINE
8
layer3
10
20.1511576
20
18.8670995
11
20.0672509
21
18.720996
0
LINE
8
layer3
10
20.0672509
20
18.720996
11
19.9864111
21
18.5867529
0
LINE
8
layer3
10
19.9864111
20
18.5867529
11
19.8656072
21
18.3965312
0
LINE
8
layer3
10
19.8656072
20
18.3965312
11
19.840933
21
18.3494958
0
LINE
8
layer3
10
19.840933
20
18.3494958
11
19.8267714
21
18.3096959
0
LINE
8
layer3
10
19.8267714
20
18.3096959
11
19.8228274
21
18.2775517
0
LINE
8
layer3
10
19.8228274
20
18.2775517
11
19.8287553
21
18.2534651
0
LINE
8
layer3
10
19.8287553
20
18.2534651
11
19.8583273
21
18.2196086
0
LINE
8
layer3
10
19.8583273
20
18.2196086
11
20.0950563
21
17.9580403
0
LINE
8
layer3
10
20.0950563
20
17.9580403
11
20.3284748
21
17.6935133
0
LINE
8
layer3
10
20.3284748
20
17.6935133
11
20.3588073
21
17.6603366
0
LINE
8
layer3
10
20.3588073
20
17.6603366
11
20.3820788
21
17.6517492
0
LINE
8
layer3
10
20.3820788
20
17.6517492
11
20.4144625
21
17.6520694
0
LINE
8
layer3
10
20.4144625
20
17.6520694
11
20.4555977
21
17.6616857
0
LINE
8
layer3
10
20.4555977
20
17.6616857
11
20.5051
21
17.6809385
0
LINE
8
layer3
10
20.5051
20
17.6809385
11
20.7076513
21
17.7796847
0
LINE
8
layer3
10
20.7076513
20
17.7796847
11
20.8501015
21
17.8449857
0
LINE
8
layer3
10
20.8501015
20
17.8449857
11
21.004681
21
17.9120065
0
LINE
8
layer3
10
21.004681
20
17.9120065
11
21.1734651
21
17.9810057
0
LINE
8
layer3
10
21.1734651
20
17.9810057
11
21.3536599
21
18.0502778
0
LINE
8
layer3
10
21.3536599
20
18.0502778
11
21.543729
21
18.1188253
0
LINE
8
layer3
10
21.543729
20
18.1188253
11
21.749417
21
18.1881742
0
LINE
8
layer3
10
21.749417
20
18.1881742
11
21.9654515
21
18.2560001
0
LINE
8
layer3
10
21.9654515
20
18.2560001
11
22.1940849
21
18.322559
0
LINE
8
layer3
10
22.1940849
20
18.322559
11
22.4272868
21
18.3852302
0
ARC
8
layer3
10
-0.0000012
20
-0.0000018
40
29
50
37.7989659
51
39.3438936
0
LINE
8
layer3
10
22.9148149
20
17.7738892
11
22.8018227
21
17.5604799
0
LINE
8
layer3
10
22.8018227
20
17.5604799
11
22.6860568
21
17.3523896
0
LINE
8
layer3
10
22.6860568
20
17.3523896
11
22.5718593
21
17.1568642
0
LINE
8
layer3
10
22.5718593
20
17.1568642
11
22.4584792
21
16.9717648
0
LINE
8
layer3
10
22.4584792
20
16.9717648
11
22.349356
21
16.8017144
0
LINE
8
layer3
10
22.349356
20
16.8017144
11
22.2417236
21
16.641452
0
LINE
8
layer3
10
22.2417236
20
16.641452
11
22.1368963
21
16.4922533
0
LINE
8
layer3
10
22.1368963
20
16.4922533
11
22.0371587
21
16.356463
0
LINE
8
layer3
10
22.0371587
20
16.356463
11
21.9417968
21
16.2321152
0
LINE
8
layer3
10
21.9417968
20
16.2321152
11
21.8004544
21
16.0566154
0
LINE
8
layer3
10
21.8004544
20
16.0566154
11
21.7706691
21
16.0126384
0
LINE
8
layer3
10
21.7706691
20
16.0126384
11
21.7521404
21
15.9746743
0
LINE
8
layer3
10
21.7521404
20
15.9746743
11
21.7446222
21
15.9431738
0
LINE
8
layer3
10
21.7446222
20
15.9431738
11
21.7478159
21
15.9185749
0
LINE
8
layer3
10
21.7478159
20
15.9185749
11
21.7734112
21
15.8816203
0
LINE
8
layer3
10
21.7734112
20
15.8816203
11
21.9793654
21
15.5951914
0
LINE
8
layer3
10
21.9793654
20
15.5951914
11
22.1816985
21
15.3061932
0
LINE
8
layer3
10
22.1816985
20
15.3061932
11
22.2081257
21
15.2698289
0
LINE
8
layer3
10
22.2081257
20
15.2698289
11
22.2302894
21
15.2586899
0
LINE
8
layer3
10
22.2302894
20
15.2586899
11
22.2625053
21
15.2553823
0
LINE
8
layer3
10
22.2625053
20
15.2553823
11
22.3044586
21
15.2603324
0
LINE
8
layer3
10
22.3044586
20
15.2603324
11
22.3558053
21
15.2739216
0
LINE
8
layer3
10
22.3558053
20
15.2739216
11
22.568139
21
15.3493684
0
LINE
8
layer3
10
22.568139
20
15.3493684
11
22.7170049
21
15.3983095
0
LINE
8
layer3
10
22.7170049
20
15.3983095
11
22.8781164
21
15.4476014
0
LINE
8
layer3
10
22.8781164
20
15.4476014
11
23.0535647
21
15.497269
0
LINE
8
layer3
10
23.0535647
20
15.497269
11
23.2403824
21
15.5459301
0
LINE
8
layer3
10
23.2403824
20
15.5459301
11
23.4369314
21
15.5927656
0
LINE
8
layer3
10
23.4369314
20
15.5927656
11
23.6490906
21
15.6386487
0
LINE
8
layer3
10
23.6490906
20
15.6386487
11
23.8713608
21
15.6818599
0
LINE
8
layer3
10
23.8713608
20
15.6818599
11
24.1060089
21
15.7224015
0
LINE
8
layer3
10
24.1060089
20
15.7224015
11
24.3447613
21
15.7585683
0
ARC
8
layer3
10
-0.0000017
20
-0.0000012
40
29
50
31.3703936
51
32.9153212
0
LINE
8
layer3
10
24.7607756
20
15.0964855
11
24.6245995
21
14.8970692
0
LINE
8
layer3
10
24.6245995
20
14.8970692
11
24.4862629
21
14.7032489
0
LINE
8
layer3
10
24.4862629
20
14.7032489
11
24.3508915
21
14.521739
0
LINE
8
layer3
10
24.3508915
20
14.521739
11
24.2174998
21
14.3504981
0
LINE
8
layer3
10
24.2174998
20
14.3504981
11
24.090023
21
14.1937348
0
LINE
8
layer3
10
24.090023
20
14.1937348
11
23.9651238
21
14.0465311
0
LINE
8
layer3
10
23.9651238
20
14.0465311
11
23.8442506
21
13.9100075
0
LINE
8
layer3
10
23.8442506
20
13.9100075
11
23.7299365
21
13.7862381
0
LINE
8
layer3
10
23.7299365
20
13.7862381
11
23.6212516
21
13.6733493
0
LINE
8
layer3
10
23.6212516
20
13.6733493
11
23.4611483
21
13.5147783
0
LINE
8
layer3
10
23.4611483
20
13.5147783
11
23.4266263
21
13.4744127
0
LINE
8
layer3
10
23.4266263
20
13.4744127
11
23.4039635
21
13.4387619
0
LINE
8
layer3
10
23.4039635
20
13.4387619
11
23.3929656
21
13.4083013
0
LINE
8
layer3
10
23.3929656
20
13.4083013
11
23.3933851
21
13.3834995
0
LINE
8
layer3
10
23.3933851
20
13.3834995
11
23.4146819
21
13.3439115
0
LINE
8
layer3
10
23.4146819
20
13.3439115
11
23.5872712
21
13.036224
0
LINE
8
layer3
10
23.5872712
20
13.036224
11
23.7559746
21
12.7263888
0
LINE
8
layer3
10
23.7559746
20
12.7263888
11
23.7781641
21
12.6872942
0
LINE
8
layer3
10
23.7781641
20
12.6872942
11
23.7989412
21
12.6737437
0
LINE
8
layer3
10
23.7989412
20
12.6737437
11
23.8305842
21
12.6668499
0
LINE
8
layer3
10
23.8305842
20
12.6668499
11
23.872828
21
12.6670716
0
LINE
8
layer3
10
23.872828
20
12.6670716
11
23.9253733
21
12.6748264
0
LINE
8
layer3
10
23.9253733
20
12.6748264
11
24.1448193
21
12.726025
0
LINE
8
layer3
10
24.1448193
20
12.726025
11
24.2982288
21
12.7579906
0
LINE
8
layer3
10
24.2982288
20
12.7579906
11
24.4638462
21
12.7889338
0
LINE
8
layer3
10
24.4638462
20
12.7889338
11
24.6437523
21
12.8186451
0
LINE
8
layer3
10
24.6437523
20
12.8186451
11
24.8348437
21
12.8460833
0
LINE
8
layer3
10
24.8348437
20
12.8460833
11
25.0354007
21
12.8706178
0
LINE
8
layer3
10
25.0354007
20
12.8706178
11
25.2513632
21
12.8924581
0
LINE
8
layer3
10
25.2513632
20
12.8924581
11
25.477074
21
12.9105113
0
LINE
8
layer3
10
25.477074
20
12.9105113
11
25.7147858
21
12.9245257
0
LINE
8
layer3
10
25.7147858
20
12.9245257
11
25.9560864
21
12.9337333
0
ARC
8
layer3
10
-0.0000026
20
5e-7
40
29
50
24.9418188
51
26.4867464
0
LINE
8
layer3
10
26.2953551
20
12.2292347
11
26.1377078
21
12.0463192
0
LINE
8
layer3
10
26.1377078
20
12.0463192
11
25.97854
21
11.8692064
0
LINE
8
layer3
10
25.97854
20
11.8692064
11
25.8236971
21
11.7039946
0
LINE
8
layer3
10
25.8236971
20
11.7039946
11
25.6719712
21
11.5487655
0
LINE
8
layer3
10
25.6719712
20
11.5487655
11
25.5277441
21
11.4072608
0
LINE
8
layer3
10
25.5277441
20
11.4072608
11
25.3871486
21
11.2749669
0
LINE
8
layer3
10
25.3871486
20
11.2749669
11
25.2517497
21
11.1528353
0
LINE
8
layer3
10
25.2517497
20
11.1528353
11
25.1242966
21
11.0426432
0
LINE
8
layer3
10
25.1242966
20
11.0426432
11
25.0036556
21
10.9426331
0
LINE
8
layer3
10
25.0036556
20
10.9426331
11
24.8268046
21
10.8029851
0
LINE
8
layer3
10
24.8268046
20
10.8029851
11
24.7879802
21
10.7667385
0
LINE
8
layer3
10
24.7879802
20
10.7667385
11
24.7614683
21
10.7338493
0
LINE
8
layer3
10
24.7614683
20
10.7338493
11
24.747129
21
10.7048115
0
LINE
8
layer3
10
24.747129
20
10.7048115
11
24.7447689
21
10.6801187
0
LINE
8
layer3
10
24.7447689
20
10.6801187
11
24.7614993
21
10.6383952
0
LINE
8
layer3
10
24.7614993
20
10.6383952
11
24.8985534
21
10.3133185
0
LINE
8
layer3
10
24.8985534
20
10.3133185
11
25.0315054
21
9.9865427
0
LINE
8
layer3
10
25.0315054
20
9.9865427
11
25.0491782
21
9.9452095
0
LINE
8
layer3
10
25.0491782
20
9.9452095
11
25.0683076
21
9.9294179
0
LINE
8
layer3
10
25.0683076
20
9.9294179
11
25.0989797
21
9.9190245
0
LINE
8
layer3
10
25.0989797
20
9.9190245
11
25.1409827
21
9.9145151
0
LINE
8
layer3
10
25.1409827
20
9.9145151
11
25.1940659
21
9.9163379
0
LINE
8
layer3
10
25.1940659
20
9.9163379
11
25.4178645
21
9.9426444
0
LINE
8
layer3
10
25.4178645
20
9.9426444
11
25.5738884
21
9.9572326
0
LINE
8
layer3
10
25.5738884
20
9.9572326
11
25.7419289
21
9.969438
0
LINE
8
layer3
10
25.7419289
20
9.969438
11
25.9240305
21
9.9788194
0
LINE
8
layer3
10
25.9240305
20
9.9788194
11
26.1169924
21
9.9846895
0
LINE
8
layer3
10
26.1169924
20
9.9846895
11
26.3190353
21
9.9866145
0
LINE
8
layer3
10
26.3190353
20
9.9866145
11
26.5360852
21
9.9841374
0
LINE
8
layer3
10
26.5360852
20
9.9841374
11
26.7623981
21
9.9768055
0
LINE
8
layer3
10
26.7623981
20
9.9768055
11
27.0001844
21
9.9641164
0
LINE
8
layer3
10
27.0001844
20
9.9641164
11
27.2409987
21
9.9462491
0
ARC
8
layer3
10
-0.0000017
20
-0.0000014
40
29
50
18.513252
51
20.0581796
0
LINE
8
layer3
10
27.4992553
20
9.2081942
11
27.3221192
21
9.0440797
0
LINE
8
layer3
10
27.3221192
20
9.0440797
11
27.1441218
21
8.8859017
0
LINE
8
layer3
10
27.1441218
20
8.8859017
11
26.9717547
21
8.7390656
0
LINE
8
layer3
10
26.9717547
20
8.7390656
11
26.8036027
21
8.6018005
0
LINE
8
layer3
10
26.8036027
20
8.6018005
11
26.644439
21
8.4773338
0
LINE
8
layer3
10
26.644439
20
8.4773338
11
26.4899153
21
8.3616135
0
LINE
8
layer3
10
26.4899153
20
8.3616135
11
26.3416934
21
8.2554097
0
LINE
8
layer3
10
26.3416934
20
8.2554097
11
26.2027041
21
8.1601807
0
LINE
8
layer3
10
26.2027041
20
8.1601807
11
26.071624
21
8.0743069
0
LINE
8
layer3
10
26.071624
20
8.0743069
11
25.8802494
21
7.955338
0
LINE
8
layer3
10
25.8802494
20
7.955338
11
25.8376108
21
7.9236663
0
LINE
8
layer3
10
25.8376108
20
7.9236663
11
25.8075831
21
7.8939523
0
LINE
8
layer3
10
25.8075831
20
7.8939523
11
25.7900829
21
7.8667026
0
LINE
8
layer3
10
25.7900829
20
7.8667026
11
25.7849729
21
7.8424293
0
LINE
8
layer3
10
25.7849729
20
7.8424293
11
25.7969266
21
7.7990949
0
LINE
8
layer3
10
25.7969266
20
7.7990949
11
25.8967218
21
7.460717
0
LINE
8
layer3
10
25.8967218
20
7.460717
11
25.9922506
21
7.12111
0
LINE
8
layer3
10
25.9922506
20
7.12111
11
26.0051844
21
7.078058
0
LINE
8
layer3
10
26.0051844
20
7.078058
11
26.0224254
21
7.0602239
0
LINE
8
layer3
10
26.0224254
20
7.0602239
11
26.051741
21
7.0464616
0
LINE
8
layer3
10
26.051741
20
7.0464616
11
26.092975
21
7.0372777
0
LINE
8
layer3
10
26.092975
20
7.0372777
11
26.1459284
21
7.0331456
0
LINE
8
layer3
10
26.1459284
20
7.0331456
11
26.3712652
21
7.0342292
0
LINE
8
layer3
10
26.3712652
20
7.0342292
11
26.5279415
21
7.0312566
0
LINE
8
layer3
10
26.5279415
20
7.0312566
11
26.696292
21
7.0245707
0
LINE
8
layer3
10
26.696292
20
7.0245707
11
26.8782989
21
7.0135041
0
LINE
8
layer3
10
26.8782989
20
7.0135041
11
27.0707048
21
6.9977325
0
LINE
8
layer3
10
27.0707048
20
6.9977325
11
27.2716928
21
6.9770238
0
LINE
8
layer3
10
27.2716928
20
6.9770238
11
27.4871006
21
6.9502603
0
LINE
8
layer3
10
27.4871006
20
6.9502603
11
27.7111696
21
6.9176355
0
LINE
8
layer3
10
27.7111696
20
6.9176355
11
27.94604
21
6.8784027
0
LINE
8
layer3
10
27.94604
20
6.8784027
11
28.1833396
21
6.833685
0
ARC
8
layer3
10
-0.0000018
20
-0.0000012
40
29
50
12.0846805
51
13.6296081
0
LINE
8
layer3
10
28.3573364
20
6.0713553
11
28.1629391
21
5.9281057
0
LINE
8
layer3
10
28.1629391
20
5.9281057
11
27.9683506
21
5.7908516
0
LINE
8
layer3
10
27.9683506
20
5.7908516
11
27.7806269
21
5.6642378
0
LINE
8
layer3
10
27.7806269
20
5.6642378
11
27.5981634
21
5.5466628
0
LINE
8
layer3
10
27.5981634
20
5.5466628
11
27.4260646
21
5.4407995
0
LINE
8
layer3
10
27.4260646
20
5.4407995
11
27.2595559
21
5.3431079
0
LINE
8
layer3
10
27.2595559
20
5.3431079
11
27.1003749
21
5.2541675
0
LINE
8
layer3
10
27.1003749
20
5.2541675
11
26.9515973
21
5.1750992
0
LINE
8
layer3
10
26.9515973
20
5.1750992
11
26.8117266
21
5.1044416
0
LINE
8
layer3
10
26.8117266
20
5.1044416
11
26.6082351
21
5.0076479
0
LINE
8
layer3
10
26.6082351
20
5.0076479
11
26.5623185
21
4.9809494
0
LINE
8
layer3
10
26.5623185
20
4.9809494
11
26.5291527
21
4.9547842
0
LINE
8
layer3
10
26.5291527
20
4.9547842
11
26.5087115
21
4.9296653
0
LINE
8
layer3
10
26.5087115
20
4.9296653
11
26.5009159
21
4.9061168
0
LINE
8
layer3
10
26.5009159
20
4.9061168
11
26.5079425
21
4.8617164
0
LINE
8
layer3
10
26.5079425
20
4.8617164
11
26.5692239
21
4.5142927
0
LINE
8
layer3
10
26.5692239
20
4.5142927
11
26.6261282
21
4.1661253
0
LINE
8
layer3
10
26.6261282
20
4.1661253
11
26.6341604
21
4.1218958
0
LINE
8
layer3
10
26.6341604
20
4.1218958
11
26.6492961
21
4.1022435
0
LINE
8
layer3
10
26.6492961
20
4.1022435
11
26.6768865
21
4.0852854
0
LINE
8
layer3
10
26.6768865
20
4.0852854
11
26.7168329
21
4.0715425
0
LINE
8
layer3
10
26.7168329
20
4.0715425
11
26.7689908
21
4.0615075
0
LINE
8
layer3
10
26.7689908
20
4.0615075
11
26.993032
21
4.0373546
0
LINE
8
layer3
10
26.993032
20
4.0373546
11
27.1483903
21
4.0168584
0
LINE
8
layer3
10
27.1483903
20
4.0168584
11
27.3149337
21
3.9913653
0
LINE
8
layer3
10
27.3149337
20
3.9913653
11
27.4945571
21
3.95999
0
LINE
8
layer3
10
27.4945571
20
3.95999
11
27.6839873
21
3.922775
0
LINE
8
layer3
10
27.6839873
20
3.922775
11
27.881393
21
3.8796929
0
LINE
8
layer3
10
27.881393
20
3.8796929
11
28.0924498
21
3.8289797
0
LINE
8
layer3
10
28.0924498
20
3.8289797
11
28.311457
21
3.7714723
0
LINE
8
layer3
10
28.311457
20
3.7714723
11
28.5404579
21
3.706189
0
LINE
8
layer3
10
28.5404579
20
3.706189
11
28.7712586
21
3.6351834
0
ARC
8
layer3
10
-0.000002
20
-9e-7
40
29
50
5.656109
51
7.2010366
0
LINE
8
layer3
10
28.8588075
20
2.8581656
11
28.6495936
21
2.7375823
0
ENDSEC
0
EOF