ISO-10303-21;
HEADER;
/* Generated by software containing ST-Developer
 * from STEP Tools, Inc. (www.steptools.com) 
 */
/* OPTION: using custom renumber hook */

FILE_DESCRIPTION(
/* description */ ('STEP AP242',
'CAx-IF Rec.Pracs.---Representation and Presentation of Product Manufa
cturing Information (PMI)---4.0---2014-10-13',
'CAx-IF Rec.Pracs.---3D Tessellated Geometry---0.4---2014-09-14','2;1'),

/* implementation_level */ '2;1');

FILE_NAME(
/* name */ '6887af12d05deb5ff8cefcb9',
/* time_stamp */ '2025-07-28T17:10:43Z',
/* author */ (''),
/* organization */ (''),
/* preprocessor_version */ 'ST-DEVELOPER v20',
/* originating_system */ 'ONSHAPE BY PTC INC, 1.201',
/* authorisation */ '  ');

FILE_SCHEMA (('AP242_MANAGED_MODEL_BASED_3D_ENGINEERING_MIM_LF { 1 0 10303 442 1 1 4 }'));
ENDSEC;

DATA;
#10=SHAPE_REPRESENTATION_RELATIONSHIP('','',#10119,#11);
#11=ADVANCED_BREP_SHAPE_REPRESENTATION('',(#10117),#16981);
#12=LINE('',#14110,#884);
#13=LINE('',#14113,#885);
#14=LINE('',#14115,#886);
#15=LINE('',#14117,#887);
#16=LINE('',#14119,#888);
#17=LINE('',#14121,#889);
#18=LINE('',#14122,#890);
#19=LINE('',#14125,#891);
#20=LINE('',#14127,#892);
#21=LINE('',#14129,#893);
#22=LINE('',#14131,#894);
#23=LINE('',#14133,#895);
#24=LINE('',#14134,#896);
#25=LINE('',#14137,#897);
#26=LINE('',#14139,#898);
#27=LINE('',#14141,#899);
#28=LINE('',#14143,#900);
#29=LINE('',#14145,#901);
#30=LINE('',#14171,#902);
#31=LINE('',#14175,#903);
#32=LINE('',#14179,#904);
#33=LINE('',#14183,#905);
#34=LINE('',#14187,#906);
#35=LINE('',#14195,#907);
#36=LINE('',#14199,#908);
#37=LINE('',#14203,#909);
#38=LINE('',#14207,#910);
#39=LINE('',#14211,#911);
#40=LINE('',#14219,#912);
#41=LINE('',#14223,#913);
#42=LINE('',#14227,#914);
#43=LINE('',#14231,#915);
#44=LINE('',#14235,#916);
#45=LINE('',#14243,#917);
#46=LINE('',#14247,#918);
#47=LINE('',#14251,#919);
#48=LINE('',#14255,#920);
#49=LINE('',#14259,#921);
#50=LINE('',#14262,#922);
#51=LINE('',#14265,#923);
#52=LINE('',#14267,#924);
#53=LINE('',#14269,#925);
#54=LINE('',#14271,#926);
#55=LINE('',#14273,#927);
#56=LINE('',#14274,#928);
#57=LINE('',#14277,#929);
#58=LINE('',#14279,#930);
#59=LINE('',#14281,#931);
#60=LINE('',#14283,#932);
#61=LINE('',#14285,#933);
#62=LINE('',#14286,#934);
#63=LINE('',#14289,#935);
#64=LINE('',#14291,#936);
#65=LINE('',#14293,#937);
#66=LINE('',#14295,#938);
#67=LINE('',#14297,#939);
#68=LINE('',#14299,#940);
#69=LINE('',#14302,#941);
#70=LINE('',#14304,#942);
#71=LINE('',#14306,#943);
#72=LINE('',#14308,#944);
#73=LINE('',#14310,#945);
#74=LINE('',#14311,#946);
#75=LINE('',#14314,#947);
#76=LINE('',#14316,#948);
#77=LINE('',#14318,#949);
#78=LINE('',#14320,#950);
#79=LINE('',#14322,#951);
#80=LINE('',#14323,#952);
#81=LINE('',#14326,#953);
#82=LINE('',#14328,#954);
#83=LINE('',#14330,#955);
#84=LINE('',#14332,#956);
#85=LINE('',#14334,#957);
#86=LINE('',#14360,#958);
#87=LINE('',#14364,#959);
#88=LINE('',#14368,#960);
#89=LINE('',#14372,#961);
#90=LINE('',#14376,#962);
#91=LINE('',#14384,#963);
#92=LINE('',#14388,#964);
#93=LINE('',#14392,#965);
#94=LINE('',#14396,#966);
#95=LINE('',#14400,#967);
#96=LINE('',#14408,#968);
#97=LINE('',#14412,#969);
#98=LINE('',#14416,#970);
#99=LINE('',#14420,#971);
#100=LINE('',#14424,#972);
#101=LINE('',#14432,#973);
#102=LINE('',#14436,#974);
#103=LINE('',#14440,#975);
#104=LINE('',#14444,#976);
#105=LINE('',#14448,#977);
#106=LINE('',#14451,#978);
#107=LINE('',#14454,#979);
#108=LINE('',#14456,#980);
#109=LINE('',#14458,#981);
#110=LINE('',#14460,#982);
#111=LINE('',#14462,#983);
#112=LINE('',#14463,#984);
#113=LINE('',#14466,#985);
#114=LINE('',#14468,#986);
#115=LINE('',#14470,#987);
#116=LINE('',#14472,#988);
#117=LINE('',#14474,#989);
#118=LINE('',#14475,#990);
#119=LINE('',#14478,#991);
#120=LINE('',#14480,#992);
#121=LINE('',#14482,#993);
#122=LINE('',#14484,#994);
#123=LINE('',#14486,#995);
#124=LINE('',#14510,#996);
#125=LINE('',#14513,#997);
#126=LINE('',#14515,#998);
#127=LINE('',#14517,#999);
#128=LINE('',#14519,#1000);
#129=LINE('',#14521,#1001);
#130=LINE('',#14522,#1002);
#131=LINE('',#14525,#1003);
#132=LINE('',#14527,#1004);
#133=LINE('',#14529,#1005);
#134=LINE('',#14531,#1006);
#135=LINE('',#14533,#1007);
#136=LINE('',#14534,#1008);
#137=LINE('',#14537,#1009);
#138=LINE('',#14539,#1010);
#139=LINE('',#14541,#1011);
#140=LINE('',#14543,#1012);
#141=LINE('',#14545,#1013);
#142=LINE('',#14546,#1014);
#143=LINE('',#14549,#1015);
#144=LINE('',#14551,#1016);
#145=LINE('',#14553,#1017);
#146=LINE('',#14555,#1018);
#147=LINE('',#14557,#1019);
#148=LINE('',#14579,#1020);
#149=LINE('',#14583,#1021);
#150=LINE('',#14587,#1022);
#151=LINE('',#14591,#1023);
#152=LINE('',#14595,#1024);
#153=LINE('',#14603,#1025);
#154=LINE('',#14607,#1026);
#155=LINE('',#14611,#1027);
#156=LINE('',#14615,#1028);
#157=LINE('',#14619,#1029);
#158=LINE('',#14627,#1030);
#159=LINE('',#14631,#1031);
#160=LINE('',#14635,#1032);
#161=LINE('',#14639,#1033);
#162=LINE('',#14643,#1034);
#163=LINE('',#14651,#1035);
#164=LINE('',#14655,#1036);
#165=LINE('',#14659,#1037);
#166=LINE('',#14663,#1038);
#167=LINE('',#14667,#1039);
#168=LINE('',#14670,#1040);
#169=LINE('',#14673,#1041);
#170=LINE('',#14675,#1042);
#171=LINE('',#14677,#1043);
#172=LINE('',#14679,#1044);
#173=LINE('',#14681,#1045);
#174=LINE('',#14682,#1046);
#175=LINE('',#14685,#1047);
#176=LINE('',#14687,#1048);
#177=LINE('',#14689,#1049);
#178=LINE('',#14691,#1050);
#179=LINE('',#14693,#1051);
#180=LINE('',#14694,#1052);
#181=LINE('',#14697,#1053);
#182=LINE('',#14699,#1054);
#183=LINE('',#14701,#1055);
#184=LINE('',#14703,#1056);
#185=LINE('',#14705,#1057);
#186=LINE('',#14706,#1058);
#187=LINE('',#14709,#1059);
#188=LINE('',#14711,#1060);
#189=LINE('',#14713,#1061);
#190=LINE('',#14715,#1062);
#191=LINE('',#14717,#1063);
#192=LINE('',#14719,#1064);
#193=LINE('',#14722,#1065);
#194=LINE('',#14724,#1066);
#195=LINE('',#14726,#1067);
#196=LINE('',#14728,#1068);
#197=LINE('',#14730,#1069);
#198=LINE('',#14731,#1070);
#199=LINE('',#14734,#1071);
#200=LINE('',#14736,#1072);
#201=LINE('',#14738,#1073);
#202=LINE('',#14740,#1074);
#203=LINE('',#14742,#1075);
#204=LINE('',#14743,#1076);
#205=LINE('',#14746,#1077);
#206=LINE('',#14748,#1078);
#207=LINE('',#14750,#1079);
#208=LINE('',#14752,#1080);
#209=LINE('',#14754,#1081);
#210=LINE('',#14755,#1082);
#211=LINE('',#14758,#1083);
#212=LINE('',#14760,#1084);
#213=LINE('',#14762,#1085);
#214=LINE('',#14764,#1086);
#215=LINE('',#14766,#1087);
#216=LINE('',#14788,#1088);
#217=LINE('',#14792,#1089);
#218=LINE('',#14796,#1090);
#219=LINE('',#14800,#1091);
#220=LINE('',#14804,#1092);
#221=LINE('',#14812,#1093);
#222=LINE('',#14816,#1094);
#223=LINE('',#14820,#1095);
#224=LINE('',#14824,#1096);
#225=LINE('',#14828,#1097);
#226=LINE('',#14836,#1098);
#227=LINE('',#14840,#1099);
#228=LINE('',#14844,#1100);
#229=LINE('',#14848,#1101);
#230=LINE('',#14852,#1102);
#231=LINE('',#14860,#1103);
#232=LINE('',#14864,#1104);
#233=LINE('',#14868,#1105);
#234=LINE('',#14872,#1106);
#235=LINE('',#14876,#1107);
#236=LINE('',#14879,#1108);
#237=LINE('',#14882,#1109);
#238=LINE('',#14884,#1110);
#239=LINE('',#14886,#1111);
#240=LINE('',#14888,#1112);
#241=LINE('',#14890,#1113);
#242=LINE('',#14891,#1114);
#243=LINE('',#14894,#1115);
#244=LINE('',#14896,#1116);
#245=LINE('',#14898,#1117);
#246=LINE('',#14900,#1118);
#247=LINE('',#14902,#1119);
#248=LINE('',#14903,#1120);
#249=LINE('',#14906,#1121);
#250=LINE('',#14908,#1122);
#251=LINE('',#14910,#1123);
#252=LINE('',#14912,#1124);
#253=LINE('',#14914,#1125);
#254=LINE('',#14915,#1126);
#255=LINE('',#14918,#1127);
#256=LINE('',#14920,#1128);
#257=LINE('',#14922,#1129);
#258=LINE('',#14924,#1130);
#259=LINE('',#14926,#1131);
#260=LINE('',#14939,#1132);
#261=LINE('',#14942,#1133);
#262=LINE('',#14944,#1134);
#263=LINE('',#14946,#1135);
#264=LINE('',#14948,#1136);
#265=LINE('',#14950,#1137);
#266=LINE('',#14951,#1138);
#267=LINE('',#14954,#1139);
#268=LINE('',#14956,#1140);
#269=LINE('',#14958,#1141);
#270=LINE('',#14960,#1142);
#271=LINE('',#14962,#1143);
#272=LINE('',#14963,#1144);
#273=LINE('',#14966,#1145);
#274=LINE('',#14968,#1146);
#275=LINE('',#14970,#1147);
#276=LINE('',#14972,#1148);
#277=LINE('',#14974,#1149);
#278=LINE('',#15000,#1150);
#279=LINE('',#15004,#1151);
#280=LINE('',#15008,#1152);
#281=LINE('',#15012,#1153);
#282=LINE('',#15016,#1154);
#283=LINE('',#15024,#1155);
#284=LINE('',#15028,#1156);
#285=LINE('',#15032,#1157);
#286=LINE('',#15036,#1158);
#287=LINE('',#15040,#1159);
#288=LINE('',#15048,#1160);
#289=LINE('',#15052,#1161);
#290=LINE('',#15056,#1162);
#291=LINE('',#15060,#1163);
#292=LINE('',#15064,#1164);
#293=LINE('',#15072,#1165);
#294=LINE('',#15076,#1166);
#295=LINE('',#15080,#1167);
#296=LINE('',#15084,#1168);
#297=LINE('',#15088,#1169);
#298=LINE('',#15091,#1170);
#299=LINE('',#15094,#1171);
#300=LINE('',#15096,#1172);
#301=LINE('',#15098,#1173);
#302=LINE('',#15100,#1174);
#303=LINE('',#15102,#1175);
#304=LINE('',#15103,#1176);
#305=LINE('',#15106,#1177);
#306=LINE('',#15108,#1178);
#307=LINE('',#15110,#1179);
#308=LINE('',#15112,#1180);
#309=LINE('',#15114,#1181);
#310=LINE('',#15115,#1182);
#311=LINE('',#15118,#1183);
#312=LINE('',#15120,#1184);
#313=LINE('',#15122,#1185);
#314=LINE('',#15124,#1186);
#315=LINE('',#15126,#1187);
#316=LINE('',#15128,#1188);
#317=LINE('',#15131,#1189);
#318=LINE('',#15133,#1190);
#319=LINE('',#15135,#1191);
#320=LINE('',#15137,#1192);
#321=LINE('',#15139,#1193);
#322=LINE('',#15140,#1194);
#323=LINE('',#15143,#1195);
#324=LINE('',#15145,#1196);
#325=LINE('',#15147,#1197);
#326=LINE('',#15149,#1198);
#327=LINE('',#15151,#1199);
#328=LINE('',#15152,#1200);
#329=LINE('',#15155,#1201);
#330=LINE('',#15157,#1202);
#331=LINE('',#15159,#1203);
#332=LINE('',#15161,#1204);
#333=LINE('',#15163,#1205);
#334=LINE('',#15189,#1206);
#335=LINE('',#15193,#1207);
#336=LINE('',#15197,#1208);
#337=LINE('',#15201,#1209);
#338=LINE('',#15205,#1210);
#339=LINE('',#15213,#1211);
#340=LINE('',#15217,#1212);
#341=LINE('',#15221,#1213);
#342=LINE('',#15225,#1214);
#343=LINE('',#15229,#1215);
#344=LINE('',#15237,#1216);
#345=LINE('',#15241,#1217);
#346=LINE('',#15245,#1218);
#347=LINE('',#15249,#1219);
#348=LINE('',#15253,#1220);
#349=LINE('',#15261,#1221);
#350=LINE('',#15265,#1222);
#351=LINE('',#15269,#1223);
#352=LINE('',#15273,#1224);
#353=LINE('',#15277,#1225);
#354=LINE('',#15280,#1226);
#355=LINE('',#15283,#1227);
#356=LINE('',#15285,#1228);
#357=LINE('',#15287,#1229);
#358=LINE('',#15289,#1230);
#359=LINE('',#15291,#1231);
#360=LINE('',#15292,#1232);
#361=LINE('',#15295,#1233);
#362=LINE('',#15297,#1234);
#363=LINE('',#15299,#1235);
#364=LINE('',#15301,#1236);
#365=LINE('',#15303,#1237);
#366=LINE('',#15304,#1238);
#367=LINE('',#15307,#1239);
#368=LINE('',#15309,#1240);
#369=LINE('',#15311,#1241);
#370=LINE('',#15313,#1242);
#371=LINE('',#15315,#1243);
#372=LINE('',#15328,#1244);
#373=LINE('',#15331,#1245);
#374=LINE('',#15333,#1246);
#375=LINE('',#15335,#1247);
#376=LINE('',#15337,#1248);
#377=LINE('',#15339,#1249);
#378=LINE('',#15340,#1250);
#379=LINE('',#15343,#1251);
#380=LINE('',#15345,#1252);
#381=LINE('',#15347,#1253);
#382=LINE('',#15349,#1254);
#383=LINE('',#15351,#1255);
#384=LINE('',#15381,#1256);
#385=LINE('',#15385,#1257);
#386=LINE('',#15389,#1258);
#387=LINE('',#15393,#1259);
#388=LINE('',#15397,#1260);
#389=LINE('',#15405,#1261);
#390=LINE('',#15409,#1262);
#391=LINE('',#15413,#1263);
#392=LINE('',#15417,#1264);
#393=LINE('',#15421,#1265);
#394=LINE('',#15429,#1266);
#395=LINE('',#15433,#1267);
#396=LINE('',#15437,#1268);
#397=LINE('',#15441,#1269);
#398=LINE('',#15445,#1270);
#399=LINE('',#15453,#1271);
#400=LINE('',#15457,#1272);
#401=LINE('',#15461,#1273);
#402=LINE('',#15465,#1274);
#403=LINE('',#15469,#1275);
#404=LINE('',#15472,#1276);
#405=LINE('',#15475,#1277);
#406=LINE('',#15477,#1278);
#407=LINE('',#15479,#1279);
#408=LINE('',#15481,#1280);
#409=LINE('',#15483,#1281);
#410=LINE('',#15484,#1282);
#411=LINE('',#15487,#1283);
#412=LINE('',#15489,#1284);
#413=LINE('',#15491,#1285);
#414=LINE('',#15493,#1286);
#415=LINE('',#15495,#1287);
#416=LINE('',#15500,#1288);
#417=LINE('',#15501,#1289);
#418=LINE('',#15505,#1290);
#419=LINE('',#15507,#1291);
#420=LINE('',#15509,#1292);
#421=LINE('',#15513,#1293);
#422=LINE('',#15515,#1294);
#423=LINE('',#15517,#1295);
#424=LINE('',#15521,#1296);
#425=LINE('',#15523,#1297);
#426=LINE('',#15525,#1298);
#427=LINE('',#15529,#1299);
#428=LINE('',#15531,#1300);
#429=LINE('',#15533,#1301);
#430=LINE('',#15537,#1302);
#431=LINE('',#15539,#1303);
#432=LINE('',#15541,#1304);
#433=LINE('',#15545,#1305);
#434=LINE('',#15549,#1306);
#435=LINE('',#15553,#1307);
#436=LINE('',#15555,#1308);
#437=LINE('',#15557,#1309);
#438=LINE('',#15561,#1310);
#439=LINE('',#15563,#1311);
#440=LINE('',#15565,#1312);
#441=LINE('',#15569,#1313);
#442=LINE('',#15571,#1314);
#443=LINE('',#15573,#1315);
#444=LINE('',#15577,#1316);
#445=LINE('',#15579,#1317);
#446=LINE('',#15581,#1318);
#447=LINE('',#15585,#1319);
#448=LINE('',#15587,#1320);
#449=LINE('',#15589,#1321);
#450=LINE('',#15593,#1322);
#451=LINE('',#15597,#1323);
#452=LINE('',#15601,#1324);
#453=LINE('',#15603,#1325);
#454=LINE('',#15605,#1326);
#455=LINE('',#15609,#1327);
#456=LINE('',#15611,#1328);
#457=LINE('',#15613,#1329);
#458=LINE('',#15617,#1330);
#459=LINE('',#15619,#1331);
#460=LINE('',#15621,#1332);
#461=LINE('',#15625,#1333);
#462=LINE('',#15627,#1334);
#463=LINE('',#15629,#1335);
#464=LINE('',#15633,#1336);
#465=LINE('',#15635,#1337);
#466=LINE('',#15637,#1338);
#467=LINE('',#15641,#1339);
#468=LINE('',#15645,#1340);
#469=LINE('',#15649,#1341);
#470=LINE('',#15651,#1342);
#471=LINE('',#15653,#1343);
#472=LINE('',#15657,#1344);
#473=LINE('',#15659,#1345);
#474=LINE('',#15661,#1346);
#475=LINE('',#15665,#1347);
#476=LINE('',#15667,#1348);
#477=LINE('',#15669,#1349);
#478=LINE('',#15673,#1350);
#479=LINE('',#15675,#1351);
#480=LINE('',#15677,#1352);
#481=LINE('',#15681,#1353);
#482=LINE('',#15683,#1354);
#483=LINE('',#15685,#1355);
#484=LINE('',#15769,#1356);
#485=LINE('',#15770,#1357);
#486=LINE('',#15772,#1358);
#487=LINE('',#15774,#1359);
#488=LINE('',#15776,#1360);
#489=LINE('',#15778,#1361);
#490=LINE('',#15780,#1362);
#491=LINE('',#15782,#1363);
#492=LINE('',#15784,#1364);
#493=LINE('',#15786,#1365);
#494=LINE('',#15788,#1366);
#495=LINE('',#15790,#1367);
#496=LINE('',#15792,#1368);
#497=LINE('',#15794,#1369);
#498=LINE('',#15796,#1370);
#499=LINE('',#15798,#1371);
#500=LINE('',#15800,#1372);
#501=LINE('',#15802,#1373);
#502=LINE('',#15804,#1374);
#503=LINE('',#15806,#1375);
#504=LINE('',#15808,#1376);
#505=LINE('',#15810,#1377);
#506=LINE('',#15812,#1378);
#507=LINE('',#15814,#1379);
#508=LINE('',#15816,#1380);
#509=LINE('',#15818,#1381);
#510=LINE('',#15820,#1382);
#511=LINE('',#15822,#1383);
#512=LINE('',#15824,#1384);
#513=LINE('',#15826,#1385);
#514=LINE('',#15828,#1386);
#515=LINE('',#15830,#1387);
#516=LINE('',#15832,#1388);
#517=LINE('',#15834,#1389);
#518=LINE('',#15836,#1390);
#519=LINE('',#15838,#1391);
#520=LINE('',#15840,#1392);
#521=LINE('',#15842,#1393);
#522=LINE('',#15844,#1394);
#523=LINE('',#15846,#1395);
#524=LINE('',#15848,#1396);
#525=LINE('',#15850,#1397);
#526=LINE('',#15852,#1398);
#527=LINE('',#15854,#1399);
#528=LINE('',#15856,#1400);
#529=LINE('',#15858,#1401);
#530=LINE('',#15860,#1402);
#531=LINE('',#15862,#1403);
#532=LINE('',#15909,#1404);
#533=LINE('',#15910,#1405);
#534=LINE('',#15912,#1406);
#535=LINE('',#15914,#1407);
#536=LINE('',#15916,#1408);
#537=LINE('',#15918,#1409);
#538=LINE('',#15966,#1410);
#539=LINE('',#15970,#1411);
#540=LINE('',#15972,#1412);
#541=LINE('',#15976,#1413);
#542=LINE('',#15978,#1414);
#543=LINE('',#15980,#1415);
#544=LINE('',#15984,#1416);
#545=LINE('',#15986,#1417);
#546=LINE('',#15988,#1418);
#547=LINE('',#15992,#1419);
#548=LINE('',#15994,#1420);
#549=LINE('',#15996,#1421);
#550=LINE('',#16000,#1422);
#551=LINE('',#16002,#1423);
#552=LINE('',#16004,#1424);
#553=LINE('',#16008,#1425);
#554=LINE('',#16010,#1426);
#555=LINE('',#16012,#1427);
#556=LINE('',#16016,#1428);
#557=LINE('',#16020,#1429);
#558=LINE('',#16024,#1430);
#559=LINE('',#16026,#1431);
#560=LINE('',#16028,#1432);
#561=LINE('',#16032,#1433);
#562=LINE('',#16034,#1434);
#563=LINE('',#16036,#1435);
#564=LINE('',#16040,#1436);
#565=LINE('',#16042,#1437);
#566=LINE('',#16044,#1438);
#567=LINE('',#16048,#1439);
#568=LINE('',#16050,#1440);
#569=LINE('',#16052,#1441);
#570=LINE('',#16056,#1442);
#571=LINE('',#16058,#1443);
#572=LINE('',#16060,#1444);
#573=LINE('',#16064,#1445);
#574=LINE('',#16068,#1446);
#575=LINE('',#16072,#1447);
#576=LINE('',#16074,#1448);
#577=LINE('',#16076,#1449);
#578=LINE('',#16080,#1450);
#579=LINE('',#16082,#1451);
#580=LINE('',#16084,#1452);
#581=LINE('',#16088,#1453);
#582=LINE('',#16090,#1454);
#583=LINE('',#16092,#1455);
#584=LINE('',#16096,#1456);
#585=LINE('',#16098,#1457);
#586=LINE('',#16100,#1458);
#587=LINE('',#16104,#1459);
#588=LINE('',#16106,#1460);
#589=LINE('',#16108,#1461);
#590=LINE('',#16112,#1462);
#591=LINE('',#16116,#1463);
#592=LINE('',#16120,#1464);
#593=LINE('',#16122,#1465);
#594=LINE('',#16124,#1466);
#595=LINE('',#16128,#1467);
#596=LINE('',#16130,#1468);
#597=LINE('',#16132,#1469);
#598=LINE('',#16136,#1470);
#599=LINE('',#16138,#1471);
#600=LINE('',#16140,#1472);
#601=LINE('',#16144,#1473);
#602=LINE('',#16146,#1474);
#603=LINE('',#16148,#1475);
#604=LINE('',#16152,#1476);
#605=LINE('',#16154,#1477);
#606=LINE('',#16222,#1478);
#607=LINE('',#16223,#1479);
#608=LINE('',#16225,#1480);
#609=LINE('',#16227,#1481);
#610=LINE('',#16229,#1482);
#611=LINE('',#16231,#1483);
#612=LINE('',#16233,#1484);
#613=LINE('',#16235,#1485);
#614=LINE('',#16237,#1486);
#615=LINE('',#16239,#1487);
#616=LINE('',#16241,#1488);
#617=LINE('',#16243,#1489);
#618=LINE('',#16245,#1490);
#619=LINE('',#16247,#1491);
#620=LINE('',#16249,#1492);
#621=LINE('',#16251,#1493);
#622=LINE('',#16253,#1494);
#623=LINE('',#16255,#1495);
#624=LINE('',#16257,#1496);
#625=LINE('',#16259,#1497);
#626=LINE('',#16261,#1498);
#627=LINE('',#16263,#1499);
#628=LINE('',#16265,#1500);
#629=LINE('',#16267,#1501);
#630=LINE('',#16269,#1502);
#631=LINE('',#16271,#1503);
#632=LINE('',#16273,#1504);
#633=LINE('',#16275,#1505);
#634=LINE('',#16277,#1506);
#635=LINE('',#16279,#1507);
#636=LINE('',#16281,#1508);
#637=LINE('',#16283,#1509);
#638=LINE('',#16285,#1510);
#639=LINE('',#16287,#1511);
#640=LINE('',#16289,#1512);
#641=LINE('',#16291,#1513);
#642=LINE('',#16293,#1514);
#643=LINE('',#16295,#1515);
#644=LINE('',#16297,#1516);
#645=LINE('',#16299,#1517);
#646=LINE('',#16301,#1518);
#647=LINE('',#16303,#1519);
#648=LINE('',#16305,#1520);
#649=LINE('',#16307,#1521);
#650=LINE('',#16309,#1522);
#651=LINE('',#16311,#1523);
#652=LINE('',#16313,#1524);
#653=LINE('',#16315,#1525);
#654=LINE('',#16347,#1526);
#655=LINE('',#16348,#1527);
#656=LINE('',#16350,#1528);
#657=LINE('',#16352,#1529);
#658=LINE('',#16354,#1530);
#659=LINE('',#16356,#1531);
#660=LINE('',#16363,#1532);
#661=LINE('',#16364,#1533);
#662=LINE('',#16366,#1534);
#663=LINE('',#16368,#1535);
#664=LINE('',#16370,#1536);
#665=LINE('',#16372,#1537);
#666=LINE('',#16379,#1538);
#667=LINE('',#16380,#1539);
#668=LINE('',#16382,#1540);
#669=LINE('',#16384,#1541);
#670=LINE('',#16386,#1542);
#671=LINE('',#16388,#1543);
#672=LINE('',#16395,#1544);
#673=LINE('',#16396,#1545);
#674=LINE('',#16398,#1546);
#675=LINE('',#16400,#1547);
#676=LINE('',#16402,#1548);
#677=LINE('',#16404,#1549);
#678=LINE('',#16411,#1550);
#679=LINE('',#16412,#1551);
#680=LINE('',#16414,#1552);
#681=LINE('',#16416,#1553);
#682=LINE('',#16418,#1554);
#683=LINE('',#16420,#1555);
#684=LINE('',#16424,#1556);
#685=LINE('',#16425,#1557);
#686=LINE('',#16427,#1558);
#687=LINE('',#16429,#1559);
#688=LINE('',#16431,#1560);
#689=LINE('',#16433,#1561);
#690=LINE('',#16436,#1562);
#691=LINE('',#16437,#1563);
#692=LINE('',#16439,#1564);
#693=LINE('',#16441,#1565);
#694=LINE('',#16443,#1566);
#695=LINE('',#16445,#1567);
#696=LINE('',#16448,#1568);
#697=LINE('',#16449,#1569);
#698=LINE('',#16451,#1570);
#699=LINE('',#16453,#1571);
#700=LINE('',#16455,#1572);
#701=LINE('',#16457,#1573);
#702=LINE('',#16460,#1574);
#703=LINE('',#16461,#1575);
#704=LINE('',#16463,#1576);
#705=LINE('',#16465,#1577);
#706=LINE('',#16467,#1578);
#707=LINE('',#16469,#1579);
#708=LINE('',#16489,#1580);
#709=LINE('',#16492,#1581);
#710=LINE('',#16493,#1582);
#711=LINE('',#16495,#1583);
#712=LINE('',#16497,#1584);
#713=LINE('',#16499,#1585);
#714=LINE('',#16501,#1586);
#715=LINE('',#16503,#1587);
#716=LINE('',#16505,#1588);
#717=LINE('',#16507,#1589);
#718=LINE('',#16509,#1590);
#719=LINE('',#16511,#1591);
#720=LINE('',#16514,#1592);
#721=LINE('',#16517,#1593);
#722=LINE('',#16519,#1594);
#723=LINE('',#16521,#1595);
#724=LINE('',#16523,#1596);
#725=LINE('',#16525,#1597);
#726=LINE('',#16526,#1598);
#727=LINE('',#16529,#1599);
#728=LINE('',#16531,#1600);
#729=LINE('',#16533,#1601);
#730=LINE('',#16535,#1602);
#731=LINE('',#16537,#1603);
#732=LINE('',#16567,#1604);
#733=LINE('',#16571,#1605);
#734=LINE('',#16575,#1606);
#735=LINE('',#16579,#1607);
#736=LINE('',#16583,#1608);
#737=LINE('',#16591,#1609);
#738=LINE('',#16595,#1610);
#739=LINE('',#16599,#1611);
#740=LINE('',#16603,#1612);
#741=LINE('',#16607,#1613);
#742=LINE('',#16615,#1614);
#743=LINE('',#16619,#1615);
#744=LINE('',#16623,#1616);
#745=LINE('',#16627,#1617);
#746=LINE('',#16631,#1618);
#747=LINE('',#16639,#1619);
#748=LINE('',#16643,#1620);
#749=LINE('',#16647,#1621);
#750=LINE('',#16651,#1622);
#751=LINE('',#16655,#1623);
#752=LINE('',#16658,#1624);
#753=LINE('',#16661,#1625);
#754=LINE('',#16663,#1626);
#755=LINE('',#16665,#1627);
#756=LINE('',#16667,#1628);
#757=LINE('',#16669,#1629);
#758=LINE('',#16676,#1630);
#759=LINE('',#16677,#1631);
#760=LINE('',#16679,#1632);
#761=LINE('',#16681,#1633);
#762=LINE('',#16683,#1634);
#763=LINE('',#16685,#1635);
#764=LINE('',#16694,#1636);
#765=LINE('',#16695,#1637);
#766=LINE('',#16697,#1638);
#767=LINE('',#16699,#1639);
#768=LINE('',#16701,#1640);
#769=LINE('',#16703,#1641);
#770=LINE('',#16712,#1642);
#771=LINE('',#16713,#1643);
#772=LINE('',#16715,#1644);
#773=LINE('',#16717,#1645);
#774=LINE('',#16719,#1646);
#775=LINE('',#16721,#1647);
#776=LINE('',#16725,#1648);
#777=LINE('',#16726,#1649);
#778=LINE('',#16728,#1650);
#779=LINE('',#16730,#1651);
#780=LINE('',#16732,#1652);
#781=LINE('',#16734,#1653);
#782=LINE('',#16736,#1654);
#783=LINE('',#16738,#1655);
#784=LINE('',#16740,#1656);
#785=LINE('',#16742,#1657);
#786=LINE('',#16744,#1658);
#787=LINE('',#16746,#1659);
#788=LINE('',#16748,#1660);
#789=LINE('',#16750,#1661);
#790=LINE('',#16752,#1662);
#791=LINE('',#16754,#1663);
#792=LINE('',#16756,#1664);
#793=LINE('',#16758,#1665);
#794=LINE('',#16760,#1666);
#795=LINE('',#16762,#1667);
#796=LINE('',#16764,#1668);
#797=LINE('',#16766,#1669);
#798=LINE('',#16768,#1670);
#799=LINE('',#16770,#1671);
#800=LINE('',#16772,#1672);
#801=LINE('',#16774,#1673);
#802=LINE('',#16776,#1674);
#803=LINE('',#16778,#1675);
#804=LINE('',#16780,#1676);
#805=LINE('',#16782,#1677);
#806=LINE('',#16784,#1678);
#807=LINE('',#16786,#1679);
#808=LINE('',#16788,#1680);
#809=LINE('',#16790,#1681);
#810=LINE('',#16792,#1682);
#811=LINE('',#16794,#1683);
#812=LINE('',#16796,#1684);
#813=LINE('',#16798,#1685);
#814=LINE('',#16800,#1686);
#815=LINE('',#16802,#1687);
#816=LINE('',#16804,#1688);
#817=LINE('',#16806,#1689);
#818=LINE('',#16808,#1690);
#819=LINE('',#16810,#1691);
#820=LINE('',#16812,#1692);
#821=LINE('',#16814,#1693);
#822=LINE('',#16816,#1694);
#823=LINE('',#16818,#1695);
#824=LINE('',#16848,#1696);
#825=LINE('',#16849,#1697);
#826=LINE('',#16851,#1698);
#827=LINE('',#16853,#1699);
#828=LINE('',#16855,#1700);
#829=LINE('',#16857,#1701);
#830=LINE('',#16864,#1702);
#831=LINE('',#16865,#1703);
#832=LINE('',#16867,#1704);
#833=LINE('',#16869,#1705);
#834=LINE('',#16871,#1706);
#835=LINE('',#16873,#1707);
#836=LINE('',#16880,#1708);
#837=LINE('',#16881,#1709);
#838=LINE('',#16883,#1710);
#839=LINE('',#16885,#1711);
#840=LINE('',#16887,#1712);
#841=LINE('',#16889,#1713);
#842=LINE('',#16896,#1714);
#843=LINE('',#16897,#1715);
#844=LINE('',#16899,#1716);
#845=LINE('',#16901,#1717);
#846=LINE('',#16903,#1718);
#847=LINE('',#16905,#1719);
#848=LINE('',#16909,#1720);
#849=LINE('',#16910,#1721);
#850=LINE('',#16912,#1722);
#851=LINE('',#16914,#1723);
#852=LINE('',#16916,#1724);
#853=LINE('',#16918,#1725);
#854=LINE('',#16921,#1726);
#855=LINE('',#16922,#1727);
#856=LINE('',#16924,#1728);
#857=LINE('',#16926,#1729);
#858=LINE('',#16928,#1730);
#859=LINE('',#16930,#1731);
#860=LINE('',#16933,#1732);
#861=LINE('',#16934,#1733);
#862=LINE('',#16936,#1734);
#863=LINE('',#16938,#1735);
#864=LINE('',#16940,#1736);
#865=LINE('',#16942,#1737);
#866=LINE('',#16945,#1738);
#867=LINE('',#16946,#1739);
#868=LINE('',#16948,#1740);
#869=LINE('',#16950,#1741);
#870=LINE('',#16952,#1742);
#871=LINE('',#16954,#1743);
#872=LINE('',#16957,#1744);
#873=LINE('',#16958,#1745);
#874=LINE('',#16960,#1746);
#875=LINE('',#16962,#1747);
#876=LINE('',#16964,#1748);
#877=LINE('',#16966,#1749);
#878=LINE('',#16969,#1750);
#879=LINE('',#16970,#1751);
#880=LINE('',#16972,#1752);
#881=LINE('',#16974,#1753);
#882=LINE('',#16976,#1754);
#883=LINE('',#16978,#1755);
#884=VECTOR('',#11173,1.);
#885=VECTOR('',#11174,1.);
#886=VECTOR('',#11175,1.);
#887=VECTOR('',#11176,1.);
#888=VECTOR('',#11177,1.);
#889=VECTOR('',#11178,1.);
#890=VECTOR('',#11179,1.);
#891=VECTOR('',#11180,1.);
#892=VECTOR('',#11181,1.);
#893=VECTOR('',#11182,1.);
#894=VECTOR('',#11183,1.);
#895=VECTOR('',#11184,1.);
#896=VECTOR('',#11185,1.);
#897=VECTOR('',#11186,1.);
#898=VECTOR('',#11187,1.);
#899=VECTOR('',#11188,1.);
#900=VECTOR('',#11189,1.);
#901=VECTOR('',#11190,1.);
#902=VECTOR('',#11215,1.);
#903=VECTOR('',#11218,1.);
#904=VECTOR('',#11221,1.);
#905=VECTOR('',#11224,1.);
#906=VECTOR('',#11227,1.);
#907=VECTOR('',#11234,1.);
#908=VECTOR('',#11237,1.);
#909=VECTOR('',#11240,1.);
#910=VECTOR('',#11243,1.);
#911=VECTOR('',#11246,1.);
#912=VECTOR('',#11253,1.);
#913=VECTOR('',#11256,1.);
#914=VECTOR('',#11259,1.);
#915=VECTOR('',#11262,1.);
#916=VECTOR('',#11265,1.);
#917=VECTOR('',#11272,1.);
#918=VECTOR('',#11275,1.);
#919=VECTOR('',#11278,1.);
#920=VECTOR('',#11281,1.);
#921=VECTOR('',#11284,1.);
#922=VECTOR('',#11287,1.);
#923=VECTOR('',#11288,1.);
#924=VECTOR('',#11289,1.);
#925=VECTOR('',#11290,1.);
#926=VECTOR('',#11291,1.);
#927=VECTOR('',#11292,1.);
#928=VECTOR('',#11293,1.);
#929=VECTOR('',#11294,1.);
#930=VECTOR('',#11295,1.);
#931=VECTOR('',#11296,1.);
#932=VECTOR('',#11297,1.);
#933=VECTOR('',#11298,1.);
#934=VECTOR('',#11299,1.);
#935=VECTOR('',#11300,1.);
#936=VECTOR('',#11301,1.);
#937=VECTOR('',#11302,1.);
#938=VECTOR('',#11303,1.);
#939=VECTOR('',#11304,1.);
#940=VECTOR('',#11307,1.);
#941=VECTOR('',#11308,1.);
#942=VECTOR('',#11309,1.);
#943=VECTOR('',#11310,1.);
#944=VECTOR('',#11311,1.);
#945=VECTOR('',#11312,1.);
#946=VECTOR('',#11313,1.);
#947=VECTOR('',#11314,1.);
#948=VECTOR('',#11315,1.);
#949=VECTOR('',#11316,1.);
#950=VECTOR('',#11317,1.);
#951=VECTOR('',#11318,1.);
#952=VECTOR('',#11319,1.);
#953=VECTOR('',#11320,1.);
#954=VECTOR('',#11321,1.);
#955=VECTOR('',#11322,1.);
#956=VECTOR('',#11323,1.);
#957=VECTOR('',#11324,1.);
#958=VECTOR('',#11349,1.);
#959=VECTOR('',#11352,1.);
#960=VECTOR('',#11355,1.);
#961=VECTOR('',#11358,1.);
#962=VECTOR('',#11361,1.);
#963=VECTOR('',#11368,1.);
#964=VECTOR('',#11371,1.);
#965=VECTOR('',#11374,1.);
#966=VECTOR('',#11377,1.);
#967=VECTOR('',#11380,1.);
#968=VECTOR('',#11387,1.);
#969=VECTOR('',#11390,1.);
#970=VECTOR('',#11393,1.);
#971=VECTOR('',#11396,1.);
#972=VECTOR('',#11399,1.);
#973=VECTOR('',#11406,1.);
#974=VECTOR('',#11409,1.);
#975=VECTOR('',#11412,1.);
#976=VECTOR('',#11415,1.);
#977=VECTOR('',#11418,1.);
#978=VECTOR('',#11421,1.);
#979=VECTOR('',#11422,1.);
#980=VECTOR('',#11423,1.);
#981=VECTOR('',#11424,1.);
#982=VECTOR('',#11425,1.);
#983=VECTOR('',#11426,1.);
#984=VECTOR('',#11427,1.);
#985=VECTOR('',#11428,1.);
#986=VECTOR('',#11429,1.);
#987=VECTOR('',#11430,1.);
#988=VECTOR('',#11431,1.);
#989=VECTOR('',#11432,1.);
#990=VECTOR('',#11433,1.);
#991=VECTOR('',#11434,1.);
#992=VECTOR('',#11435,1.);
#993=VECTOR('',#11436,1.);
#994=VECTOR('',#11437,1.);
#995=VECTOR('',#11438,1.);
#996=VECTOR('',#11469,1.);
#997=VECTOR('',#11470,1.);
#998=VECTOR('',#11471,1.);
#999=VECTOR('',#11472,1.);
#1000=VECTOR('',#11473,1.);
#1001=VECTOR('',#11474,1.);
#1002=VECTOR('',#11475,1.);
#1003=VECTOR('',#11476,1.);
#1004=VECTOR('',#11477,1.);
#1005=VECTOR('',#11478,1.);
#1006=VECTOR('',#11479,1.);
#1007=VECTOR('',#11480,1.);
#1008=VECTOR('',#11481,1.);
#1009=VECTOR('',#11482,1.);
#1010=VECTOR('',#11483,1.);
#1011=VECTOR('',#11484,1.);
#1012=VECTOR('',#11485,1.);
#1013=VECTOR('',#11486,1.);
#1014=VECTOR('',#11487,1.);
#1015=VECTOR('',#11488,1.);
#1016=VECTOR('',#11489,1.);
#1017=VECTOR('',#11490,1.);
#1018=VECTOR('',#11491,1.);
#1019=VECTOR('',#11492,1.);
#1020=VECTOR('',#11513,1.);
#1021=VECTOR('',#11516,1.);
#1022=VECTOR('',#11519,1.);
#1023=VECTOR('',#11522,1.);
#1024=VECTOR('',#11525,1.);
#1025=VECTOR('',#11532,1.);
#1026=VECTOR('',#11535,1.);
#1027=VECTOR('',#11538,1.);
#1028=VECTOR('',#11541,1.);
#1029=VECTOR('',#11544,1.);
#1030=VECTOR('',#11551,1.);
#1031=VECTOR('',#11554,1.);
#1032=VECTOR('',#11557,1.);
#1033=VECTOR('',#11560,1.);
#1034=VECTOR('',#11563,1.);
#1035=VECTOR('',#11570,1.);
#1036=VECTOR('',#11573,1.);
#1037=VECTOR('',#11576,1.);
#1038=VECTOR('',#11579,1.);
#1039=VECTOR('',#11582,1.);
#1040=VECTOR('',#11585,1.);
#1041=VECTOR('',#11586,1.);
#1042=VECTOR('',#11587,1.);
#1043=VECTOR('',#11588,1.);
#1044=VECTOR('',#11589,1.);
#1045=VECTOR('',#11590,1.);
#1046=VECTOR('',#11591,1.);
#1047=VECTOR('',#11592,1.);
#1048=VECTOR('',#11593,1.);
#1049=VECTOR('',#11594,1.);
#1050=VECTOR('',#11595,1.);
#1051=VECTOR('',#11596,1.);
#1052=VECTOR('',#11597,1.);
#1053=VECTOR('',#11598,1.);
#1054=VECTOR('',#11599,1.);
#1055=VECTOR('',#11600,1.);
#1056=VECTOR('',#11601,1.);
#1057=VECTOR('',#11602,1.);
#1058=VECTOR('',#11603,1.);
#1059=VECTOR('',#11604,1.);
#1060=VECTOR('',#11605,1.);
#1061=VECTOR('',#11606,1.);
#1062=VECTOR('',#11607,1.);
#1063=VECTOR('',#11608,1.);
#1064=VECTOR('',#11611,1.);
#1065=VECTOR('',#11612,1.);
#1066=VECTOR('',#11613,1.);
#1067=VECTOR('',#11614,1.);
#1068=VECTOR('',#11615,1.);
#1069=VECTOR('',#11616,1.);
#1070=VECTOR('',#11617,1.);
#1071=VECTOR('',#11618,1.);
#1072=VECTOR('',#11619,1.);
#1073=VECTOR('',#11620,1.);
#1074=VECTOR('',#11621,1.);
#1075=VECTOR('',#11622,1.);
#1076=VECTOR('',#11623,1.);
#1077=VECTOR('',#11624,1.);
#1078=VECTOR('',#11625,1.);
#1079=VECTOR('',#11626,1.);
#1080=VECTOR('',#11627,1.);
#1081=VECTOR('',#11628,1.);
#1082=VECTOR('',#11629,1.);
#1083=VECTOR('',#11630,1.);
#1084=VECTOR('',#11631,1.);
#1085=VECTOR('',#11632,1.);
#1086=VECTOR('',#11633,1.);
#1087=VECTOR('',#11634,1.);
#1088=VECTOR('',#11655,1.);
#1089=VECTOR('',#11658,1.);
#1090=VECTOR('',#11661,1.);
#1091=VECTOR('',#11664,1.);
#1092=VECTOR('',#11667,1.);
#1093=VECTOR('',#11674,1.);
#1094=VECTOR('',#11677,1.);
#1095=VECTOR('',#11680,1.);
#1096=VECTOR('',#11683,1.);
#1097=VECTOR('',#11686,1.);
#1098=VECTOR('',#11693,1.);
#1099=VECTOR('',#11696,1.);
#1100=VECTOR('',#11699,1.);
#1101=VECTOR('',#11702,1.);
#1102=VECTOR('',#11705,1.);
#1103=VECTOR('',#11712,1.);
#1104=VECTOR('',#11715,1.);
#1105=VECTOR('',#11718,1.);
#1106=VECTOR('',#11721,1.);
#1107=VECTOR('',#11724,1.);
#1108=VECTOR('',#11727,1.);
#1109=VECTOR('',#11728,1.);
#1110=VECTOR('',#11729,1.);
#1111=VECTOR('',#11730,1.);
#1112=VECTOR('',#11731,1.);
#1113=VECTOR('',#11732,1.);
#1114=VECTOR('',#11733,1.);
#1115=VECTOR('',#11734,1.);
#1116=VECTOR('',#11735,1.);
#1117=VECTOR('',#11736,1.);
#1118=VECTOR('',#11737,1.);
#1119=VECTOR('',#11738,1.);
#1120=VECTOR('',#11739,1.);
#1121=VECTOR('',#11740,1.);
#1122=VECTOR('',#11741,1.);
#1123=VECTOR('',#11742,1.);
#1124=VECTOR('',#11743,1.);
#1125=VECTOR('',#11744,1.);
#1126=VECTOR('',#11745,1.);
#1127=VECTOR('',#11746,1.);
#1128=VECTOR('',#11747,1.);
#1129=VECTOR('',#11748,1.);
#1130=VECTOR('',#11749,1.);
#1131=VECTOR('',#11750,1.);
#1132=VECTOR('',#11767,1.);
#1133=VECTOR('',#11768,1.);
#1134=VECTOR('',#11769,1.);
#1135=VECTOR('',#11770,1.);
#1136=VECTOR('',#11771,1.);
#1137=VECTOR('',#11772,1.);
#1138=VECTOR('',#11773,1.);
#1139=VECTOR('',#11774,1.);
#1140=VECTOR('',#11775,1.);
#1141=VECTOR('',#11776,1.);
#1142=VECTOR('',#11777,1.);
#1143=VECTOR('',#11778,1.);
#1144=VECTOR('',#11779,1.);
#1145=VECTOR('',#11780,1.);
#1146=VECTOR('',#11781,1.);
#1147=VECTOR('',#11782,1.);
#1148=VECTOR('',#11783,1.);
#1149=VECTOR('',#11784,1.);
#1150=VECTOR('',#11809,1.);
#1151=VECTOR('',#11812,1.);
#1152=VECTOR('',#11815,1.);
#1153=VECTOR('',#11818,1.);
#1154=VECTOR('',#11821,1.);
#1155=VECTOR('',#11828,1.);
#1156=VECTOR('',#11831,1.);
#1157=VECTOR('',#11834,1.);
#1158=VECTOR('',#11837,1.);
#1159=VECTOR('',#11840,1.);
#1160=VECTOR('',#11847,1.);
#1161=VECTOR('',#11850,1.);
#1162=VECTOR('',#11853,1.);
#1163=VECTOR('',#11856,1.);
#1164=VECTOR('',#11859,1.);
#1165=VECTOR('',#11866,1.);
#1166=VECTOR('',#11869,1.);
#1167=VECTOR('',#11872,1.);
#1168=VECTOR('',#11875,1.);
#1169=VECTOR('',#11878,1.);
#1170=VECTOR('',#11881,1.);
#1171=VECTOR('',#11882,1.);
#1172=VECTOR('',#11883,1.);
#1173=VECTOR('',#11884,1.);
#1174=VECTOR('',#11885,1.);
#1175=VECTOR('',#11886,1.);
#1176=VECTOR('',#11887,1.);
#1177=VECTOR('',#11888,1.);
#1178=VECTOR('',#11889,1.);
#1179=VECTOR('',#11890,1.);
#1180=VECTOR('',#11891,1.);
#1181=VECTOR('',#11892,1.);
#1182=VECTOR('',#11893,1.);
#1183=VECTOR('',#11894,1.);
#1184=VECTOR('',#11895,1.);
#1185=VECTOR('',#11896,1.);
#1186=VECTOR('',#11897,1.);
#1187=VECTOR('',#11898,1.);
#1188=VECTOR('',#11901,1.);
#1189=VECTOR('',#11902,1.);
#1190=VECTOR('',#11903,1.);
#1191=VECTOR('',#11904,1.);
#1192=VECTOR('',#11905,1.);
#1193=VECTOR('',#11906,1.);
#1194=VECTOR('',#11907,1.);
#1195=VECTOR('',#11908,1.);
#1196=VECTOR('',#11909,1.);
#1197=VECTOR('',#11910,1.);
#1198=VECTOR('',#11911,1.);
#1199=VECTOR('',#11912,1.);
#1200=VECTOR('',#11913,1.);
#1201=VECTOR('',#11914,1.);
#1202=VECTOR('',#11915,1.);
#1203=VECTOR('',#11916,1.);
#1204=VECTOR('',#11917,1.);
#1205=VECTOR('',#11918,1.);
#1206=VECTOR('',#11943,1.);
#1207=VECTOR('',#11946,1.);
#1208=VECTOR('',#11949,1.);
#1209=VECTOR('',#11952,1.);
#1210=VECTOR('',#11955,1.);
#1211=VECTOR('',#11962,1.);
#1212=VECTOR('',#11965,1.);
#1213=VECTOR('',#11968,1.);
#1214=VECTOR('',#11971,1.);
#1215=VECTOR('',#11974,1.);
#1216=VECTOR('',#11981,1.);
#1217=VECTOR('',#11984,1.);
#1218=VECTOR('',#11987,1.);
#1219=VECTOR('',#11990,1.);
#1220=VECTOR('',#11993,1.);
#1221=VECTOR('',#12000,1.);
#1222=VECTOR('',#12003,1.);
#1223=VECTOR('',#12006,1.);
#1224=VECTOR('',#12009,1.);
#1225=VECTOR('',#12012,1.);
#1226=VECTOR('',#12015,1.);
#1227=VECTOR('',#12016,1.);
#1228=VECTOR('',#12017,1.);
#1229=VECTOR('',#12018,1.);
#1230=VECTOR('',#12019,1.);
#1231=VECTOR('',#12020,1.);
#1232=VECTOR('',#12021,1.);
#1233=VECTOR('',#12022,1.);
#1234=VECTOR('',#12023,1.);
#1235=VECTOR('',#12024,1.);
#1236=VECTOR('',#12025,1.);
#1237=VECTOR('',#12026,1.);
#1238=VECTOR('',#12027,1.);
#1239=VECTOR('',#12028,1.);
#1240=VECTOR('',#12029,1.);
#1241=VECTOR('',#12030,1.);
#1242=VECTOR('',#12031,1.);
#1243=VECTOR('',#12032,1.);
#1244=VECTOR('',#12049,1.);
#1245=VECTOR('',#12050,1.);
#1246=VECTOR('',#12051,1.);
#1247=VECTOR('',#12052,1.);
#1248=VECTOR('',#12053,1.);
#1249=VECTOR('',#12054,1.);
#1250=VECTOR('',#12055,1.);
#1251=VECTOR('',#12056,1.);
#1252=VECTOR('',#12057,1.);
#1253=VECTOR('',#12058,1.);
#1254=VECTOR('',#12059,1.);
#1255=VECTOR('',#12060,1.);
#1256=VECTOR('',#12089,1.);
#1257=VECTOR('',#12092,1.);
#1258=VECTOR('',#12095,1.);
#1259=VECTOR('',#12098,1.);
#1260=VECTOR('',#12101,1.);
#1261=VECTOR('',#12108,1.);
#1262=VECTOR('',#12111,1.);
#1263=VECTOR('',#12114,1.);
#1264=VECTOR('',#12117,1.);
#1265=VECTOR('',#12120,1.);
#1266=VECTOR('',#12127,1.);
#1267=VECTOR('',#12130,1.);
#1268=VECTOR('',#12133,1.);
#1269=VECTOR('',#12136,1.);
#1270=VECTOR('',#12139,1.);
#1271=VECTOR('',#12146,1.);
#1272=VECTOR('',#12149,1.);
#1273=VECTOR('',#12152,1.);
#1274=VECTOR('',#12155,1.);
#1275=VECTOR('',#12158,1.);
#1276=VECTOR('',#12161,1.);
#1277=VECTOR('',#12162,1.);
#1278=VECTOR('',#12163,1.);
#1279=VECTOR('',#12164,1.);
#1280=VECTOR('',#12165,1.);
#1281=VECTOR('',#12166,1.);
#1282=VECTOR('',#12167,1.);
#1283=VECTOR('',#12168,1.);
#1284=VECTOR('',#12169,1.);
#1285=VECTOR('',#12170,1.);
#1286=VECTOR('',#12171,1.);
#1287=VECTOR('',#12172,1.);
#1288=VECTOR('',#12177,1.);
#1289=VECTOR('',#12178,1.);
#1290=VECTOR('',#12183,1.);
#1291=VECTOR('',#12186,1.);
#1292=VECTOR('',#12187,1.);
#1293=VECTOR('',#12192,1.);
#1294=VECTOR('',#12195,1.);
#1295=VECTOR('',#12196,1.);
#1296=VECTOR('',#12201,1.);
#1297=VECTOR('',#12204,1.);
#1298=VECTOR('',#12205,1.);
#1299=VECTOR('',#12210,1.);
#1300=VECTOR('',#12213,1.);
#1301=VECTOR('',#12214,1.);
#1302=VECTOR('',#12219,1.);
#1303=VECTOR('',#12222,1.);
#1304=VECTOR('',#12223,1.);
#1305=VECTOR('',#12228,1.);
#1306=VECTOR('',#12233,1.);
#1307=VECTOR('',#12238,1.);
#1308=VECTOR('',#12241,1.);
#1309=VECTOR('',#12242,1.);
#1310=VECTOR('',#12247,1.);
#1311=VECTOR('',#12250,1.);
#1312=VECTOR('',#12251,1.);
#1313=VECTOR('',#12256,1.);
#1314=VECTOR('',#12259,1.);
#1315=VECTOR('',#12260,1.);
#1316=VECTOR('',#12265,1.);
#1317=VECTOR('',#12268,1.);
#1318=VECTOR('',#12269,1.);
#1319=VECTOR('',#12274,1.);
#1320=VECTOR('',#12277,1.);
#1321=VECTOR('',#12278,1.);
#1322=VECTOR('',#12283,1.);
#1323=VECTOR('',#12288,1.);
#1324=VECTOR('',#12293,1.);
#1325=VECTOR('',#12296,1.);
#1326=VECTOR('',#12297,1.);
#1327=VECTOR('',#12302,1.);
#1328=VECTOR('',#12305,1.);
#1329=VECTOR('',#12306,1.);
#1330=VECTOR('',#12311,1.);
#1331=VECTOR('',#12314,1.);
#1332=VECTOR('',#12315,1.);
#1333=VECTOR('',#12320,1.);
#1334=VECTOR('',#12323,1.);
#1335=VECTOR('',#12324,1.);
#1336=VECTOR('',#12329,1.);
#1337=VECTOR('',#12332,1.);
#1338=VECTOR('',#12333,1.);
#1339=VECTOR('',#12338,1.);
#1340=VECTOR('',#12343,1.);
#1341=VECTOR('',#12348,1.);
#1342=VECTOR('',#12351,1.);
#1343=VECTOR('',#12352,1.);
#1344=VECTOR('',#12357,1.);
#1345=VECTOR('',#12360,1.);
#1346=VECTOR('',#12361,1.);
#1347=VECTOR('',#12366,1.);
#1348=VECTOR('',#12369,1.);
#1349=VECTOR('',#12370,1.);
#1350=VECTOR('',#12375,1.);
#1351=VECTOR('',#12378,1.);
#1352=VECTOR('',#12379,1.);
#1353=VECTOR('',#12384,1.);
#1354=VECTOR('',#12387,1.);
#1355=VECTOR('',#12388,1.);
#1356=VECTOR('',#12499,1.);
#1357=VECTOR('',#12500,1.);
#1358=VECTOR('',#12503,1.);
#1359=VECTOR('',#12506,1.);
#1360=VECTOR('',#12509,1.);
#1361=VECTOR('',#12512,1.);
#1362=VECTOR('',#12515,1.);
#1363=VECTOR('',#12518,1.);
#1364=VECTOR('',#12521,1.);
#1365=VECTOR('',#12524,1.);
#1366=VECTOR('',#12527,1.);
#1367=VECTOR('',#12530,1.);
#1368=VECTOR('',#12533,1.);
#1369=VECTOR('',#12536,1.);
#1370=VECTOR('',#12539,1.);
#1371=VECTOR('',#12542,1.);
#1372=VECTOR('',#12545,1.);
#1373=VECTOR('',#12548,1.);
#1374=VECTOR('',#12551,1.);
#1375=VECTOR('',#12554,1.);
#1376=VECTOR('',#12557,1.);
#1377=VECTOR('',#12560,1.);
#1378=VECTOR('',#12563,1.);
#1379=VECTOR('',#12566,1.);
#1380=VECTOR('',#12569,1.);
#1381=VECTOR('',#12572,1.);
#1382=VECTOR('',#12575,1.);
#1383=VECTOR('',#12578,1.);
#1384=VECTOR('',#12581,1.);
#1385=VECTOR('',#12584,1.);
#1386=VECTOR('',#12587,1.);
#1387=VECTOR('',#12590,1.);
#1388=VECTOR('',#12593,1.);
#1389=VECTOR('',#12596,1.);
#1390=VECTOR('',#12599,1.);
#1391=VECTOR('',#12602,1.);
#1392=VECTOR('',#12605,1.);
#1393=VECTOR('',#12608,1.);
#1394=VECTOR('',#12611,1.);
#1395=VECTOR('',#12614,1.);
#1396=VECTOR('',#12617,1.);
#1397=VECTOR('',#12620,1.);
#1398=VECTOR('',#12623,1.);
#1399=VECTOR('',#12626,1.);
#1400=VECTOR('',#12629,1.);
#1401=VECTOR('',#12632,1.);
#1402=VECTOR('',#12635,1.);
#1403=VECTOR('',#12638,1.);
#1404=VECTOR('',#12707,1.);
#1405=VECTOR('',#12708,1.);
#1406=VECTOR('',#12711,1.);
#1407=VECTOR('',#12714,1.);
#1408=VECTOR('',#12717,1.);
#1409=VECTOR('',#12720,1.);
#1410=VECTOR('',#12783,1.);
#1411=VECTOR('',#12786,1.);
#1412=VECTOR('',#12789,1.);
#1413=VECTOR('',#12794,1.);
#1414=VECTOR('',#12795,1.);
#1415=VECTOR('',#12798,1.);
#1416=VECTOR('',#12803,1.);
#1417=VECTOR('',#12804,1.);
#1418=VECTOR('',#12807,1.);
#1419=VECTOR('',#12812,1.);
#1420=VECTOR('',#12813,1.);
#1421=VECTOR('',#12816,1.);
#1422=VECTOR('',#12821,1.);
#1423=VECTOR('',#12822,1.);
#1424=VECTOR('',#12825,1.);
#1425=VECTOR('',#12830,1.);
#1426=VECTOR('',#12831,1.);
#1427=VECTOR('',#12834,1.);
#1428=VECTOR('',#12839,1.);
#1429=VECTOR('',#12844,1.);
#1430=VECTOR('',#12849,1.);
#1431=VECTOR('',#12850,1.);
#1432=VECTOR('',#12853,1.);
#1433=VECTOR('',#12858,1.);
#1434=VECTOR('',#12859,1.);
#1435=VECTOR('',#12862,1.);
#1436=VECTOR('',#12867,1.);
#1437=VECTOR('',#12868,1.);
#1438=VECTOR('',#12871,1.);
#1439=VECTOR('',#12876,1.);
#1440=VECTOR('',#12877,1.);
#1441=VECTOR('',#12880,1.);
#1442=VECTOR('',#12885,1.);
#1443=VECTOR('',#12886,1.);
#1444=VECTOR('',#12889,1.);
#1445=VECTOR('',#12894,1.);
#1446=VECTOR('',#12899,1.);
#1447=VECTOR('',#12904,1.);
#1448=VECTOR('',#12905,1.);
#1449=VECTOR('',#12908,1.);
#1450=VECTOR('',#12913,1.);
#1451=VECTOR('',#12914,1.);
#1452=VECTOR('',#12917,1.);
#1453=VECTOR('',#12922,1.);
#1454=VECTOR('',#12923,1.);
#1455=VECTOR('',#12926,1.);
#1456=VECTOR('',#12931,1.);
#1457=VECTOR('',#12932,1.);
#1458=VECTOR('',#12935,1.);
#1459=VECTOR('',#12940,1.);
#1460=VECTOR('',#12941,1.);
#1461=VECTOR('',#12944,1.);
#1462=VECTOR('',#12949,1.);
#1463=VECTOR('',#12954,1.);
#1464=VECTOR('',#12959,1.);
#1465=VECTOR('',#12960,1.);
#1466=VECTOR('',#12963,1.);
#1467=VECTOR('',#12968,1.);
#1468=VECTOR('',#12969,1.);
#1469=VECTOR('',#12972,1.);
#1470=VECTOR('',#12977,1.);
#1471=VECTOR('',#12978,1.);
#1472=VECTOR('',#12981,1.);
#1473=VECTOR('',#12986,1.);
#1474=VECTOR('',#12987,1.);
#1475=VECTOR('',#12990,1.);
#1476=VECTOR('',#12995,1.);
#1477=VECTOR('',#12996,1.);
#1478=VECTOR('',#13087,1.);
#1479=VECTOR('',#13088,1.);
#1480=VECTOR('',#13091,1.);
#1481=VECTOR('',#13094,1.);
#1482=VECTOR('',#13097,1.);
#1483=VECTOR('',#13100,1.);
#1484=VECTOR('',#13103,1.);
#1485=VECTOR('',#13106,1.);
#1486=VECTOR('',#13109,1.);
#1487=VECTOR('',#13112,1.);
#1488=VECTOR('',#13115,1.);
#1489=VECTOR('',#13118,1.);
#1490=VECTOR('',#13121,1.);
#1491=VECTOR('',#13124,1.);
#1492=VECTOR('',#13127,1.);
#1493=VECTOR('',#13130,1.);
#1494=VECTOR('',#13133,1.);
#1495=VECTOR('',#13136,1.);
#1496=VECTOR('',#13139,1.);
#1497=VECTOR('',#13142,1.);
#1498=VECTOR('',#13145,1.);
#1499=VECTOR('',#13148,1.);
#1500=VECTOR('',#13151,1.);
#1501=VECTOR('',#13154,1.);
#1502=VECTOR('',#13157,1.);
#1503=VECTOR('',#13160,1.);
#1504=VECTOR('',#13163,1.);
#1505=VECTOR('',#13166,1.);
#1506=VECTOR('',#13169,1.);
#1507=VECTOR('',#13172,1.);
#1508=VECTOR('',#13175,1.);
#1509=VECTOR('',#13178,1.);
#1510=VECTOR('',#13181,1.);
#1511=VECTOR('',#13184,1.);
#1512=VECTOR('',#13187,1.);
#1513=VECTOR('',#13190,1.);
#1514=VECTOR('',#13193,1.);
#1515=VECTOR('',#13196,1.);
#1516=VECTOR('',#13199,1.);
#1517=VECTOR('',#13202,1.);
#1518=VECTOR('',#13205,1.);
#1519=VECTOR('',#13208,1.);
#1520=VECTOR('',#13211,1.);
#1521=VECTOR('',#13214,1.);
#1522=VECTOR('',#13217,1.);
#1523=VECTOR('',#13220,1.);
#1524=VECTOR('',#13223,1.);
#1525=VECTOR('',#13226,1.);
#1526=VECTOR('',#13277,1.);
#1527=VECTOR('',#13278,1.);
#1528=VECTOR('',#13281,1.);
#1529=VECTOR('',#13284,1.);
#1530=VECTOR('',#13287,1.);
#1531=VECTOR('',#13290,1.);
#1532=VECTOR('',#13301,1.);
#1533=VECTOR('',#13302,1.);
#1534=VECTOR('',#13305,1.);
#1535=VECTOR('',#13308,1.);
#1536=VECTOR('',#13311,1.);
#1537=VECTOR('',#13314,1.);
#1538=VECTOR('',#13325,1.);
#1539=VECTOR('',#13326,1.);
#1540=VECTOR('',#13329,1.);
#1541=VECTOR('',#13332,1.);
#1542=VECTOR('',#13335,1.);
#1543=VECTOR('',#13338,1.);
#1544=VECTOR('',#13349,1.);
#1545=VECTOR('',#13350,1.);
#1546=VECTOR('',#13353,1.);
#1547=VECTOR('',#13356,1.);
#1548=VECTOR('',#13359,1.);
#1549=VECTOR('',#13362,1.);
#1550=VECTOR('',#13373,1.);
#1551=VECTOR('',#13374,1.);
#1552=VECTOR('',#13377,1.);
#1553=VECTOR('',#13380,1.);
#1554=VECTOR('',#13383,1.);
#1555=VECTOR('',#13386,1.);
#1556=VECTOR('',#13393,1.);
#1557=VECTOR('',#13394,1.);
#1558=VECTOR('',#13397,1.);
#1559=VECTOR('',#13400,1.);
#1560=VECTOR('',#13403,1.);
#1561=VECTOR('',#13406,1.);
#1562=VECTOR('',#13411,1.);
#1563=VECTOR('',#13412,1.);
#1564=VECTOR('',#13415,1.);
#1565=VECTOR('',#13418,1.);
#1566=VECTOR('',#13421,1.);
#1567=VECTOR('',#13424,1.);
#1568=VECTOR('',#13429,1.);
#1569=VECTOR('',#13430,1.);
#1570=VECTOR('',#13433,1.);
#1571=VECTOR('',#13436,1.);
#1572=VECTOR('',#13439,1.);
#1573=VECTOR('',#13442,1.);
#1574=VECTOR('',#13447,1.);
#1575=VECTOR('',#13448,1.);
#1576=VECTOR('',#13451,1.);
#1577=VECTOR('',#13454,1.);
#1578=VECTOR('',#13457,1.);
#1579=VECTOR('',#13460,1.);
#1580=VECTOR('',#13487,1.);
#1581=VECTOR('',#13488,1.);
#1582=VECTOR('',#13489,1.);
#1583=VECTOR('',#13492,1.);
#1584=VECTOR('',#13493,1.);
#1585=VECTOR('',#13496,1.);
#1586=VECTOR('',#13497,1.);
#1587=VECTOR('',#13500,1.);
#1588=VECTOR('',#13501,1.);
#1589=VECTOR('',#13504,1.);
#1590=VECTOR('',#13505,1.);
#1591=VECTOR('',#13508,1.);
#1592=VECTOR('',#13513,1.);
#1593=VECTOR('',#13514,1.);
#1594=VECTOR('',#13515,1.);
#1595=VECTOR('',#13516,1.);
#1596=VECTOR('',#13517,1.);
#1597=VECTOR('',#13518,1.);
#1598=VECTOR('',#13519,1.);
#1599=VECTOR('',#13520,1.);
#1600=VECTOR('',#13521,1.);
#1601=VECTOR('',#13522,1.);
#1602=VECTOR('',#13523,1.);
#1603=VECTOR('',#13524,1.);
#1604=VECTOR('',#13553,1.);
#1605=VECTOR('',#13556,1.);
#1606=VECTOR('',#13559,1.);
#1607=VECTOR('',#13562,1.);
#1608=VECTOR('',#13565,1.);
#1609=VECTOR('',#13572,1.);
#1610=VECTOR('',#13575,1.);
#1611=VECTOR('',#13578,1.);
#1612=VECTOR('',#13581,1.);
#1613=VECTOR('',#13584,1.);
#1614=VECTOR('',#13591,1.);
#1615=VECTOR('',#13594,1.);
#1616=VECTOR('',#13597,1.);
#1617=VECTOR('',#13600,1.);
#1618=VECTOR('',#13603,1.);
#1619=VECTOR('',#13610,1.);
#1620=VECTOR('',#13613,1.);
#1621=VECTOR('',#13616,1.);
#1622=VECTOR('',#13619,1.);
#1623=VECTOR('',#13622,1.);
#1624=VECTOR('',#13625,1.);
#1625=VECTOR('',#13626,1.);
#1626=VECTOR('',#13627,1.);
#1627=VECTOR('',#13628,1.);
#1628=VECTOR('',#13629,1.);
#1629=VECTOR('',#13630,1.);
#1630=VECTOR('',#13639,1.);
#1631=VECTOR('',#13640,1.);
#1632=VECTOR('',#13643,1.);
#1633=VECTOR('',#13646,1.);
#1634=VECTOR('',#13649,1.);
#1635=VECTOR('',#13652,1.);
#1636=VECTOR('',#13665,1.);
#1637=VECTOR('',#13666,1.);
#1638=VECTOR('',#13669,1.);
#1639=VECTOR('',#13672,1.);
#1640=VECTOR('',#13675,1.);
#1641=VECTOR('',#13678,1.);
#1642=VECTOR('',#13691,1.);
#1643=VECTOR('',#13692,1.);
#1644=VECTOR('',#13695,1.);
#1645=VECTOR('',#13698,1.);
#1646=VECTOR('',#13701,1.);
#1647=VECTOR('',#13704,1.);
#1648=VECTOR('',#13711,1.);
#1649=VECTOR('',#13712,1.);
#1650=VECTOR('',#13715,1.);
#1651=VECTOR('',#13718,1.);
#1652=VECTOR('',#13721,1.);
#1653=VECTOR('',#13724,1.);
#1654=VECTOR('',#13727,1.);
#1655=VECTOR('',#13730,1.);
#1656=VECTOR('',#13733,1.);
#1657=VECTOR('',#13736,1.);
#1658=VECTOR('',#13739,1.);
#1659=VECTOR('',#13742,1.);
#1660=VECTOR('',#13745,1.);
#1661=VECTOR('',#13748,1.);
#1662=VECTOR('',#13751,1.);
#1663=VECTOR('',#13754,1.);
#1664=VECTOR('',#13757,1.);
#1665=VECTOR('',#13760,1.);
#1666=VECTOR('',#13763,1.);
#1667=VECTOR('',#13766,1.);
#1668=VECTOR('',#13769,1.);
#1669=VECTOR('',#13772,1.);
#1670=VECTOR('',#13775,1.);
#1671=VECTOR('',#13778,1.);
#1672=VECTOR('',#13781,1.);
#1673=VECTOR('',#13784,1.);
#1674=VECTOR('',#13787,1.);
#1675=VECTOR('',#13790,1.);
#1676=VECTOR('',#13793,1.);
#1677=VECTOR('',#13796,1.);
#1678=VECTOR('',#13799,1.);
#1679=VECTOR('',#13802,1.);
#1680=VECTOR('',#13805,1.);
#1681=VECTOR('',#13808,1.);
#1682=VECTOR('',#13811,1.);
#1683=VECTOR('',#13814,1.);
#1684=VECTOR('',#13817,1.);
#1685=VECTOR('',#13820,1.);
#1686=VECTOR('',#13823,1.);
#1687=VECTOR('',#13826,1.);
#1688=VECTOR('',#13829,1.);
#1689=VECTOR('',#13832,1.);
#1690=VECTOR('',#13835,1.);
#1691=VECTOR('',#13838,1.);
#1692=VECTOR('',#13841,1.);
#1693=VECTOR('',#13844,1.);
#1694=VECTOR('',#13847,1.);
#1695=VECTOR('',#13850,1.);
#1696=VECTOR('',#13899,1.);
#1697=VECTOR('',#13900,1.);
#1698=VECTOR('',#13903,1.);
#1699=VECTOR('',#13906,1.);
#1700=VECTOR('',#13909,1.);
#1701=VECTOR('',#13912,1.);
#1702=VECTOR('',#13923,1.);
#1703=VECTOR('',#13924,1.);
#1704=VECTOR('',#13927,1.);
#1705=VECTOR('',#13930,1.);
#1706=VECTOR('',#13933,1.);
#1707=VECTOR('',#13936,1.);
#1708=VECTOR('',#13947,1.);
#1709=VECTOR('',#13948,1.);
#1710=VECTOR('',#13951,1.);
#1711=VECTOR('',#13954,1.);
#1712=VECTOR('',#13957,1.);
#1713=VECTOR('',#13960,1.);
#1714=VECTOR('',#13971,1.);
#1715=VECTOR('',#13972,1.);
#1716=VECTOR('',#13975,1.);
#1717=VECTOR('',#13978,1.);
#1718=VECTOR('',#13981,1.);
#1719=VECTOR('',#13984,1.);
#1720=VECTOR('',#13991,1.);
#1721=VECTOR('',#13992,1.);
#1722=VECTOR('',#13995,1.);
#1723=VECTOR('',#13998,1.);
#1724=VECTOR('',#14001,1.);
#1725=VECTOR('',#14004,1.);
#1726=VECTOR('',#14009,1.);
#1727=VECTOR('',#14010,1.);
#1728=VECTOR('',#14013,1.);
#1729=VECTOR('',#14016,1.);
#1730=VECTOR('',#14019,1.);
#1731=VECTOR('',#14022,1.);
#1732=VECTOR('',#14027,1.);
#1733=VECTOR('',#14028,1.);
#1734=VECTOR('',#14031,1.);
#1735=VECTOR('',#14034,1.);
#1736=VECTOR('',#14037,1.);
#1737=VECTOR('',#14040,1.);
#1738=VECTOR('',#14045,1.);
#1739=VECTOR('',#14046,1.);
#1740=VECTOR('',#14049,1.);
#1741=VECTOR('',#14052,1.);
#1742=VECTOR('',#14055,1.);
#1743=VECTOR('',#14058,1.);
#1744=VECTOR('',#14063,1.);
#1745=VECTOR('',#14064,1.);
#1746=VECTOR('',#14067,1.);
#1747=VECTOR('',#14070,1.);
#1748=VECTOR('',#14073,1.);
#1749=VECTOR('',#14076,1.);
#1750=VECTOR('',#14081,1.);
#1751=VECTOR('',#14082,1.);
#1752=VECTOR('',#14085,1.);
#1753=VECTOR('',#14088,1.);
#1754=VECTOR('',#14091,1.);
#1755=VECTOR('',#14094,1.);
#1756=CYLINDRICAL_SURFACE('',#10127,0.001);
#1757=CYLINDRICAL_SURFACE('',#10212,0.001);
#1758=CYLINDRICAL_SURFACE('',#10219,0.001);
#1759=CYLINDRICAL_SURFACE('',#10300,0.001);
#1760=CYLINDRICAL_SURFACE('',#10385,0.001);
#1761=CYLINDRICAL_SURFACE('',#10427,0.015);
#1762=CYLINDRICAL_SURFACE('',#10429,0.005);
#1763=CYLINDRICAL_SURFACE('',#10432,0.0035);
#1764=CYLINDRICAL_SURFACE('',#10435,0.0035);
#1765=CYLINDRICAL_SURFACE('',#10438,0.0035);
#1766=CYLINDRICAL_SURFACE('',#10441,0.0035);
#1767=CYLINDRICAL_SURFACE('',#10444,0.005);
#1768=CYLINDRICAL_SURFACE('',#10446,0.015);
#1769=CYLINDRICAL_SURFACE('',#10448,0.005);
#1770=CYLINDRICAL_SURFACE('',#10451,0.0035);
#1771=CYLINDRICAL_SURFACE('',#10454,0.0035);
#1772=CYLINDRICAL_SURFACE('',#10457,0.0035);
#1773=CYLINDRICAL_SURFACE('',#10460,0.0035);
#1774=CYLINDRICAL_SURFACE('',#10463,0.005);
#1775=CYLINDRICAL_SURFACE('',#10465,0.015);
#1776=CYLINDRICAL_SURFACE('',#10467,0.005);
#1777=CYLINDRICAL_SURFACE('',#10470,0.0035);
#1778=CYLINDRICAL_SURFACE('',#10473,0.0035);
#1779=CYLINDRICAL_SURFACE('',#10476,0.0035);
#1780=CYLINDRICAL_SURFACE('',#10479,0.0035);
#1781=CYLINDRICAL_SURFACE('',#10482,0.005);
#1782=CYLINDRICAL_SURFACE('',#10484,0.015);
#1783=CYLINDRICAL_SURFACE('',#10486,0.005);
#1784=CYLINDRICAL_SURFACE('',#10489,0.0035);
#1785=CYLINDRICAL_SURFACE('',#10492,0.0035);
#1786=CYLINDRICAL_SURFACE('',#10495,0.0035);
#1787=CYLINDRICAL_SURFACE('',#10498,0.0035);
#1788=CYLINDRICAL_SURFACE('',#10501,0.0015);
#1789=CYLINDRICAL_SURFACE('',#10503,0.0015);
#1790=CYLINDRICAL_SURFACE('',#10505,0.0015);
#1791=CYLINDRICAL_SURFACE('',#10508,0.0015);
#1792=CYLINDRICAL_SURFACE('',#10510,0.0015);
#1793=CYLINDRICAL_SURFACE('',#10512,0.0015);
#1794=CYLINDRICAL_SURFACE('',#10514,0.0015);
#1795=CYLINDRICAL_SURFACE('',#10516,0.0015);
#1796=CYLINDRICAL_SURFACE('',#10518,0.0015);
#1797=CYLINDRICAL_SURFACE('',#10520,0.0015);
#1798=CYLINDRICAL_SURFACE('',#10522,0.0015);
#1799=CYLINDRICAL_SURFACE('',#10525,0.0015);
#1800=CYLINDRICAL_SURFACE('',#10528,0.0015);
#1801=CYLINDRICAL_SURFACE('',#10530,0.0015);
#1802=CYLINDRICAL_SURFACE('',#10532,0.0015);
#1803=CYLINDRICAL_SURFACE('',#10535,0.0015);
#1804=CYLINDRICAL_SURFACE('',#10537,0.005);
#1805=CYLINDRICAL_SURFACE('',#10554,0.001);
#1806=CYLINDRICAL_SURFACE('',#10555,0.015);
#1807=CYLINDRICAL_SURFACE('',#10556,0.005);
#1808=CYLINDRICAL_SURFACE('',#10558,0.0035);
#1809=CYLINDRICAL_SURFACE('',#10560,0.0035);
#1810=CYLINDRICAL_SURFACE('',#10562,0.0035);
#1811=CYLINDRICAL_SURFACE('',#10564,0.0035);
#1812=CYLINDRICAL_SURFACE('',#10566,0.005);
#1813=CYLINDRICAL_SURFACE('',#10567,0.015);
#1814=CYLINDRICAL_SURFACE('',#10568,0.005);
#1815=CYLINDRICAL_SURFACE('',#10570,0.0035);
#1816=CYLINDRICAL_SURFACE('',#10572,0.0035);
#1817=CYLINDRICAL_SURFACE('',#10574,0.0035);
#1818=CYLINDRICAL_SURFACE('',#10576,0.0035);
#1819=CYLINDRICAL_SURFACE('',#10578,0.005);
#1820=CYLINDRICAL_SURFACE('',#10579,0.015);
#1821=CYLINDRICAL_SURFACE('',#10580,0.005);
#1822=CYLINDRICAL_SURFACE('',#10582,0.0035);
#1823=CYLINDRICAL_SURFACE('',#10584,0.0035);
#1824=CYLINDRICAL_SURFACE('',#10586,0.0035);
#1825=CYLINDRICAL_SURFACE('',#10588,0.0035);
#1826=CYLINDRICAL_SURFACE('',#10590,0.005);
#1827=CYLINDRICAL_SURFACE('',#10591,0.015);
#1828=CYLINDRICAL_SURFACE('',#10592,0.005);
#1829=CYLINDRICAL_SURFACE('',#10594,0.0035);
#1830=CYLINDRICAL_SURFACE('',#10596,0.0035);
#1831=CYLINDRICAL_SURFACE('',#10598,0.0035);
#1832=CYLINDRICAL_SURFACE('',#10600,0.0035);
#1833=CYLINDRICAL_SURFACE('',#10602,0.0015);
#1834=CYLINDRICAL_SURFACE('',#10603,0.0015);
#1835=CYLINDRICAL_SURFACE('',#10605,0.0015);
#1836=CYLINDRICAL_SURFACE('',#10606,0.0015);
#1837=CYLINDRICAL_SURFACE('',#10607,0.0015);
#1838=CYLINDRICAL_SURFACE('',#10609,0.0015);
#1839=CYLINDRICAL_SURFACE('',#10610,0.0015);
#1840=CYLINDRICAL_SURFACE('',#10612,0.0015);
#1841=CYLINDRICAL_SURFACE('',#10614,0.0015);
#1842=CYLINDRICAL_SURFACE('',#10615,0.0015);
#1843=CYLINDRICAL_SURFACE('',#10617,0.0015);
#1844=CYLINDRICAL_SURFACE('',#10619,0.0015);
#1845=CYLINDRICAL_SURFACE('',#10621,0.0015);
#1846=CYLINDRICAL_SURFACE('',#10622,0.0015);
#1847=CYLINDRICAL_SURFACE('',#10623,0.0015);
#1848=CYLINDRICAL_SURFACE('',#10624,0.0015);
#1849=CYLINDRICAL_SURFACE('',#10625,0.005);
#1850=CYLINDRICAL_SURFACE('',#10641,0.001);
#1851=CYLINDRICAL_SURFACE('',#10648,0.001);
#1852=CYLINDRICAL_SURFACE('',#10655,0.001);
#1853=CYLINDRICAL_SURFACE('',#10662,0.001);
#1854=CYLINDRICAL_SURFACE('',#10669,0.001);
#1855=CYLINDRICAL_SURFACE('',#10670,0.015);
#1856=CYLINDRICAL_SURFACE('',#10672,0.005);
#1857=CYLINDRICAL_SURFACE('',#10675,0.0035);
#1858=CYLINDRICAL_SURFACE('',#10678,0.0035);
#1859=CYLINDRICAL_SURFACE('',#10681,0.0035);
#1860=CYLINDRICAL_SURFACE('',#10684,0.0035);
#1861=CYLINDRICAL_SURFACE('',#10687,0.005);
#1862=CYLINDRICAL_SURFACE('',#10689,0.015);
#1863=CYLINDRICAL_SURFACE('',#10691,0.005);
#1864=CYLINDRICAL_SURFACE('',#10694,0.0035);
#1865=CYLINDRICAL_SURFACE('',#10697,0.0035);
#1866=CYLINDRICAL_SURFACE('',#10700,0.0035);
#1867=CYLINDRICAL_SURFACE('',#10703,0.0035);
#1868=CYLINDRICAL_SURFACE('',#10706,0.005);
#1869=CYLINDRICAL_SURFACE('',#10708,0.015);
#1870=CYLINDRICAL_SURFACE('',#10710,0.005);
#1871=CYLINDRICAL_SURFACE('',#10713,0.0035);
#1872=CYLINDRICAL_SURFACE('',#10716,0.0035);
#1873=CYLINDRICAL_SURFACE('',#10719,0.0035);
#1874=CYLINDRICAL_SURFACE('',#10722,0.0035);
#1875=CYLINDRICAL_SURFACE('',#10725,0.005);
#1876=CYLINDRICAL_SURFACE('',#10727,0.015);
#1877=CYLINDRICAL_SURFACE('',#10729,0.005);
#1878=CYLINDRICAL_SURFACE('',#10732,0.0035);
#1879=CYLINDRICAL_SURFACE('',#10735,0.0035);
#1880=CYLINDRICAL_SURFACE('',#10738,0.0035);
#1881=CYLINDRICAL_SURFACE('',#10741,0.0035);
#1882=CYLINDRICAL_SURFACE('',#10744,0.0015);
#1883=CYLINDRICAL_SURFACE('',#10747,0.0015);
#1884=CYLINDRICAL_SURFACE('',#10749,0.0015);
#1885=CYLINDRICAL_SURFACE('',#10751,0.0015);
#1886=CYLINDRICAL_SURFACE('',#10753,0.0015);
#1887=CYLINDRICAL_SURFACE('',#10755,0.0015);
#1888=CYLINDRICAL_SURFACE('',#10757,0.0015);
#1889=CYLINDRICAL_SURFACE('',#10759,0.0015);
#1890=CYLINDRICAL_SURFACE('',#10762,0.0015);
#1891=CYLINDRICAL_SURFACE('',#10764,0.0015);
#1892=CYLINDRICAL_SURFACE('',#10766,0.0015);
#1893=CYLINDRICAL_SURFACE('',#10768,0.0015);
#1894=CYLINDRICAL_SURFACE('',#10770,0.0015);
#1895=CYLINDRICAL_SURFACE('',#10772,0.0015);
#1896=CYLINDRICAL_SURFACE('',#10775,0.0015);
#1897=CYLINDRICAL_SURFACE('',#10777,0.0015);
#1898=CYLINDRICAL_SURFACE('',#10779,0.005);
#1899=CYLINDRICAL_SURFACE('',#10788,0.015);
#1900=CYLINDRICAL_SURFACE('',#10789,0.005);
#1901=CYLINDRICAL_SURFACE('',#10791,0.0035);
#1902=CYLINDRICAL_SURFACE('',#10793,0.0035);
#1903=CYLINDRICAL_SURFACE('',#10795,0.0035);
#1904=CYLINDRICAL_SURFACE('',#10797,0.0035);
#1905=CYLINDRICAL_SURFACE('',#10799,0.005);
#1906=CYLINDRICAL_SURFACE('',#10800,0.015);
#1907=CYLINDRICAL_SURFACE('',#10801,0.005);
#1908=CYLINDRICAL_SURFACE('',#10803,0.0035);
#1909=CYLINDRICAL_SURFACE('',#10805,0.0035);
#1910=CYLINDRICAL_SURFACE('',#10807,0.0035);
#1911=CYLINDRICAL_SURFACE('',#10809,0.0035);
#1912=CYLINDRICAL_SURFACE('',#10811,0.005);
#1913=CYLINDRICAL_SURFACE('',#10812,0.015);
#1914=CYLINDRICAL_SURFACE('',#10813,0.005);
#1915=CYLINDRICAL_SURFACE('',#10815,0.0035);
#1916=CYLINDRICAL_SURFACE('',#10817,0.0035);
#1917=CYLINDRICAL_SURFACE('',#10819,0.0035);
#1918=CYLINDRICAL_SURFACE('',#10821,0.0035);
#1919=CYLINDRICAL_SURFACE('',#10823,0.005);
#1920=CYLINDRICAL_SURFACE('',#10824,0.015);
#1921=CYLINDRICAL_SURFACE('',#10825,0.005);
#1922=CYLINDRICAL_SURFACE('',#10827,0.0035);
#1923=CYLINDRICAL_SURFACE('',#10829,0.0035);
#1924=CYLINDRICAL_SURFACE('',#10831,0.0035);
#1925=CYLINDRICAL_SURFACE('',#10833,0.0035);
#1926=CYLINDRICAL_SURFACE('',#10835,0.0015);
#1927=CYLINDRICAL_SURFACE('',#10837,0.0015);
#1928=CYLINDRICAL_SURFACE('',#10838,0.0015);
#1929=CYLINDRICAL_SURFACE('',#10839,0.0015);
#1930=CYLINDRICAL_SURFACE('',#10840,0.0015);
#1931=CYLINDRICAL_SURFACE('',#10841,0.0015);
#1932=CYLINDRICAL_SURFACE('',#10842,0.0015);
#1933=CYLINDRICAL_SURFACE('',#10844,0.0015);
#1934=CYLINDRICAL_SURFACE('',#10846,0.0015);
#1935=CYLINDRICAL_SURFACE('',#10847,0.0015);
#1936=CYLINDRICAL_SURFACE('',#10848,0.0015);
#1937=CYLINDRICAL_SURFACE('',#10849,0.0015);
#1938=CYLINDRICAL_SURFACE('',#10851,0.0015);
#1939=CYLINDRICAL_SURFACE('',#10852,0.0015);
#1940=CYLINDRICAL_SURFACE('',#10854,0.0015);
#1941=CYLINDRICAL_SURFACE('',#10855,0.0015);
#1942=CYLINDRICAL_SURFACE('',#10856,0.005);
#1943=CYLINDRICAL_SURFACE('',#10865,0.00100000000000003);
#1944=CYLINDRICAL_SURFACE('',#10874,0.001);
#1945=CYLINDRICAL_SURFACE('',#10883,0.001);
#1946=CYLINDRICAL_SURFACE('',#10892,0.001);
#1947=CYLINDRICAL_SURFACE('',#10901,0.001);
#1948=CYLINDRICAL_SURFACE('',#10943,0.001);
#1949=CYLINDRICAL_SURFACE('',#10994,0.001);
#1950=CYLINDRICAL_SURFACE('',#11004,0.001);
#1951=CYLINDRICAL_SURFACE('',#11014,0.001);
#1952=CYLINDRICAL_SURFACE('',#11015,0.015);
#1953=CYLINDRICAL_SURFACE('',#11016,0.005);
#1954=CYLINDRICAL_SURFACE('',#11018,0.0035);
#1955=CYLINDRICAL_SURFACE('',#11020,0.0035);
#1956=CYLINDRICAL_SURFACE('',#11022,0.0035);
#1957=CYLINDRICAL_SURFACE('',#11024,0.0035);
#1958=CYLINDRICAL_SURFACE('',#11026,0.005);
#1959=CYLINDRICAL_SURFACE('',#11027,0.015);
#1960=CYLINDRICAL_SURFACE('',#11028,0.005);
#1961=CYLINDRICAL_SURFACE('',#11030,0.0035);
#1962=CYLINDRICAL_SURFACE('',#11032,0.0035);
#1963=CYLINDRICAL_SURFACE('',#11034,0.0035);
#1964=CYLINDRICAL_SURFACE('',#11036,0.0035);
#1965=CYLINDRICAL_SURFACE('',#11038,0.005);
#1966=CYLINDRICAL_SURFACE('',#11039,0.015);
#1967=CYLINDRICAL_SURFACE('',#11040,0.005);
#1968=CYLINDRICAL_SURFACE('',#11042,0.0035);
#1969=CYLINDRICAL_SURFACE('',#11044,0.0035);
#1970=CYLINDRICAL_SURFACE('',#11046,0.0035);
#1971=CYLINDRICAL_SURFACE('',#11048,0.0035);
#1972=CYLINDRICAL_SURFACE('',#11050,0.005);
#1973=CYLINDRICAL_SURFACE('',#11051,0.015);
#1974=CYLINDRICAL_SURFACE('',#11052,0.005);
#1975=CYLINDRICAL_SURFACE('',#11054,0.0035);
#1976=CYLINDRICAL_SURFACE('',#11056,0.0035);
#1977=CYLINDRICAL_SURFACE('',#11058,0.0035);
#1978=CYLINDRICAL_SURFACE('',#11060,0.0035);
#1979=CYLINDRICAL_SURFACE('',#11062,0.0015);
#1980=CYLINDRICAL_SURFACE('',#11063,0.0015);
#1981=CYLINDRICAL_SURFACE('',#11065,0.0015);
#1982=CYLINDRICAL_SURFACE('',#11066,0.0015);
#1983=CYLINDRICAL_SURFACE('',#11067,0.0015);
#1984=CYLINDRICAL_SURFACE('',#11068,0.0015);
#1985=CYLINDRICAL_SURFACE('',#11069,0.0015);
#1986=CYLINDRICAL_SURFACE('',#11070,0.0015);
#1987=CYLINDRICAL_SURFACE('',#11072,0.0015);
#1988=CYLINDRICAL_SURFACE('',#11073,0.0015);
#1989=CYLINDRICAL_SURFACE('',#11075,0.0015);
#1990=CYLINDRICAL_SURFACE('',#11076,0.0015);
#1991=CYLINDRICAL_SURFACE('',#11078,0.0015);
#1992=CYLINDRICAL_SURFACE('',#11079,0.0015);
#1993=CYLINDRICAL_SURFACE('',#11080,0.0015);
#1994=CYLINDRICAL_SURFACE('',#11081,0.0015);
#1995=CYLINDRICAL_SURFACE('',#11082,0.005);
#1996=CYLINDRICAL_SURFACE('',#11091,0.001);
#1997=CYLINDRICAL_SURFACE('',#11100,0.001);
#1998=CYLINDRICAL_SURFACE('',#11109,0.001);
#1999=CYLINDRICAL_SURFACE('',#11118,0.001);
#2000=ORIENTED_EDGE('',*,*,#4720,.F.);
#2001=ORIENTED_EDGE('',*,*,#4721,.F.);
#2002=ORIENTED_EDGE('',*,*,#4722,.T.);
#2003=ORIENTED_EDGE('',*,*,#4723,.F.);
#2004=ORIENTED_EDGE('',*,*,#4720,.T.);
#2005=ORIENTED_EDGE('',*,*,#4722,.F.);
#2006=ORIENTED_EDGE('',*,*,#4724,.F.);
#2007=ORIENTED_EDGE('',*,*,#4725,.F.);
#2008=ORIENTED_EDGE('',*,*,#4726,.F.);
#2009=ORIENTED_EDGE('',*,*,#4727,.F.);
#2010=ORIENTED_EDGE('',*,*,#4728,.F.);
#2011=ORIENTED_EDGE('',*,*,#4729,.F.);
#2012=ORIENTED_EDGE('',*,*,#4730,.F.);
#2013=ORIENTED_EDGE('',*,*,#4731,.F.);
#2014=ORIENTED_EDGE('',*,*,#4732,.F.);
#2015=ORIENTED_EDGE('',*,*,#4733,.F.);
#2016=ORIENTED_EDGE('',*,*,#4734,.F.);
#2017=ORIENTED_EDGE('',*,*,#4735,.F.);
#2018=ORIENTED_EDGE('',*,*,#4736,.F.);
#2019=ORIENTED_EDGE('',*,*,#4737,.F.);
#2020=ORIENTED_EDGE('',*,*,#4738,.F.);
#2021=ORIENTED_EDGE('',*,*,#4739,.F.);
#2022=ORIENTED_EDGE('',*,*,#4740,.F.);
#2023=ORIENTED_EDGE('',*,*,#4741,.F.);
#2024=ORIENTED_EDGE('',*,*,#4742,.T.);
#2025=ORIENTED_EDGE('',*,*,#4743,.T.);
#2026=ORIENTED_EDGE('',*,*,#4744,.F.);
#2027=ORIENTED_EDGE('',*,*,#4745,.F.);
#2028=ORIENTED_EDGE('',*,*,#4746,.T.);
#2029=ORIENTED_EDGE('',*,*,#4747,.T.);
#2030=ORIENTED_EDGE('',*,*,#4748,.T.);
#2031=ORIENTED_EDGE('',*,*,#4749,.F.);
#2032=ORIENTED_EDGE('',*,*,#4750,.F.);
#2033=ORIENTED_EDGE('',*,*,#4751,.F.);
#2034=ORIENTED_EDGE('',*,*,#4752,.T.);
#2035=ORIENTED_EDGE('',*,*,#4753,.T.);
#2036=ORIENTED_EDGE('',*,*,#4754,.T.);
#2037=ORIENTED_EDGE('',*,*,#4755,.F.);
#2038=ORIENTED_EDGE('',*,*,#4756,.F.);
#2039=ORIENTED_EDGE('',*,*,#4757,.F.);
#2040=ORIENTED_EDGE('',*,*,#4758,.F.);
#2041=ORIENTED_EDGE('',*,*,#4759,.T.);
#2042=ORIENTED_EDGE('',*,*,#4760,.T.);
#2043=ORIENTED_EDGE('',*,*,#4761,.T.);
#2044=ORIENTED_EDGE('',*,*,#4762,.F.);
#2045=ORIENTED_EDGE('',*,*,#4763,.T.);
#2046=ORIENTED_EDGE('',*,*,#4764,.F.);
#2047=ORIENTED_EDGE('',*,*,#4765,.T.);
#2048=ORIENTED_EDGE('',*,*,#4766,.F.);
#2049=ORIENTED_EDGE('',*,*,#4767,.T.);
#2050=ORIENTED_EDGE('',*,*,#4768,.F.);
#2051=ORIENTED_EDGE('',*,*,#4769,.T.);
#2052=ORIENTED_EDGE('',*,*,#4770,.F.);
#2053=ORIENTED_EDGE('',*,*,#4771,.F.);
#2054=ORIENTED_EDGE('',*,*,#4772,.T.);
#2055=ORIENTED_EDGE('',*,*,#4773,.F.);
#2056=ORIENTED_EDGE('',*,*,#4774,.T.);
#2057=ORIENTED_EDGE('',*,*,#4775,.T.);
#2058=ORIENTED_EDGE('',*,*,#4776,.T.);
#2059=ORIENTED_EDGE('',*,*,#4777,.T.);
#2060=ORIENTED_EDGE('',*,*,#4778,.T.);
#2061=ORIENTED_EDGE('',*,*,#4779,.F.);
#2062=ORIENTED_EDGE('',*,*,#4780,.F.);
#2063=ORIENTED_EDGE('',*,*,#4781,.F.);
#2064=ORIENTED_EDGE('',*,*,#4782,.F.);
#2065=ORIENTED_EDGE('',*,*,#4783,.T.);
#2066=ORIENTED_EDGE('',*,*,#4784,.T.);
#2067=ORIENTED_EDGE('',*,*,#4785,.T.);
#2068=ORIENTED_EDGE('',*,*,#4786,.F.);
#2069=ORIENTED_EDGE('',*,*,#4787,.T.);
#2070=ORIENTED_EDGE('',*,*,#4788,.F.);
#2071=ORIENTED_EDGE('',*,*,#4789,.T.);
#2072=ORIENTED_EDGE('',*,*,#4790,.F.);
#2073=ORIENTED_EDGE('',*,*,#4791,.T.);
#2074=ORIENTED_EDGE('',*,*,#4792,.F.);
#2075=ORIENTED_EDGE('',*,*,#4793,.T.);
#2076=ORIENTED_EDGE('',*,*,#4794,.F.);
#2077=ORIENTED_EDGE('',*,*,#4795,.F.);
#2078=ORIENTED_EDGE('',*,*,#4796,.T.);
#2079=ORIENTED_EDGE('',*,*,#4797,.F.);
#2080=ORIENTED_EDGE('',*,*,#4798,.T.);
#2081=ORIENTED_EDGE('',*,*,#4799,.T.);
#2082=ORIENTED_EDGE('',*,*,#4800,.F.);
#2083=ORIENTED_EDGE('',*,*,#4801,.F.);
#2084=ORIENTED_EDGE('',*,*,#4802,.F.);
#2085=ORIENTED_EDGE('',*,*,#4803,.F.);
#2086=ORIENTED_EDGE('',*,*,#4804,.F.);
#2087=ORIENTED_EDGE('',*,*,#4805,.F.);
#2088=ORIENTED_EDGE('',*,*,#4806,.F.);
#2089=ORIENTED_EDGE('',*,*,#4807,.F.);
#2090=ORIENTED_EDGE('',*,*,#4808,.F.);
#2091=ORIENTED_EDGE('',*,*,#4809,.F.);
#2092=ORIENTED_EDGE('',*,*,#4810,.F.);
#2093=ORIENTED_EDGE('',*,*,#4811,.F.);
#2094=ORIENTED_EDGE('',*,*,#4812,.F.);
#2095=ORIENTED_EDGE('',*,*,#4813,.F.);
#2096=ORIENTED_EDGE('',*,*,#4814,.F.);
#2097=ORIENTED_EDGE('',*,*,#4815,.F.);
#2098=ORIENTED_EDGE('',*,*,#4816,.F.);
#2099=ORIENTED_EDGE('',*,*,#4817,.F.);
#2100=ORIENTED_EDGE('',*,*,#4818,.T.);
#2101=ORIENTED_EDGE('',*,*,#4819,.T.);
#2102=ORIENTED_EDGE('',*,*,#4820,.T.);
#2103=ORIENTED_EDGE('',*,*,#4821,.T.);
#2104=ORIENTED_EDGE('',*,*,#4822,.T.);
#2105=ORIENTED_EDGE('',*,*,#4823,.T.);
#2106=ORIENTED_EDGE('',*,*,#4824,.T.);
#2107=ORIENTED_EDGE('',*,*,#4825,.T.);
#2108=ORIENTED_EDGE('',*,*,#4826,.T.);
#2109=ORIENTED_EDGE('',*,*,#4827,.T.);
#2110=ORIENTED_EDGE('',*,*,#4828,.T.);
#2111=ORIENTED_EDGE('',*,*,#4829,.T.);
#2112=ORIENTED_EDGE('',*,*,#4830,.T.);
#2113=ORIENTED_EDGE('',*,*,#4831,.T.);
#2114=ORIENTED_EDGE('',*,*,#4832,.T.);
#2115=ORIENTED_EDGE('',*,*,#4833,.T.);
#2116=ORIENTED_EDGE('',*,*,#4834,.T.);
#2117=ORIENTED_EDGE('',*,*,#4835,.T.);
#2118=ORIENTED_EDGE('',*,*,#4836,.F.);
#2119=ORIENTED_EDGE('',*,*,#4837,.F.);
#2120=ORIENTED_EDGE('',*,*,#4838,.T.);
#2121=ORIENTED_EDGE('',*,*,#4839,.T.);
#2122=ORIENTED_EDGE('',*,*,#4840,.F.);
#2123=ORIENTED_EDGE('',*,*,#4841,.F.);
#2124=ORIENTED_EDGE('',*,*,#4842,.F.);
#2125=ORIENTED_EDGE('',*,*,#4843,.T.);
#2126=ORIENTED_EDGE('',*,*,#4844,.T.);
#2127=ORIENTED_EDGE('',*,*,#4845,.T.);
#2128=ORIENTED_EDGE('',*,*,#4846,.F.);
#2129=ORIENTED_EDGE('',*,*,#4847,.F.);
#2130=ORIENTED_EDGE('',*,*,#4848,.F.);
#2131=ORIENTED_EDGE('',*,*,#4849,.T.);
#2132=ORIENTED_EDGE('',*,*,#4850,.F.);
#2133=ORIENTED_EDGE('',*,*,#4851,.T.);
#2134=ORIENTED_EDGE('',*,*,#4852,.T.);
#2135=ORIENTED_EDGE('',*,*,#4853,.F.);
#2136=ORIENTED_EDGE('',*,*,#4854,.T.);
#2137=ORIENTED_EDGE('',*,*,#4855,.F.);
#2138=ORIENTED_EDGE('',*,*,#4856,.T.);
#2139=ORIENTED_EDGE('',*,*,#4857,.F.);
#2140=ORIENTED_EDGE('',*,*,#4858,.T.);
#2141=ORIENTED_EDGE('',*,*,#4859,.F.);
#2142=ORIENTED_EDGE('',*,*,#4860,.T.);
#2143=ORIENTED_EDGE('',*,*,#4861,.F.);
#2144=ORIENTED_EDGE('',*,*,#4862,.F.);
#2145=ORIENTED_EDGE('',*,*,#4863,.F.);
#2146=ORIENTED_EDGE('',*,*,#4864,.T.);
#2147=ORIENTED_EDGE('',*,*,#4865,.T.);
#2148=ORIENTED_EDGE('',*,*,#4866,.T.);
#2149=ORIENTED_EDGE('',*,*,#4867,.T.);
#2150=ORIENTED_EDGE('',*,*,#4868,.F.);
#2151=ORIENTED_EDGE('',*,*,#4869,.F.);
#2152=ORIENTED_EDGE('',*,*,#4870,.F.);
#2153=ORIENTED_EDGE('',*,*,#4871,.F.);
#2154=ORIENTED_EDGE('',*,*,#4872,.F.);
#2155=ORIENTED_EDGE('',*,*,#4873,.T.);
#2156=ORIENTED_EDGE('',*,*,#4874,.F.);
#2157=ORIENTED_EDGE('',*,*,#4875,.T.);
#2158=ORIENTED_EDGE('',*,*,#4876,.T.);
#2159=ORIENTED_EDGE('',*,*,#4877,.F.);
#2160=ORIENTED_EDGE('',*,*,#4878,.T.);
#2161=ORIENTED_EDGE('',*,*,#4879,.F.);
#2162=ORIENTED_EDGE('',*,*,#4880,.T.);
#2163=ORIENTED_EDGE('',*,*,#4881,.F.);
#2164=ORIENTED_EDGE('',*,*,#4882,.T.);
#2165=ORIENTED_EDGE('',*,*,#4883,.F.);
#2166=ORIENTED_EDGE('',*,*,#4884,.T.);
#2167=ORIENTED_EDGE('',*,*,#4885,.F.);
#2168=ORIENTED_EDGE('',*,*,#4886,.F.);
#2169=ORIENTED_EDGE('',*,*,#4887,.F.);
#2170=ORIENTED_EDGE('',*,*,#4888,.T.);
#2171=ORIENTED_EDGE('',*,*,#4889,.T.);
#2172=ORIENTED_EDGE('',*,*,#4890,.T.);
#2173=ORIENTED_EDGE('',*,*,#4891,.T.);
#2174=ORIENTED_EDGE('',*,*,#4892,.F.);
#2175=ORIENTED_EDGE('',*,*,#4893,.F.);
#2176=ORIENTED_EDGE('',*,*,#4894,.T.);
#2177=ORIENTED_EDGE('',*,*,#4895,.T.);
#2178=ORIENTED_EDGE('',*,*,#4896,.T.);
#2179=ORIENTED_EDGE('',*,*,#4897,.T.);
#2180=ORIENTED_EDGE('',*,*,#4898,.T.);
#2181=ORIENTED_EDGE('',*,*,#4899,.T.);
#2182=ORIENTED_EDGE('',*,*,#4900,.T.);
#2183=ORIENTED_EDGE('',*,*,#4901,.T.);
#2184=ORIENTED_EDGE('',*,*,#4902,.T.);
#2185=ORIENTED_EDGE('',*,*,#4903,.T.);
#2186=ORIENTED_EDGE('',*,*,#4904,.T.);
#2187=ORIENTED_EDGE('',*,*,#4905,.T.);
#2188=ORIENTED_EDGE('',*,*,#4906,.T.);
#2189=ORIENTED_EDGE('',*,*,#4907,.T.);
#2190=ORIENTED_EDGE('',*,*,#4908,.T.);
#2191=ORIENTED_EDGE('',*,*,#4909,.T.);
#2192=ORIENTED_EDGE('',*,*,#4910,.T.);
#2193=ORIENTED_EDGE('',*,*,#4911,.T.);
#2194=ORIENTED_EDGE('',*,*,#4912,.F.);
#2195=ORIENTED_EDGE('',*,*,#4913,.F.);
#2196=ORIENTED_EDGE('',*,*,#4914,.T.);
#2197=ORIENTED_EDGE('',*,*,#4915,.F.);
#2198=ORIENTED_EDGE('',*,*,#4912,.T.);
#2199=ORIENTED_EDGE('',*,*,#4914,.F.);
#2200=ORIENTED_EDGE('',*,*,#4916,.F.);
#2201=ORIENTED_EDGE('',*,*,#4917,.F.);
#2202=ORIENTED_EDGE('',*,*,#4918,.T.);
#2203=ORIENTED_EDGE('',*,*,#4919,.F.);
#2204=ORIENTED_EDGE('',*,*,#4916,.T.);
#2205=ORIENTED_EDGE('',*,*,#4918,.F.);
#2206=ORIENTED_EDGE('',*,*,#4920,.T.);
#2207=ORIENTED_EDGE('',*,*,#4921,.T.);
#2208=ORIENTED_EDGE('',*,*,#4922,.T.);
#2209=ORIENTED_EDGE('',*,*,#4923,.T.);
#2210=ORIENTED_EDGE('',*,*,#4924,.T.);
#2211=ORIENTED_EDGE('',*,*,#4925,.T.);
#2212=ORIENTED_EDGE('',*,*,#4926,.T.);
#2213=ORIENTED_EDGE('',*,*,#4927,.T.);
#2214=ORIENTED_EDGE('',*,*,#4928,.T.);
#2215=ORIENTED_EDGE('',*,*,#4929,.T.);
#2216=ORIENTED_EDGE('',*,*,#4930,.T.);
#2217=ORIENTED_EDGE('',*,*,#4931,.T.);
#2218=ORIENTED_EDGE('',*,*,#4932,.T.);
#2219=ORIENTED_EDGE('',*,*,#4933,.T.);
#2220=ORIENTED_EDGE('',*,*,#4934,.T.);
#2221=ORIENTED_EDGE('',*,*,#4935,.T.);
#2222=ORIENTED_EDGE('',*,*,#4936,.T.);
#2223=ORIENTED_EDGE('',*,*,#4937,.T.);
#2224=ORIENTED_EDGE('',*,*,#4938,.T.);
#2225=ORIENTED_EDGE('',*,*,#4939,.T.);
#2226=ORIENTED_EDGE('',*,*,#4940,.T.);
#2227=ORIENTED_EDGE('',*,*,#4941,.T.);
#2228=ORIENTED_EDGE('',*,*,#4942,.T.);
#2229=ORIENTED_EDGE('',*,*,#4943,.T.);
#2230=ORIENTED_EDGE('',*,*,#4944,.F.);
#2231=ORIENTED_EDGE('',*,*,#4945,.F.);
#2232=ORIENTED_EDGE('',*,*,#4946,.T.);
#2233=ORIENTED_EDGE('',*,*,#4947,.T.);
#2234=ORIENTED_EDGE('',*,*,#4948,.F.);
#2235=ORIENTED_EDGE('',*,*,#4949,.F.);
#2236=ORIENTED_EDGE('',*,*,#4950,.T.);
#2237=ORIENTED_EDGE('',*,*,#4951,.T.);
#2238=ORIENTED_EDGE('',*,*,#4952,.F.);
#2239=ORIENTED_EDGE('',*,*,#4953,.F.);
#2240=ORIENTED_EDGE('',*,*,#4954,.F.);
#2241=ORIENTED_EDGE('',*,*,#4955,.T.);
#2242=ORIENTED_EDGE('',*,*,#4956,.F.);
#2243=ORIENTED_EDGE('',*,*,#4957,.T.);
#2244=ORIENTED_EDGE('',*,*,#4958,.T.);
#2245=ORIENTED_EDGE('',*,*,#4959,.F.);
#2246=ORIENTED_EDGE('',*,*,#4960,.T.);
#2247=ORIENTED_EDGE('',*,*,#4961,.F.);
#2248=ORIENTED_EDGE('',*,*,#4962,.T.);
#2249=ORIENTED_EDGE('',*,*,#4963,.F.);
#2250=ORIENTED_EDGE('',*,*,#4964,.T.);
#2251=ORIENTED_EDGE('',*,*,#4965,.F.);
#2252=ORIENTED_EDGE('',*,*,#4966,.T.);
#2253=ORIENTED_EDGE('',*,*,#4967,.F.);
#2254=ORIENTED_EDGE('',*,*,#4968,.F.);
#2255=ORIENTED_EDGE('',*,*,#4969,.F.);
#2256=ORIENTED_EDGE('',*,*,#4970,.T.);
#2257=ORIENTED_EDGE('',*,*,#4971,.T.);
#2258=ORIENTED_EDGE('',*,*,#4972,.T.);
#2259=ORIENTED_EDGE('',*,*,#4973,.T.);
#2260=ORIENTED_EDGE('',*,*,#4974,.F.);
#2261=ORIENTED_EDGE('',*,*,#4975,.F.);
#2262=ORIENTED_EDGE('',*,*,#4976,.F.);
#2263=ORIENTED_EDGE('',*,*,#4977,.F.);
#2264=ORIENTED_EDGE('',*,*,#4978,.F.);
#2265=ORIENTED_EDGE('',*,*,#4979,.T.);
#2266=ORIENTED_EDGE('',*,*,#4980,.F.);
#2267=ORIENTED_EDGE('',*,*,#4981,.T.);
#2268=ORIENTED_EDGE('',*,*,#4982,.T.);
#2269=ORIENTED_EDGE('',*,*,#4983,.F.);
#2270=ORIENTED_EDGE('',*,*,#4984,.T.);
#2271=ORIENTED_EDGE('',*,*,#4985,.F.);
#2272=ORIENTED_EDGE('',*,*,#4986,.T.);
#2273=ORIENTED_EDGE('',*,*,#4987,.F.);
#2274=ORIENTED_EDGE('',*,*,#4988,.T.);
#2275=ORIENTED_EDGE('',*,*,#4989,.F.);
#2276=ORIENTED_EDGE('',*,*,#4990,.T.);
#2277=ORIENTED_EDGE('',*,*,#4991,.F.);
#2278=ORIENTED_EDGE('',*,*,#4992,.F.);
#2279=ORIENTED_EDGE('',*,*,#4993,.F.);
#2280=ORIENTED_EDGE('',*,*,#4994,.T.);
#2281=ORIENTED_EDGE('',*,*,#4995,.T.);
#2282=ORIENTED_EDGE('',*,*,#4996,.T.);
#2283=ORIENTED_EDGE('',*,*,#4997,.T.);
#2284=ORIENTED_EDGE('',*,*,#4998,.F.);
#2285=ORIENTED_EDGE('',*,*,#4999,.F.);
#2286=ORIENTED_EDGE('',*,*,#5000,.T.);
#2287=ORIENTED_EDGE('',*,*,#5001,.T.);
#2288=ORIENTED_EDGE('',*,*,#5002,.T.);
#2289=ORIENTED_EDGE('',*,*,#5003,.T.);
#2290=ORIENTED_EDGE('',*,*,#5004,.T.);
#2291=ORIENTED_EDGE('',*,*,#5005,.T.);
#2292=ORIENTED_EDGE('',*,*,#5006,.T.);
#2293=ORIENTED_EDGE('',*,*,#5007,.T.);
#2294=ORIENTED_EDGE('',*,*,#5008,.T.);
#2295=ORIENTED_EDGE('',*,*,#5009,.T.);
#2296=ORIENTED_EDGE('',*,*,#5010,.T.);
#2297=ORIENTED_EDGE('',*,*,#5011,.T.);
#2298=ORIENTED_EDGE('',*,*,#5012,.T.);
#2299=ORIENTED_EDGE('',*,*,#5013,.T.);
#2300=ORIENTED_EDGE('',*,*,#5014,.T.);
#2301=ORIENTED_EDGE('',*,*,#5015,.T.);
#2302=ORIENTED_EDGE('',*,*,#5016,.T.);
#2303=ORIENTED_EDGE('',*,*,#5017,.T.);
#2304=ORIENTED_EDGE('',*,*,#5018,.T.);
#2305=ORIENTED_EDGE('',*,*,#5019,.T.);
#2306=ORIENTED_EDGE('',*,*,#5020,.T.);
#2307=ORIENTED_EDGE('',*,*,#5021,.T.);
#2308=ORIENTED_EDGE('',*,*,#5022,.T.);
#2309=ORIENTED_EDGE('',*,*,#5023,.T.);
#2310=ORIENTED_EDGE('',*,*,#5024,.F.);
#2311=ORIENTED_EDGE('',*,*,#5025,.F.);
#2312=ORIENTED_EDGE('',*,*,#5026,.F.);
#2313=ORIENTED_EDGE('',*,*,#5027,.F.);
#2314=ORIENTED_EDGE('',*,*,#5028,.F.);
#2315=ORIENTED_EDGE('',*,*,#5029,.F.);
#2316=ORIENTED_EDGE('',*,*,#5030,.F.);
#2317=ORIENTED_EDGE('',*,*,#5031,.F.);
#2318=ORIENTED_EDGE('',*,*,#5032,.F.);
#2319=ORIENTED_EDGE('',*,*,#5033,.F.);
#2320=ORIENTED_EDGE('',*,*,#5034,.F.);
#2321=ORIENTED_EDGE('',*,*,#5035,.F.);
#2322=ORIENTED_EDGE('',*,*,#5036,.F.);
#2323=ORIENTED_EDGE('',*,*,#5037,.F.);
#2324=ORIENTED_EDGE('',*,*,#5038,.F.);
#2325=ORIENTED_EDGE('',*,*,#5039,.F.);
#2326=ORIENTED_EDGE('',*,*,#5040,.F.);
#2327=ORIENTED_EDGE('',*,*,#5041,.F.);
#2328=ORIENTED_EDGE('',*,*,#5042,.F.);
#2329=ORIENTED_EDGE('',*,*,#5043,.F.);
#2330=ORIENTED_EDGE('',*,*,#5044,.F.);
#2331=ORIENTED_EDGE('',*,*,#5045,.F.);
#2332=ORIENTED_EDGE('',*,*,#5046,.F.);
#2333=ORIENTED_EDGE('',*,*,#5047,.F.);
#2334=ORIENTED_EDGE('',*,*,#5048,.T.);
#2335=ORIENTED_EDGE('',*,*,#5049,.T.);
#2336=ORIENTED_EDGE('',*,*,#5050,.F.);
#2337=ORIENTED_EDGE('',*,*,#5051,.F.);
#2338=ORIENTED_EDGE('',*,*,#5052,.T.);
#2339=ORIENTED_EDGE('',*,*,#5053,.T.);
#2340=ORIENTED_EDGE('',*,*,#5054,.F.);
#2341=ORIENTED_EDGE('',*,*,#5055,.F.);
#2342=ORIENTED_EDGE('',*,*,#5056,.T.);
#2343=ORIENTED_EDGE('',*,*,#5057,.T.);
#2344=ORIENTED_EDGE('',*,*,#5058,.T.);
#2345=ORIENTED_EDGE('',*,*,#5059,.F.);
#2346=ORIENTED_EDGE('',*,*,#5060,.F.);
#2347=ORIENTED_EDGE('',*,*,#5061,.F.);
#2348=ORIENTED_EDGE('',*,*,#5062,.F.);
#2349=ORIENTED_EDGE('',*,*,#5063,.T.);
#2350=ORIENTED_EDGE('',*,*,#5064,.T.);
#2351=ORIENTED_EDGE('',*,*,#5065,.T.);
#2352=ORIENTED_EDGE('',*,*,#5066,.F.);
#2353=ORIENTED_EDGE('',*,*,#5067,.T.);
#2354=ORIENTED_EDGE('',*,*,#5068,.F.);
#2355=ORIENTED_EDGE('',*,*,#5069,.T.);
#2356=ORIENTED_EDGE('',*,*,#5070,.F.);
#2357=ORIENTED_EDGE('',*,*,#5071,.T.);
#2358=ORIENTED_EDGE('',*,*,#5072,.F.);
#2359=ORIENTED_EDGE('',*,*,#5073,.T.);
#2360=ORIENTED_EDGE('',*,*,#5074,.F.);
#2361=ORIENTED_EDGE('',*,*,#5075,.F.);
#2362=ORIENTED_EDGE('',*,*,#5076,.T.);
#2363=ORIENTED_EDGE('',*,*,#5077,.F.);
#2364=ORIENTED_EDGE('',*,*,#5078,.T.);
#2365=ORIENTED_EDGE('',*,*,#5079,.T.);
#2366=ORIENTED_EDGE('',*,*,#5080,.T.);
#2367=ORIENTED_EDGE('',*,*,#5081,.T.);
#2368=ORIENTED_EDGE('',*,*,#5082,.T.);
#2369=ORIENTED_EDGE('',*,*,#5083,.F.);
#2370=ORIENTED_EDGE('',*,*,#5084,.F.);
#2371=ORIENTED_EDGE('',*,*,#5085,.F.);
#2372=ORIENTED_EDGE('',*,*,#5086,.F.);
#2373=ORIENTED_EDGE('',*,*,#5087,.T.);
#2374=ORIENTED_EDGE('',*,*,#5088,.T.);
#2375=ORIENTED_EDGE('',*,*,#5089,.T.);
#2376=ORIENTED_EDGE('',*,*,#5090,.F.);
#2377=ORIENTED_EDGE('',*,*,#5091,.T.);
#2378=ORIENTED_EDGE('',*,*,#5092,.F.);
#2379=ORIENTED_EDGE('',*,*,#5093,.T.);
#2380=ORIENTED_EDGE('',*,*,#5094,.F.);
#2381=ORIENTED_EDGE('',*,*,#5095,.T.);
#2382=ORIENTED_EDGE('',*,*,#5096,.F.);
#2383=ORIENTED_EDGE('',*,*,#5097,.T.);
#2384=ORIENTED_EDGE('',*,*,#5098,.F.);
#2385=ORIENTED_EDGE('',*,*,#5099,.F.);
#2386=ORIENTED_EDGE('',*,*,#5100,.T.);
#2387=ORIENTED_EDGE('',*,*,#5101,.F.);
#2388=ORIENTED_EDGE('',*,*,#5102,.T.);
#2389=ORIENTED_EDGE('',*,*,#5103,.T.);
#2390=ORIENTED_EDGE('',*,*,#5104,.F.);
#2391=ORIENTED_EDGE('',*,*,#5105,.F.);
#2392=ORIENTED_EDGE('',*,*,#5106,.F.);
#2393=ORIENTED_EDGE('',*,*,#5107,.F.);
#2394=ORIENTED_EDGE('',*,*,#5108,.F.);
#2395=ORIENTED_EDGE('',*,*,#5109,.F.);
#2396=ORIENTED_EDGE('',*,*,#5110,.F.);
#2397=ORIENTED_EDGE('',*,*,#5111,.F.);
#2398=ORIENTED_EDGE('',*,*,#5112,.F.);
#2399=ORIENTED_EDGE('',*,*,#5113,.F.);
#2400=ORIENTED_EDGE('',*,*,#5114,.F.);
#2401=ORIENTED_EDGE('',*,*,#5115,.F.);
#2402=ORIENTED_EDGE('',*,*,#5116,.F.);
#2403=ORIENTED_EDGE('',*,*,#5117,.F.);
#2404=ORIENTED_EDGE('',*,*,#5118,.F.);
#2405=ORIENTED_EDGE('',*,*,#5119,.F.);
#2406=ORIENTED_EDGE('',*,*,#5120,.F.);
#2407=ORIENTED_EDGE('',*,*,#5121,.F.);
#2408=ORIENTED_EDGE('',*,*,#5122,.F.);
#2409=ORIENTED_EDGE('',*,*,#5123,.F.);
#2410=ORIENTED_EDGE('',*,*,#5124,.F.);
#2411=ORIENTED_EDGE('',*,*,#5125,.F.);
#2412=ORIENTED_EDGE('',*,*,#5126,.F.);
#2413=ORIENTED_EDGE('',*,*,#5127,.F.);
#2414=ORIENTED_EDGE('',*,*,#5128,.F.);
#2415=ORIENTED_EDGE('',*,*,#5129,.F.);
#2416=ORIENTED_EDGE('',*,*,#5130,.T.);
#2417=ORIENTED_EDGE('',*,*,#5131,.F.);
#2418=ORIENTED_EDGE('',*,*,#5128,.T.);
#2419=ORIENTED_EDGE('',*,*,#5130,.F.);
#2420=ORIENTED_EDGE('',*,*,#5132,.T.);
#2421=ORIENTED_EDGE('',*,*,#5133,.T.);
#2422=ORIENTED_EDGE('',*,*,#5134,.T.);
#2423=ORIENTED_EDGE('',*,*,#5135,.T.);
#2424=ORIENTED_EDGE('',*,*,#5136,.T.);
#2425=ORIENTED_EDGE('',*,*,#5137,.T.);
#2426=ORIENTED_EDGE('',*,*,#5138,.T.);
#2427=ORIENTED_EDGE('',*,*,#5139,.T.);
#2428=ORIENTED_EDGE('',*,*,#5140,.T.);
#2429=ORIENTED_EDGE('',*,*,#5141,.T.);
#2430=ORIENTED_EDGE('',*,*,#5142,.T.);
#2431=ORIENTED_EDGE('',*,*,#5143,.T.);
#2432=ORIENTED_EDGE('',*,*,#5144,.T.);
#2433=ORIENTED_EDGE('',*,*,#5145,.T.);
#2434=ORIENTED_EDGE('',*,*,#5146,.T.);
#2435=ORIENTED_EDGE('',*,*,#5147,.T.);
#2436=ORIENTED_EDGE('',*,*,#5148,.T.);
#2437=ORIENTED_EDGE('',*,*,#5149,.T.);
#2438=ORIENTED_EDGE('',*,*,#5150,.F.);
#2439=ORIENTED_EDGE('',*,*,#5151,.F.);
#2440=ORIENTED_EDGE('',*,*,#5152,.F.);
#2441=ORIENTED_EDGE('',*,*,#5153,.T.);
#2442=ORIENTED_EDGE('',*,*,#5154,.F.);
#2443=ORIENTED_EDGE('',*,*,#5155,.T.);
#2444=ORIENTED_EDGE('',*,*,#5156,.T.);
#2445=ORIENTED_EDGE('',*,*,#5157,.F.);
#2446=ORIENTED_EDGE('',*,*,#5158,.T.);
#2447=ORIENTED_EDGE('',*,*,#5159,.T.);
#2448=ORIENTED_EDGE('',*,*,#5160,.F.);
#2449=ORIENTED_EDGE('',*,*,#5161,.F.);
#2450=ORIENTED_EDGE('',*,*,#5162,.F.);
#2451=ORIENTED_EDGE('',*,*,#5163,.T.);
#2452=ORIENTED_EDGE('',*,*,#5164,.F.);
#2453=ORIENTED_EDGE('',*,*,#5165,.T.);
#2454=ORIENTED_EDGE('',*,*,#5166,.T.);
#2455=ORIENTED_EDGE('',*,*,#5167,.F.);
#2456=ORIENTED_EDGE('',*,*,#5168,.T.);
#2457=ORIENTED_EDGE('',*,*,#5169,.F.);
#2458=ORIENTED_EDGE('',*,*,#5170,.T.);
#2459=ORIENTED_EDGE('',*,*,#5171,.F.);
#2460=ORIENTED_EDGE('',*,*,#5172,.T.);
#2461=ORIENTED_EDGE('',*,*,#5173,.F.);
#2462=ORIENTED_EDGE('',*,*,#5174,.T.);
#2463=ORIENTED_EDGE('',*,*,#5175,.F.);
#2464=ORIENTED_EDGE('',*,*,#5176,.F.);
#2465=ORIENTED_EDGE('',*,*,#5177,.F.);
#2466=ORIENTED_EDGE('',*,*,#5178,.T.);
#2467=ORIENTED_EDGE('',*,*,#5179,.T.);
#2468=ORIENTED_EDGE('',*,*,#5180,.T.);
#2469=ORIENTED_EDGE('',*,*,#5181,.T.);
#2470=ORIENTED_EDGE('',*,*,#5182,.F.);
#2471=ORIENTED_EDGE('',*,*,#5183,.F.);
#2472=ORIENTED_EDGE('',*,*,#5184,.F.);
#2473=ORIENTED_EDGE('',*,*,#5185,.F.);
#2474=ORIENTED_EDGE('',*,*,#5186,.F.);
#2475=ORIENTED_EDGE('',*,*,#5187,.T.);
#2476=ORIENTED_EDGE('',*,*,#5188,.F.);
#2477=ORIENTED_EDGE('',*,*,#5189,.T.);
#2478=ORIENTED_EDGE('',*,*,#5190,.T.);
#2479=ORIENTED_EDGE('',*,*,#5191,.F.);
#2480=ORIENTED_EDGE('',*,*,#5192,.T.);
#2481=ORIENTED_EDGE('',*,*,#5193,.F.);
#2482=ORIENTED_EDGE('',*,*,#5194,.T.);
#2483=ORIENTED_EDGE('',*,*,#5195,.F.);
#2484=ORIENTED_EDGE('',*,*,#5196,.T.);
#2485=ORIENTED_EDGE('',*,*,#5197,.F.);
#2486=ORIENTED_EDGE('',*,*,#5198,.T.);
#2487=ORIENTED_EDGE('',*,*,#5199,.F.);
#2488=ORIENTED_EDGE('',*,*,#5200,.F.);
#2489=ORIENTED_EDGE('',*,*,#5201,.F.);
#2490=ORIENTED_EDGE('',*,*,#5202,.T.);
#2491=ORIENTED_EDGE('',*,*,#5203,.T.);
#2492=ORIENTED_EDGE('',*,*,#5204,.T.);
#2493=ORIENTED_EDGE('',*,*,#5205,.T.);
#2494=ORIENTED_EDGE('',*,*,#5206,.F.);
#2495=ORIENTED_EDGE('',*,*,#5207,.F.);
#2496=ORIENTED_EDGE('',*,*,#5208,.T.);
#2497=ORIENTED_EDGE('',*,*,#5209,.T.);
#2498=ORIENTED_EDGE('',*,*,#5210,.T.);
#2499=ORIENTED_EDGE('',*,*,#5211,.T.);
#2500=ORIENTED_EDGE('',*,*,#5212,.T.);
#2501=ORIENTED_EDGE('',*,*,#5213,.T.);
#2502=ORIENTED_EDGE('',*,*,#5214,.T.);
#2503=ORIENTED_EDGE('',*,*,#5215,.T.);
#2504=ORIENTED_EDGE('',*,*,#5216,.T.);
#2505=ORIENTED_EDGE('',*,*,#5217,.T.);
#2506=ORIENTED_EDGE('',*,*,#5218,.T.);
#2507=ORIENTED_EDGE('',*,*,#5219,.T.);
#2508=ORIENTED_EDGE('',*,*,#5220,.T.);
#2509=ORIENTED_EDGE('',*,*,#5221,.T.);
#2510=ORIENTED_EDGE('',*,*,#5222,.T.);
#2511=ORIENTED_EDGE('',*,*,#5223,.T.);
#2512=ORIENTED_EDGE('',*,*,#5224,.T.);
#2513=ORIENTED_EDGE('',*,*,#5225,.T.);
#2514=ORIENTED_EDGE('',*,*,#5226,.F.);
#2515=ORIENTED_EDGE('',*,*,#5227,.F.);
#2516=ORIENTED_EDGE('',*,*,#5228,.F.);
#2517=ORIENTED_EDGE('',*,*,#5229,.F.);
#2518=ORIENTED_EDGE('',*,*,#5230,.F.);
#2519=ORIENTED_EDGE('',*,*,#5231,.F.);
#2520=ORIENTED_EDGE('',*,*,#5232,.F.);
#2521=ORIENTED_EDGE('',*,*,#5233,.F.);
#2522=ORIENTED_EDGE('',*,*,#5234,.F.);
#2523=ORIENTED_EDGE('',*,*,#5235,.F.);
#2524=ORIENTED_EDGE('',*,*,#5236,.F.);
#2525=ORIENTED_EDGE('',*,*,#5237,.F.);
#2526=ORIENTED_EDGE('',*,*,#5238,.F.);
#2527=ORIENTED_EDGE('',*,*,#5239,.F.);
#2528=ORIENTED_EDGE('',*,*,#5240,.F.);
#2529=ORIENTED_EDGE('',*,*,#5241,.F.);
#2530=ORIENTED_EDGE('',*,*,#5242,.F.);
#2531=ORIENTED_EDGE('',*,*,#5243,.F.);
#2532=ORIENTED_EDGE('',*,*,#5244,.T.);
#2533=ORIENTED_EDGE('',*,*,#5245,.T.);
#2534=ORIENTED_EDGE('',*,*,#5246,.T.);
#2535=ORIENTED_EDGE('',*,*,#5247,.F.);
#2536=ORIENTED_EDGE('',*,*,#5248,.T.);
#2537=ORIENTED_EDGE('',*,*,#5249,.F.);
#2538=ORIENTED_EDGE('',*,*,#5250,.F.);
#2539=ORIENTED_EDGE('',*,*,#5251,.T.);
#2540=ORIENTED_EDGE('',*,*,#5252,.F.);
#2541=ORIENTED_EDGE('',*,*,#5253,.F.);
#2542=ORIENTED_EDGE('',*,*,#5254,.T.);
#2543=ORIENTED_EDGE('',*,*,#5255,.T.);
#2544=ORIENTED_EDGE('',*,*,#5256,.T.);
#2545=ORIENTED_EDGE('',*,*,#5257,.F.);
#2546=ORIENTED_EDGE('',*,*,#5258,.F.);
#2547=ORIENTED_EDGE('',*,*,#5259,.F.);
#2548=ORIENTED_EDGE('',*,*,#5260,.F.);
#2549=ORIENTED_EDGE('',*,*,#5261,.T.);
#2550=ORIENTED_EDGE('',*,*,#5262,.T.);
#2551=ORIENTED_EDGE('',*,*,#5263,.T.);
#2552=ORIENTED_EDGE('',*,*,#5264,.F.);
#2553=ORIENTED_EDGE('',*,*,#5265,.T.);
#2554=ORIENTED_EDGE('',*,*,#5266,.F.);
#2555=ORIENTED_EDGE('',*,*,#5267,.T.);
#2556=ORIENTED_EDGE('',*,*,#5268,.F.);
#2557=ORIENTED_EDGE('',*,*,#5269,.T.);
#2558=ORIENTED_EDGE('',*,*,#5270,.F.);
#2559=ORIENTED_EDGE('',*,*,#5271,.T.);
#2560=ORIENTED_EDGE('',*,*,#5272,.F.);
#2561=ORIENTED_EDGE('',*,*,#5273,.F.);
#2562=ORIENTED_EDGE('',*,*,#5274,.T.);
#2563=ORIENTED_EDGE('',*,*,#5275,.F.);
#2564=ORIENTED_EDGE('',*,*,#5276,.T.);
#2565=ORIENTED_EDGE('',*,*,#5277,.T.);
#2566=ORIENTED_EDGE('',*,*,#5278,.T.);
#2567=ORIENTED_EDGE('',*,*,#5279,.T.);
#2568=ORIENTED_EDGE('',*,*,#5280,.T.);
#2569=ORIENTED_EDGE('',*,*,#5281,.F.);
#2570=ORIENTED_EDGE('',*,*,#5282,.F.);
#2571=ORIENTED_EDGE('',*,*,#5283,.F.);
#2572=ORIENTED_EDGE('',*,*,#5284,.F.);
#2573=ORIENTED_EDGE('',*,*,#5285,.T.);
#2574=ORIENTED_EDGE('',*,*,#5286,.T.);
#2575=ORIENTED_EDGE('',*,*,#5287,.T.);
#2576=ORIENTED_EDGE('',*,*,#5288,.F.);
#2577=ORIENTED_EDGE('',*,*,#5289,.T.);
#2578=ORIENTED_EDGE('',*,*,#5290,.F.);
#2579=ORIENTED_EDGE('',*,*,#5291,.T.);
#2580=ORIENTED_EDGE('',*,*,#5292,.F.);
#2581=ORIENTED_EDGE('',*,*,#5293,.T.);
#2582=ORIENTED_EDGE('',*,*,#5294,.F.);
#2583=ORIENTED_EDGE('',*,*,#5295,.T.);
#2584=ORIENTED_EDGE('',*,*,#5296,.F.);
#2585=ORIENTED_EDGE('',*,*,#5297,.F.);
#2586=ORIENTED_EDGE('',*,*,#5298,.T.);
#2587=ORIENTED_EDGE('',*,*,#5299,.F.);
#2588=ORIENTED_EDGE('',*,*,#5300,.T.);
#2589=ORIENTED_EDGE('',*,*,#5301,.T.);
#2590=ORIENTED_EDGE('',*,*,#5302,.F.);
#2591=ORIENTED_EDGE('',*,*,#5303,.F.);
#2592=ORIENTED_EDGE('',*,*,#5304,.F.);
#2593=ORIENTED_EDGE('',*,*,#5305,.F.);
#2594=ORIENTED_EDGE('',*,*,#5306,.F.);
#2595=ORIENTED_EDGE('',*,*,#5307,.F.);
#2596=ORIENTED_EDGE('',*,*,#5308,.F.);
#2597=ORIENTED_EDGE('',*,*,#5309,.F.);
#2598=ORIENTED_EDGE('',*,*,#5310,.F.);
#2599=ORIENTED_EDGE('',*,*,#5311,.F.);
#2600=ORIENTED_EDGE('',*,*,#5312,.F.);
#2601=ORIENTED_EDGE('',*,*,#5313,.F.);
#2602=ORIENTED_EDGE('',*,*,#5314,.F.);
#2603=ORIENTED_EDGE('',*,*,#5315,.F.);
#2604=ORIENTED_EDGE('',*,*,#5316,.F.);
#2605=ORIENTED_EDGE('',*,*,#5317,.F.);
#2606=ORIENTED_EDGE('',*,*,#5318,.F.);
#2607=ORIENTED_EDGE('',*,*,#5319,.F.);
#2608=ORIENTED_EDGE('',*,*,#5320,.F.);
#2609=ORIENTED_EDGE('',*,*,#5321,.F.);
#2610=ORIENTED_EDGE('',*,*,#5322,.T.);
#2611=ORIENTED_EDGE('',*,*,#5323,.F.);
#2612=ORIENTED_EDGE('',*,*,#5320,.T.);
#2613=ORIENTED_EDGE('',*,*,#5322,.F.);
#2614=ORIENTED_EDGE('',*,*,#5324,.T.);
#2615=ORIENTED_EDGE('',*,*,#5325,.T.);
#2616=ORIENTED_EDGE('',*,*,#5326,.T.);
#2617=ORIENTED_EDGE('',*,*,#5327,.T.);
#2618=ORIENTED_EDGE('',*,*,#5328,.T.);
#2619=ORIENTED_EDGE('',*,*,#5329,.T.);
#2620=ORIENTED_EDGE('',*,*,#5330,.T.);
#2621=ORIENTED_EDGE('',*,*,#5331,.T.);
#2622=ORIENTED_EDGE('',*,*,#5332,.T.);
#2623=ORIENTED_EDGE('',*,*,#5333,.T.);
#2624=ORIENTED_EDGE('',*,*,#5334,.T.);
#2625=ORIENTED_EDGE('',*,*,#5335,.T.);
#2626=ORIENTED_EDGE('',*,*,#5336,.T.);
#2627=ORIENTED_EDGE('',*,*,#5337,.T.);
#2628=ORIENTED_EDGE('',*,*,#5338,.F.);
#2629=ORIENTED_EDGE('',*,*,#5339,.F.);
#2630=ORIENTED_EDGE('',*,*,#5340,.F.);
#2631=ORIENTED_EDGE('',*,*,#5341,.T.);
#2632=ORIENTED_EDGE('',*,*,#5342,.T.);
#2633=ORIENTED_EDGE('',*,*,#5343,.T.);
#2634=ORIENTED_EDGE('',*,*,#5344,.T.);
#2635=ORIENTED_EDGE('',*,*,#5345,.F.);
#2636=ORIENTED_EDGE('',*,*,#5346,.F.);
#2637=ORIENTED_EDGE('',*,*,#5347,.F.);
#2638=ORIENTED_EDGE('',*,*,#5348,.T.);
#2639=ORIENTED_EDGE('',*,*,#5349,.T.);
#2640=ORIENTED_EDGE('',*,*,#5350,.T.);
#2641=ORIENTED_EDGE('',*,*,#5351,.F.);
#2642=ORIENTED_EDGE('',*,*,#5352,.F.);
#2643=ORIENTED_EDGE('',*,*,#5353,.F.);
#2644=ORIENTED_EDGE('',*,*,#5354,.F.);
#2645=ORIENTED_EDGE('',*,*,#5355,.T.);
#2646=ORIENTED_EDGE('',*,*,#5356,.T.);
#2647=ORIENTED_EDGE('',*,*,#5357,.T.);
#2648=ORIENTED_EDGE('',*,*,#5358,.F.);
#2649=ORIENTED_EDGE('',*,*,#5359,.T.);
#2650=ORIENTED_EDGE('',*,*,#5360,.F.);
#2651=ORIENTED_EDGE('',*,*,#5361,.T.);
#2652=ORIENTED_EDGE('',*,*,#5362,.F.);
#2653=ORIENTED_EDGE('',*,*,#5363,.T.);
#2654=ORIENTED_EDGE('',*,*,#5364,.F.);
#2655=ORIENTED_EDGE('',*,*,#5365,.T.);
#2656=ORIENTED_EDGE('',*,*,#5366,.F.);
#2657=ORIENTED_EDGE('',*,*,#5367,.F.);
#2658=ORIENTED_EDGE('',*,*,#5368,.T.);
#2659=ORIENTED_EDGE('',*,*,#5369,.F.);
#2660=ORIENTED_EDGE('',*,*,#5370,.T.);
#2661=ORIENTED_EDGE('',*,*,#5371,.T.);
#2662=ORIENTED_EDGE('',*,*,#5372,.T.);
#2663=ORIENTED_EDGE('',*,*,#5373,.T.);
#2664=ORIENTED_EDGE('',*,*,#5374,.T.);
#2665=ORIENTED_EDGE('',*,*,#5375,.F.);
#2666=ORIENTED_EDGE('',*,*,#5376,.F.);
#2667=ORIENTED_EDGE('',*,*,#5377,.F.);
#2668=ORIENTED_EDGE('',*,*,#5378,.F.);
#2669=ORIENTED_EDGE('',*,*,#5379,.T.);
#2670=ORIENTED_EDGE('',*,*,#5380,.T.);
#2671=ORIENTED_EDGE('',*,*,#5381,.T.);
#2672=ORIENTED_EDGE('',*,*,#5382,.F.);
#2673=ORIENTED_EDGE('',*,*,#5383,.T.);
#2674=ORIENTED_EDGE('',*,*,#5384,.F.);
#2675=ORIENTED_EDGE('',*,*,#5385,.T.);
#2676=ORIENTED_EDGE('',*,*,#5386,.F.);
#2677=ORIENTED_EDGE('',*,*,#5387,.T.);
#2678=ORIENTED_EDGE('',*,*,#5388,.F.);
#2679=ORIENTED_EDGE('',*,*,#5389,.T.);
#2680=ORIENTED_EDGE('',*,*,#5390,.F.);
#2681=ORIENTED_EDGE('',*,*,#5391,.F.);
#2682=ORIENTED_EDGE('',*,*,#5392,.T.);
#2683=ORIENTED_EDGE('',*,*,#5393,.F.);
#2684=ORIENTED_EDGE('',*,*,#5394,.T.);
#2685=ORIENTED_EDGE('',*,*,#5395,.T.);
#2686=ORIENTED_EDGE('',*,*,#5396,.T.);
#2687=ORIENTED_EDGE('',*,*,#5397,.T.);
#2688=ORIENTED_EDGE('',*,*,#5398,.T.);
#2689=ORIENTED_EDGE('',*,*,#5399,.T.);
#2690=ORIENTED_EDGE('',*,*,#5400,.T.);
#2691=ORIENTED_EDGE('',*,*,#5401,.T.);
#2692=ORIENTED_EDGE('',*,*,#5402,.T.);
#2693=ORIENTED_EDGE('',*,*,#5403,.T.);
#2694=ORIENTED_EDGE('',*,*,#5404,.T.);
#2695=ORIENTED_EDGE('',*,*,#5405,.T.);
#2696=ORIENTED_EDGE('',*,*,#5406,.T.);
#2697=ORIENTED_EDGE('',*,*,#5407,.T.);
#2698=ORIENTED_EDGE('',*,*,#5408,.T.);
#2699=ORIENTED_EDGE('',*,*,#5409,.F.);
#2700=ORIENTED_EDGE('',*,*,#5348,.F.);
#2701=ORIENTED_EDGE('',*,*,#5410,.T.);
#2702=ORIENTED_EDGE('',*,*,#5411,.T.);
#2703=ORIENTED_EDGE('',*,*,#5412,.F.);
#2704=ORIENTED_EDGE('',*,*,#5349,.F.);
#2705=ORIENTED_EDGE('',*,*,#5409,.T.);
#2706=ORIENTED_EDGE('',*,*,#5413,.T.);
#2707=ORIENTED_EDGE('',*,*,#5414,.F.);
#2708=ORIENTED_EDGE('',*,*,#5350,.F.);
#2709=ORIENTED_EDGE('',*,*,#5412,.T.);
#2710=ORIENTED_EDGE('',*,*,#5415,.F.);
#2711=ORIENTED_EDGE('',*,*,#5416,.F.);
#2712=ORIENTED_EDGE('',*,*,#5351,.T.);
#2713=ORIENTED_EDGE('',*,*,#5414,.T.);
#2714=ORIENTED_EDGE('',*,*,#5417,.F.);
#2715=ORIENTED_EDGE('',*,*,#5418,.F.);
#2716=ORIENTED_EDGE('',*,*,#5352,.T.);
#2717=ORIENTED_EDGE('',*,*,#5416,.T.);
#2718=ORIENTED_EDGE('',*,*,#5419,.F.);
#2719=ORIENTED_EDGE('',*,*,#5420,.F.);
#2720=ORIENTED_EDGE('',*,*,#5353,.T.);
#2721=ORIENTED_EDGE('',*,*,#5418,.T.);
#2722=ORIENTED_EDGE('',*,*,#5421,.F.);
#2723=ORIENTED_EDGE('',*,*,#5422,.F.);
#2724=ORIENTED_EDGE('',*,*,#5354,.T.);
#2725=ORIENTED_EDGE('',*,*,#5420,.T.);
#2726=ORIENTED_EDGE('',*,*,#5423,.T.);
#2727=ORIENTED_EDGE('',*,*,#5424,.F.);
#2728=ORIENTED_EDGE('',*,*,#5355,.F.);
#2729=ORIENTED_EDGE('',*,*,#5422,.T.);
#2730=ORIENTED_EDGE('',*,*,#5425,.T.);
#2731=ORIENTED_EDGE('',*,*,#5426,.F.);
#2732=ORIENTED_EDGE('',*,*,#5356,.F.);
#2733=ORIENTED_EDGE('',*,*,#5424,.T.);
#2734=ORIENTED_EDGE('',*,*,#5427,.T.);
#2735=ORIENTED_EDGE('',*,*,#5428,.F.);
#2736=ORIENTED_EDGE('',*,*,#5357,.F.);
#2737=ORIENTED_EDGE('',*,*,#5426,.T.);
#2738=ORIENTED_EDGE('',*,*,#5429,.F.);
#2739=ORIENTED_EDGE('',*,*,#5430,.F.);
#2740=ORIENTED_EDGE('',*,*,#5358,.T.);
#2741=ORIENTED_EDGE('',*,*,#5428,.T.);
#2742=ORIENTED_EDGE('',*,*,#5431,.T.);
#2743=ORIENTED_EDGE('',*,*,#5432,.F.);
#2744=ORIENTED_EDGE('',*,*,#5359,.F.);
#2745=ORIENTED_EDGE('',*,*,#5430,.T.);
#2746=ORIENTED_EDGE('',*,*,#5433,.F.);
#2747=ORIENTED_EDGE('',*,*,#5434,.F.);
#2748=ORIENTED_EDGE('',*,*,#5360,.T.);
#2749=ORIENTED_EDGE('',*,*,#5432,.T.);
#2750=ORIENTED_EDGE('',*,*,#5435,.T.);
#2751=ORIENTED_EDGE('',*,*,#5436,.F.);
#2752=ORIENTED_EDGE('',*,*,#5361,.F.);
#2753=ORIENTED_EDGE('',*,*,#5434,.T.);
#2754=ORIENTED_EDGE('',*,*,#5437,.F.);
#2755=ORIENTED_EDGE('',*,*,#5438,.F.);
#2756=ORIENTED_EDGE('',*,*,#5362,.T.);
#2757=ORIENTED_EDGE('',*,*,#5436,.T.);
#2758=ORIENTED_EDGE('',*,*,#5439,.T.);
#2759=ORIENTED_EDGE('',*,*,#5440,.F.);
#2760=ORIENTED_EDGE('',*,*,#5363,.F.);
#2761=ORIENTED_EDGE('',*,*,#5438,.T.);
#2762=ORIENTED_EDGE('',*,*,#5441,.F.);
#2763=ORIENTED_EDGE('',*,*,#5442,.F.);
#2764=ORIENTED_EDGE('',*,*,#5364,.T.);
#2765=ORIENTED_EDGE('',*,*,#5440,.T.);
#2766=ORIENTED_EDGE('',*,*,#5443,.T.);
#2767=ORIENTED_EDGE('',*,*,#5444,.F.);
#2768=ORIENTED_EDGE('',*,*,#5365,.F.);
#2769=ORIENTED_EDGE('',*,*,#5442,.T.);
#2770=ORIENTED_EDGE('',*,*,#5445,.F.);
#2771=ORIENTED_EDGE('',*,*,#5446,.F.);
#2772=ORIENTED_EDGE('',*,*,#5366,.T.);
#2773=ORIENTED_EDGE('',*,*,#5444,.T.);
#2774=ORIENTED_EDGE('',*,*,#5447,.F.);
#2775=ORIENTED_EDGE('',*,*,#5448,.F.);
#2776=ORIENTED_EDGE('',*,*,#5367,.T.);
#2777=ORIENTED_EDGE('',*,*,#5446,.T.);
#2778=ORIENTED_EDGE('',*,*,#5449,.T.);
#2779=ORIENTED_EDGE('',*,*,#5450,.F.);
#2780=ORIENTED_EDGE('',*,*,#5368,.F.);
#2781=ORIENTED_EDGE('',*,*,#5448,.T.);
#2782=ORIENTED_EDGE('',*,*,#5451,.F.);
#2783=ORIENTED_EDGE('',*,*,#5452,.F.);
#2784=ORIENTED_EDGE('',*,*,#5369,.T.);
#2785=ORIENTED_EDGE('',*,*,#5450,.T.);
#2786=ORIENTED_EDGE('',*,*,#5453,.T.);
#2787=ORIENTED_EDGE('',*,*,#5454,.F.);
#2788=ORIENTED_EDGE('',*,*,#5370,.F.);
#2789=ORIENTED_EDGE('',*,*,#5452,.T.);
#2790=ORIENTED_EDGE('',*,*,#5455,.T.);
#2791=ORIENTED_EDGE('',*,*,#5456,.F.);
#2792=ORIENTED_EDGE('',*,*,#5371,.F.);
#2793=ORIENTED_EDGE('',*,*,#5454,.T.);
#2794=ORIENTED_EDGE('',*,*,#5457,.T.);
#2795=ORIENTED_EDGE('',*,*,#5458,.F.);
#2796=ORIENTED_EDGE('',*,*,#5372,.F.);
#2797=ORIENTED_EDGE('',*,*,#5456,.T.);
#2798=ORIENTED_EDGE('',*,*,#5459,.T.);
#2799=ORIENTED_EDGE('',*,*,#5460,.F.);
#2800=ORIENTED_EDGE('',*,*,#5373,.F.);
#2801=ORIENTED_EDGE('',*,*,#5458,.T.);
#2802=ORIENTED_EDGE('',*,*,#5461,.T.);
#2803=ORIENTED_EDGE('',*,*,#5462,.F.);
#2804=ORIENTED_EDGE('',*,*,#5374,.F.);
#2805=ORIENTED_EDGE('',*,*,#5460,.T.);
#2806=ORIENTED_EDGE('',*,*,#5463,.F.);
#2807=ORIENTED_EDGE('',*,*,#5464,.F.);
#2808=ORIENTED_EDGE('',*,*,#5375,.T.);
#2809=ORIENTED_EDGE('',*,*,#5462,.T.);
#2810=ORIENTED_EDGE('',*,*,#5465,.F.);
#2811=ORIENTED_EDGE('',*,*,#5466,.F.);
#2812=ORIENTED_EDGE('',*,*,#5376,.T.);
#2813=ORIENTED_EDGE('',*,*,#5464,.T.);
#2814=ORIENTED_EDGE('',*,*,#5467,.F.);
#2815=ORIENTED_EDGE('',*,*,#5468,.F.);
#2816=ORIENTED_EDGE('',*,*,#5377,.T.);
#2817=ORIENTED_EDGE('',*,*,#5466,.T.);
#2818=ORIENTED_EDGE('',*,*,#5469,.F.);
#2819=ORIENTED_EDGE('',*,*,#5470,.F.);
#2820=ORIENTED_EDGE('',*,*,#5378,.T.);
#2821=ORIENTED_EDGE('',*,*,#5468,.T.);
#2822=ORIENTED_EDGE('',*,*,#5471,.T.);
#2823=ORIENTED_EDGE('',*,*,#5472,.F.);
#2824=ORIENTED_EDGE('',*,*,#5379,.F.);
#2825=ORIENTED_EDGE('',*,*,#5470,.T.);
#2826=ORIENTED_EDGE('',*,*,#5473,.T.);
#2827=ORIENTED_EDGE('',*,*,#5474,.F.);
#2828=ORIENTED_EDGE('',*,*,#5380,.F.);
#2829=ORIENTED_EDGE('',*,*,#5472,.T.);
#2830=ORIENTED_EDGE('',*,*,#5475,.T.);
#2831=ORIENTED_EDGE('',*,*,#5476,.F.);
#2832=ORIENTED_EDGE('',*,*,#5381,.F.);
#2833=ORIENTED_EDGE('',*,*,#5474,.T.);
#2834=ORIENTED_EDGE('',*,*,#5477,.F.);
#2835=ORIENTED_EDGE('',*,*,#5478,.F.);
#2836=ORIENTED_EDGE('',*,*,#5382,.T.);
#2837=ORIENTED_EDGE('',*,*,#5476,.T.);
#2838=ORIENTED_EDGE('',*,*,#5479,.T.);
#2839=ORIENTED_EDGE('',*,*,#5480,.F.);
#2840=ORIENTED_EDGE('',*,*,#5383,.F.);
#2841=ORIENTED_EDGE('',*,*,#5478,.T.);
#2842=ORIENTED_EDGE('',*,*,#5481,.F.);
#2843=ORIENTED_EDGE('',*,*,#5482,.F.);
#2844=ORIENTED_EDGE('',*,*,#5384,.T.);
#2845=ORIENTED_EDGE('',*,*,#5480,.T.);
#2846=ORIENTED_EDGE('',*,*,#5483,.T.);
#2847=ORIENTED_EDGE('',*,*,#5484,.F.);
#2848=ORIENTED_EDGE('',*,*,#5385,.F.);
#2849=ORIENTED_EDGE('',*,*,#5482,.T.);
#2850=ORIENTED_EDGE('',*,*,#5485,.F.);
#2851=ORIENTED_EDGE('',*,*,#5486,.F.);
#2852=ORIENTED_EDGE('',*,*,#5386,.T.);
#2853=ORIENTED_EDGE('',*,*,#5484,.T.);
#2854=ORIENTED_EDGE('',*,*,#5487,.T.);
#2855=ORIENTED_EDGE('',*,*,#5488,.F.);
#2856=ORIENTED_EDGE('',*,*,#5387,.F.);
#2857=ORIENTED_EDGE('',*,*,#5486,.T.);
#2858=ORIENTED_EDGE('',*,*,#5489,.F.);
#2859=ORIENTED_EDGE('',*,*,#5490,.F.);
#2860=ORIENTED_EDGE('',*,*,#5388,.T.);
#2861=ORIENTED_EDGE('',*,*,#5488,.T.);
#2862=ORIENTED_EDGE('',*,*,#5491,.T.);
#2863=ORIENTED_EDGE('',*,*,#5492,.F.);
#2864=ORIENTED_EDGE('',*,*,#5389,.F.);
#2865=ORIENTED_EDGE('',*,*,#5490,.T.);
#2866=ORIENTED_EDGE('',*,*,#5493,.F.);
#2867=ORIENTED_EDGE('',*,*,#5494,.F.);
#2868=ORIENTED_EDGE('',*,*,#5390,.T.);
#2869=ORIENTED_EDGE('',*,*,#5492,.T.);
#2870=ORIENTED_EDGE('',*,*,#5495,.F.);
#2871=ORIENTED_EDGE('',*,*,#5496,.F.);
#2872=ORIENTED_EDGE('',*,*,#5391,.T.);
#2873=ORIENTED_EDGE('',*,*,#5494,.T.);
#2874=ORIENTED_EDGE('',*,*,#5497,.T.);
#2875=ORIENTED_EDGE('',*,*,#5498,.F.);
#2876=ORIENTED_EDGE('',*,*,#5392,.F.);
#2877=ORIENTED_EDGE('',*,*,#5496,.T.);
#2878=ORIENTED_EDGE('',*,*,#5499,.F.);
#2879=ORIENTED_EDGE('',*,*,#5500,.F.);
#2880=ORIENTED_EDGE('',*,*,#5393,.T.);
#2881=ORIENTED_EDGE('',*,*,#5498,.T.);
#2882=ORIENTED_EDGE('',*,*,#5501,.T.);
#2883=ORIENTED_EDGE('',*,*,#5502,.F.);
#2884=ORIENTED_EDGE('',*,*,#5394,.F.);
#2885=ORIENTED_EDGE('',*,*,#5500,.T.);
#2886=ORIENTED_EDGE('',*,*,#5347,.T.);
#2887=ORIENTED_EDGE('',*,*,#5503,.F.);
#2888=ORIENTED_EDGE('',*,*,#5346,.T.);
#2889=ORIENTED_EDGE('',*,*,#5504,.F.);
#2890=ORIENTED_EDGE('',*,*,#5505,.F.);
#2891=ORIENTED_EDGE('',*,*,#5506,.F.);
#2892=ORIENTED_EDGE('',*,*,#5345,.T.);
#2893=ORIENTED_EDGE('',*,*,#5507,.F.);
#2894=ORIENTED_EDGE('',*,*,#5344,.F.);
#2895=ORIENTED_EDGE('',*,*,#5508,.T.);
#2896=ORIENTED_EDGE('',*,*,#5343,.F.);
#2897=ORIENTED_EDGE('',*,*,#5509,.T.);
#2898=ORIENTED_EDGE('',*,*,#5342,.F.);
#2899=ORIENTED_EDGE('',*,*,#5510,.T.);
#2900=ORIENTED_EDGE('',*,*,#5341,.F.);
#2901=ORIENTED_EDGE('',*,*,#5511,.T.);
#2902=ORIENTED_EDGE('',*,*,#5340,.T.);
#2903=ORIENTED_EDGE('',*,*,#5512,.F.);
#2904=ORIENTED_EDGE('',*,*,#5339,.T.);
#2905=ORIENTED_EDGE('',*,*,#5513,.F.);
#2906=ORIENTED_EDGE('',*,*,#5514,.F.);
#2907=ORIENTED_EDGE('',*,*,#5515,.F.);
#2908=ORIENTED_EDGE('',*,*,#5516,.F.);
#2909=ORIENTED_EDGE('',*,*,#5517,.T.);
#2910=ORIENTED_EDGE('',*,*,#5338,.T.);
#2911=ORIENTED_EDGE('',*,*,#5518,.F.);
#2912=ORIENTED_EDGE('',*,*,#5337,.F.);
#2913=ORIENTED_EDGE('',*,*,#5519,.T.);
#2914=ORIENTED_EDGE('',*,*,#5520,.F.);
#2915=ORIENTED_EDGE('',*,*,#5521,.T.);
#2916=ORIENTED_EDGE('',*,*,#5336,.F.);
#2917=ORIENTED_EDGE('',*,*,#5522,.T.);
#2918=ORIENTED_EDGE('',*,*,#5523,.T.);
#2919=ORIENTED_EDGE('',*,*,#5410,.F.);
#2920=ORIENTED_EDGE('',*,*,#5395,.F.);
#2921=ORIENTED_EDGE('',*,*,#5502,.T.);
#2922=ORIENTED_EDGE('',*,*,#5522,.F.);
#2923=ORIENTED_EDGE('',*,*,#5521,.F.);
#2924=ORIENTED_EDGE('',*,*,#5519,.F.);
#2925=ORIENTED_EDGE('',*,*,#5518,.T.);
#2926=ORIENTED_EDGE('',*,*,#5517,.F.);
#2927=ORIENTED_EDGE('',*,*,#5515,.T.);
#2928=ORIENTED_EDGE('',*,*,#5513,.T.);
#2929=ORIENTED_EDGE('',*,*,#5512,.T.);
#2930=ORIENTED_EDGE('',*,*,#5511,.F.);
#2931=ORIENTED_EDGE('',*,*,#5510,.F.);
#2932=ORIENTED_EDGE('',*,*,#5509,.F.);
#2933=ORIENTED_EDGE('',*,*,#5508,.F.);
#2934=ORIENTED_EDGE('',*,*,#5507,.T.);
#2935=ORIENTED_EDGE('',*,*,#5506,.T.);
#2936=ORIENTED_EDGE('',*,*,#5504,.T.);
#2937=ORIENTED_EDGE('',*,*,#5503,.T.);
#2938=ORIENTED_EDGE('',*,*,#5408,.F.);
#2939=ORIENTED_EDGE('',*,*,#5523,.F.);
#2940=ORIENTED_EDGE('',*,*,#5501,.F.);
#2941=ORIENTED_EDGE('',*,*,#5499,.T.);
#2942=ORIENTED_EDGE('',*,*,#5497,.F.);
#2943=ORIENTED_EDGE('',*,*,#5495,.T.);
#2944=ORIENTED_EDGE('',*,*,#5493,.T.);
#2945=ORIENTED_EDGE('',*,*,#5491,.F.);
#2946=ORIENTED_EDGE('',*,*,#5489,.T.);
#2947=ORIENTED_EDGE('',*,*,#5487,.F.);
#2948=ORIENTED_EDGE('',*,*,#5485,.T.);
#2949=ORIENTED_EDGE('',*,*,#5483,.F.);
#2950=ORIENTED_EDGE('',*,*,#5481,.T.);
#2951=ORIENTED_EDGE('',*,*,#5479,.F.);
#2952=ORIENTED_EDGE('',*,*,#5477,.T.);
#2953=ORIENTED_EDGE('',*,*,#5475,.F.);
#2954=ORIENTED_EDGE('',*,*,#5473,.F.);
#2955=ORIENTED_EDGE('',*,*,#5471,.F.);
#2956=ORIENTED_EDGE('',*,*,#5469,.T.);
#2957=ORIENTED_EDGE('',*,*,#5467,.T.);
#2958=ORIENTED_EDGE('',*,*,#5465,.T.);
#2959=ORIENTED_EDGE('',*,*,#5463,.T.);
#2960=ORIENTED_EDGE('',*,*,#5461,.F.);
#2961=ORIENTED_EDGE('',*,*,#5459,.F.);
#2962=ORIENTED_EDGE('',*,*,#5457,.F.);
#2963=ORIENTED_EDGE('',*,*,#5455,.F.);
#2964=ORIENTED_EDGE('',*,*,#5453,.F.);
#2965=ORIENTED_EDGE('',*,*,#5451,.T.);
#2966=ORIENTED_EDGE('',*,*,#5449,.F.);
#2967=ORIENTED_EDGE('',*,*,#5447,.T.);
#2968=ORIENTED_EDGE('',*,*,#5445,.T.);
#2969=ORIENTED_EDGE('',*,*,#5443,.F.);
#2970=ORIENTED_EDGE('',*,*,#5441,.T.);
#2971=ORIENTED_EDGE('',*,*,#5439,.F.);
#2972=ORIENTED_EDGE('',*,*,#5437,.T.);
#2973=ORIENTED_EDGE('',*,*,#5435,.F.);
#2974=ORIENTED_EDGE('',*,*,#5433,.T.);
#2975=ORIENTED_EDGE('',*,*,#5431,.F.);
#2976=ORIENTED_EDGE('',*,*,#5429,.T.);
#2977=ORIENTED_EDGE('',*,*,#5427,.F.);
#2978=ORIENTED_EDGE('',*,*,#5425,.F.);
#2979=ORIENTED_EDGE('',*,*,#5423,.F.);
#2980=ORIENTED_EDGE('',*,*,#5421,.T.);
#2981=ORIENTED_EDGE('',*,*,#5419,.T.);
#2982=ORIENTED_EDGE('',*,*,#5417,.T.);
#2983=ORIENTED_EDGE('',*,*,#5415,.T.);
#2984=ORIENTED_EDGE('',*,*,#5413,.F.);
#2985=ORIENTED_EDGE('',*,*,#5411,.F.);
#2986=ORIENTED_EDGE('',*,*,#5524,.F.);
#2987=ORIENTED_EDGE('',*,*,#5505,.T.);
#2988=ORIENTED_EDGE('',*,*,#5525,.F.);
#2989=ORIENTED_EDGE('',*,*,#5514,.T.);
#2990=ORIENTED_EDGE('',*,*,#5526,.F.);
#2991=ORIENTED_EDGE('',*,*,#5516,.T.);
#2992=ORIENTED_EDGE('',*,*,#5527,.F.);
#2993=ORIENTED_EDGE('',*,*,#5520,.T.);
#2994=ORIENTED_EDGE('',*,*,#5528,.F.);
#2995=ORIENTED_EDGE('',*,*,#5529,.F.);
#2996=ORIENTED_EDGE('',*,*,#5530,.T.);
#2997=ORIENTED_EDGE('',*,*,#5531,.F.);
#2998=ORIENTED_EDGE('',*,*,#5528,.T.);
#2999=ORIENTED_EDGE('',*,*,#5530,.F.);
#3000=ORIENTED_EDGE('',*,*,#5160,.T.);
#3001=ORIENTED_EDGE('',*,*,#5532,.F.);
#3002=ORIENTED_EDGE('',*,*,#4752,.F.);
#3003=ORIENTED_EDGE('',*,*,#5533,.T.);
#3004=ORIENTED_EDGE('',*,*,#5207,.T.);
#3005=ORIENTED_EDGE('',*,*,#5534,.F.);
#3006=ORIENTED_EDGE('',*,*,#4753,.F.);
#3007=ORIENTED_EDGE('',*,*,#5532,.T.);
#3008=ORIENTED_EDGE('',*,*,#5206,.T.);
#3009=ORIENTED_EDGE('',*,*,#5535,.F.);
#3010=ORIENTED_EDGE('',*,*,#4754,.F.);
#3011=ORIENTED_EDGE('',*,*,#5534,.T.);
#3012=ORIENTED_EDGE('',*,*,#5205,.F.);
#3013=ORIENTED_EDGE('',*,*,#5536,.F.);
#3014=ORIENTED_EDGE('',*,*,#4755,.T.);
#3015=ORIENTED_EDGE('',*,*,#5535,.T.);
#3016=ORIENTED_EDGE('',*,*,#5204,.F.);
#3017=ORIENTED_EDGE('',*,*,#5537,.F.);
#3018=ORIENTED_EDGE('',*,*,#4756,.T.);
#3019=ORIENTED_EDGE('',*,*,#5536,.T.);
#3020=ORIENTED_EDGE('',*,*,#5203,.F.);
#3021=ORIENTED_EDGE('',*,*,#5538,.F.);
#3022=ORIENTED_EDGE('',*,*,#4757,.T.);
#3023=ORIENTED_EDGE('',*,*,#5537,.T.);
#3024=ORIENTED_EDGE('',*,*,#5202,.F.);
#3025=ORIENTED_EDGE('',*,*,#5539,.F.);
#3026=ORIENTED_EDGE('',*,*,#4758,.T.);
#3027=ORIENTED_EDGE('',*,*,#5538,.T.);
#3028=ORIENTED_EDGE('',*,*,#5201,.T.);
#3029=ORIENTED_EDGE('',*,*,#5540,.F.);
#3030=ORIENTED_EDGE('',*,*,#4759,.F.);
#3031=ORIENTED_EDGE('',*,*,#5539,.T.);
#3032=ORIENTED_EDGE('',*,*,#5200,.T.);
#3033=ORIENTED_EDGE('',*,*,#5541,.F.);
#3034=ORIENTED_EDGE('',*,*,#4760,.F.);
#3035=ORIENTED_EDGE('',*,*,#5540,.T.);
#3036=ORIENTED_EDGE('',*,*,#5199,.T.);
#3037=ORIENTED_EDGE('',*,*,#5542,.F.);
#3038=ORIENTED_EDGE('',*,*,#4761,.F.);
#3039=ORIENTED_EDGE('',*,*,#5541,.T.);
#3040=ORIENTED_EDGE('',*,*,#5198,.F.);
#3041=ORIENTED_EDGE('',*,*,#5543,.F.);
#3042=ORIENTED_EDGE('',*,*,#4762,.T.);
#3043=ORIENTED_EDGE('',*,*,#5542,.T.);
#3044=ORIENTED_EDGE('',*,*,#5197,.T.);
#3045=ORIENTED_EDGE('',*,*,#5544,.F.);
#3046=ORIENTED_EDGE('',*,*,#4763,.F.);
#3047=ORIENTED_EDGE('',*,*,#5543,.T.);
#3048=ORIENTED_EDGE('',*,*,#5196,.F.);
#3049=ORIENTED_EDGE('',*,*,#5545,.F.);
#3050=ORIENTED_EDGE('',*,*,#4764,.T.);
#3051=ORIENTED_EDGE('',*,*,#5544,.T.);
#3052=ORIENTED_EDGE('',*,*,#5195,.T.);
#3053=ORIENTED_EDGE('',*,*,#5546,.F.);
#3054=ORIENTED_EDGE('',*,*,#4765,.F.);
#3055=ORIENTED_EDGE('',*,*,#5545,.T.);
#3056=ORIENTED_EDGE('',*,*,#5194,.F.);
#3057=ORIENTED_EDGE('',*,*,#5547,.F.);
#3058=ORIENTED_EDGE('',*,*,#4766,.T.);
#3059=ORIENTED_EDGE('',*,*,#5546,.T.);
#3060=ORIENTED_EDGE('',*,*,#5193,.T.);
#3061=ORIENTED_EDGE('',*,*,#5548,.F.);
#3062=ORIENTED_EDGE('',*,*,#4767,.F.);
#3063=ORIENTED_EDGE('',*,*,#5547,.T.);
#3064=ORIENTED_EDGE('',*,*,#5192,.F.);
#3065=ORIENTED_EDGE('',*,*,#5549,.F.);
#3066=ORIENTED_EDGE('',*,*,#4768,.T.);
#3067=ORIENTED_EDGE('',*,*,#5548,.T.);
#3068=ORIENTED_EDGE('',*,*,#5191,.T.);
#3069=ORIENTED_EDGE('',*,*,#5550,.F.);
#3070=ORIENTED_EDGE('',*,*,#4769,.F.);
#3071=ORIENTED_EDGE('',*,*,#5549,.T.);
#3072=ORIENTED_EDGE('',*,*,#5190,.F.);
#3073=ORIENTED_EDGE('',*,*,#5551,.F.);
#3074=ORIENTED_EDGE('',*,*,#4770,.T.);
#3075=ORIENTED_EDGE('',*,*,#5550,.T.);
#3076=ORIENTED_EDGE('',*,*,#5189,.F.);
#3077=ORIENTED_EDGE('',*,*,#5552,.F.);
#3078=ORIENTED_EDGE('',*,*,#4771,.T.);
#3079=ORIENTED_EDGE('',*,*,#5551,.T.);
#3080=ORIENTED_EDGE('',*,*,#5188,.T.);
#3081=ORIENTED_EDGE('',*,*,#5553,.F.);
#3082=ORIENTED_EDGE('',*,*,#4772,.F.);
#3083=ORIENTED_EDGE('',*,*,#5552,.T.);
#3084=ORIENTED_EDGE('',*,*,#5187,.F.);
#3085=ORIENTED_EDGE('',*,*,#5554,.F.);
#3086=ORIENTED_EDGE('',*,*,#4773,.T.);
#3087=ORIENTED_EDGE('',*,*,#5553,.T.);
#3088=ORIENTED_EDGE('',*,*,#5186,.T.);
#3089=ORIENTED_EDGE('',*,*,#5555,.F.);
#3090=ORIENTED_EDGE('',*,*,#4774,.F.);
#3091=ORIENTED_EDGE('',*,*,#5554,.T.);
#3092=ORIENTED_EDGE('',*,*,#5185,.T.);
#3093=ORIENTED_EDGE('',*,*,#5556,.F.);
#3094=ORIENTED_EDGE('',*,*,#4775,.F.);
#3095=ORIENTED_EDGE('',*,*,#5555,.T.);
#3096=ORIENTED_EDGE('',*,*,#5184,.T.);
#3097=ORIENTED_EDGE('',*,*,#5557,.F.);
#3098=ORIENTED_EDGE('',*,*,#4776,.F.);
#3099=ORIENTED_EDGE('',*,*,#5556,.T.);
#3100=ORIENTED_EDGE('',*,*,#5183,.T.);
#3101=ORIENTED_EDGE('',*,*,#5558,.F.);
#3102=ORIENTED_EDGE('',*,*,#4777,.F.);
#3103=ORIENTED_EDGE('',*,*,#5557,.T.);
#3104=ORIENTED_EDGE('',*,*,#5182,.T.);
#3105=ORIENTED_EDGE('',*,*,#5559,.F.);
#3106=ORIENTED_EDGE('',*,*,#4778,.F.);
#3107=ORIENTED_EDGE('',*,*,#5558,.T.);
#3108=ORIENTED_EDGE('',*,*,#5181,.F.);
#3109=ORIENTED_EDGE('',*,*,#5560,.F.);
#3110=ORIENTED_EDGE('',*,*,#4779,.T.);
#3111=ORIENTED_EDGE('',*,*,#5559,.T.);
#3112=ORIENTED_EDGE('',*,*,#5180,.F.);
#3113=ORIENTED_EDGE('',*,*,#5561,.F.);
#3114=ORIENTED_EDGE('',*,*,#4780,.T.);
#3115=ORIENTED_EDGE('',*,*,#5560,.T.);
#3116=ORIENTED_EDGE('',*,*,#5179,.F.);
#3117=ORIENTED_EDGE('',*,*,#5562,.F.);
#3118=ORIENTED_EDGE('',*,*,#4781,.T.);
#3119=ORIENTED_EDGE('',*,*,#5561,.T.);
#3120=ORIENTED_EDGE('',*,*,#5178,.F.);
#3121=ORIENTED_EDGE('',*,*,#5563,.F.);
#3122=ORIENTED_EDGE('',*,*,#4782,.T.);
#3123=ORIENTED_EDGE('',*,*,#5562,.T.);
#3124=ORIENTED_EDGE('',*,*,#5177,.T.);
#3125=ORIENTED_EDGE('',*,*,#5564,.F.);
#3126=ORIENTED_EDGE('',*,*,#4783,.F.);
#3127=ORIENTED_EDGE('',*,*,#5563,.T.);
#3128=ORIENTED_EDGE('',*,*,#5176,.T.);
#3129=ORIENTED_EDGE('',*,*,#5565,.F.);
#3130=ORIENTED_EDGE('',*,*,#4784,.F.);
#3131=ORIENTED_EDGE('',*,*,#5564,.T.);
#3132=ORIENTED_EDGE('',*,*,#5175,.T.);
#3133=ORIENTED_EDGE('',*,*,#5566,.F.);
#3134=ORIENTED_EDGE('',*,*,#4785,.F.);
#3135=ORIENTED_EDGE('',*,*,#5565,.T.);
#3136=ORIENTED_EDGE('',*,*,#5174,.F.);
#3137=ORIENTED_EDGE('',*,*,#5567,.F.);
#3138=ORIENTED_EDGE('',*,*,#4786,.T.);
#3139=ORIENTED_EDGE('',*,*,#5566,.T.);
#3140=ORIENTED_EDGE('',*,*,#5173,.T.);
#3141=ORIENTED_EDGE('',*,*,#5568,.F.);
#3142=ORIENTED_EDGE('',*,*,#4787,.F.);
#3143=ORIENTED_EDGE('',*,*,#5567,.T.);
#3144=ORIENTED_EDGE('',*,*,#5172,.F.);
#3145=ORIENTED_EDGE('',*,*,#5569,.F.);
#3146=ORIENTED_EDGE('',*,*,#4788,.T.);
#3147=ORIENTED_EDGE('',*,*,#5568,.T.);
#3148=ORIENTED_EDGE('',*,*,#5171,.T.);
#3149=ORIENTED_EDGE('',*,*,#5570,.F.);
#3150=ORIENTED_EDGE('',*,*,#4789,.F.);
#3151=ORIENTED_EDGE('',*,*,#5569,.T.);
#3152=ORIENTED_EDGE('',*,*,#5170,.F.);
#3153=ORIENTED_EDGE('',*,*,#5571,.F.);
#3154=ORIENTED_EDGE('',*,*,#4790,.T.);
#3155=ORIENTED_EDGE('',*,*,#5570,.T.);
#3156=ORIENTED_EDGE('',*,*,#5169,.T.);
#3157=ORIENTED_EDGE('',*,*,#5572,.F.);
#3158=ORIENTED_EDGE('',*,*,#4791,.F.);
#3159=ORIENTED_EDGE('',*,*,#5571,.T.);
#3160=ORIENTED_EDGE('',*,*,#5168,.F.);
#3161=ORIENTED_EDGE('',*,*,#5573,.F.);
#3162=ORIENTED_EDGE('',*,*,#4792,.T.);
#3163=ORIENTED_EDGE('',*,*,#5572,.T.);
#3164=ORIENTED_EDGE('',*,*,#5167,.T.);
#3165=ORIENTED_EDGE('',*,*,#5574,.F.);
#3166=ORIENTED_EDGE('',*,*,#4793,.F.);
#3167=ORIENTED_EDGE('',*,*,#5573,.T.);
#3168=ORIENTED_EDGE('',*,*,#5166,.F.);
#3169=ORIENTED_EDGE('',*,*,#5575,.F.);
#3170=ORIENTED_EDGE('',*,*,#4794,.T.);
#3171=ORIENTED_EDGE('',*,*,#5574,.T.);
#3172=ORIENTED_EDGE('',*,*,#5165,.F.);
#3173=ORIENTED_EDGE('',*,*,#5576,.F.);
#3174=ORIENTED_EDGE('',*,*,#4795,.T.);
#3175=ORIENTED_EDGE('',*,*,#5575,.T.);
#3176=ORIENTED_EDGE('',*,*,#5164,.T.);
#3177=ORIENTED_EDGE('',*,*,#5577,.F.);
#3178=ORIENTED_EDGE('',*,*,#4796,.F.);
#3179=ORIENTED_EDGE('',*,*,#5576,.T.);
#3180=ORIENTED_EDGE('',*,*,#5163,.F.);
#3181=ORIENTED_EDGE('',*,*,#5578,.F.);
#3182=ORIENTED_EDGE('',*,*,#4797,.T.);
#3183=ORIENTED_EDGE('',*,*,#5577,.T.);
#3184=ORIENTED_EDGE('',*,*,#5162,.T.);
#3185=ORIENTED_EDGE('',*,*,#5579,.F.);
#3186=ORIENTED_EDGE('',*,*,#4798,.F.);
#3187=ORIENTED_EDGE('',*,*,#5578,.T.);
#3188=ORIENTED_EDGE('',*,*,#4751,.T.);
#3189=ORIENTED_EDGE('',*,*,#5159,.F.);
#3190=ORIENTED_EDGE('',*,*,#4750,.T.);
#3191=ORIENTED_EDGE('',*,*,#5580,.F.);
#3192=ORIENTED_EDGE('',*,*,#4723,.T.);
#3193=ORIENTED_EDGE('',*,*,#5158,.F.);
#3194=ORIENTED_EDGE('',*,*,#4749,.T.);
#3195=ORIENTED_EDGE('',*,*,#5529,.T.);
#3196=ORIENTED_EDGE('',*,*,#4748,.F.);
#3197=ORIENTED_EDGE('',*,*,#5581,.T.);
#3198=ORIENTED_EDGE('',*,*,#4747,.F.);
#3199=ORIENTED_EDGE('',*,*,#5129,.T.);
#3200=ORIENTED_EDGE('',*,*,#5582,.F.);
#3201=ORIENTED_EDGE('',*,*,#5157,.T.);
#3202=ORIENTED_EDGE('',*,*,#4746,.F.);
#3203=ORIENTED_EDGE('',*,*,#5583,.T.);
#3204=ORIENTED_EDGE('',*,*,#5323,.T.);
#3205=ORIENTED_EDGE('',*,*,#5156,.F.);
#3206=ORIENTED_EDGE('',*,*,#4745,.T.);
#3207=ORIENTED_EDGE('',*,*,#5584,.F.);
#3208=ORIENTED_EDGE('',*,*,#5585,.T.);
#3209=ORIENTED_EDGE('',*,*,#5155,.F.);
#3210=ORIENTED_EDGE('',*,*,#5586,.F.);
#3211=ORIENTED_EDGE('',*,*,#5154,.T.);
#3212=ORIENTED_EDGE('',*,*,#4744,.T.);
#3213=ORIENTED_EDGE('',*,*,#5153,.F.);
#3214=ORIENTED_EDGE('',*,*,#4743,.F.);
#3215=ORIENTED_EDGE('',*,*,#5152,.T.);
#3216=ORIENTED_EDGE('',*,*,#4915,.T.);
#3217=ORIENTED_EDGE('',*,*,#5151,.T.);
#3218=ORIENTED_EDGE('',*,*,#4742,.F.);
#3219=ORIENTED_EDGE('',*,*,#5150,.T.);
#3220=ORIENTED_EDGE('',*,*,#5161,.T.);
#3221=ORIENTED_EDGE('',*,*,#5533,.F.);
#3222=ORIENTED_EDGE('',*,*,#4799,.F.);
#3223=ORIENTED_EDGE('',*,*,#5579,.T.);
#3224=ORIENTED_EDGE('',*,*,#5587,.T.);
#3225=ORIENTED_EDGE('',*,*,#5582,.T.);
#3226=ORIENTED_EDGE('',*,*,#5588,.T.);
#3227=ORIENTED_EDGE('',*,*,#5585,.F.);
#3228=ORIENTED_EDGE('',*,*,#5589,.T.);
#3229=ORIENTED_EDGE('',*,*,#5586,.T.);
#3230=ORIENTED_EDGE('',*,*,#5590,.F.);
#3231=ORIENTED_EDGE('',*,*,#5591,.F.);
#3232=ORIENTED_EDGE('',*,*,#4731,.T.);
#3233=ORIENTED_EDGE('',*,*,#5592,.F.);
#3234=ORIENTED_EDGE('',*,*,#4825,.F.);
#3235=ORIENTED_EDGE('',*,*,#5593,.T.);
#3236=ORIENTED_EDGE('',*,*,#4730,.T.);
#3237=ORIENTED_EDGE('',*,*,#5594,.F.);
#3238=ORIENTED_EDGE('',*,*,#4826,.F.);
#3239=ORIENTED_EDGE('',*,*,#5592,.T.);
#3240=ORIENTED_EDGE('',*,*,#4735,.T.);
#3241=ORIENTED_EDGE('',*,*,#5595,.F.);
#3242=ORIENTED_EDGE('',*,*,#4827,.F.);
#3243=ORIENTED_EDGE('',*,*,#5594,.T.);
#3244=ORIENTED_EDGE('',*,*,#4734,.T.);
#3245=ORIENTED_EDGE('',*,*,#5596,.F.);
#3246=ORIENTED_EDGE('',*,*,#4828,.F.);
#3247=ORIENTED_EDGE('',*,*,#5595,.T.);
#3248=ORIENTED_EDGE('',*,*,#4733,.T.);
#3249=ORIENTED_EDGE('',*,*,#5597,.F.);
#3250=ORIENTED_EDGE('',*,*,#4829,.F.);
#3251=ORIENTED_EDGE('',*,*,#5596,.T.);
#3252=ORIENTED_EDGE('',*,*,#4732,.T.);
#3253=ORIENTED_EDGE('',*,*,#5593,.F.);
#3254=ORIENTED_EDGE('',*,*,#4824,.F.);
#3255=ORIENTED_EDGE('',*,*,#5597,.T.);
#3256=ORIENTED_EDGE('',*,*,#5590,.T.);
#3257=ORIENTED_EDGE('',*,*,#5588,.F.);
#3258=ORIENTED_EDGE('',*,*,#5598,.F.);
#3259=ORIENTED_EDGE('',*,*,#5599,.F.);
#3260=ORIENTED_EDGE('',*,*,#5600,.T.);
#3261=ORIENTED_EDGE('',*,*,#5601,.F.);
#3262=ORIENTED_EDGE('',*,*,#5598,.T.);
#3263=ORIENTED_EDGE('',*,*,#5600,.F.);
#3264=ORIENTED_EDGE('',*,*,#5602,.F.);
#3265=ORIENTED_EDGE('',*,*,#5603,.F.);
#3266=ORIENTED_EDGE('',*,*,#5604,.T.);
#3267=ORIENTED_EDGE('',*,*,#5605,.F.);
#3268=ORIENTED_EDGE('',*,*,#5602,.T.);
#3269=ORIENTED_EDGE('',*,*,#5604,.F.);
#3270=ORIENTED_EDGE('',*,*,#5606,.F.);
#3271=ORIENTED_EDGE('',*,*,#5607,.F.);
#3272=ORIENTED_EDGE('',*,*,#5608,.T.);
#3273=ORIENTED_EDGE('',*,*,#5609,.F.);
#3274=ORIENTED_EDGE('',*,*,#5606,.T.);
#3275=ORIENTED_EDGE('',*,*,#5608,.F.);
#3276=ORIENTED_EDGE('',*,*,#5610,.F.);
#3277=ORIENTED_EDGE('',*,*,#5611,.F.);
#3278=ORIENTED_EDGE('',*,*,#5612,.T.);
#3279=ORIENTED_EDGE('',*,*,#5613,.F.);
#3280=ORIENTED_EDGE('',*,*,#5610,.T.);
#3281=ORIENTED_EDGE('',*,*,#5612,.F.);
#3282=ORIENTED_EDGE('',*,*,#4952,.T.);
#3283=ORIENTED_EDGE('',*,*,#5614,.F.);
#3284=ORIENTED_EDGE('',*,*,#5615,.F.);
#3285=ORIENTED_EDGE('',*,*,#5616,.T.);
#3286=ORIENTED_EDGE('',*,*,#4999,.T.);
#3287=ORIENTED_EDGE('',*,*,#5617,.F.);
#3288=ORIENTED_EDGE('',*,*,#5618,.F.);
#3289=ORIENTED_EDGE('',*,*,#5614,.T.);
#3290=ORIENTED_EDGE('',*,*,#4998,.T.);
#3291=ORIENTED_EDGE('',*,*,#5619,.F.);
#3292=ORIENTED_EDGE('',*,*,#5620,.F.);
#3293=ORIENTED_EDGE('',*,*,#5617,.T.);
#3294=ORIENTED_EDGE('',*,*,#4997,.F.);
#3295=ORIENTED_EDGE('',*,*,#5621,.F.);
#3296=ORIENTED_EDGE('',*,*,#5622,.T.);
#3297=ORIENTED_EDGE('',*,*,#5619,.T.);
#3298=ORIENTED_EDGE('',*,*,#4996,.F.);
#3299=ORIENTED_EDGE('',*,*,#5623,.F.);
#3300=ORIENTED_EDGE('',*,*,#5624,.T.);
#3301=ORIENTED_EDGE('',*,*,#5621,.T.);
#3302=ORIENTED_EDGE('',*,*,#4995,.F.);
#3303=ORIENTED_EDGE('',*,*,#5625,.F.);
#3304=ORIENTED_EDGE('',*,*,#5626,.T.);
#3305=ORIENTED_EDGE('',*,*,#5623,.T.);
#3306=ORIENTED_EDGE('',*,*,#4994,.F.);
#3307=ORIENTED_EDGE('',*,*,#5627,.F.);
#3308=ORIENTED_EDGE('',*,*,#5628,.T.);
#3309=ORIENTED_EDGE('',*,*,#5625,.T.);
#3310=ORIENTED_EDGE('',*,*,#4993,.T.);
#3311=ORIENTED_EDGE('',*,*,#5629,.F.);
#3312=ORIENTED_EDGE('',*,*,#5630,.F.);
#3313=ORIENTED_EDGE('',*,*,#5627,.T.);
#3314=ORIENTED_EDGE('',*,*,#4992,.T.);
#3315=ORIENTED_EDGE('',*,*,#5631,.F.);
#3316=ORIENTED_EDGE('',*,*,#5632,.F.);
#3317=ORIENTED_EDGE('',*,*,#5629,.T.);
#3318=ORIENTED_EDGE('',*,*,#4991,.T.);
#3319=ORIENTED_EDGE('',*,*,#5633,.F.);
#3320=ORIENTED_EDGE('',*,*,#5634,.F.);
#3321=ORIENTED_EDGE('',*,*,#5631,.T.);
#3322=ORIENTED_EDGE('',*,*,#4990,.F.);
#3323=ORIENTED_EDGE('',*,*,#5635,.F.);
#3324=ORIENTED_EDGE('',*,*,#5636,.T.);
#3325=ORIENTED_EDGE('',*,*,#5633,.T.);
#3326=ORIENTED_EDGE('',*,*,#4989,.T.);
#3327=ORIENTED_EDGE('',*,*,#5637,.F.);
#3328=ORIENTED_EDGE('',*,*,#5638,.F.);
#3329=ORIENTED_EDGE('',*,*,#5635,.T.);
#3330=ORIENTED_EDGE('',*,*,#4988,.F.);
#3331=ORIENTED_EDGE('',*,*,#5639,.F.);
#3332=ORIENTED_EDGE('',*,*,#5640,.T.);
#3333=ORIENTED_EDGE('',*,*,#5637,.T.);
#3334=ORIENTED_EDGE('',*,*,#4987,.T.);
#3335=ORIENTED_EDGE('',*,*,#5641,.F.);
#3336=ORIENTED_EDGE('',*,*,#5642,.F.);
#3337=ORIENTED_EDGE('',*,*,#5639,.T.);
#3338=ORIENTED_EDGE('',*,*,#4986,.F.);
#3339=ORIENTED_EDGE('',*,*,#5643,.F.);
#3340=ORIENTED_EDGE('',*,*,#5644,.T.);
#3341=ORIENTED_EDGE('',*,*,#5641,.T.);
#3342=ORIENTED_EDGE('',*,*,#4985,.T.);
#3343=ORIENTED_EDGE('',*,*,#5645,.F.);
#3344=ORIENTED_EDGE('',*,*,#5646,.F.);
#3345=ORIENTED_EDGE('',*,*,#5643,.T.);
#3346=ORIENTED_EDGE('',*,*,#4984,.F.);
#3347=ORIENTED_EDGE('',*,*,#5647,.F.);
#3348=ORIENTED_EDGE('',*,*,#5648,.T.);
#3349=ORIENTED_EDGE('',*,*,#5645,.T.);
#3350=ORIENTED_EDGE('',*,*,#4983,.T.);
#3351=ORIENTED_EDGE('',*,*,#5649,.F.);
#3352=ORIENTED_EDGE('',*,*,#5650,.F.);
#3353=ORIENTED_EDGE('',*,*,#5647,.T.);
#3354=ORIENTED_EDGE('',*,*,#4982,.F.);
#3355=ORIENTED_EDGE('',*,*,#5651,.F.);
#3356=ORIENTED_EDGE('',*,*,#5652,.T.);
#3357=ORIENTED_EDGE('',*,*,#5649,.T.);
#3358=ORIENTED_EDGE('',*,*,#4981,.F.);
#3359=ORIENTED_EDGE('',*,*,#5653,.F.);
#3360=ORIENTED_EDGE('',*,*,#5654,.T.);
#3361=ORIENTED_EDGE('',*,*,#5651,.T.);
#3362=ORIENTED_EDGE('',*,*,#4980,.T.);
#3363=ORIENTED_EDGE('',*,*,#5655,.F.);
#3364=ORIENTED_EDGE('',*,*,#5656,.F.);
#3365=ORIENTED_EDGE('',*,*,#5653,.T.);
#3366=ORIENTED_EDGE('',*,*,#4979,.F.);
#3367=ORIENTED_EDGE('',*,*,#5657,.F.);
#3368=ORIENTED_EDGE('',*,*,#5658,.T.);
#3369=ORIENTED_EDGE('',*,*,#5655,.T.);
#3370=ORIENTED_EDGE('',*,*,#4978,.T.);
#3371=ORIENTED_EDGE('',*,*,#5659,.F.);
#3372=ORIENTED_EDGE('',*,*,#5660,.F.);
#3373=ORIENTED_EDGE('',*,*,#5657,.T.);
#3374=ORIENTED_EDGE('',*,*,#4977,.T.);
#3375=ORIENTED_EDGE('',*,*,#5661,.F.);
#3376=ORIENTED_EDGE('',*,*,#5662,.F.);
#3377=ORIENTED_EDGE('',*,*,#5659,.T.);
#3378=ORIENTED_EDGE('',*,*,#4976,.T.);
#3379=ORIENTED_EDGE('',*,*,#5663,.F.);
#3380=ORIENTED_EDGE('',*,*,#5664,.F.);
#3381=ORIENTED_EDGE('',*,*,#5661,.T.);
#3382=ORIENTED_EDGE('',*,*,#4975,.T.);
#3383=ORIENTED_EDGE('',*,*,#5665,.F.);
#3384=ORIENTED_EDGE('',*,*,#5666,.F.);
#3385=ORIENTED_EDGE('',*,*,#5663,.T.);
#3386=ORIENTED_EDGE('',*,*,#4974,.T.);
#3387=ORIENTED_EDGE('',*,*,#5667,.F.);
#3388=ORIENTED_EDGE('',*,*,#5668,.F.);
#3389=ORIENTED_EDGE('',*,*,#5665,.T.);
#3390=ORIENTED_EDGE('',*,*,#4973,.F.);
#3391=ORIENTED_EDGE('',*,*,#5669,.F.);
#3392=ORIENTED_EDGE('',*,*,#5670,.T.);
#3393=ORIENTED_EDGE('',*,*,#5667,.T.);
#3394=ORIENTED_EDGE('',*,*,#4972,.F.);
#3395=ORIENTED_EDGE('',*,*,#5671,.F.);
#3396=ORIENTED_EDGE('',*,*,#5672,.T.);
#3397=ORIENTED_EDGE('',*,*,#5669,.T.);
#3398=ORIENTED_EDGE('',*,*,#4971,.F.);
#3399=ORIENTED_EDGE('',*,*,#5673,.F.);
#3400=ORIENTED_EDGE('',*,*,#5674,.T.);
#3401=ORIENTED_EDGE('',*,*,#5671,.T.);
#3402=ORIENTED_EDGE('',*,*,#4970,.F.);
#3403=ORIENTED_EDGE('',*,*,#5675,.F.);
#3404=ORIENTED_EDGE('',*,*,#5676,.T.);
#3405=ORIENTED_EDGE('',*,*,#5673,.T.);
#3406=ORIENTED_EDGE('',*,*,#4969,.T.);
#3407=ORIENTED_EDGE('',*,*,#5677,.F.);
#3408=ORIENTED_EDGE('',*,*,#5678,.F.);
#3409=ORIENTED_EDGE('',*,*,#5675,.T.);
#3410=ORIENTED_EDGE('',*,*,#4968,.T.);
#3411=ORIENTED_EDGE('',*,*,#5679,.F.);
#3412=ORIENTED_EDGE('',*,*,#5680,.F.);
#3413=ORIENTED_EDGE('',*,*,#5677,.T.);
#3414=ORIENTED_EDGE('',*,*,#4967,.T.);
#3415=ORIENTED_EDGE('',*,*,#5681,.F.);
#3416=ORIENTED_EDGE('',*,*,#5682,.F.);
#3417=ORIENTED_EDGE('',*,*,#5679,.T.);
#3418=ORIENTED_EDGE('',*,*,#4966,.F.);
#3419=ORIENTED_EDGE('',*,*,#5683,.F.);
#3420=ORIENTED_EDGE('',*,*,#5684,.T.);
#3421=ORIENTED_EDGE('',*,*,#5681,.T.);
#3422=ORIENTED_EDGE('',*,*,#4965,.T.);
#3423=ORIENTED_EDGE('',*,*,#5685,.F.);
#3424=ORIENTED_EDGE('',*,*,#5686,.F.);
#3425=ORIENTED_EDGE('',*,*,#5683,.T.);
#3426=ORIENTED_EDGE('',*,*,#4964,.F.);
#3427=ORIENTED_EDGE('',*,*,#5687,.F.);
#3428=ORIENTED_EDGE('',*,*,#5688,.T.);
#3429=ORIENTED_EDGE('',*,*,#5685,.T.);
#3430=ORIENTED_EDGE('',*,*,#4963,.T.);
#3431=ORIENTED_EDGE('',*,*,#5689,.F.);
#3432=ORIENTED_EDGE('',*,*,#5690,.F.);
#3433=ORIENTED_EDGE('',*,*,#5687,.T.);
#3434=ORIENTED_EDGE('',*,*,#4962,.F.);
#3435=ORIENTED_EDGE('',*,*,#5691,.F.);
#3436=ORIENTED_EDGE('',*,*,#5692,.T.);
#3437=ORIENTED_EDGE('',*,*,#5689,.T.);
#3438=ORIENTED_EDGE('',*,*,#4961,.T.);
#3439=ORIENTED_EDGE('',*,*,#5693,.F.);
#3440=ORIENTED_EDGE('',*,*,#5694,.F.);
#3441=ORIENTED_EDGE('',*,*,#5691,.T.);
#3442=ORIENTED_EDGE('',*,*,#4960,.F.);
#3443=ORIENTED_EDGE('',*,*,#5695,.F.);
#3444=ORIENTED_EDGE('',*,*,#5696,.T.);
#3445=ORIENTED_EDGE('',*,*,#5693,.T.);
#3446=ORIENTED_EDGE('',*,*,#4959,.T.);
#3447=ORIENTED_EDGE('',*,*,#5697,.F.);
#3448=ORIENTED_EDGE('',*,*,#5698,.F.);
#3449=ORIENTED_EDGE('',*,*,#5695,.T.);
#3450=ORIENTED_EDGE('',*,*,#4958,.F.);
#3451=ORIENTED_EDGE('',*,*,#5699,.F.);
#3452=ORIENTED_EDGE('',*,*,#5700,.T.);
#3453=ORIENTED_EDGE('',*,*,#5697,.T.);
#3454=ORIENTED_EDGE('',*,*,#4957,.F.);
#3455=ORIENTED_EDGE('',*,*,#5701,.F.);
#3456=ORIENTED_EDGE('',*,*,#5702,.T.);
#3457=ORIENTED_EDGE('',*,*,#5699,.T.);
#3458=ORIENTED_EDGE('',*,*,#4956,.T.);
#3459=ORIENTED_EDGE('',*,*,#5703,.F.);
#3460=ORIENTED_EDGE('',*,*,#5704,.F.);
#3461=ORIENTED_EDGE('',*,*,#5701,.T.);
#3462=ORIENTED_EDGE('',*,*,#4955,.F.);
#3463=ORIENTED_EDGE('',*,*,#5705,.F.);
#3464=ORIENTED_EDGE('',*,*,#5706,.T.);
#3465=ORIENTED_EDGE('',*,*,#5703,.T.);
#3466=ORIENTED_EDGE('',*,*,#4954,.T.);
#3467=ORIENTED_EDGE('',*,*,#5707,.F.);
#3468=ORIENTED_EDGE('',*,*,#5708,.F.);
#3469=ORIENTED_EDGE('',*,*,#5705,.T.);
#3470=ORIENTED_EDGE('',*,*,#5709,.T.);
#3471=ORIENTED_EDGE('',*,*,#5710,.F.);
#3472=ORIENTED_EDGE('',*,*,#5711,.T.);
#3473=ORIENTED_EDGE('',*,*,#4951,.F.);
#3474=ORIENTED_EDGE('',*,*,#5712,.T.);
#3475=ORIENTED_EDGE('',*,*,#4950,.F.);
#3476=ORIENTED_EDGE('',*,*,#5713,.T.);
#3477=ORIENTED_EDGE('',*,*,#5607,.T.);
#3478=ORIENTED_EDGE('',*,*,#5714,.F.);
#3479=ORIENTED_EDGE('',*,*,#4949,.T.);
#3480=ORIENTED_EDGE('',*,*,#5715,.F.);
#3481=ORIENTED_EDGE('',*,*,#5603,.T.);
#3482=ORIENTED_EDGE('',*,*,#5716,.F.);
#3483=ORIENTED_EDGE('',*,*,#4948,.T.);
#3484=ORIENTED_EDGE('',*,*,#5717,.F.);
#3485=ORIENTED_EDGE('',*,*,#5718,.T.);
#3486=ORIENTED_EDGE('',*,*,#5719,.T.);
#3487=ORIENTED_EDGE('',*,*,#4947,.F.);
#3488=ORIENTED_EDGE('',*,*,#5720,.T.);
#3489=ORIENTED_EDGE('',*,*,#4917,.T.);
#3490=ORIENTED_EDGE('',*,*,#5721,.T.);
#3491=ORIENTED_EDGE('',*,*,#4946,.F.);
#3492=ORIENTED_EDGE('',*,*,#5722,.F.);
#3493=ORIENTED_EDGE('',*,*,#4945,.T.);
#3494=ORIENTED_EDGE('',*,*,#5723,.T.);
#3495=ORIENTED_EDGE('',*,*,#5611,.T.);
#3496=ORIENTED_EDGE('',*,*,#5724,.F.);
#3497=ORIENTED_EDGE('',*,*,#5725,.T.);
#3498=ORIENTED_EDGE('',*,*,#5726,.F.);
#3499=ORIENTED_EDGE('',*,*,#4944,.T.);
#3500=ORIENTED_EDGE('',*,*,#5727,.F.);
#3501=ORIENTED_EDGE('',*,*,#5599,.T.);
#3502=ORIENTED_EDGE('',*,*,#4953,.T.);
#3503=ORIENTED_EDGE('',*,*,#5616,.F.);
#3504=ORIENTED_EDGE('',*,*,#5728,.F.);
#3505=ORIENTED_EDGE('',*,*,#5707,.T.);
#3506=ORIENTED_EDGE('',*,*,#5727,.T.);
#3507=ORIENTED_EDGE('',*,*,#5726,.T.);
#3508=ORIENTED_EDGE('',*,*,#5724,.T.);
#3509=ORIENTED_EDGE('',*,*,#5723,.F.);
#3510=ORIENTED_EDGE('',*,*,#5722,.T.);
#3511=ORIENTED_EDGE('',*,*,#5721,.F.);
#3512=ORIENTED_EDGE('',*,*,#5720,.F.);
#3513=ORIENTED_EDGE('',*,*,#5719,.F.);
#3514=ORIENTED_EDGE('',*,*,#5717,.T.);
#3515=ORIENTED_EDGE('',*,*,#5716,.T.);
#3516=ORIENTED_EDGE('',*,*,#5715,.T.);
#3517=ORIENTED_EDGE('',*,*,#5714,.T.);
#3518=ORIENTED_EDGE('',*,*,#5713,.F.);
#3519=ORIENTED_EDGE('',*,*,#5712,.F.);
#3520=ORIENTED_EDGE('',*,*,#5711,.F.);
#3521=ORIENTED_EDGE('',*,*,#5709,.F.);
#3522=ORIENTED_EDGE('',*,*,#5615,.T.);
#3523=ORIENTED_EDGE('',*,*,#5618,.T.);
#3524=ORIENTED_EDGE('',*,*,#5620,.T.);
#3525=ORIENTED_EDGE('',*,*,#5622,.F.);
#3526=ORIENTED_EDGE('',*,*,#5624,.F.);
#3527=ORIENTED_EDGE('',*,*,#5626,.F.);
#3528=ORIENTED_EDGE('',*,*,#5628,.F.);
#3529=ORIENTED_EDGE('',*,*,#5630,.T.);
#3530=ORIENTED_EDGE('',*,*,#5632,.T.);
#3531=ORIENTED_EDGE('',*,*,#5634,.T.);
#3532=ORIENTED_EDGE('',*,*,#5636,.F.);
#3533=ORIENTED_EDGE('',*,*,#5638,.T.);
#3534=ORIENTED_EDGE('',*,*,#5640,.F.);
#3535=ORIENTED_EDGE('',*,*,#5642,.T.);
#3536=ORIENTED_EDGE('',*,*,#5644,.F.);
#3537=ORIENTED_EDGE('',*,*,#5646,.T.);
#3538=ORIENTED_EDGE('',*,*,#5648,.F.);
#3539=ORIENTED_EDGE('',*,*,#5650,.T.);
#3540=ORIENTED_EDGE('',*,*,#5652,.F.);
#3541=ORIENTED_EDGE('',*,*,#5654,.F.);
#3542=ORIENTED_EDGE('',*,*,#5656,.T.);
#3543=ORIENTED_EDGE('',*,*,#5658,.F.);
#3544=ORIENTED_EDGE('',*,*,#5660,.T.);
#3545=ORIENTED_EDGE('',*,*,#5662,.T.);
#3546=ORIENTED_EDGE('',*,*,#5664,.T.);
#3547=ORIENTED_EDGE('',*,*,#5666,.T.);
#3548=ORIENTED_EDGE('',*,*,#5668,.T.);
#3549=ORIENTED_EDGE('',*,*,#5670,.F.);
#3550=ORIENTED_EDGE('',*,*,#5672,.F.);
#3551=ORIENTED_EDGE('',*,*,#5674,.F.);
#3552=ORIENTED_EDGE('',*,*,#5676,.F.);
#3553=ORIENTED_EDGE('',*,*,#5678,.T.);
#3554=ORIENTED_EDGE('',*,*,#5680,.T.);
#3555=ORIENTED_EDGE('',*,*,#5682,.T.);
#3556=ORIENTED_EDGE('',*,*,#5684,.F.);
#3557=ORIENTED_EDGE('',*,*,#5686,.T.);
#3558=ORIENTED_EDGE('',*,*,#5688,.F.);
#3559=ORIENTED_EDGE('',*,*,#5690,.T.);
#3560=ORIENTED_EDGE('',*,*,#5692,.F.);
#3561=ORIENTED_EDGE('',*,*,#5694,.T.);
#3562=ORIENTED_EDGE('',*,*,#5696,.F.);
#3563=ORIENTED_EDGE('',*,*,#5698,.T.);
#3564=ORIENTED_EDGE('',*,*,#5700,.F.);
#3565=ORIENTED_EDGE('',*,*,#5702,.F.);
#3566=ORIENTED_EDGE('',*,*,#5704,.T.);
#3567=ORIENTED_EDGE('',*,*,#5706,.F.);
#3568=ORIENTED_EDGE('',*,*,#5708,.T.);
#3569=ORIENTED_EDGE('',*,*,#5728,.T.);
#3570=ORIENTED_EDGE('',*,*,#5729,.F.);
#3571=ORIENTED_EDGE('',*,*,#5710,.T.);
#3572=ORIENTED_EDGE('',*,*,#5730,.F.);
#3573=ORIENTED_EDGE('',*,*,#5718,.F.);
#3574=ORIENTED_EDGE('',*,*,#5731,.F.);
#3575=ORIENTED_EDGE('',*,*,#5725,.F.);
#3576=ORIENTED_EDGE('',*,*,#4846,.T.);
#3577=ORIENTED_EDGE('',*,*,#5732,.F.);
#3578=ORIENTED_EDGE('',*,*,#5056,.F.);
#3579=ORIENTED_EDGE('',*,*,#5733,.T.);
#3580=ORIENTED_EDGE('',*,*,#4893,.T.);
#3581=ORIENTED_EDGE('',*,*,#5734,.F.);
#3582=ORIENTED_EDGE('',*,*,#5057,.F.);
#3583=ORIENTED_EDGE('',*,*,#5732,.T.);
#3584=ORIENTED_EDGE('',*,*,#4892,.T.);
#3585=ORIENTED_EDGE('',*,*,#5735,.F.);
#3586=ORIENTED_EDGE('',*,*,#5058,.F.);
#3587=ORIENTED_EDGE('',*,*,#5734,.T.);
#3588=ORIENTED_EDGE('',*,*,#4891,.F.);
#3589=ORIENTED_EDGE('',*,*,#5736,.F.);
#3590=ORIENTED_EDGE('',*,*,#5059,.T.);
#3591=ORIENTED_EDGE('',*,*,#5735,.T.);
#3592=ORIENTED_EDGE('',*,*,#4890,.F.);
#3593=ORIENTED_EDGE('',*,*,#5737,.F.);
#3594=ORIENTED_EDGE('',*,*,#5060,.T.);
#3595=ORIENTED_EDGE('',*,*,#5736,.T.);
#3596=ORIENTED_EDGE('',*,*,#4889,.F.);
#3597=ORIENTED_EDGE('',*,*,#5738,.F.);
#3598=ORIENTED_EDGE('',*,*,#5061,.T.);
#3599=ORIENTED_EDGE('',*,*,#5737,.T.);
#3600=ORIENTED_EDGE('',*,*,#4888,.F.);
#3601=ORIENTED_EDGE('',*,*,#5739,.F.);
#3602=ORIENTED_EDGE('',*,*,#5062,.T.);
#3603=ORIENTED_EDGE('',*,*,#5738,.T.);
#3604=ORIENTED_EDGE('',*,*,#4887,.T.);
#3605=ORIENTED_EDGE('',*,*,#5740,.F.);
#3606=ORIENTED_EDGE('',*,*,#5063,.F.);
#3607=ORIENTED_EDGE('',*,*,#5739,.T.);
#3608=ORIENTED_EDGE('',*,*,#4886,.T.);
#3609=ORIENTED_EDGE('',*,*,#5741,.F.);
#3610=ORIENTED_EDGE('',*,*,#5064,.F.);
#3611=ORIENTED_EDGE('',*,*,#5740,.T.);
#3612=ORIENTED_EDGE('',*,*,#4885,.T.);
#3613=ORIENTED_EDGE('',*,*,#5742,.F.);
#3614=ORIENTED_EDGE('',*,*,#5065,.F.);
#3615=ORIENTED_EDGE('',*,*,#5741,.T.);
#3616=ORIENTED_EDGE('',*,*,#4884,.F.);
#3617=ORIENTED_EDGE('',*,*,#5743,.F.);
#3618=ORIENTED_EDGE('',*,*,#5066,.T.);
#3619=ORIENTED_EDGE('',*,*,#5742,.T.);
#3620=ORIENTED_EDGE('',*,*,#4883,.T.);
#3621=ORIENTED_EDGE('',*,*,#5744,.F.);
#3622=ORIENTED_EDGE('',*,*,#5067,.F.);
#3623=ORIENTED_EDGE('',*,*,#5743,.T.);
#3624=ORIENTED_EDGE('',*,*,#4882,.F.);
#3625=ORIENTED_EDGE('',*,*,#5745,.F.);
#3626=ORIENTED_EDGE('',*,*,#5068,.T.);
#3627=ORIENTED_EDGE('',*,*,#5744,.T.);
#3628=ORIENTED_EDGE('',*,*,#4881,.T.);
#3629=ORIENTED_EDGE('',*,*,#5746,.F.);
#3630=ORIENTED_EDGE('',*,*,#5069,.F.);
#3631=ORIENTED_EDGE('',*,*,#5745,.T.);
#3632=ORIENTED_EDGE('',*,*,#4880,.F.);
#3633=ORIENTED_EDGE('',*,*,#5747,.F.);
#3634=ORIENTED_EDGE('',*,*,#5070,.T.);
#3635=ORIENTED_EDGE('',*,*,#5746,.T.);
#3636=ORIENTED_EDGE('',*,*,#4879,.T.);
#3637=ORIENTED_EDGE('',*,*,#5748,.F.);
#3638=ORIENTED_EDGE('',*,*,#5071,.F.);
#3639=ORIENTED_EDGE('',*,*,#5747,.T.);
#3640=ORIENTED_EDGE('',*,*,#4878,.F.);
#3641=ORIENTED_EDGE('',*,*,#5749,.F.);
#3642=ORIENTED_EDGE('',*,*,#5072,.T.);
#3643=ORIENTED_EDGE('',*,*,#5748,.T.);
#3644=ORIENTED_EDGE('',*,*,#4877,.T.);
#3645=ORIENTED_EDGE('',*,*,#5750,.F.);
#3646=ORIENTED_EDGE('',*,*,#5073,.F.);
#3647=ORIENTED_EDGE('',*,*,#5749,.T.);
#3648=ORIENTED_EDGE('',*,*,#4876,.F.);
#3649=ORIENTED_EDGE('',*,*,#5751,.F.);
#3650=ORIENTED_EDGE('',*,*,#5074,.T.);
#3651=ORIENTED_EDGE('',*,*,#5750,.T.);
#3652=ORIENTED_EDGE('',*,*,#4875,.F.);
#3653=ORIENTED_EDGE('',*,*,#5752,.F.);
#3654=ORIENTED_EDGE('',*,*,#5075,.T.);
#3655=ORIENTED_EDGE('',*,*,#5751,.T.);
#3656=ORIENTED_EDGE('',*,*,#4874,.T.);
#3657=ORIENTED_EDGE('',*,*,#5753,.F.);
#3658=ORIENTED_EDGE('',*,*,#5076,.F.);
#3659=ORIENTED_EDGE('',*,*,#5752,.T.);
#3660=ORIENTED_EDGE('',*,*,#4873,.F.);
#3661=ORIENTED_EDGE('',*,*,#5754,.F.);
#3662=ORIENTED_EDGE('',*,*,#5077,.T.);
#3663=ORIENTED_EDGE('',*,*,#5753,.T.);
#3664=ORIENTED_EDGE('',*,*,#4872,.T.);
#3665=ORIENTED_EDGE('',*,*,#5755,.F.);
#3666=ORIENTED_EDGE('',*,*,#5078,.F.);
#3667=ORIENTED_EDGE('',*,*,#5754,.T.);
#3668=ORIENTED_EDGE('',*,*,#4871,.T.);
#3669=ORIENTED_EDGE('',*,*,#5756,.F.);
#3670=ORIENTED_EDGE('',*,*,#5079,.F.);
#3671=ORIENTED_EDGE('',*,*,#5755,.T.);
#3672=ORIENTED_EDGE('',*,*,#4870,.T.);
#3673=ORIENTED_EDGE('',*,*,#5757,.F.);
#3674=ORIENTED_EDGE('',*,*,#5080,.F.);
#3675=ORIENTED_EDGE('',*,*,#5756,.T.);
#3676=ORIENTED_EDGE('',*,*,#4869,.T.);
#3677=ORIENTED_EDGE('',*,*,#5758,.F.);
#3678=ORIENTED_EDGE('',*,*,#5081,.F.);
#3679=ORIENTED_EDGE('',*,*,#5757,.T.);
#3680=ORIENTED_EDGE('',*,*,#4868,.T.);
#3681=ORIENTED_EDGE('',*,*,#5759,.F.);
#3682=ORIENTED_EDGE('',*,*,#5082,.F.);
#3683=ORIENTED_EDGE('',*,*,#5758,.T.);
#3684=ORIENTED_EDGE('',*,*,#4867,.F.);
#3685=ORIENTED_EDGE('',*,*,#5760,.F.);
#3686=ORIENTED_EDGE('',*,*,#5083,.T.);
#3687=ORIENTED_EDGE('',*,*,#5759,.T.);
#3688=ORIENTED_EDGE('',*,*,#4866,.F.);
#3689=ORIENTED_EDGE('',*,*,#5761,.F.);
#3690=ORIENTED_EDGE('',*,*,#5084,.T.);
#3691=ORIENTED_EDGE('',*,*,#5760,.T.);
#3692=ORIENTED_EDGE('',*,*,#4865,.F.);
#3693=ORIENTED_EDGE('',*,*,#5762,.F.);
#3694=ORIENTED_EDGE('',*,*,#5085,.T.);
#3695=ORIENTED_EDGE('',*,*,#5761,.T.);
#3696=ORIENTED_EDGE('',*,*,#4864,.F.);
#3697=ORIENTED_EDGE('',*,*,#5763,.F.);
#3698=ORIENTED_EDGE('',*,*,#5086,.T.);
#3699=ORIENTED_EDGE('',*,*,#5762,.T.);
#3700=ORIENTED_EDGE('',*,*,#4863,.T.);
#3701=ORIENTED_EDGE('',*,*,#5764,.F.);
#3702=ORIENTED_EDGE('',*,*,#5087,.F.);
#3703=ORIENTED_EDGE('',*,*,#5763,.T.);
#3704=ORIENTED_EDGE('',*,*,#4862,.T.);
#3705=ORIENTED_EDGE('',*,*,#5765,.F.);
#3706=ORIENTED_EDGE('',*,*,#5088,.F.);
#3707=ORIENTED_EDGE('',*,*,#5764,.T.);
#3708=ORIENTED_EDGE('',*,*,#4861,.T.);
#3709=ORIENTED_EDGE('',*,*,#5766,.F.);
#3710=ORIENTED_EDGE('',*,*,#5089,.F.);
#3711=ORIENTED_EDGE('',*,*,#5765,.T.);
#3712=ORIENTED_EDGE('',*,*,#4860,.F.);
#3713=ORIENTED_EDGE('',*,*,#5767,.F.);
#3714=ORIENTED_EDGE('',*,*,#5090,.T.);
#3715=ORIENTED_EDGE('',*,*,#5766,.T.);
#3716=ORIENTED_EDGE('',*,*,#4859,.T.);
#3717=ORIENTED_EDGE('',*,*,#5768,.F.);
#3718=ORIENTED_EDGE('',*,*,#5091,.F.);
#3719=ORIENTED_EDGE('',*,*,#5767,.T.);
#3720=ORIENTED_EDGE('',*,*,#4858,.F.);
#3721=ORIENTED_EDGE('',*,*,#5769,.F.);
#3722=ORIENTED_EDGE('',*,*,#5092,.T.);
#3723=ORIENTED_EDGE('',*,*,#5768,.T.);
#3724=ORIENTED_EDGE('',*,*,#4857,.T.);
#3725=ORIENTED_EDGE('',*,*,#5770,.F.);
#3726=ORIENTED_EDGE('',*,*,#5093,.F.);
#3727=ORIENTED_EDGE('',*,*,#5769,.T.);
#3728=ORIENTED_EDGE('',*,*,#4856,.F.);
#3729=ORIENTED_EDGE('',*,*,#5771,.F.);
#3730=ORIENTED_EDGE('',*,*,#5094,.T.);
#3731=ORIENTED_EDGE('',*,*,#5770,.T.);
#3732=ORIENTED_EDGE('',*,*,#4855,.T.);
#3733=ORIENTED_EDGE('',*,*,#5772,.F.);
#3734=ORIENTED_EDGE('',*,*,#5095,.F.);
#3735=ORIENTED_EDGE('',*,*,#5771,.T.);
#3736=ORIENTED_EDGE('',*,*,#4854,.F.);
#3737=ORIENTED_EDGE('',*,*,#5773,.F.);
#3738=ORIENTED_EDGE('',*,*,#5096,.T.);
#3739=ORIENTED_EDGE('',*,*,#5772,.T.);
#3740=ORIENTED_EDGE('',*,*,#4853,.T.);
#3741=ORIENTED_EDGE('',*,*,#5774,.F.);
#3742=ORIENTED_EDGE('',*,*,#5097,.F.);
#3743=ORIENTED_EDGE('',*,*,#5773,.T.);
#3744=ORIENTED_EDGE('',*,*,#4852,.F.);
#3745=ORIENTED_EDGE('',*,*,#5775,.F.);
#3746=ORIENTED_EDGE('',*,*,#5098,.T.);
#3747=ORIENTED_EDGE('',*,*,#5774,.T.);
#3748=ORIENTED_EDGE('',*,*,#4851,.F.);
#3749=ORIENTED_EDGE('',*,*,#5776,.F.);
#3750=ORIENTED_EDGE('',*,*,#5099,.T.);
#3751=ORIENTED_EDGE('',*,*,#5775,.T.);
#3752=ORIENTED_EDGE('',*,*,#4850,.T.);
#3753=ORIENTED_EDGE('',*,*,#5777,.F.);
#3754=ORIENTED_EDGE('',*,*,#5100,.F.);
#3755=ORIENTED_EDGE('',*,*,#5776,.T.);
#3756=ORIENTED_EDGE('',*,*,#4849,.F.);
#3757=ORIENTED_EDGE('',*,*,#5778,.F.);
#3758=ORIENTED_EDGE('',*,*,#5101,.T.);
#3759=ORIENTED_EDGE('',*,*,#5777,.T.);
#3760=ORIENTED_EDGE('',*,*,#4848,.T.);
#3761=ORIENTED_EDGE('',*,*,#5779,.F.);
#3762=ORIENTED_EDGE('',*,*,#5102,.F.);
#3763=ORIENTED_EDGE('',*,*,#5778,.T.);
#3764=ORIENTED_EDGE('',*,*,#5780,.T.);
#3765=ORIENTED_EDGE('',*,*,#4845,.F.);
#3766=ORIENTED_EDGE('',*,*,#5055,.T.);
#3767=ORIENTED_EDGE('',*,*,#4844,.F.);
#3768=ORIENTED_EDGE('',*,*,#5054,.T.);
#3769=ORIENTED_EDGE('',*,*,#4721,.T.);
#3770=ORIENTED_EDGE('',*,*,#5609,.T.);
#3771=ORIENTED_EDGE('',*,*,#4843,.F.);
#3772=ORIENTED_EDGE('',*,*,#5053,.F.);
#3773=ORIENTED_EDGE('',*,*,#4842,.T.);
#3774=ORIENTED_EDGE('',*,*,#5605,.T.);
#3775=ORIENTED_EDGE('',*,*,#4841,.T.);
#3776=ORIENTED_EDGE('',*,*,#5052,.F.);
#3777=ORIENTED_EDGE('',*,*,#5781,.T.);
#3778=ORIENTED_EDGE('',*,*,#5782,.F.);
#3779=ORIENTED_EDGE('',*,*,#4840,.T.);
#3780=ORIENTED_EDGE('',*,*,#5051,.T.);
#3781=ORIENTED_EDGE('',*,*,#5321,.T.);
#3782=ORIENTED_EDGE('',*,*,#4919,.T.);
#3783=ORIENTED_EDGE('',*,*,#4839,.F.);
#3784=ORIENTED_EDGE('',*,*,#5050,.T.);
#3785=ORIENTED_EDGE('',*,*,#5591,.T.);
#3786=ORIENTED_EDGE('',*,*,#5049,.F.);
#3787=ORIENTED_EDGE('',*,*,#5783,.T.);
#3788=ORIENTED_EDGE('',*,*,#5613,.T.);
#3789=ORIENTED_EDGE('',*,*,#4838,.F.);
#3790=ORIENTED_EDGE('',*,*,#5784,.F.);
#3791=ORIENTED_EDGE('',*,*,#4837,.T.);
#3792=ORIENTED_EDGE('',*,*,#5048,.F.);
#3793=ORIENTED_EDGE('',*,*,#4913,.T.);
#3794=ORIENTED_EDGE('',*,*,#5601,.T.);
#3795=ORIENTED_EDGE('',*,*,#4836,.T.);
#3796=ORIENTED_EDGE('',*,*,#4847,.T.);
#3797=ORIENTED_EDGE('',*,*,#5733,.F.);
#3798=ORIENTED_EDGE('',*,*,#5103,.F.);
#3799=ORIENTED_EDGE('',*,*,#5779,.T.);
#3800=ORIENTED_EDGE('',*,*,#5785,.F.);
#3801=ORIENTED_EDGE('',*,*,#5783,.F.);
#3802=ORIENTED_EDGE('',*,*,#4801,.T.);
#3803=ORIENTED_EDGE('',*,*,#5786,.F.);
#3804=ORIENTED_EDGE('',*,*,#4830,.F.);
#3805=ORIENTED_EDGE('',*,*,#5787,.T.);
#3806=ORIENTED_EDGE('',*,*,#4800,.T.);
#3807=ORIENTED_EDGE('',*,*,#5788,.F.);
#3808=ORIENTED_EDGE('',*,*,#4831,.F.);
#3809=ORIENTED_EDGE('',*,*,#5786,.T.);
#3810=ORIENTED_EDGE('',*,*,#4805,.T.);
#3811=ORIENTED_EDGE('',*,*,#5789,.F.);
#3812=ORIENTED_EDGE('',*,*,#4832,.F.);
#3813=ORIENTED_EDGE('',*,*,#5788,.T.);
#3814=ORIENTED_EDGE('',*,*,#4804,.T.);
#3815=ORIENTED_EDGE('',*,*,#5790,.F.);
#3816=ORIENTED_EDGE('',*,*,#4833,.F.);
#3817=ORIENTED_EDGE('',*,*,#5789,.T.);
#3818=ORIENTED_EDGE('',*,*,#4803,.T.);
#3819=ORIENTED_EDGE('',*,*,#5791,.F.);
#3820=ORIENTED_EDGE('',*,*,#4834,.F.);
#3821=ORIENTED_EDGE('',*,*,#5790,.T.);
#3822=ORIENTED_EDGE('',*,*,#4802,.T.);
#3823=ORIENTED_EDGE('',*,*,#5787,.F.);
#3824=ORIENTED_EDGE('',*,*,#4835,.F.);
#3825=ORIENTED_EDGE('',*,*,#5791,.T.);
#3826=ORIENTED_EDGE('',*,*,#5785,.T.);
#3827=ORIENTED_EDGE('',*,*,#5589,.F.);
#3828=ORIENTED_EDGE('',*,*,#5792,.T.);
#3829=ORIENTED_EDGE('',*,*,#5780,.F.);
#3830=ORIENTED_EDGE('',*,*,#5043,.T.);
#3831=ORIENTED_EDGE('',*,*,#5793,.F.);
#3832=ORIENTED_EDGE('',*,*,#4932,.F.);
#3833=ORIENTED_EDGE('',*,*,#5794,.T.);
#3834=ORIENTED_EDGE('',*,*,#5042,.T.);
#3835=ORIENTED_EDGE('',*,*,#5795,.F.);
#3836=ORIENTED_EDGE('',*,*,#4933,.F.);
#3837=ORIENTED_EDGE('',*,*,#5793,.T.);
#3838=ORIENTED_EDGE('',*,*,#5047,.T.);
#3839=ORIENTED_EDGE('',*,*,#5796,.F.);
#3840=ORIENTED_EDGE('',*,*,#4934,.F.);
#3841=ORIENTED_EDGE('',*,*,#5795,.T.);
#3842=ORIENTED_EDGE('',*,*,#5046,.T.);
#3843=ORIENTED_EDGE('',*,*,#5797,.F.);
#3844=ORIENTED_EDGE('',*,*,#4935,.F.);
#3845=ORIENTED_EDGE('',*,*,#5796,.T.);
#3846=ORIENTED_EDGE('',*,*,#5045,.T.);
#3847=ORIENTED_EDGE('',*,*,#5798,.F.);
#3848=ORIENTED_EDGE('',*,*,#4936,.F.);
#3849=ORIENTED_EDGE('',*,*,#5797,.T.);
#3850=ORIENTED_EDGE('',*,*,#5044,.T.);
#3851=ORIENTED_EDGE('',*,*,#5794,.F.);
#3852=ORIENTED_EDGE('',*,*,#4937,.F.);
#3853=ORIENTED_EDGE('',*,*,#5798,.T.);
#3854=ORIENTED_EDGE('',*,*,#5729,.T.);
#3855=ORIENTED_EDGE('',*,*,#5792,.F.);
#3856=ORIENTED_EDGE('',*,*,#5799,.T.);
#3857=ORIENTED_EDGE('',*,*,#5782,.T.);
#3858=ORIENTED_EDGE('',*,*,#5105,.T.);
#3859=ORIENTED_EDGE('',*,*,#5800,.F.);
#3860=ORIENTED_EDGE('',*,*,#5000,.F.);
#3861=ORIENTED_EDGE('',*,*,#5801,.T.);
#3862=ORIENTED_EDGE('',*,*,#5104,.T.);
#3863=ORIENTED_EDGE('',*,*,#5802,.F.);
#3864=ORIENTED_EDGE('',*,*,#5001,.F.);
#3865=ORIENTED_EDGE('',*,*,#5800,.T.);
#3866=ORIENTED_EDGE('',*,*,#5109,.T.);
#3867=ORIENTED_EDGE('',*,*,#5803,.F.);
#3868=ORIENTED_EDGE('',*,*,#5002,.F.);
#3869=ORIENTED_EDGE('',*,*,#5802,.T.);
#3870=ORIENTED_EDGE('',*,*,#5108,.T.);
#3871=ORIENTED_EDGE('',*,*,#5804,.F.);
#3872=ORIENTED_EDGE('',*,*,#5003,.F.);
#3873=ORIENTED_EDGE('',*,*,#5803,.T.);
#3874=ORIENTED_EDGE('',*,*,#5107,.T.);
#3875=ORIENTED_EDGE('',*,*,#5805,.F.);
#3876=ORIENTED_EDGE('',*,*,#5004,.F.);
#3877=ORIENTED_EDGE('',*,*,#5804,.T.);
#3878=ORIENTED_EDGE('',*,*,#5106,.T.);
#3879=ORIENTED_EDGE('',*,*,#5801,.F.);
#3880=ORIENTED_EDGE('',*,*,#5005,.F.);
#3881=ORIENTED_EDGE('',*,*,#5805,.T.);
#3882=ORIENTED_EDGE('',*,*,#5730,.T.);
#3883=ORIENTED_EDGE('',*,*,#5799,.F.);
#3884=ORIENTED_EDGE('',*,*,#5806,.F.);
#3885=ORIENTED_EDGE('',*,*,#5781,.F.);
#3886=ORIENTED_EDGE('',*,*,#4737,.T.);
#3887=ORIENTED_EDGE('',*,*,#5807,.F.);
#3888=ORIENTED_EDGE('',*,*,#4894,.F.);
#3889=ORIENTED_EDGE('',*,*,#5808,.T.);
#3890=ORIENTED_EDGE('',*,*,#4736,.T.);
#3891=ORIENTED_EDGE('',*,*,#5809,.F.);
#3892=ORIENTED_EDGE('',*,*,#4895,.F.);
#3893=ORIENTED_EDGE('',*,*,#5807,.T.);
#3894=ORIENTED_EDGE('',*,*,#4741,.T.);
#3895=ORIENTED_EDGE('',*,*,#5810,.F.);
#3896=ORIENTED_EDGE('',*,*,#4896,.F.);
#3897=ORIENTED_EDGE('',*,*,#5809,.T.);
#3898=ORIENTED_EDGE('',*,*,#4740,.T.);
#3899=ORIENTED_EDGE('',*,*,#5811,.F.);
#3900=ORIENTED_EDGE('',*,*,#4897,.F.);
#3901=ORIENTED_EDGE('',*,*,#5810,.T.);
#3902=ORIENTED_EDGE('',*,*,#4739,.T.);
#3903=ORIENTED_EDGE('',*,*,#5812,.F.);
#3904=ORIENTED_EDGE('',*,*,#4898,.F.);
#3905=ORIENTED_EDGE('',*,*,#5811,.T.);
#3906=ORIENTED_EDGE('',*,*,#4738,.T.);
#3907=ORIENTED_EDGE('',*,*,#5808,.F.);
#3908=ORIENTED_EDGE('',*,*,#4899,.F.);
#3909=ORIENTED_EDGE('',*,*,#5812,.T.);
#3910=ORIENTED_EDGE('',*,*,#5806,.T.);
#3911=ORIENTED_EDGE('',*,*,#5587,.F.);
#3912=ORIENTED_EDGE('',*,*,#5813,.T.);
#3913=ORIENTED_EDGE('',*,*,#5784,.T.);
#3914=ORIENTED_EDGE('',*,*,#5037,.T.);
#3915=ORIENTED_EDGE('',*,*,#5814,.F.);
#3916=ORIENTED_EDGE('',*,*,#4938,.F.);
#3917=ORIENTED_EDGE('',*,*,#5815,.T.);
#3918=ORIENTED_EDGE('',*,*,#5036,.T.);
#3919=ORIENTED_EDGE('',*,*,#5816,.F.);
#3920=ORIENTED_EDGE('',*,*,#4939,.F.);
#3921=ORIENTED_EDGE('',*,*,#5814,.T.);
#3922=ORIENTED_EDGE('',*,*,#5041,.T.);
#3923=ORIENTED_EDGE('',*,*,#5817,.F.);
#3924=ORIENTED_EDGE('',*,*,#4940,.F.);
#3925=ORIENTED_EDGE('',*,*,#5816,.T.);
#3926=ORIENTED_EDGE('',*,*,#5040,.T.);
#3927=ORIENTED_EDGE('',*,*,#5818,.F.);
#3928=ORIENTED_EDGE('',*,*,#4941,.F.);
#3929=ORIENTED_EDGE('',*,*,#5817,.T.);
#3930=ORIENTED_EDGE('',*,*,#5039,.T.);
#3931=ORIENTED_EDGE('',*,*,#5819,.F.);
#3932=ORIENTED_EDGE('',*,*,#4942,.F.);
#3933=ORIENTED_EDGE('',*,*,#5818,.T.);
#3934=ORIENTED_EDGE('',*,*,#5038,.T.);
#3935=ORIENTED_EDGE('',*,*,#5815,.F.);
#3936=ORIENTED_EDGE('',*,*,#4943,.F.);
#3937=ORIENTED_EDGE('',*,*,#5819,.T.);
#3938=ORIENTED_EDGE('',*,*,#5731,.T.);
#3939=ORIENTED_EDGE('',*,*,#5813,.F.);
#3940=ORIENTED_EDGE('',*,*,#5111,.T.);
#3941=ORIENTED_EDGE('',*,*,#5820,.F.);
#3942=ORIENTED_EDGE('',*,*,#5006,.F.);
#3943=ORIENTED_EDGE('',*,*,#5821,.T.);
#3944=ORIENTED_EDGE('',*,*,#5112,.T.);
#3945=ORIENTED_EDGE('',*,*,#5821,.F.);
#3946=ORIENTED_EDGE('',*,*,#5011,.F.);
#3947=ORIENTED_EDGE('',*,*,#5822,.T.);
#3948=ORIENTED_EDGE('',*,*,#5113,.T.);
#3949=ORIENTED_EDGE('',*,*,#5822,.F.);
#3950=ORIENTED_EDGE('',*,*,#5010,.F.);
#3951=ORIENTED_EDGE('',*,*,#5823,.T.);
#3952=ORIENTED_EDGE('',*,*,#5114,.T.);
#3953=ORIENTED_EDGE('',*,*,#5823,.F.);
#3954=ORIENTED_EDGE('',*,*,#5009,.F.);
#3955=ORIENTED_EDGE('',*,*,#5824,.T.);
#3956=ORIENTED_EDGE('',*,*,#5115,.T.);
#3957=ORIENTED_EDGE('',*,*,#5824,.F.);
#3958=ORIENTED_EDGE('',*,*,#5008,.F.);
#3959=ORIENTED_EDGE('',*,*,#5825,.T.);
#3960=ORIENTED_EDGE('',*,*,#5110,.T.);
#3961=ORIENTED_EDGE('',*,*,#5825,.F.);
#3962=ORIENTED_EDGE('',*,*,#5007,.F.);
#3963=ORIENTED_EDGE('',*,*,#5820,.T.);
#3964=ORIENTED_EDGE('',*,*,#5031,.T.);
#3965=ORIENTED_EDGE('',*,*,#5826,.F.);
#3966=ORIENTED_EDGE('',*,*,#4926,.F.);
#3967=ORIENTED_EDGE('',*,*,#5827,.T.);
#3968=ORIENTED_EDGE('',*,*,#5032,.T.);
#3969=ORIENTED_EDGE('',*,*,#5827,.F.);
#3970=ORIENTED_EDGE('',*,*,#4931,.F.);
#3971=ORIENTED_EDGE('',*,*,#5828,.T.);
#3972=ORIENTED_EDGE('',*,*,#5033,.T.);
#3973=ORIENTED_EDGE('',*,*,#5828,.F.);
#3974=ORIENTED_EDGE('',*,*,#4930,.F.);
#3975=ORIENTED_EDGE('',*,*,#5829,.T.);
#3976=ORIENTED_EDGE('',*,*,#5034,.T.);
#3977=ORIENTED_EDGE('',*,*,#5829,.F.);
#3978=ORIENTED_EDGE('',*,*,#4929,.F.);
#3979=ORIENTED_EDGE('',*,*,#5830,.T.);
#3980=ORIENTED_EDGE('',*,*,#5035,.T.);
#3981=ORIENTED_EDGE('',*,*,#5830,.F.);
#3982=ORIENTED_EDGE('',*,*,#4928,.F.);
#3983=ORIENTED_EDGE('',*,*,#5831,.T.);
#3984=ORIENTED_EDGE('',*,*,#5030,.T.);
#3985=ORIENTED_EDGE('',*,*,#5831,.F.);
#3986=ORIENTED_EDGE('',*,*,#4927,.F.);
#3987=ORIENTED_EDGE('',*,*,#5826,.T.);
#3988=ORIENTED_EDGE('',*,*,#5117,.T.);
#3989=ORIENTED_EDGE('',*,*,#5832,.F.);
#3990=ORIENTED_EDGE('',*,*,#5012,.F.);
#3991=ORIENTED_EDGE('',*,*,#5833,.T.);
#3992=ORIENTED_EDGE('',*,*,#5118,.T.);
#3993=ORIENTED_EDGE('',*,*,#5833,.F.);
#3994=ORIENTED_EDGE('',*,*,#5017,.F.);
#3995=ORIENTED_EDGE('',*,*,#5834,.T.);
#3996=ORIENTED_EDGE('',*,*,#5119,.T.);
#3997=ORIENTED_EDGE('',*,*,#5834,.F.);
#3998=ORIENTED_EDGE('',*,*,#5016,.F.);
#3999=ORIENTED_EDGE('',*,*,#5835,.T.);
#4000=ORIENTED_EDGE('',*,*,#5120,.T.);
#4001=ORIENTED_EDGE('',*,*,#5835,.F.);
#4002=ORIENTED_EDGE('',*,*,#5015,.F.);
#4003=ORIENTED_EDGE('',*,*,#5836,.T.);
#4004=ORIENTED_EDGE('',*,*,#5121,.T.);
#4005=ORIENTED_EDGE('',*,*,#5836,.F.);
#4006=ORIENTED_EDGE('',*,*,#5014,.F.);
#4007=ORIENTED_EDGE('',*,*,#5837,.T.);
#4008=ORIENTED_EDGE('',*,*,#5116,.T.);
#4009=ORIENTED_EDGE('',*,*,#5837,.F.);
#4010=ORIENTED_EDGE('',*,*,#5013,.F.);
#4011=ORIENTED_EDGE('',*,*,#5832,.T.);
#4012=ORIENTED_EDGE('',*,*,#5025,.T.);
#4013=ORIENTED_EDGE('',*,*,#5838,.F.);
#4014=ORIENTED_EDGE('',*,*,#4920,.F.);
#4015=ORIENTED_EDGE('',*,*,#5839,.T.);
#4016=ORIENTED_EDGE('',*,*,#5026,.T.);
#4017=ORIENTED_EDGE('',*,*,#5839,.F.);
#4018=ORIENTED_EDGE('',*,*,#4925,.F.);
#4019=ORIENTED_EDGE('',*,*,#5840,.T.);
#4020=ORIENTED_EDGE('',*,*,#5027,.T.);
#4021=ORIENTED_EDGE('',*,*,#5840,.F.);
#4022=ORIENTED_EDGE('',*,*,#4924,.F.);
#4023=ORIENTED_EDGE('',*,*,#5841,.T.);
#4024=ORIENTED_EDGE('',*,*,#5028,.T.);
#4025=ORIENTED_EDGE('',*,*,#5841,.F.);
#4026=ORIENTED_EDGE('',*,*,#4923,.F.);
#4027=ORIENTED_EDGE('',*,*,#5842,.T.);
#4028=ORIENTED_EDGE('',*,*,#5029,.T.);
#4029=ORIENTED_EDGE('',*,*,#5842,.F.);
#4030=ORIENTED_EDGE('',*,*,#4922,.F.);
#4031=ORIENTED_EDGE('',*,*,#5843,.T.);
#4032=ORIENTED_EDGE('',*,*,#5024,.T.);
#4033=ORIENTED_EDGE('',*,*,#5843,.F.);
#4034=ORIENTED_EDGE('',*,*,#4921,.F.);
#4035=ORIENTED_EDGE('',*,*,#5838,.T.);
#4036=ORIENTED_EDGE('',*,*,#5844,.F.);
#4037=ORIENTED_EDGE('',*,*,#5580,.T.);
#4038=ORIENTED_EDGE('',*,*,#5845,.F.);
#4039=ORIENTED_EDGE('',*,*,#5581,.F.);
#4040=ORIENTED_EDGE('',*,*,#5846,.F.);
#4041=ORIENTED_EDGE('',*,*,#5583,.F.);
#4042=ORIENTED_EDGE('',*,*,#5847,.F.);
#4043=ORIENTED_EDGE('',*,*,#5584,.T.);
#4044=ORIENTED_EDGE('',*,*,#5848,.T.);
#4045=ORIENTED_EDGE('',*,*,#5849,.F.);
#4046=ORIENTED_EDGE('',*,*,#5850,.T.);
#4047=ORIENTED_EDGE('',*,*,#5851,.F.);
#4048=ORIENTED_EDGE('',*,*,#5403,.F.);
#4049=ORIENTED_EDGE('',*,*,#5852,.T.);
#4050=ORIENTED_EDGE('',*,*,#5853,.T.);
#4051=ORIENTED_EDGE('',*,*,#5854,.F.);
#4052=ORIENTED_EDGE('',*,*,#5404,.F.);
#4053=ORIENTED_EDGE('',*,*,#5851,.T.);
#4054=ORIENTED_EDGE('',*,*,#5855,.T.);
#4055=ORIENTED_EDGE('',*,*,#5856,.F.);
#4056=ORIENTED_EDGE('',*,*,#5405,.F.);
#4057=ORIENTED_EDGE('',*,*,#5854,.T.);
#4058=ORIENTED_EDGE('',*,*,#5857,.T.);
#4059=ORIENTED_EDGE('',*,*,#5858,.F.);
#4060=ORIENTED_EDGE('',*,*,#5406,.F.);
#4061=ORIENTED_EDGE('',*,*,#5856,.T.);
#4062=ORIENTED_EDGE('',*,*,#5859,.T.);
#4063=ORIENTED_EDGE('',*,*,#5860,.F.);
#4064=ORIENTED_EDGE('',*,*,#5407,.F.);
#4065=ORIENTED_EDGE('',*,*,#5858,.T.);
#4066=ORIENTED_EDGE('',*,*,#5861,.T.);
#4067=ORIENTED_EDGE('',*,*,#5852,.F.);
#4068=ORIENTED_EDGE('',*,*,#5402,.F.);
#4069=ORIENTED_EDGE('',*,*,#5860,.T.);
#4070=ORIENTED_EDGE('',*,*,#5527,.T.);
#4071=ORIENTED_EDGE('',*,*,#5848,.F.);
#4072=ORIENTED_EDGE('',*,*,#5862,.F.);
#4073=ORIENTED_EDGE('',*,*,#5863,.F.);
#4074=ORIENTED_EDGE('',*,*,#5864,.F.);
#4075=ORIENTED_EDGE('',*,*,#5865,.F.);
#4076=ORIENTED_EDGE('',*,*,#5866,.F.);
#4077=ORIENTED_EDGE('',*,*,#5867,.F.);
#4078=ORIENTED_EDGE('',*,*,#5868,.F.);
#4079=ORIENTED_EDGE('',*,*,#5869,.F.);
#4080=ORIENTED_EDGE('',*,*,#5870,.F.);
#4081=ORIENTED_EDGE('',*,*,#5871,.F.);
#4082=ORIENTED_EDGE('',*,*,#5872,.F.);
#4083=ORIENTED_EDGE('',*,*,#5873,.F.);
#4084=ORIENTED_EDGE('',*,*,#5874,.F.);
#4085=ORIENTED_EDGE('',*,*,#5875,.F.);
#4086=ORIENTED_EDGE('',*,*,#5876,.T.);
#4087=ORIENTED_EDGE('',*,*,#5877,.T.);
#4088=ORIENTED_EDGE('',*,*,#5878,.T.);
#4089=ORIENTED_EDGE('',*,*,#5879,.F.);
#4090=ORIENTED_EDGE('',*,*,#5880,.F.);
#4091=ORIENTED_EDGE('',*,*,#5881,.F.);
#4092=ORIENTED_EDGE('',*,*,#5882,.F.);
#4093=ORIENTED_EDGE('',*,*,#5883,.T.);
#4094=ORIENTED_EDGE('',*,*,#5884,.T.);
#4095=ORIENTED_EDGE('',*,*,#5885,.T.);
#4096=ORIENTED_EDGE('',*,*,#5886,.F.);
#4097=ORIENTED_EDGE('',*,*,#5887,.F.);
#4098=ORIENTED_EDGE('',*,*,#5888,.F.);
#4099=ORIENTED_EDGE('',*,*,#5889,.T.);
#4100=ORIENTED_EDGE('',*,*,#5890,.F.);
#4101=ORIENTED_EDGE('',*,*,#5891,.T.);
#4102=ORIENTED_EDGE('',*,*,#5892,.T.);
#4103=ORIENTED_EDGE('',*,*,#5893,.F.);
#4104=ORIENTED_EDGE('',*,*,#5894,.T.);
#4105=ORIENTED_EDGE('',*,*,#5895,.F.);
#4106=ORIENTED_EDGE('',*,*,#5896,.T.);
#4107=ORIENTED_EDGE('',*,*,#5897,.F.);
#4108=ORIENTED_EDGE('',*,*,#5898,.T.);
#4109=ORIENTED_EDGE('',*,*,#5899,.F.);
#4110=ORIENTED_EDGE('',*,*,#5900,.T.);
#4111=ORIENTED_EDGE('',*,*,#5901,.F.);
#4112=ORIENTED_EDGE('',*,*,#5902,.F.);
#4113=ORIENTED_EDGE('',*,*,#5903,.F.);
#4114=ORIENTED_EDGE('',*,*,#5904,.T.);
#4115=ORIENTED_EDGE('',*,*,#5905,.T.);
#4116=ORIENTED_EDGE('',*,*,#5906,.T.);
#4117=ORIENTED_EDGE('',*,*,#5907,.T.);
#4118=ORIENTED_EDGE('',*,*,#5908,.F.);
#4119=ORIENTED_EDGE('',*,*,#5909,.F.);
#4120=ORIENTED_EDGE('',*,*,#5910,.F.);
#4121=ORIENTED_EDGE('',*,*,#5911,.F.);
#4122=ORIENTED_EDGE('',*,*,#5912,.F.);
#4123=ORIENTED_EDGE('',*,*,#5913,.T.);
#4124=ORIENTED_EDGE('',*,*,#5914,.F.);
#4125=ORIENTED_EDGE('',*,*,#5915,.T.);
#4126=ORIENTED_EDGE('',*,*,#5916,.T.);
#4127=ORIENTED_EDGE('',*,*,#5917,.F.);
#4128=ORIENTED_EDGE('',*,*,#5918,.T.);
#4129=ORIENTED_EDGE('',*,*,#5919,.F.);
#4130=ORIENTED_EDGE('',*,*,#5920,.T.);
#4131=ORIENTED_EDGE('',*,*,#5921,.F.);
#4132=ORIENTED_EDGE('',*,*,#5922,.T.);
#4133=ORIENTED_EDGE('',*,*,#5923,.F.);
#4134=ORIENTED_EDGE('',*,*,#5924,.T.);
#4135=ORIENTED_EDGE('',*,*,#5925,.F.);
#4136=ORIENTED_EDGE('',*,*,#5926,.F.);
#4137=ORIENTED_EDGE('',*,*,#5927,.F.);
#4138=ORIENTED_EDGE('',*,*,#5928,.T.);
#4139=ORIENTED_EDGE('',*,*,#5929,.T.);
#4140=ORIENTED_EDGE('',*,*,#5930,.T.);
#4141=ORIENTED_EDGE('',*,*,#5931,.T.);
#4142=ORIENTED_EDGE('',*,*,#5932,.F.);
#4143=ORIENTED_EDGE('',*,*,#5933,.F.);
#4144=ORIENTED_EDGE('',*,*,#5934,.F.);
#4145=ORIENTED_EDGE('',*,*,#5935,.F.);
#4146=ORIENTED_EDGE('',*,*,#5936,.F.);
#4147=ORIENTED_EDGE('',*,*,#5937,.F.);
#4148=ORIENTED_EDGE('',*,*,#5938,.F.);
#4149=ORIENTED_EDGE('',*,*,#5939,.F.);
#4150=ORIENTED_EDGE('',*,*,#5853,.F.);
#4151=ORIENTED_EDGE('',*,*,#5850,.F.);
#4152=ORIENTED_EDGE('',*,*,#5861,.F.);
#4153=ORIENTED_EDGE('',*,*,#5859,.F.);
#4154=ORIENTED_EDGE('',*,*,#5857,.F.);
#4155=ORIENTED_EDGE('',*,*,#5855,.F.);
#4156=ORIENTED_EDGE('',*,*,#5940,.T.);
#4157=ORIENTED_EDGE('',*,*,#5941,.T.);
#4158=ORIENTED_EDGE('',*,*,#5863,.T.);
#4159=ORIENTED_EDGE('',*,*,#5942,.F.);
#4160=ORIENTED_EDGE('',*,*,#5325,.F.);
#4161=ORIENTED_EDGE('',*,*,#5943,.T.);
#4162=ORIENTED_EDGE('',*,*,#5862,.T.);
#4163=ORIENTED_EDGE('',*,*,#5944,.F.);
#4164=ORIENTED_EDGE('',*,*,#5326,.F.);
#4165=ORIENTED_EDGE('',*,*,#5942,.T.);
#4166=ORIENTED_EDGE('',*,*,#5867,.T.);
#4167=ORIENTED_EDGE('',*,*,#5945,.F.);
#4168=ORIENTED_EDGE('',*,*,#5327,.F.);
#4169=ORIENTED_EDGE('',*,*,#5944,.T.);
#4170=ORIENTED_EDGE('',*,*,#5866,.T.);
#4171=ORIENTED_EDGE('',*,*,#5946,.F.);
#4172=ORIENTED_EDGE('',*,*,#5328,.F.);
#4173=ORIENTED_EDGE('',*,*,#5945,.T.);
#4174=ORIENTED_EDGE('',*,*,#5865,.T.);
#4175=ORIENTED_EDGE('',*,*,#5947,.F.);
#4176=ORIENTED_EDGE('',*,*,#5329,.F.);
#4177=ORIENTED_EDGE('',*,*,#5946,.T.);
#4178=ORIENTED_EDGE('',*,*,#5864,.T.);
#4179=ORIENTED_EDGE('',*,*,#5943,.F.);
#4180=ORIENTED_EDGE('',*,*,#5324,.F.);
#4181=ORIENTED_EDGE('',*,*,#5947,.T.);
#4182=ORIENTED_EDGE('',*,*,#5524,.T.);
#4183=ORIENTED_EDGE('',*,*,#5940,.F.);
#4184=ORIENTED_EDGE('',*,*,#5948,.T.);
#4185=ORIENTED_EDGE('',*,*,#5949,.T.);
#4186=ORIENTED_EDGE('',*,*,#5935,.T.);
#4187=ORIENTED_EDGE('',*,*,#5950,.F.);
#4188=ORIENTED_EDGE('',*,*,#5397,.F.);
#4189=ORIENTED_EDGE('',*,*,#5951,.T.);
#4190=ORIENTED_EDGE('',*,*,#5934,.T.);
#4191=ORIENTED_EDGE('',*,*,#5952,.F.);
#4192=ORIENTED_EDGE('',*,*,#5398,.F.);
#4193=ORIENTED_EDGE('',*,*,#5950,.T.);
#4194=ORIENTED_EDGE('',*,*,#5939,.T.);
#4195=ORIENTED_EDGE('',*,*,#5953,.F.);
#4196=ORIENTED_EDGE('',*,*,#5399,.F.);
#4197=ORIENTED_EDGE('',*,*,#5952,.T.);
#4198=ORIENTED_EDGE('',*,*,#5938,.T.);
#4199=ORIENTED_EDGE('',*,*,#5954,.F.);
#4200=ORIENTED_EDGE('',*,*,#5400,.F.);
#4201=ORIENTED_EDGE('',*,*,#5953,.T.);
#4202=ORIENTED_EDGE('',*,*,#5937,.T.);
#4203=ORIENTED_EDGE('',*,*,#5955,.F.);
#4204=ORIENTED_EDGE('',*,*,#5401,.F.);
#4205=ORIENTED_EDGE('',*,*,#5954,.T.);
#4206=ORIENTED_EDGE('',*,*,#5936,.T.);
#4207=ORIENTED_EDGE('',*,*,#5951,.F.);
#4208=ORIENTED_EDGE('',*,*,#5396,.F.);
#4209=ORIENTED_EDGE('',*,*,#5955,.T.);
#4210=ORIENTED_EDGE('',*,*,#5525,.T.);
#4211=ORIENTED_EDGE('',*,*,#5948,.F.);
#4212=ORIENTED_EDGE('',*,*,#5956,.T.);
#4213=ORIENTED_EDGE('',*,*,#5957,.F.);
#4214=ORIENTED_EDGE('',*,*,#5308,.T.);
#4215=ORIENTED_EDGE('',*,*,#5958,.F.);
#4216=ORIENTED_EDGE('',*,*,#5214,.F.);
#4217=ORIENTED_EDGE('',*,*,#5959,.T.);
#4218=ORIENTED_EDGE('',*,*,#5313,.T.);
#4219=ORIENTED_EDGE('',*,*,#5960,.F.);
#4220=ORIENTED_EDGE('',*,*,#5215,.F.);
#4221=ORIENTED_EDGE('',*,*,#5958,.T.);
#4222=ORIENTED_EDGE('',*,*,#5312,.T.);
#4223=ORIENTED_EDGE('',*,*,#5961,.F.);
#4224=ORIENTED_EDGE('',*,*,#5216,.F.);
#4225=ORIENTED_EDGE('',*,*,#5960,.T.);
#4226=ORIENTED_EDGE('',*,*,#5311,.T.);
#4227=ORIENTED_EDGE('',*,*,#5962,.F.);
#4228=ORIENTED_EDGE('',*,*,#5217,.F.);
#4229=ORIENTED_EDGE('',*,*,#5961,.T.);
#4230=ORIENTED_EDGE('',*,*,#5310,.T.);
#4231=ORIENTED_EDGE('',*,*,#5963,.F.);
#4232=ORIENTED_EDGE('',*,*,#5218,.F.);
#4233=ORIENTED_EDGE('',*,*,#5962,.T.);
#4234=ORIENTED_EDGE('',*,*,#5309,.T.);
#4235=ORIENTED_EDGE('',*,*,#5959,.F.);
#4236=ORIENTED_EDGE('',*,*,#5219,.F.);
#4237=ORIENTED_EDGE('',*,*,#5963,.T.);
#4238=ORIENTED_EDGE('',*,*,#5845,.T.);
#4239=ORIENTED_EDGE('',*,*,#5956,.F.);
#4240=ORIENTED_EDGE('',*,*,#5886,.T.);
#4241=ORIENTED_EDGE('',*,*,#5964,.F.);
#4242=ORIENTED_EDGE('',*,*,#5254,.F.);
#4243=ORIENTED_EDGE('',*,*,#5965,.T.);
#4244=ORIENTED_EDGE('',*,*,#5933,.T.);
#4245=ORIENTED_EDGE('',*,*,#5966,.F.);
#4246=ORIENTED_EDGE('',*,*,#5255,.F.);
#4247=ORIENTED_EDGE('',*,*,#5964,.T.);
#4248=ORIENTED_EDGE('',*,*,#5932,.T.);
#4249=ORIENTED_EDGE('',*,*,#5967,.F.);
#4250=ORIENTED_EDGE('',*,*,#5256,.F.);
#4251=ORIENTED_EDGE('',*,*,#5966,.T.);
#4252=ORIENTED_EDGE('',*,*,#5931,.F.);
#4253=ORIENTED_EDGE('',*,*,#5968,.F.);
#4254=ORIENTED_EDGE('',*,*,#5257,.T.);
#4255=ORIENTED_EDGE('',*,*,#5967,.T.);
#4256=ORIENTED_EDGE('',*,*,#5930,.F.);
#4257=ORIENTED_EDGE('',*,*,#5969,.F.);
#4258=ORIENTED_EDGE('',*,*,#5258,.T.);
#4259=ORIENTED_EDGE('',*,*,#5968,.T.);
#4260=ORIENTED_EDGE('',*,*,#5929,.F.);
#4261=ORIENTED_EDGE('',*,*,#5970,.F.);
#4262=ORIENTED_EDGE('',*,*,#5259,.T.);
#4263=ORIENTED_EDGE('',*,*,#5969,.T.);
#4264=ORIENTED_EDGE('',*,*,#5928,.F.);
#4265=ORIENTED_EDGE('',*,*,#5971,.F.);
#4266=ORIENTED_EDGE('',*,*,#5260,.T.);
#4267=ORIENTED_EDGE('',*,*,#5970,.T.);
#4268=ORIENTED_EDGE('',*,*,#5927,.T.);
#4269=ORIENTED_EDGE('',*,*,#5972,.F.);
#4270=ORIENTED_EDGE('',*,*,#5261,.F.);
#4271=ORIENTED_EDGE('',*,*,#5971,.T.);
#4272=ORIENTED_EDGE('',*,*,#5926,.T.);
#4273=ORIENTED_EDGE('',*,*,#5973,.F.);
#4274=ORIENTED_EDGE('',*,*,#5262,.F.);
#4275=ORIENTED_EDGE('',*,*,#5972,.T.);
#4276=ORIENTED_EDGE('',*,*,#5925,.T.);
#4277=ORIENTED_EDGE('',*,*,#5974,.F.);
#4278=ORIENTED_EDGE('',*,*,#5263,.F.);
#4279=ORIENTED_EDGE('',*,*,#5973,.T.);
#4280=ORIENTED_EDGE('',*,*,#5924,.F.);
#4281=ORIENTED_EDGE('',*,*,#5975,.F.);
#4282=ORIENTED_EDGE('',*,*,#5264,.T.);
#4283=ORIENTED_EDGE('',*,*,#5974,.T.);
#4284=ORIENTED_EDGE('',*,*,#5923,.T.);
#4285=ORIENTED_EDGE('',*,*,#5976,.F.);
#4286=ORIENTED_EDGE('',*,*,#5265,.F.);
#4287=ORIENTED_EDGE('',*,*,#5975,.T.);
#4288=ORIENTED_EDGE('',*,*,#5922,.F.);
#4289=ORIENTED_EDGE('',*,*,#5977,.F.);
#4290=ORIENTED_EDGE('',*,*,#5266,.T.);
#4291=ORIENTED_EDGE('',*,*,#5976,.T.);
#4292=ORIENTED_EDGE('',*,*,#5921,.T.);
#4293=ORIENTED_EDGE('',*,*,#5978,.F.);
#4294=ORIENTED_EDGE('',*,*,#5267,.F.);
#4295=ORIENTED_EDGE('',*,*,#5977,.T.);
#4296=ORIENTED_EDGE('',*,*,#5920,.F.);
#4297=ORIENTED_EDGE('',*,*,#5979,.F.);
#4298=ORIENTED_EDGE('',*,*,#5268,.T.);
#4299=ORIENTED_EDGE('',*,*,#5978,.T.);
#4300=ORIENTED_EDGE('',*,*,#5919,.T.);
#4301=ORIENTED_EDGE('',*,*,#5980,.F.);
#4302=ORIENTED_EDGE('',*,*,#5269,.F.);
#4303=ORIENTED_EDGE('',*,*,#5979,.T.);
#4304=ORIENTED_EDGE('',*,*,#5918,.F.);
#4305=ORIENTED_EDGE('',*,*,#5981,.F.);
#4306=ORIENTED_EDGE('',*,*,#5270,.T.);
#4307=ORIENTED_EDGE('',*,*,#5980,.T.);
#4308=ORIENTED_EDGE('',*,*,#5917,.T.);
#4309=ORIENTED_EDGE('',*,*,#5982,.F.);
#4310=ORIENTED_EDGE('',*,*,#5271,.F.);
#4311=ORIENTED_EDGE('',*,*,#5981,.T.);
#4312=ORIENTED_EDGE('',*,*,#5916,.F.);
#4313=ORIENTED_EDGE('',*,*,#5983,.F.);
#4314=ORIENTED_EDGE('',*,*,#5272,.T.);
#4315=ORIENTED_EDGE('',*,*,#5982,.T.);
#4316=ORIENTED_EDGE('',*,*,#5915,.F.);
#4317=ORIENTED_EDGE('',*,*,#5984,.F.);
#4318=ORIENTED_EDGE('',*,*,#5273,.T.);
#4319=ORIENTED_EDGE('',*,*,#5983,.T.);
#4320=ORIENTED_EDGE('',*,*,#5914,.T.);
#4321=ORIENTED_EDGE('',*,*,#5985,.F.);
#4322=ORIENTED_EDGE('',*,*,#5274,.F.);
#4323=ORIENTED_EDGE('',*,*,#5984,.T.);
#4324=ORIENTED_EDGE('',*,*,#5913,.F.);
#4325=ORIENTED_EDGE('',*,*,#5986,.F.);
#4326=ORIENTED_EDGE('',*,*,#5275,.T.);
#4327=ORIENTED_EDGE('',*,*,#5985,.T.);
#4328=ORIENTED_EDGE('',*,*,#5912,.T.);
#4329=ORIENTED_EDGE('',*,*,#5987,.F.);
#4330=ORIENTED_EDGE('',*,*,#5276,.F.);
#4331=ORIENTED_EDGE('',*,*,#5986,.T.);
#4332=ORIENTED_EDGE('',*,*,#5911,.T.);
#4333=ORIENTED_EDGE('',*,*,#5988,.F.);
#4334=ORIENTED_EDGE('',*,*,#5277,.F.);
#4335=ORIENTED_EDGE('',*,*,#5987,.T.);
#4336=ORIENTED_EDGE('',*,*,#5910,.T.);
#4337=ORIENTED_EDGE('',*,*,#5989,.F.);
#4338=ORIENTED_EDGE('',*,*,#5278,.F.);
#4339=ORIENTED_EDGE('',*,*,#5988,.T.);
#4340=ORIENTED_EDGE('',*,*,#5909,.T.);
#4341=ORIENTED_EDGE('',*,*,#5990,.F.);
#4342=ORIENTED_EDGE('',*,*,#5279,.F.);
#4343=ORIENTED_EDGE('',*,*,#5989,.T.);
#4344=ORIENTED_EDGE('',*,*,#5908,.T.);
#4345=ORIENTED_EDGE('',*,*,#5991,.F.);
#4346=ORIENTED_EDGE('',*,*,#5280,.F.);
#4347=ORIENTED_EDGE('',*,*,#5990,.T.);
#4348=ORIENTED_EDGE('',*,*,#5907,.F.);
#4349=ORIENTED_EDGE('',*,*,#5992,.F.);
#4350=ORIENTED_EDGE('',*,*,#5281,.T.);
#4351=ORIENTED_EDGE('',*,*,#5991,.T.);
#4352=ORIENTED_EDGE('',*,*,#5906,.F.);
#4353=ORIENTED_EDGE('',*,*,#5993,.F.);
#4354=ORIENTED_EDGE('',*,*,#5282,.T.);
#4355=ORIENTED_EDGE('',*,*,#5992,.T.);
#4356=ORIENTED_EDGE('',*,*,#5905,.F.);
#4357=ORIENTED_EDGE('',*,*,#5994,.F.);
#4358=ORIENTED_EDGE('',*,*,#5283,.T.);
#4359=ORIENTED_EDGE('',*,*,#5993,.T.);
#4360=ORIENTED_EDGE('',*,*,#5904,.F.);
#4361=ORIENTED_EDGE('',*,*,#5995,.F.);
#4362=ORIENTED_EDGE('',*,*,#5284,.T.);
#4363=ORIENTED_EDGE('',*,*,#5994,.T.);
#4364=ORIENTED_EDGE('',*,*,#5903,.T.);
#4365=ORIENTED_EDGE('',*,*,#5996,.F.);
#4366=ORIENTED_EDGE('',*,*,#5285,.F.);
#4367=ORIENTED_EDGE('',*,*,#5995,.T.);
#4368=ORIENTED_EDGE('',*,*,#5902,.T.);
#4369=ORIENTED_EDGE('',*,*,#5997,.F.);
#4370=ORIENTED_EDGE('',*,*,#5286,.F.);
#4371=ORIENTED_EDGE('',*,*,#5996,.T.);
#4372=ORIENTED_EDGE('',*,*,#5901,.T.);
#4373=ORIENTED_EDGE('',*,*,#5998,.F.);
#4374=ORIENTED_EDGE('',*,*,#5287,.F.);
#4375=ORIENTED_EDGE('',*,*,#5997,.T.);
#4376=ORIENTED_EDGE('',*,*,#5900,.F.);
#4377=ORIENTED_EDGE('',*,*,#5999,.F.);
#4378=ORIENTED_EDGE('',*,*,#5288,.T.);
#4379=ORIENTED_EDGE('',*,*,#5998,.T.);
#4380=ORIENTED_EDGE('',*,*,#5899,.T.);
#4381=ORIENTED_EDGE('',*,*,#6000,.F.);
#4382=ORIENTED_EDGE('',*,*,#5289,.F.);
#4383=ORIENTED_EDGE('',*,*,#5999,.T.);
#4384=ORIENTED_EDGE('',*,*,#5898,.F.);
#4385=ORIENTED_EDGE('',*,*,#6001,.F.);
#4386=ORIENTED_EDGE('',*,*,#5290,.T.);
#4387=ORIENTED_EDGE('',*,*,#6000,.T.);
#4388=ORIENTED_EDGE('',*,*,#5897,.T.);
#4389=ORIENTED_EDGE('',*,*,#6002,.F.);
#4390=ORIENTED_EDGE('',*,*,#5291,.F.);
#4391=ORIENTED_EDGE('',*,*,#6001,.T.);
#4392=ORIENTED_EDGE('',*,*,#5896,.F.);
#4393=ORIENTED_EDGE('',*,*,#6003,.F.);
#4394=ORIENTED_EDGE('',*,*,#5292,.T.);
#4395=ORIENTED_EDGE('',*,*,#6002,.T.);
#4396=ORIENTED_EDGE('',*,*,#5895,.T.);
#4397=ORIENTED_EDGE('',*,*,#6004,.F.);
#4398=ORIENTED_EDGE('',*,*,#5293,.F.);
#4399=ORIENTED_EDGE('',*,*,#6003,.T.);
#4400=ORIENTED_EDGE('',*,*,#5894,.F.);
#4401=ORIENTED_EDGE('',*,*,#6005,.F.);
#4402=ORIENTED_EDGE('',*,*,#5294,.T.);
#4403=ORIENTED_EDGE('',*,*,#6004,.T.);
#4404=ORIENTED_EDGE('',*,*,#5893,.T.);
#4405=ORIENTED_EDGE('',*,*,#6006,.F.);
#4406=ORIENTED_EDGE('',*,*,#5295,.F.);
#4407=ORIENTED_EDGE('',*,*,#6005,.T.);
#4408=ORIENTED_EDGE('',*,*,#5892,.F.);
#4409=ORIENTED_EDGE('',*,*,#6007,.F.);
#4410=ORIENTED_EDGE('',*,*,#5296,.T.);
#4411=ORIENTED_EDGE('',*,*,#6006,.T.);
#4412=ORIENTED_EDGE('',*,*,#5891,.F.);
#4413=ORIENTED_EDGE('',*,*,#6008,.F.);
#4414=ORIENTED_EDGE('',*,*,#5297,.T.);
#4415=ORIENTED_EDGE('',*,*,#6007,.T.);
#4416=ORIENTED_EDGE('',*,*,#5890,.T.);
#4417=ORIENTED_EDGE('',*,*,#6009,.F.);
#4418=ORIENTED_EDGE('',*,*,#5298,.F.);
#4419=ORIENTED_EDGE('',*,*,#6008,.T.);
#4420=ORIENTED_EDGE('',*,*,#5889,.F.);
#4421=ORIENTED_EDGE('',*,*,#6010,.F.);
#4422=ORIENTED_EDGE('',*,*,#5299,.T.);
#4423=ORIENTED_EDGE('',*,*,#6009,.T.);
#4424=ORIENTED_EDGE('',*,*,#5888,.T.);
#4425=ORIENTED_EDGE('',*,*,#6011,.F.);
#4426=ORIENTED_EDGE('',*,*,#5300,.F.);
#4427=ORIENTED_EDGE('',*,*,#6010,.T.);
#4428=ORIENTED_EDGE('',*,*,#5253,.T.);
#4429=ORIENTED_EDGE('',*,*,#5885,.F.);
#4430=ORIENTED_EDGE('',*,*,#6012,.T.);
#4431=ORIENTED_EDGE('',*,*,#5884,.F.);
#4432=ORIENTED_EDGE('',*,*,#5252,.T.);
#4433=ORIENTED_EDGE('',*,*,#5941,.F.);
#4434=ORIENTED_EDGE('',*,*,#5531,.T.);
#4435=ORIENTED_EDGE('',*,*,#5883,.F.);
#4436=ORIENTED_EDGE('',*,*,#5957,.T.);
#4437=ORIENTED_EDGE('',*,*,#5882,.T.);
#4438=ORIENTED_EDGE('',*,*,#5131,.T.);
#4439=ORIENTED_EDGE('',*,*,#5881,.T.);
#4440=ORIENTED_EDGE('',*,*,#5251,.F.);
#4441=ORIENTED_EDGE('',*,*,#5880,.T.);
#4442=ORIENTED_EDGE('',*,*,#6013,.F.);
#4443=ORIENTED_EDGE('',*,*,#5879,.T.);
#4444=ORIENTED_EDGE('',*,*,#5250,.T.);
#4445=ORIENTED_EDGE('',*,*,#5878,.F.);
#4446=ORIENTED_EDGE('',*,*,#6014,.T.);
#4447=ORIENTED_EDGE('',*,*,#5877,.F.);
#4448=ORIENTED_EDGE('',*,*,#5249,.T.);
#4449=ORIENTED_EDGE('',*,*,#5949,.F.);
#4450=ORIENTED_EDGE('',*,*,#5248,.F.);
#4451=ORIENTED_EDGE('',*,*,#6015,.F.);
#4452=ORIENTED_EDGE('',*,*,#5247,.T.);
#4453=ORIENTED_EDGE('',*,*,#5876,.F.);
#4454=ORIENTED_EDGE('',*,*,#5246,.F.);
#4455=ORIENTED_EDGE('',*,*,#5875,.T.);
#4456=ORIENTED_EDGE('',*,*,#5245,.F.);
#4457=ORIENTED_EDGE('',*,*,#5849,.T.);
#4458=ORIENTED_EDGE('',*,*,#5244,.F.);
#4459=ORIENTED_EDGE('',*,*,#5874,.T.);
#4460=ORIENTED_EDGE('',*,*,#5887,.T.);
#4461=ORIENTED_EDGE('',*,*,#5965,.F.);
#4462=ORIENTED_EDGE('',*,*,#5301,.F.);
#4463=ORIENTED_EDGE('',*,*,#6011,.T.);
#4464=ORIENTED_EDGE('',*,*,#6016,.T.);
#4465=ORIENTED_EDGE('',*,*,#6013,.T.);
#4466=ORIENTED_EDGE('',*,*,#5239,.T.);
#4467=ORIENTED_EDGE('',*,*,#6017,.F.);
#4468=ORIENTED_EDGE('',*,*,#5138,.F.);
#4469=ORIENTED_EDGE('',*,*,#6018,.T.);
#4470=ORIENTED_EDGE('',*,*,#5238,.T.);
#4471=ORIENTED_EDGE('',*,*,#6019,.F.);
#4472=ORIENTED_EDGE('',*,*,#5139,.F.);
#4473=ORIENTED_EDGE('',*,*,#6017,.T.);
#4474=ORIENTED_EDGE('',*,*,#5243,.T.);
#4475=ORIENTED_EDGE('',*,*,#6020,.F.);
#4476=ORIENTED_EDGE('',*,*,#5140,.F.);
#4477=ORIENTED_EDGE('',*,*,#6019,.T.);
#4478=ORIENTED_EDGE('',*,*,#5242,.T.);
#4479=ORIENTED_EDGE('',*,*,#6021,.F.);
#4480=ORIENTED_EDGE('',*,*,#5141,.F.);
#4481=ORIENTED_EDGE('',*,*,#6020,.T.);
#4482=ORIENTED_EDGE('',*,*,#5241,.T.);
#4483=ORIENTED_EDGE('',*,*,#6022,.F.);
#4484=ORIENTED_EDGE('',*,*,#5142,.F.);
#4485=ORIENTED_EDGE('',*,*,#6021,.T.);
#4486=ORIENTED_EDGE('',*,*,#5240,.T.);
#4487=ORIENTED_EDGE('',*,*,#6018,.F.);
#4488=ORIENTED_EDGE('',*,*,#5143,.F.);
#4489=ORIENTED_EDGE('',*,*,#6022,.T.);
#4490=ORIENTED_EDGE('',*,*,#5846,.T.);
#4491=ORIENTED_EDGE('',*,*,#6016,.F.);
#4492=ORIENTED_EDGE('',*,*,#6023,.T.);
#4493=ORIENTED_EDGE('',*,*,#6015,.T.);
#4494=ORIENTED_EDGE('',*,*,#5868,.T.);
#4495=ORIENTED_EDGE('',*,*,#6024,.F.);
#4496=ORIENTED_EDGE('',*,*,#5331,.F.);
#4497=ORIENTED_EDGE('',*,*,#6025,.T.);
#4498=ORIENTED_EDGE('',*,*,#5873,.T.);
#4499=ORIENTED_EDGE('',*,*,#6026,.F.);
#4500=ORIENTED_EDGE('',*,*,#5332,.F.);
#4501=ORIENTED_EDGE('',*,*,#6024,.T.);
#4502=ORIENTED_EDGE('',*,*,#5872,.T.);
#4503=ORIENTED_EDGE('',*,*,#6027,.F.);
#4504=ORIENTED_EDGE('',*,*,#5333,.F.);
#4505=ORIENTED_EDGE('',*,*,#6026,.T.);
#4506=ORIENTED_EDGE('',*,*,#5871,.T.);
#4507=ORIENTED_EDGE('',*,*,#6028,.F.);
#4508=ORIENTED_EDGE('',*,*,#5334,.F.);
#4509=ORIENTED_EDGE('',*,*,#6027,.T.);
#4510=ORIENTED_EDGE('',*,*,#5870,.T.);
#4511=ORIENTED_EDGE('',*,*,#6029,.F.);
#4512=ORIENTED_EDGE('',*,*,#5335,.F.);
#4513=ORIENTED_EDGE('',*,*,#6028,.T.);
#4514=ORIENTED_EDGE('',*,*,#5869,.T.);
#4515=ORIENTED_EDGE('',*,*,#6025,.F.);
#4516=ORIENTED_EDGE('',*,*,#5330,.F.);
#4517=ORIENTED_EDGE('',*,*,#6029,.T.);
#4518=ORIENTED_EDGE('',*,*,#5526,.T.);
#4519=ORIENTED_EDGE('',*,*,#6023,.F.);
#4520=ORIENTED_EDGE('',*,*,#6030,.T.);
#4521=ORIENTED_EDGE('',*,*,#6012,.F.);
#4522=ORIENTED_EDGE('',*,*,#5303,.T.);
#4523=ORIENTED_EDGE('',*,*,#6031,.F.);
#4524=ORIENTED_EDGE('',*,*,#5208,.F.);
#4525=ORIENTED_EDGE('',*,*,#6032,.T.);
#4526=ORIENTED_EDGE('',*,*,#5302,.T.);
#4527=ORIENTED_EDGE('',*,*,#6033,.F.);
#4528=ORIENTED_EDGE('',*,*,#5209,.F.);
#4529=ORIENTED_EDGE('',*,*,#6031,.T.);
#4530=ORIENTED_EDGE('',*,*,#5307,.T.);
#4531=ORIENTED_EDGE('',*,*,#6034,.F.);
#4532=ORIENTED_EDGE('',*,*,#5210,.F.);
#4533=ORIENTED_EDGE('',*,*,#6033,.T.);
#4534=ORIENTED_EDGE('',*,*,#5306,.T.);
#4535=ORIENTED_EDGE('',*,*,#6035,.F.);
#4536=ORIENTED_EDGE('',*,*,#5211,.F.);
#4537=ORIENTED_EDGE('',*,*,#6034,.T.);
#4538=ORIENTED_EDGE('',*,*,#5305,.T.);
#4539=ORIENTED_EDGE('',*,*,#6036,.F.);
#4540=ORIENTED_EDGE('',*,*,#5212,.F.);
#4541=ORIENTED_EDGE('',*,*,#6035,.T.);
#4542=ORIENTED_EDGE('',*,*,#5304,.T.);
#4543=ORIENTED_EDGE('',*,*,#6032,.F.);
#4544=ORIENTED_EDGE('',*,*,#5213,.F.);
#4545=ORIENTED_EDGE('',*,*,#6036,.T.);
#4546=ORIENTED_EDGE('',*,*,#5844,.T.);
#4547=ORIENTED_EDGE('',*,*,#6030,.F.);
#4548=ORIENTED_EDGE('',*,*,#6037,.T.);
#4549=ORIENTED_EDGE('',*,*,#6014,.F.);
#4550=ORIENTED_EDGE('',*,*,#5233,.T.);
#4551=ORIENTED_EDGE('',*,*,#6038,.F.);
#4552=ORIENTED_EDGE('',*,*,#5144,.F.);
#4553=ORIENTED_EDGE('',*,*,#6039,.T.);
#4554=ORIENTED_EDGE('',*,*,#5232,.T.);
#4555=ORIENTED_EDGE('',*,*,#6040,.F.);
#4556=ORIENTED_EDGE('',*,*,#5145,.F.);
#4557=ORIENTED_EDGE('',*,*,#6038,.T.);
#4558=ORIENTED_EDGE('',*,*,#5237,.T.);
#4559=ORIENTED_EDGE('',*,*,#6041,.F.);
#4560=ORIENTED_EDGE('',*,*,#5146,.F.);
#4561=ORIENTED_EDGE('',*,*,#6040,.T.);
#4562=ORIENTED_EDGE('',*,*,#5236,.T.);
#4563=ORIENTED_EDGE('',*,*,#6042,.F.);
#4564=ORIENTED_EDGE('',*,*,#5147,.F.);
#4565=ORIENTED_EDGE('',*,*,#6041,.T.);
#4566=ORIENTED_EDGE('',*,*,#5235,.T.);
#4567=ORIENTED_EDGE('',*,*,#6043,.F.);
#4568=ORIENTED_EDGE('',*,*,#5148,.F.);
#4569=ORIENTED_EDGE('',*,*,#6042,.T.);
#4570=ORIENTED_EDGE('',*,*,#5234,.T.);
#4571=ORIENTED_EDGE('',*,*,#6039,.F.);
#4572=ORIENTED_EDGE('',*,*,#5149,.F.);
#4573=ORIENTED_EDGE('',*,*,#6043,.T.);
#4574=ORIENTED_EDGE('',*,*,#5847,.T.);
#4575=ORIENTED_EDGE('',*,*,#6037,.F.);
#4576=ORIENTED_EDGE('',*,*,#5227,.T.);
#4577=ORIENTED_EDGE('',*,*,#6044,.F.);
#4578=ORIENTED_EDGE('',*,*,#5132,.F.);
#4579=ORIENTED_EDGE('',*,*,#6045,.T.);
#4580=ORIENTED_EDGE('',*,*,#5228,.T.);
#4581=ORIENTED_EDGE('',*,*,#6045,.F.);
#4582=ORIENTED_EDGE('',*,*,#5137,.F.);
#4583=ORIENTED_EDGE('',*,*,#6046,.T.);
#4584=ORIENTED_EDGE('',*,*,#5229,.T.);
#4585=ORIENTED_EDGE('',*,*,#6046,.F.);
#4586=ORIENTED_EDGE('',*,*,#5136,.F.);
#4587=ORIENTED_EDGE('',*,*,#6047,.T.);
#4588=ORIENTED_EDGE('',*,*,#5230,.T.);
#4589=ORIENTED_EDGE('',*,*,#6047,.F.);
#4590=ORIENTED_EDGE('',*,*,#5135,.F.);
#4591=ORIENTED_EDGE('',*,*,#6048,.T.);
#4592=ORIENTED_EDGE('',*,*,#5231,.T.);
#4593=ORIENTED_EDGE('',*,*,#6048,.F.);
#4594=ORIENTED_EDGE('',*,*,#5134,.F.);
#4595=ORIENTED_EDGE('',*,*,#6049,.T.);
#4596=ORIENTED_EDGE('',*,*,#5226,.T.);
#4597=ORIENTED_EDGE('',*,*,#6049,.F.);
#4598=ORIENTED_EDGE('',*,*,#5133,.F.);
#4599=ORIENTED_EDGE('',*,*,#6044,.T.);
#4600=ORIENTED_EDGE('',*,*,#4807,.T.);
#4601=ORIENTED_EDGE('',*,*,#6050,.F.);
#4602=ORIENTED_EDGE('',*,*,#4900,.F.);
#4603=ORIENTED_EDGE('',*,*,#6051,.T.);
#4604=ORIENTED_EDGE('',*,*,#4808,.T.);
#4605=ORIENTED_EDGE('',*,*,#6051,.F.);
#4606=ORIENTED_EDGE('',*,*,#4905,.F.);
#4607=ORIENTED_EDGE('',*,*,#6052,.T.);
#4608=ORIENTED_EDGE('',*,*,#4809,.T.);
#4609=ORIENTED_EDGE('',*,*,#6052,.F.);
#4610=ORIENTED_EDGE('',*,*,#4904,.F.);
#4611=ORIENTED_EDGE('',*,*,#6053,.T.);
#4612=ORIENTED_EDGE('',*,*,#4810,.T.);
#4613=ORIENTED_EDGE('',*,*,#6053,.F.);
#4614=ORIENTED_EDGE('',*,*,#4903,.F.);
#4615=ORIENTED_EDGE('',*,*,#6054,.T.);
#4616=ORIENTED_EDGE('',*,*,#4811,.T.);
#4617=ORIENTED_EDGE('',*,*,#6054,.F.);
#4618=ORIENTED_EDGE('',*,*,#4902,.F.);
#4619=ORIENTED_EDGE('',*,*,#6055,.T.);
#4620=ORIENTED_EDGE('',*,*,#4806,.T.);
#4621=ORIENTED_EDGE('',*,*,#6055,.F.);
#4622=ORIENTED_EDGE('',*,*,#4901,.F.);
#4623=ORIENTED_EDGE('',*,*,#6050,.T.);
#4624=ORIENTED_EDGE('',*,*,#5315,.T.);
#4625=ORIENTED_EDGE('',*,*,#6056,.F.);
#4626=ORIENTED_EDGE('',*,*,#5220,.F.);
#4627=ORIENTED_EDGE('',*,*,#6057,.T.);
#4628=ORIENTED_EDGE('',*,*,#5316,.T.);
#4629=ORIENTED_EDGE('',*,*,#6057,.F.);
#4630=ORIENTED_EDGE('',*,*,#5225,.F.);
#4631=ORIENTED_EDGE('',*,*,#6058,.T.);
#4632=ORIENTED_EDGE('',*,*,#5317,.T.);
#4633=ORIENTED_EDGE('',*,*,#6058,.F.);
#4634=ORIENTED_EDGE('',*,*,#5224,.F.);
#4635=ORIENTED_EDGE('',*,*,#6059,.T.);
#4636=ORIENTED_EDGE('',*,*,#5318,.T.);
#4637=ORIENTED_EDGE('',*,*,#6059,.F.);
#4638=ORIENTED_EDGE('',*,*,#5223,.F.);
#4639=ORIENTED_EDGE('',*,*,#6060,.T.);
#4640=ORIENTED_EDGE('',*,*,#5319,.T.);
#4641=ORIENTED_EDGE('',*,*,#6060,.F.);
#4642=ORIENTED_EDGE('',*,*,#5222,.F.);
#4643=ORIENTED_EDGE('',*,*,#6061,.T.);
#4644=ORIENTED_EDGE('',*,*,#5314,.T.);
#4645=ORIENTED_EDGE('',*,*,#6061,.F.);
#4646=ORIENTED_EDGE('',*,*,#5221,.F.);
#4647=ORIENTED_EDGE('',*,*,#6056,.T.);
#4648=ORIENTED_EDGE('',*,*,#5123,.T.);
#4649=ORIENTED_EDGE('',*,*,#6062,.F.);
#4650=ORIENTED_EDGE('',*,*,#5018,.F.);
#4651=ORIENTED_EDGE('',*,*,#6063,.T.);
#4652=ORIENTED_EDGE('',*,*,#5124,.T.);
#4653=ORIENTED_EDGE('',*,*,#6063,.F.);
#4654=ORIENTED_EDGE('',*,*,#5023,.F.);
#4655=ORIENTED_EDGE('',*,*,#6064,.T.);
#4656=ORIENTED_EDGE('',*,*,#5125,.T.);
#4657=ORIENTED_EDGE('',*,*,#6064,.F.);
#4658=ORIENTED_EDGE('',*,*,#5022,.F.);
#4659=ORIENTED_EDGE('',*,*,#6065,.T.);
#4660=ORIENTED_EDGE('',*,*,#5126,.T.);
#4661=ORIENTED_EDGE('',*,*,#6065,.F.);
#4662=ORIENTED_EDGE('',*,*,#5021,.F.);
#4663=ORIENTED_EDGE('',*,*,#6066,.T.);
#4664=ORIENTED_EDGE('',*,*,#5127,.T.);
#4665=ORIENTED_EDGE('',*,*,#6066,.F.);
#4666=ORIENTED_EDGE('',*,*,#5020,.F.);
#4667=ORIENTED_EDGE('',*,*,#6067,.T.);
#4668=ORIENTED_EDGE('',*,*,#5122,.T.);
#4669=ORIENTED_EDGE('',*,*,#6067,.F.);
#4670=ORIENTED_EDGE('',*,*,#5019,.F.);
#4671=ORIENTED_EDGE('',*,*,#6062,.T.);
#4672=ORIENTED_EDGE('',*,*,#4725,.T.);
#4673=ORIENTED_EDGE('',*,*,#6068,.F.);
#4674=ORIENTED_EDGE('',*,*,#4818,.F.);
#4675=ORIENTED_EDGE('',*,*,#6069,.T.);
#4676=ORIENTED_EDGE('',*,*,#4726,.T.);
#4677=ORIENTED_EDGE('',*,*,#6069,.F.);
#4678=ORIENTED_EDGE('',*,*,#4823,.F.);
#4679=ORIENTED_EDGE('',*,*,#6070,.T.);
#4680=ORIENTED_EDGE('',*,*,#4727,.T.);
#4681=ORIENTED_EDGE('',*,*,#6070,.F.);
#4682=ORIENTED_EDGE('',*,*,#4822,.F.);
#4683=ORIENTED_EDGE('',*,*,#6071,.T.);
#4684=ORIENTED_EDGE('',*,*,#4728,.T.);
#4685=ORIENTED_EDGE('',*,*,#6071,.F.);
#4686=ORIENTED_EDGE('',*,*,#4821,.F.);
#4687=ORIENTED_EDGE('',*,*,#6072,.T.);
#4688=ORIENTED_EDGE('',*,*,#4729,.T.);
#4689=ORIENTED_EDGE('',*,*,#6072,.F.);
#4690=ORIENTED_EDGE('',*,*,#4820,.F.);
#4691=ORIENTED_EDGE('',*,*,#6073,.T.);
#4692=ORIENTED_EDGE('',*,*,#4724,.T.);
#4693=ORIENTED_EDGE('',*,*,#6073,.F.);
#4694=ORIENTED_EDGE('',*,*,#4819,.F.);
#4695=ORIENTED_EDGE('',*,*,#6068,.T.);
#4696=ORIENTED_EDGE('',*,*,#4813,.T.);
#4697=ORIENTED_EDGE('',*,*,#6074,.F.);
#4698=ORIENTED_EDGE('',*,*,#4906,.F.);
#4699=ORIENTED_EDGE('',*,*,#6075,.T.);
#4700=ORIENTED_EDGE('',*,*,#4814,.T.);
#4701=ORIENTED_EDGE('',*,*,#6075,.F.);
#4702=ORIENTED_EDGE('',*,*,#4911,.F.);
#4703=ORIENTED_EDGE('',*,*,#6076,.T.);
#4704=ORIENTED_EDGE('',*,*,#4815,.T.);
#4705=ORIENTED_EDGE('',*,*,#6076,.F.);
#4706=ORIENTED_EDGE('',*,*,#4910,.F.);
#4707=ORIENTED_EDGE('',*,*,#6077,.T.);
#4708=ORIENTED_EDGE('',*,*,#4816,.T.);
#4709=ORIENTED_EDGE('',*,*,#6077,.F.);
#4710=ORIENTED_EDGE('',*,*,#4909,.F.);
#4711=ORIENTED_EDGE('',*,*,#6078,.T.);
#4712=ORIENTED_EDGE('',*,*,#4817,.T.);
#4713=ORIENTED_EDGE('',*,*,#6078,.F.);
#4714=ORIENTED_EDGE('',*,*,#4908,.F.);
#4715=ORIENTED_EDGE('',*,*,#6079,.T.);
#4716=ORIENTED_EDGE('',*,*,#4812,.T.);
#4717=ORIENTED_EDGE('',*,*,#6079,.F.);
#4718=ORIENTED_EDGE('',*,*,#4907,.F.);
#4719=ORIENTED_EDGE('',*,*,#6074,.T.);
#4720=EDGE_CURVE('',#6080,#6080,#7056,.T.);
#4721=EDGE_CURVE('',#6081,#6081,#7057,.F.);
#4722=EDGE_CURVE('',#6082,#6082,#7058,.T.);
#4723=EDGE_CURVE('',#6083,#6083,#7059,.T.);
#4724=EDGE_CURVE('',#6084,#6085,#12,.T.);
#4725=EDGE_CURVE('',#6086,#6084,#13,.T.);
#4726=EDGE_CURVE('',#6087,#6086,#14,.T.);
#4727=EDGE_CURVE('',#6088,#6087,#15,.T.);
#4728=EDGE_CURVE('',#6089,#6088,#16,.T.);
#4729=EDGE_CURVE('',#6085,#6089,#17,.T.);
#4730=EDGE_CURVE('',#6090,#6091,#18,.T.);
#4731=EDGE_CURVE('',#6092,#6090,#19,.T.);
#4732=EDGE_CURVE('',#6093,#6092,#20,.T.);
#4733=EDGE_CURVE('',#6094,#6093,#21,.T.);
#4734=EDGE_CURVE('',#6095,#6094,#22,.T.);
#4735=EDGE_CURVE('',#6091,#6095,#23,.T.);
#4736=EDGE_CURVE('',#6096,#6097,#24,.T.);
#4737=EDGE_CURVE('',#6098,#6096,#25,.T.);
#4738=EDGE_CURVE('',#6099,#6098,#26,.T.);
#4739=EDGE_CURVE('',#6100,#6099,#27,.T.);
#4740=EDGE_CURVE('',#6101,#6100,#28,.T.);
#4741=EDGE_CURVE('',#6097,#6101,#29,.T.);
#4742=EDGE_CURVE('',#6102,#6102,#7060,.T.);
#4743=EDGE_CURVE('',#6103,#6103,#7061,.T.);
#4744=EDGE_CURVE('',#6104,#6104,#7062,.T.);
#4745=EDGE_CURVE('',#6105,#6105,#7063,.T.);
#4746=EDGE_CURVE('',#6106,#6106,#7064,.T.);
#4747=EDGE_CURVE('',#6107,#6107,#7065,.T.);
#4748=EDGE_CURVE('',#6108,#6108,#7066,.T.);
#4749=EDGE_CURVE('',#6109,#6109,#7067,.T.);
#4750=EDGE_CURVE('',#6110,#6110,#7068,.T.);
#4751=EDGE_CURVE('',#6111,#6111,#7069,.T.);
#4752=EDGE_CURVE('',#6112,#6113,#7070,.T.);
#4753=EDGE_CURVE('',#6113,#6114,#7071,.T.);
#4754=EDGE_CURVE('',#6114,#6115,#30,.T.);
#4755=EDGE_CURVE('',#6116,#6115,#7072,.T.);
#4756=EDGE_CURVE('',#6117,#6116,#31,.T.);
#4757=EDGE_CURVE('',#6118,#6117,#7073,.T.);
#4758=EDGE_CURVE('',#6119,#6118,#32,.T.);
#4759=EDGE_CURVE('',#6119,#6120,#7074,.T.);
#4760=EDGE_CURVE('',#6120,#6121,#33,.T.);
#4761=EDGE_CURVE('',#6121,#6122,#7075,.T.);
#4762=EDGE_CURVE('',#6123,#6122,#34,.T.);
#4763=EDGE_CURVE('',#6123,#6124,#7076,.T.);
#4764=EDGE_CURVE('',#6125,#6124,#7077,.T.);
#4765=EDGE_CURVE('',#6125,#6126,#7078,.T.);
#4766=EDGE_CURVE('',#6127,#6126,#35,.T.);
#4767=EDGE_CURVE('',#6127,#6128,#7079,.T.);
#4768=EDGE_CURVE('',#6129,#6128,#36,.T.);
#4769=EDGE_CURVE('',#6129,#6130,#7080,.T.);
#4770=EDGE_CURVE('',#6131,#6130,#37,.T.);
#4771=EDGE_CURVE('',#6132,#6131,#7081,.T.);
#4772=EDGE_CURVE('',#6132,#6133,#38,.T.);
#4773=EDGE_CURVE('',#6134,#6133,#7082,.T.);
#4774=EDGE_CURVE('',#6134,#6135,#39,.T.);
#4775=EDGE_CURVE('',#6135,#6136,#7083,.T.);
#4776=EDGE_CURVE('',#6136,#6137,#7084,.T.);
#4777=EDGE_CURVE('',#6137,#6138,#7085,.T.);
#4778=EDGE_CURVE('',#6138,#6139,#40,.T.);
#4779=EDGE_CURVE('',#6140,#6139,#7086,.T.);
#4780=EDGE_CURVE('',#6141,#6140,#41,.T.);
#4781=EDGE_CURVE('',#6142,#6141,#7087,.T.);
#4782=EDGE_CURVE('',#6143,#6142,#42,.T.);
#4783=EDGE_CURVE('',#6143,#6144,#7088,.T.);
#4784=EDGE_CURVE('',#6144,#6145,#43,.T.);
#4785=EDGE_CURVE('',#6145,#6146,#7089,.T.);
#4786=EDGE_CURVE('',#6147,#6146,#44,.T.);
#4787=EDGE_CURVE('',#6147,#6148,#7090,.T.);
#4788=EDGE_CURVE('',#6149,#6148,#7091,.T.);
#4789=EDGE_CURVE('',#6149,#6150,#7092,.T.);
#4790=EDGE_CURVE('',#6151,#6150,#45,.T.);
#4791=EDGE_CURVE('',#6151,#6152,#7093,.T.);
#4792=EDGE_CURVE('',#6153,#6152,#46,.T.);
#4793=EDGE_CURVE('',#6153,#6154,#7094,.T.);
#4794=EDGE_CURVE('',#6155,#6154,#47,.T.);
#4795=EDGE_CURVE('',#6156,#6155,#7095,.T.);
#4796=EDGE_CURVE('',#6156,#6157,#48,.T.);
#4797=EDGE_CURVE('',#6158,#6157,#7096,.T.);
#4798=EDGE_CURVE('',#6158,#6159,#49,.T.);
#4799=EDGE_CURVE('',#6159,#6112,#7097,.T.);
#4800=EDGE_CURVE('',#6160,#6161,#50,.T.);
#4801=EDGE_CURVE('',#6162,#6160,#51,.T.);
#4802=EDGE_CURVE('',#6163,#6162,#52,.T.);
#4803=EDGE_CURVE('',#6164,#6163,#53,.T.);
#4804=EDGE_CURVE('',#6165,#6164,#54,.T.);
#4805=EDGE_CURVE('',#6161,#6165,#55,.T.);
#4806=EDGE_CURVE('',#6166,#6167,#56,.T.);
#4807=EDGE_CURVE('',#6168,#6166,#57,.T.);
#4808=EDGE_CURVE('',#6169,#6168,#58,.T.);
#4809=EDGE_CURVE('',#6170,#6169,#59,.T.);
#4810=EDGE_CURVE('',#6171,#6170,#60,.T.);
#4811=EDGE_CURVE('',#6167,#6171,#61,.T.);
#4812=EDGE_CURVE('',#6172,#6173,#62,.T.);
#4813=EDGE_CURVE('',#6174,#6172,#63,.T.);
#4814=EDGE_CURVE('',#6175,#6174,#64,.T.);
#4815=EDGE_CURVE('',#6176,#6175,#65,.T.);
#4816=EDGE_CURVE('',#6177,#6176,#66,.T.);
#4817=EDGE_CURVE('',#6173,#6177,#67,.T.);
#4818=EDGE_CURVE('',#6178,#6179,#68,.T.);
#4819=EDGE_CURVE('',#6179,#6180,#69,.T.);
#4820=EDGE_CURVE('',#6180,#6181,#70,.T.);
#4821=EDGE_CURVE('',#6181,#6182,#71,.T.);
#4822=EDGE_CURVE('',#6182,#6183,#72,.T.);
#4823=EDGE_CURVE('',#6183,#6178,#73,.T.);
#4824=EDGE_CURVE('',#6184,#6185,#74,.T.);
#4825=EDGE_CURVE('',#6185,#6186,#75,.T.);
#4826=EDGE_CURVE('',#6186,#6187,#76,.T.);
#4827=EDGE_CURVE('',#6187,#6188,#77,.T.);
#4828=EDGE_CURVE('',#6188,#6189,#78,.T.);
#4829=EDGE_CURVE('',#6189,#6184,#79,.T.);
#4830=EDGE_CURVE('',#6190,#6191,#80,.T.);
#4831=EDGE_CURVE('',#6191,#6192,#81,.T.);
#4832=EDGE_CURVE('',#6192,#6193,#82,.T.);
#4833=EDGE_CURVE('',#6193,#6194,#83,.T.);
#4834=EDGE_CURVE('',#6194,#6195,#84,.T.);
#4835=EDGE_CURVE('',#6195,#6190,#85,.T.);
#4836=EDGE_CURVE('',#6196,#6196,#7098,.T.);
#4837=EDGE_CURVE('',#6197,#6197,#7099,.T.);
#4838=EDGE_CURVE('',#6198,#6198,#7100,.T.);
#4839=EDGE_CURVE('',#6199,#6199,#7101,.T.);
#4840=EDGE_CURVE('',#6200,#6200,#7102,.T.);
#4841=EDGE_CURVE('',#6201,#6201,#7103,.T.);
#4842=EDGE_CURVE('',#6202,#6202,#7104,.T.);
#4843=EDGE_CURVE('',#6203,#6203,#7105,.T.);
#4844=EDGE_CURVE('',#6204,#6204,#7106,.T.);
#4845=EDGE_CURVE('',#6205,#6205,#7107,.T.);
#4846=EDGE_CURVE('',#6206,#6207,#7108,.T.);
#4847=EDGE_CURVE('',#6208,#6206,#7109,.T.);
#4848=EDGE_CURVE('',#6209,#6208,#86,.T.);
#4849=EDGE_CURVE('',#6209,#6210,#7110,.T.);
#4850=EDGE_CURVE('',#6211,#6210,#87,.T.);
#4851=EDGE_CURVE('',#6211,#6212,#7111,.T.);
#4852=EDGE_CURVE('',#6212,#6213,#88,.T.);
#4853=EDGE_CURVE('',#6214,#6213,#7112,.T.);
#4854=EDGE_CURVE('',#6214,#6215,#89,.T.);
#4855=EDGE_CURVE('',#6216,#6215,#7113,.T.);
#4856=EDGE_CURVE('',#6216,#6217,#90,.T.);
#4857=EDGE_CURVE('',#6218,#6217,#7114,.T.);
#4858=EDGE_CURVE('',#6218,#6219,#7115,.T.);
#4859=EDGE_CURVE('',#6220,#6219,#7116,.T.);
#4860=EDGE_CURVE('',#6220,#6221,#91,.T.);
#4861=EDGE_CURVE('',#6222,#6221,#7117,.T.);
#4862=EDGE_CURVE('',#6223,#6222,#92,.T.);
#4863=EDGE_CURVE('',#6224,#6223,#7118,.T.);
#4864=EDGE_CURVE('',#6224,#6225,#93,.T.);
#4865=EDGE_CURVE('',#6225,#6226,#7119,.T.);
#4866=EDGE_CURVE('',#6226,#6227,#94,.T.);
#4867=EDGE_CURVE('',#6227,#6228,#7120,.T.);
#4868=EDGE_CURVE('',#6229,#6228,#95,.T.);
#4869=EDGE_CURVE('',#6230,#6229,#7121,.T.);
#4870=EDGE_CURVE('',#6231,#6230,#7122,.T.);
#4871=EDGE_CURVE('',#6232,#6231,#7123,.T.);
#4872=EDGE_CURVE('',#6233,#6232,#96,.T.);
#4873=EDGE_CURVE('',#6233,#6234,#7124,.T.);
#4874=EDGE_CURVE('',#6235,#6234,#97,.T.);
#4875=EDGE_CURVE('',#6235,#6236,#7125,.T.);
#4876=EDGE_CURVE('',#6236,#6237,#98,.T.);
#4877=EDGE_CURVE('',#6238,#6237,#7126,.T.);
#4878=EDGE_CURVE('',#6238,#6239,#99,.T.);
#4879=EDGE_CURVE('',#6240,#6239,#7127,.T.);
#4880=EDGE_CURVE('',#6240,#6241,#100,.T.);
#4881=EDGE_CURVE('',#6242,#6241,#7128,.T.);
#4882=EDGE_CURVE('',#6242,#6243,#7129,.T.);
#4883=EDGE_CURVE('',#6244,#6243,#7130,.T.);
#4884=EDGE_CURVE('',#6244,#6245,#101,.T.);
#4885=EDGE_CURVE('',#6246,#6245,#7131,.T.);
#4886=EDGE_CURVE('',#6247,#6246,#102,.T.);
#4887=EDGE_CURVE('',#6248,#6247,#7132,.T.);
#4888=EDGE_CURVE('',#6248,#6249,#103,.T.);
#4889=EDGE_CURVE('',#6249,#6250,#7133,.T.);
#4890=EDGE_CURVE('',#6250,#6251,#104,.T.);
#4891=EDGE_CURVE('',#6251,#6252,#7134,.T.);
#4892=EDGE_CURVE('',#6253,#6252,#105,.T.);
#4893=EDGE_CURVE('',#6207,#6253,#7135,.T.);
#4894=EDGE_CURVE('',#6254,#6255,#106,.T.);
#4895=EDGE_CURVE('',#6255,#6256,#107,.T.);
#4896=EDGE_CURVE('',#6256,#6257,#108,.T.);
#4897=EDGE_CURVE('',#6257,#6258,#109,.T.);
#4898=EDGE_CURVE('',#6258,#6259,#110,.T.);
#4899=EDGE_CURVE('',#6259,#6254,#111,.T.);
#4900=EDGE_CURVE('',#6260,#6261,#112,.T.);
#4901=EDGE_CURVE('',#6261,#6262,#113,.T.);
#4902=EDGE_CURVE('',#6262,#6263,#114,.T.);
#4903=EDGE_CURVE('',#6263,#6264,#115,.T.);
#4904=EDGE_CURVE('',#6264,#6265,#116,.T.);
#4905=EDGE_CURVE('',#6265,#6260,#117,.T.);
#4906=EDGE_CURVE('',#6266,#6267,#118,.T.);
#4907=EDGE_CURVE('',#6267,#6268,#119,.T.);
#4908=EDGE_CURVE('',#6268,#6269,#120,.T.);
#4909=EDGE_CURVE('',#6269,#6270,#121,.T.);
#4910=EDGE_CURVE('',#6270,#6271,#122,.T.);
#4911=EDGE_CURVE('',#6271,#6266,#123,.T.);
#4912=EDGE_CURVE('',#6272,#6272,#7136,.T.);
#4913=EDGE_CURVE('',#6273,#6273,#7137,.T.);
#4914=EDGE_CURVE('',#6274,#6274,#7138,.T.);
#4915=EDGE_CURVE('',#6275,#6275,#7139,.T.);
#4916=EDGE_CURVE('',#6276,#6276,#7140,.T.);
#4917=EDGE_CURVE('',#6277,#6277,#7141,.F.);
#4918=EDGE_CURVE('',#6278,#6278,#7142,.T.);
#4919=EDGE_CURVE('',#6279,#6279,#7143,.T.);
#4920=EDGE_CURVE('',#6280,#6281,#124,.T.);
#4921=EDGE_CURVE('',#6281,#6282,#125,.T.);
#4922=EDGE_CURVE('',#6282,#6283,#126,.T.);
#4923=EDGE_CURVE('',#6283,#6284,#127,.T.);
#4924=EDGE_CURVE('',#6284,#6285,#128,.T.);
#4925=EDGE_CURVE('',#6285,#6280,#129,.T.);
#4926=EDGE_CURVE('',#6286,#6287,#130,.T.);
#4927=EDGE_CURVE('',#6287,#6288,#131,.T.);
#4928=EDGE_CURVE('',#6288,#6289,#132,.T.);
#4929=EDGE_CURVE('',#6289,#6290,#133,.T.);
#4930=EDGE_CURVE('',#6290,#6291,#134,.T.);
#4931=EDGE_CURVE('',#6291,#6286,#135,.T.);
#4932=EDGE_CURVE('',#6292,#6293,#136,.T.);
#4933=EDGE_CURVE('',#6293,#6294,#137,.T.);
#4934=EDGE_CURVE('',#6294,#6295,#138,.T.);
#4935=EDGE_CURVE('',#6295,#6296,#139,.T.);
#4936=EDGE_CURVE('',#6296,#6297,#140,.T.);
#4937=EDGE_CURVE('',#6297,#6292,#141,.T.);
#4938=EDGE_CURVE('',#6298,#6299,#142,.T.);
#4939=EDGE_CURVE('',#6299,#6300,#143,.T.);
#4940=EDGE_CURVE('',#6300,#6301,#144,.T.);
#4941=EDGE_CURVE('',#6301,#6302,#145,.T.);
#4942=EDGE_CURVE('',#6302,#6303,#146,.T.);
#4943=EDGE_CURVE('',#6303,#6298,#147,.T.);
#4944=EDGE_CURVE('',#6304,#6304,#7144,.T.);
#4945=EDGE_CURVE('',#6305,#6305,#7145,.T.);
#4946=EDGE_CURVE('',#6306,#6306,#7146,.T.);
#4947=EDGE_CURVE('',#6307,#6307,#7147,.T.);
#4948=EDGE_CURVE('',#6308,#6308,#7148,.T.);
#4949=EDGE_CURVE('',#6309,#6309,#7149,.T.);
#4950=EDGE_CURVE('',#6310,#6310,#7150,.T.);
#4951=EDGE_CURVE('',#6311,#6311,#7151,.T.);
#4952=EDGE_CURVE('',#6312,#6313,#7152,.T.);
#4953=EDGE_CURVE('',#6314,#6312,#7153,.T.);
#4954=EDGE_CURVE('',#6315,#6314,#148,.T.);
#4955=EDGE_CURVE('',#6315,#6316,#7154,.T.);
#4956=EDGE_CURVE('',#6317,#6316,#149,.T.);
#4957=EDGE_CURVE('',#6317,#6318,#7155,.T.);
#4958=EDGE_CURVE('',#6318,#6319,#150,.T.);
#4959=EDGE_CURVE('',#6320,#6319,#7156,.T.);
#4960=EDGE_CURVE('',#6320,#6321,#151,.T.);
#4961=EDGE_CURVE('',#6322,#6321,#7157,.T.);
#4962=EDGE_CURVE('',#6322,#6323,#152,.T.);
#4963=EDGE_CURVE('',#6324,#6323,#7158,.T.);
#4964=EDGE_CURVE('',#6324,#6325,#7159,.T.);
#4965=EDGE_CURVE('',#6326,#6325,#7160,.T.);
#4966=EDGE_CURVE('',#6326,#6327,#153,.T.);
#4967=EDGE_CURVE('',#6328,#6327,#7161,.T.);
#4968=EDGE_CURVE('',#6329,#6328,#154,.T.);
#4969=EDGE_CURVE('',#6330,#6329,#7162,.T.);
#4970=EDGE_CURVE('',#6330,#6331,#155,.T.);
#4971=EDGE_CURVE('',#6331,#6332,#7163,.T.);
#4972=EDGE_CURVE('',#6332,#6333,#156,.T.);
#4973=EDGE_CURVE('',#6333,#6334,#7164,.T.);
#4974=EDGE_CURVE('',#6335,#6334,#157,.T.);
#4975=EDGE_CURVE('',#6336,#6335,#7165,.T.);
#4976=EDGE_CURVE('',#6337,#6336,#7166,.T.);
#4977=EDGE_CURVE('',#6338,#6337,#7167,.T.);
#4978=EDGE_CURVE('',#6339,#6338,#158,.T.);
#4979=EDGE_CURVE('',#6339,#6340,#7168,.T.);
#4980=EDGE_CURVE('',#6341,#6340,#159,.T.);
#4981=EDGE_CURVE('',#6341,#6342,#7169,.T.);
#4982=EDGE_CURVE('',#6342,#6343,#160,.T.);
#4983=EDGE_CURVE('',#6344,#6343,#7170,.T.);
#4984=EDGE_CURVE('',#6344,#6345,#161,.T.);
#4985=EDGE_CURVE('',#6346,#6345,#7171,.T.);
#4986=EDGE_CURVE('',#6346,#6347,#162,.T.);
#4987=EDGE_CURVE('',#6348,#6347,#7172,.T.);
#4988=EDGE_CURVE('',#6348,#6349,#7173,.T.);
#4989=EDGE_CURVE('',#6350,#6349,#7174,.T.);
#4990=EDGE_CURVE('',#6350,#6351,#163,.T.);
#4991=EDGE_CURVE('',#6352,#6351,#7175,.T.);
#4992=EDGE_CURVE('',#6353,#6352,#164,.T.);
#4993=EDGE_CURVE('',#6354,#6353,#7176,.T.);
#4994=EDGE_CURVE('',#6354,#6355,#165,.T.);
#4995=EDGE_CURVE('',#6355,#6356,#7177,.T.);
#4996=EDGE_CURVE('',#6356,#6357,#166,.T.);
#4997=EDGE_CURVE('',#6357,#6358,#7178,.T.);
#4998=EDGE_CURVE('',#6359,#6358,#167,.T.);
#4999=EDGE_CURVE('',#6313,#6359,#7179,.T.);
#5000=EDGE_CURVE('',#6360,#6361,#168,.T.);
#5001=EDGE_CURVE('',#6361,#6362,#169,.T.);
#5002=EDGE_CURVE('',#6362,#6363,#170,.T.);
#5003=EDGE_CURVE('',#6363,#6364,#171,.T.);
#5004=EDGE_CURVE('',#6364,#6365,#172,.T.);
#5005=EDGE_CURVE('',#6365,#6360,#173,.T.);
#5006=EDGE_CURVE('',#6366,#6367,#174,.T.);
#5007=EDGE_CURVE('',#6367,#6368,#175,.T.);
#5008=EDGE_CURVE('',#6368,#6369,#176,.T.);
#5009=EDGE_CURVE('',#6369,#6370,#177,.T.);
#5010=EDGE_CURVE('',#6370,#6371,#178,.T.);
#5011=EDGE_CURVE('',#6371,#6366,#179,.T.);
#5012=EDGE_CURVE('',#6372,#6373,#180,.T.);
#5013=EDGE_CURVE('',#6373,#6374,#181,.T.);
#5014=EDGE_CURVE('',#6374,#6375,#182,.T.);
#5015=EDGE_CURVE('',#6375,#6376,#183,.T.);
#5016=EDGE_CURVE('',#6376,#6377,#184,.T.);
#5017=EDGE_CURVE('',#6377,#6372,#185,.T.);
#5018=EDGE_CURVE('',#6378,#6379,#186,.T.);
#5019=EDGE_CURVE('',#6379,#6380,#187,.T.);
#5020=EDGE_CURVE('',#6380,#6381,#188,.T.);
#5021=EDGE_CURVE('',#6381,#6382,#189,.T.);
#5022=EDGE_CURVE('',#6382,#6383,#190,.T.);
#5023=EDGE_CURVE('',#6383,#6378,#191,.T.);
#5024=EDGE_CURVE('',#6384,#6385,#192,.T.);
#5025=EDGE_CURVE('',#6386,#6384,#193,.T.);
#5026=EDGE_CURVE('',#6387,#6386,#194,.T.);
#5027=EDGE_CURVE('',#6388,#6387,#195,.T.);
#5028=EDGE_CURVE('',#6389,#6388,#196,.T.);
#5029=EDGE_CURVE('',#6385,#6389,#197,.T.);
#5030=EDGE_CURVE('',#6390,#6391,#198,.T.);
#5031=EDGE_CURVE('',#6392,#6390,#199,.T.);
#5032=EDGE_CURVE('',#6393,#6392,#200,.T.);
#5033=EDGE_CURVE('',#6394,#6393,#201,.T.);
#5034=EDGE_CURVE('',#6395,#6394,#202,.T.);
#5035=EDGE_CURVE('',#6391,#6395,#203,.T.);
#5036=EDGE_CURVE('',#6396,#6397,#204,.T.);
#5037=EDGE_CURVE('',#6398,#6396,#205,.T.);
#5038=EDGE_CURVE('',#6399,#6398,#206,.T.);
#5039=EDGE_CURVE('',#6400,#6399,#207,.T.);
#5040=EDGE_CURVE('',#6401,#6400,#208,.T.);
#5041=EDGE_CURVE('',#6397,#6401,#209,.T.);
#5042=EDGE_CURVE('',#6402,#6403,#210,.T.);
#5043=EDGE_CURVE('',#6404,#6402,#211,.T.);
#5044=EDGE_CURVE('',#6405,#6404,#212,.T.);
#5045=EDGE_CURVE('',#6406,#6405,#213,.T.);
#5046=EDGE_CURVE('',#6407,#6406,#214,.T.);
#5047=EDGE_CURVE('',#6403,#6407,#215,.T.);
#5048=EDGE_CURVE('',#6408,#6408,#7180,.T.);
#5049=EDGE_CURVE('',#6409,#6409,#7181,.T.);
#5050=EDGE_CURVE('',#6410,#6410,#7182,.T.);
#5051=EDGE_CURVE('',#6411,#6411,#7183,.T.);
#5052=EDGE_CURVE('',#6412,#6412,#7184,.T.);
#5053=EDGE_CURVE('',#6413,#6413,#7185,.T.);
#5054=EDGE_CURVE('',#6414,#6414,#7186,.T.);
#5055=EDGE_CURVE('',#6415,#6415,#7187,.T.);
#5056=EDGE_CURVE('',#6416,#6417,#7188,.T.);
#5057=EDGE_CURVE('',#6417,#6418,#7189,.T.);
#5058=EDGE_CURVE('',#6418,#6419,#216,.T.);
#5059=EDGE_CURVE('',#6420,#6419,#7190,.T.);
#5060=EDGE_CURVE('',#6421,#6420,#217,.T.);
#5061=EDGE_CURVE('',#6422,#6421,#7191,.T.);
#5062=EDGE_CURVE('',#6423,#6422,#218,.T.);
#5063=EDGE_CURVE('',#6423,#6424,#7192,.T.);
#5064=EDGE_CURVE('',#6424,#6425,#219,.T.);
#5065=EDGE_CURVE('',#6425,#6426,#7193,.T.);
#5066=EDGE_CURVE('',#6427,#6426,#220,.T.);
#5067=EDGE_CURVE('',#6427,#6428,#7194,.T.);
#5068=EDGE_CURVE('',#6429,#6428,#7195,.T.);
#5069=EDGE_CURVE('',#6429,#6430,#7196,.T.);
#5070=EDGE_CURVE('',#6431,#6430,#221,.T.);
#5071=EDGE_CURVE('',#6431,#6432,#7197,.T.);
#5072=EDGE_CURVE('',#6433,#6432,#222,.T.);
#5073=EDGE_CURVE('',#6433,#6434,#7198,.T.);
#5074=EDGE_CURVE('',#6435,#6434,#223,.T.);
#5075=EDGE_CURVE('',#6436,#6435,#7199,.T.);
#5076=EDGE_CURVE('',#6436,#6437,#224,.T.);
#5077=EDGE_CURVE('',#6438,#6437,#7200,.T.);
#5078=EDGE_CURVE('',#6438,#6439,#225,.T.);
#5079=EDGE_CURVE('',#6439,#6440,#7201,.T.);
#5080=EDGE_CURVE('',#6440,#6441,#7202,.T.);
#5081=EDGE_CURVE('',#6441,#6442,#7203,.T.);
#5082=EDGE_CURVE('',#6442,#6443,#226,.T.);
#5083=EDGE_CURVE('',#6444,#6443,#7204,.T.);
#5084=EDGE_CURVE('',#6445,#6444,#227,.T.);
#5085=EDGE_CURVE('',#6446,#6445,#7205,.T.);
#5086=EDGE_CURVE('',#6447,#6446,#228,.T.);
#5087=EDGE_CURVE('',#6447,#6448,#7206,.T.);
#5088=EDGE_CURVE('',#6448,#6449,#229,.T.);
#5089=EDGE_CURVE('',#6449,#6450,#7207,.T.);
#5090=EDGE_CURVE('',#6451,#6450,#230,.T.);
#5091=EDGE_CURVE('',#6451,#6452,#7208,.T.);
#5092=EDGE_CURVE('',#6453,#6452,#7209,.T.);
#5093=EDGE_CURVE('',#6453,#6454,#7210,.T.);
#5094=EDGE_CURVE('',#6455,#6454,#231,.T.);
#5095=EDGE_CURVE('',#6455,#6456,#7211,.T.);
#5096=EDGE_CURVE('',#6457,#6456,#232,.T.);
#5097=EDGE_CURVE('',#6457,#6458,#7212,.T.);
#5098=EDGE_CURVE('',#6459,#6458,#233,.T.);
#5099=EDGE_CURVE('',#6460,#6459,#7213,.T.);
#5100=EDGE_CURVE('',#6460,#6461,#234,.T.);
#5101=EDGE_CURVE('',#6462,#6461,#7214,.T.);
#5102=EDGE_CURVE('',#6462,#6463,#235,.T.);
#5103=EDGE_CURVE('',#6463,#6416,#7215,.T.);
#5104=EDGE_CURVE('',#6464,#6465,#236,.T.);
#5105=EDGE_CURVE('',#6466,#6464,#237,.T.);
#5106=EDGE_CURVE('',#6467,#6466,#238,.T.);
#5107=EDGE_CURVE('',#6468,#6467,#239,.T.);
#5108=EDGE_CURVE('',#6469,#6468,#240,.T.);
#5109=EDGE_CURVE('',#6465,#6469,#241,.T.);
#5110=EDGE_CURVE('',#6470,#6471,#242,.T.);
#5111=EDGE_CURVE('',#6472,#6470,#243,.T.);
#5112=EDGE_CURVE('',#6473,#6472,#244,.T.);
#5113=EDGE_CURVE('',#6474,#6473,#245,.T.);
#5114=EDGE_CURVE('',#6475,#6474,#246,.T.);
#5115=EDGE_CURVE('',#6471,#6475,#247,.T.);
#5116=EDGE_CURVE('',#6476,#6477,#248,.T.);
#5117=EDGE_CURVE('',#6478,#6476,#249,.T.);
#5118=EDGE_CURVE('',#6479,#6478,#250,.T.);
#5119=EDGE_CURVE('',#6480,#6479,#251,.T.);
#5120=EDGE_CURVE('',#6481,#6480,#252,.T.);
#5121=EDGE_CURVE('',#6477,#6481,#253,.T.);
#5122=EDGE_CURVE('',#6482,#6483,#254,.T.);
#5123=EDGE_CURVE('',#6484,#6482,#255,.T.);
#5124=EDGE_CURVE('',#6485,#6484,#256,.T.);
#5125=EDGE_CURVE('',#6486,#6485,#257,.T.);
#5126=EDGE_CURVE('',#6487,#6486,#258,.T.);
#5127=EDGE_CURVE('',#6483,#6487,#259,.T.);
#5128=EDGE_CURVE('',#6488,#6488,#7216,.T.);
#5129=EDGE_CURVE('',#6489,#6489,#7217,.T.);
#5130=EDGE_CURVE('',#6490,#6490,#7218,.T.);
#5131=EDGE_CURVE('',#6491,#6491,#7219,.T.);
#5132=EDGE_CURVE('',#6492,#6493,#260,.T.);
#5133=EDGE_CURVE('',#6493,#6494,#261,.T.);
#5134=EDGE_CURVE('',#6494,#6495,#262,.T.);
#5135=EDGE_CURVE('',#6495,#6496,#263,.T.);
#5136=EDGE_CURVE('',#6496,#6497,#264,.T.);
#5137=EDGE_CURVE('',#6497,#6492,#265,.T.);
#5138=EDGE_CURVE('',#6498,#6499,#266,.T.);
#5139=EDGE_CURVE('',#6499,#6500,#267,.T.);
#5140=EDGE_CURVE('',#6500,#6501,#268,.T.);
#5141=EDGE_CURVE('',#6501,#6502,#269,.T.);
#5142=EDGE_CURVE('',#6502,#6503,#270,.T.);
#5143=EDGE_CURVE('',#6503,#6498,#271,.T.);
#5144=EDGE_CURVE('',#6504,#6505,#272,.T.);
#5145=EDGE_CURVE('',#6505,#6506,#273,.T.);
#5146=EDGE_CURVE('',#6506,#6507,#274,.T.);
#5147=EDGE_CURVE('',#6507,#6508,#275,.T.);
#5148=EDGE_CURVE('',#6508,#6509,#276,.T.);
#5149=EDGE_CURVE('',#6509,#6504,#277,.T.);
#5150=EDGE_CURVE('',#6510,#6510,#7220,.T.);
#5151=EDGE_CURVE('',#6511,#6511,#7221,.T.);
#5152=EDGE_CURVE('',#6512,#6512,#7222,.T.);
#5153=EDGE_CURVE('',#6513,#6513,#7223,.T.);
#5154=EDGE_CURVE('',#6514,#6514,#7224,.T.);
#5155=EDGE_CURVE('',#6515,#6515,#7225,.T.);
#5156=EDGE_CURVE('',#6516,#6516,#7226,.T.);
#5157=EDGE_CURVE('',#6517,#6517,#7227,.T.);
#5158=EDGE_CURVE('',#6518,#6518,#7228,.T.);
#5159=EDGE_CURVE('',#6519,#6519,#7229,.T.);
#5160=EDGE_CURVE('',#6520,#6521,#7230,.T.);
#5161=EDGE_CURVE('',#6522,#6520,#7231,.T.);
#5162=EDGE_CURVE('',#6523,#6522,#278,.T.);
#5163=EDGE_CURVE('',#6523,#6524,#7232,.T.);
#5164=EDGE_CURVE('',#6525,#6524,#279,.T.);
#5165=EDGE_CURVE('',#6525,#6526,#7233,.T.);
#5166=EDGE_CURVE('',#6526,#6527,#280,.T.);
#5167=EDGE_CURVE('',#6528,#6527,#7234,.T.);
#5168=EDGE_CURVE('',#6528,#6529,#281,.T.);
#5169=EDGE_CURVE('',#6530,#6529,#7235,.T.);
#5170=EDGE_CURVE('',#6530,#6531,#282,.T.);
#5171=EDGE_CURVE('',#6532,#6531,#7236,.T.);
#5172=EDGE_CURVE('',#6532,#6533,#7237,.T.);
#5173=EDGE_CURVE('',#6534,#6533,#7238,.T.);
#5174=EDGE_CURVE('',#6534,#6535,#283,.T.);
#5175=EDGE_CURVE('',#6536,#6535,#7239,.T.);
#5176=EDGE_CURVE('',#6537,#6536,#284,.T.);
#5177=EDGE_CURVE('',#6538,#6537,#7240,.T.);
#5178=EDGE_CURVE('',#6538,#6539,#285,.T.);
#5179=EDGE_CURVE('',#6539,#6540,#7241,.T.);
#5180=EDGE_CURVE('',#6540,#6541,#286,.T.);
#5181=EDGE_CURVE('',#6541,#6542,#7242,.T.);
#5182=EDGE_CURVE('',#6543,#6542,#287,.T.);
#5183=EDGE_CURVE('',#6544,#6543,#7243,.T.);
#5184=EDGE_CURVE('',#6545,#6544,#7244,.T.);
#5185=EDGE_CURVE('',#6546,#6545,#7245,.T.);
#5186=EDGE_CURVE('',#6547,#6546,#288,.T.);
#5187=EDGE_CURVE('',#6547,#6548,#7246,.T.);
#5188=EDGE_CURVE('',#6549,#6548,#289,.T.);
#5189=EDGE_CURVE('',#6549,#6550,#7247,.T.);
#5190=EDGE_CURVE('',#6550,#6551,#290,.T.);
#5191=EDGE_CURVE('',#6552,#6551,#7248,.T.);
#5192=EDGE_CURVE('',#6552,#6553,#291,.T.);
#5193=EDGE_CURVE('',#6554,#6553,#7249,.T.);
#5194=EDGE_CURVE('',#6554,#6555,#292,.T.);
#5195=EDGE_CURVE('',#6556,#6555,#7250,.T.);
#5196=EDGE_CURVE('',#6556,#6557,#7251,.T.);
#5197=EDGE_CURVE('',#6558,#6557,#7252,.T.);
#5198=EDGE_CURVE('',#6558,#6559,#293,.T.);
#5199=EDGE_CURVE('',#6560,#6559,#7253,.T.);
#5200=EDGE_CURVE('',#6561,#6560,#294,.T.);
#5201=EDGE_CURVE('',#6562,#6561,#7254,.T.);
#5202=EDGE_CURVE('',#6562,#6563,#295,.T.);
#5203=EDGE_CURVE('',#6563,#6564,#7255,.T.);
#5204=EDGE_CURVE('',#6564,#6565,#296,.T.);
#5205=EDGE_CURVE('',#6565,#6566,#7256,.T.);
#5206=EDGE_CURVE('',#6567,#6566,#297,.T.);
#5207=EDGE_CURVE('',#6521,#6567,#7257,.T.);
#5208=EDGE_CURVE('',#6568,#6569,#298,.T.);
#5209=EDGE_CURVE('',#6569,#6570,#299,.T.);
#5210=EDGE_CURVE('',#6570,#6571,#300,.T.);
#5211=EDGE_CURVE('',#6571,#6572,#301,.T.);
#5212=EDGE_CURVE('',#6572,#6573,#302,.T.);
#5213=EDGE_CURVE('',#6573,#6568,#303,.T.);
#5214=EDGE_CURVE('',#6574,#6575,#304,.T.);
#5215=EDGE_CURVE('',#6575,#6576,#305,.T.);
#5216=EDGE_CURVE('',#6576,#6577,#306,.T.);
#5217=EDGE_CURVE('',#6577,#6578,#307,.T.);
#5218=EDGE_CURVE('',#6578,#6579,#308,.T.);
#5219=EDGE_CURVE('',#6579,#6574,#309,.T.);
#5220=EDGE_CURVE('',#6580,#6581,#310,.T.);
#5221=EDGE_CURVE('',#6581,#6582,#311,.T.);
#5222=EDGE_CURVE('',#6582,#6583,#312,.T.);
#5223=EDGE_CURVE('',#6583,#6584,#313,.T.);
#5224=EDGE_CURVE('',#6584,#6585,#314,.T.);
#5225=EDGE_CURVE('',#6585,#6580,#315,.T.);
#5226=EDGE_CURVE('',#6586,#6587,#316,.T.);
#5227=EDGE_CURVE('',#6588,#6586,#317,.T.);
#5228=EDGE_CURVE('',#6589,#6588,#318,.T.);
#5229=EDGE_CURVE('',#6590,#6589,#319,.T.);
#5230=EDGE_CURVE('',#6591,#6590,#320,.T.);
#5231=EDGE_CURVE('',#6587,#6591,#321,.T.);
#5232=EDGE_CURVE('',#6592,#6593,#322,.T.);
#5233=EDGE_CURVE('',#6594,#6592,#323,.T.);
#5234=EDGE_CURVE('',#6595,#6594,#324,.T.);
#5235=EDGE_CURVE('',#6596,#6595,#325,.T.);
#5236=EDGE_CURVE('',#6597,#6596,#326,.T.);
#5237=EDGE_CURVE('',#6593,#6597,#327,.T.);
#5238=EDGE_CURVE('',#6598,#6599,#328,.T.);
#5239=EDGE_CURVE('',#6600,#6598,#329,.T.);
#5240=EDGE_CURVE('',#6601,#6600,#330,.T.);
#5241=EDGE_CURVE('',#6602,#6601,#331,.T.);
#5242=EDGE_CURVE('',#6603,#6602,#332,.T.);
#5243=EDGE_CURVE('',#6599,#6603,#333,.T.);
#5244=EDGE_CURVE('',#6604,#6604,#7258,.T.);
#5245=EDGE_CURVE('',#6605,#6605,#7259,.T.);
#5246=EDGE_CURVE('',#6606,#6606,#7260,.T.);
#5247=EDGE_CURVE('',#6607,#6607,#7261,.T.);
#5248=EDGE_CURVE('',#6608,#6608,#7262,.T.);
#5249=EDGE_CURVE('',#6609,#6609,#7263,.T.);
#5250=EDGE_CURVE('',#6610,#6610,#7264,.T.);
#5251=EDGE_CURVE('',#6611,#6611,#7265,.T.);
#5252=EDGE_CURVE('',#6612,#6612,#7266,.T.);
#5253=EDGE_CURVE('',#6613,#6613,#7267,.T.);
#5254=EDGE_CURVE('',#6614,#6615,#7268,.T.);
#5255=EDGE_CURVE('',#6615,#6616,#7269,.T.);
#5256=EDGE_CURVE('',#6616,#6617,#334,.T.);
#5257=EDGE_CURVE('',#6618,#6617,#7270,.T.);
#5258=EDGE_CURVE('',#6619,#6618,#335,.T.);
#5259=EDGE_CURVE('',#6620,#6619,#7271,.T.);
#5260=EDGE_CURVE('',#6621,#6620,#336,.T.);
#5261=EDGE_CURVE('',#6621,#6622,#7272,.T.);
#5262=EDGE_CURVE('',#6622,#6623,#337,.T.);
#5263=EDGE_CURVE('',#6623,#6624,#7273,.T.);
#5264=EDGE_CURVE('',#6625,#6624,#338,.T.);
#5265=EDGE_CURVE('',#6625,#6626,#7274,.T.);
#5266=EDGE_CURVE('',#6627,#6626,#7275,.T.);
#5267=EDGE_CURVE('',#6627,#6628,#7276,.T.);
#5268=EDGE_CURVE('',#6629,#6628,#339,.T.);
#5269=EDGE_CURVE('',#6629,#6630,#7277,.T.);
#5270=EDGE_CURVE('',#6631,#6630,#340,.T.);
#5271=EDGE_CURVE('',#6631,#6632,#7278,.T.);
#5272=EDGE_CURVE('',#6633,#6632,#341,.T.);
#5273=EDGE_CURVE('',#6634,#6633,#7279,.T.);
#5274=EDGE_CURVE('',#6634,#6635,#342,.T.);
#5275=EDGE_CURVE('',#6636,#6635,#7280,.T.);
#5276=EDGE_CURVE('',#6636,#6637,#343,.T.);
#5277=EDGE_CURVE('',#6637,#6638,#7281,.T.);
#5278=EDGE_CURVE('',#6638,#6639,#7282,.T.);
#5279=EDGE_CURVE('',#6639,#6640,#7283,.T.);
#5280=EDGE_CURVE('',#6640,#6641,#344,.T.);
#5281=EDGE_CURVE('',#6642,#6641,#7284,.T.);
#5282=EDGE_CURVE('',#6643,#6642,#345,.T.);
#5283=EDGE_CURVE('',#6644,#6643,#7285,.T.);
#5284=EDGE_CURVE('',#6645,#6644,#346,.T.);
#5285=EDGE_CURVE('',#6645,#6646,#7286,.T.);
#5286=EDGE_CURVE('',#6646,#6647,#347,.T.);
#5287=EDGE_CURVE('',#6647,#6648,#7287,.T.);
#5288=EDGE_CURVE('',#6649,#6648,#348,.T.);
#5289=EDGE_CURVE('',#6649,#6650,#7288,.T.);
#5290=EDGE_CURVE('',#6651,#6650,#7289,.T.);
#5291=EDGE_CURVE('',#6651,#6652,#7290,.T.);
#5292=EDGE_CURVE('',#6653,#6652,#349,.T.);
#5293=EDGE_CURVE('',#6653,#6654,#7291,.T.);
#5294=EDGE_CURVE('',#6655,#6654,#350,.T.);
#5295=EDGE_CURVE('',#6655,#6656,#7292,.T.);
#5296=EDGE_CURVE('',#6657,#6656,#351,.T.);
#5297=EDGE_CURVE('',#6658,#6657,#7293,.T.);
#5298=EDGE_CURVE('',#6658,#6659,#352,.T.);
#5299=EDGE_CURVE('',#6660,#6659,#7294,.T.);
#5300=EDGE_CURVE('',#6660,#6661,#353,.T.);
#5301=EDGE_CURVE('',#6661,#6614,#7295,.T.);
#5302=EDGE_CURVE('',#6662,#6663,#354,.T.);
#5303=EDGE_CURVE('',#6664,#6662,#355,.T.);
#5304=EDGE_CURVE('',#6665,#6664,#356,.T.);
#5305=EDGE_CURVE('',#6666,#6665,#357,.T.);
#5306=EDGE_CURVE('',#6667,#6666,#358,.T.);
#5307=EDGE_CURVE('',#6663,#6667,#359,.T.);
#5308=EDGE_CURVE('',#6668,#6669,#360,.T.);
#5309=EDGE_CURVE('',#6670,#6668,#361,.T.);
#5310=EDGE_CURVE('',#6671,#6670,#362,.T.);
#5311=EDGE_CURVE('',#6672,#6671,#363,.T.);
#5312=EDGE_CURVE('',#6673,#6672,#364,.T.);
#5313=EDGE_CURVE('',#6669,#6673,#365,.T.);
#5314=EDGE_CURVE('',#6674,#6675,#366,.T.);
#5315=EDGE_CURVE('',#6676,#6674,#367,.T.);
#5316=EDGE_CURVE('',#6677,#6676,#368,.T.);
#5317=EDGE_CURVE('',#6678,#6677,#369,.T.);
#5318=EDGE_CURVE('',#6679,#6678,#370,.T.);
#5319=EDGE_CURVE('',#6675,#6679,#371,.T.);
#5320=EDGE_CURVE('',#6680,#6680,#7296,.T.);
#5321=EDGE_CURVE('',#6681,#6681,#7297,.F.);
#5322=EDGE_CURVE('',#6682,#6682,#7298,.T.);
#5323=EDGE_CURVE('',#6683,#6683,#7299,.T.);
#5324=EDGE_CURVE('',#6684,#6685,#372,.T.);
#5325=EDGE_CURVE('',#6685,#6686,#373,.T.);
#5326=EDGE_CURVE('',#6686,#6687,#374,.T.);
#5327=EDGE_CURVE('',#6687,#6688,#375,.T.);
#5328=EDGE_CURVE('',#6688,#6689,#376,.T.);
#5329=EDGE_CURVE('',#6689,#6684,#377,.T.);
#5330=EDGE_CURVE('',#6690,#6691,#378,.T.);
#5331=EDGE_CURVE('',#6691,#6692,#379,.T.);
#5332=EDGE_CURVE('',#6692,#6693,#380,.T.);
#5333=EDGE_CURVE('',#6693,#6694,#381,.T.);
#5334=EDGE_CURVE('',#6694,#6695,#382,.T.);
#5335=EDGE_CURVE('',#6695,#6690,#383,.T.);
#5336=EDGE_CURVE('',#6696,#6696,#7300,.T.);
#5337=EDGE_CURVE('',#6697,#6697,#7301,.T.);
#5338=EDGE_CURVE('',#6698,#6698,#7302,.T.);
#5339=EDGE_CURVE('',#6699,#6699,#7303,.T.);
#5340=EDGE_CURVE('',#6700,#6700,#7304,.T.);
#5341=EDGE_CURVE('',#6701,#6701,#7305,.T.);
#5342=EDGE_CURVE('',#6702,#6702,#7306,.T.);
#5343=EDGE_CURVE('',#6703,#6703,#7307,.T.);
#5344=EDGE_CURVE('',#6704,#6704,#7308,.T.);
#5345=EDGE_CURVE('',#6705,#6705,#7309,.T.);
#5346=EDGE_CURVE('',#6706,#6706,#7310,.T.);
#5347=EDGE_CURVE('',#6707,#6707,#7311,.T.);
#5348=EDGE_CURVE('',#6708,#6709,#7312,.T.);
#5349=EDGE_CURVE('',#6709,#6710,#7313,.T.);
#5350=EDGE_CURVE('',#6710,#6711,#384,.T.);
#5351=EDGE_CURVE('',#6712,#6711,#7314,.T.);
#5352=EDGE_CURVE('',#6713,#6712,#385,.T.);
#5353=EDGE_CURVE('',#6714,#6713,#7315,.T.);
#5354=EDGE_CURVE('',#6715,#6714,#386,.T.);
#5355=EDGE_CURVE('',#6715,#6716,#7316,.T.);
#5356=EDGE_CURVE('',#6716,#6717,#387,.T.);
#5357=EDGE_CURVE('',#6717,#6718,#7317,.T.);
#5358=EDGE_CURVE('',#6719,#6718,#388,.T.);
#5359=EDGE_CURVE('',#6719,#6720,#7318,.T.);
#5360=EDGE_CURVE('',#6721,#6720,#7319,.T.);
#5361=EDGE_CURVE('',#6721,#6722,#7320,.T.);
#5362=EDGE_CURVE('',#6723,#6722,#389,.T.);
#5363=EDGE_CURVE('',#6723,#6724,#7321,.T.);
#5364=EDGE_CURVE('',#6725,#6724,#390,.T.);
#5365=EDGE_CURVE('',#6725,#6726,#7322,.T.);
#5366=EDGE_CURVE('',#6727,#6726,#391,.T.);
#5367=EDGE_CURVE('',#6728,#6727,#7323,.T.);
#5368=EDGE_CURVE('',#6728,#6729,#392,.T.);
#5369=EDGE_CURVE('',#6730,#6729,#7324,.T.);
#5370=EDGE_CURVE('',#6730,#6731,#393,.T.);
#5371=EDGE_CURVE('',#6731,#6732,#7325,.T.);
#5372=EDGE_CURVE('',#6732,#6733,#7326,.T.);
#5373=EDGE_CURVE('',#6733,#6734,#7327,.T.);
#5374=EDGE_CURVE('',#6734,#6735,#394,.T.);
#5375=EDGE_CURVE('',#6736,#6735,#7328,.T.);
#5376=EDGE_CURVE('',#6737,#6736,#395,.T.);
#5377=EDGE_CURVE('',#6738,#6737,#7329,.T.);
#5378=EDGE_CURVE('',#6739,#6738,#396,.T.);
#5379=EDGE_CURVE('',#6739,#6740,#7330,.T.);
#5380=EDGE_CURVE('',#6740,#6741,#397,.T.);
#5381=EDGE_CURVE('',#6741,#6742,#7331,.T.);
#5382=EDGE_CURVE('',#6743,#6742,#398,.T.);
#5383=EDGE_CURVE('',#6743,#6744,#7332,.T.);
#5384=EDGE_CURVE('',#6745,#6744,#7333,.T.);
#5385=EDGE_CURVE('',#6745,#6746,#7334,.T.);
#5386=EDGE_CURVE('',#6747,#6746,#399,.T.);
#5387=EDGE_CURVE('',#6747,#6748,#7335,.T.);
#5388=EDGE_CURVE('',#6749,#6748,#400,.T.);
#5389=EDGE_CURVE('',#6749,#6750,#7336,.T.);
#5390=EDGE_CURVE('',#6751,#6750,#401,.T.);
#5391=EDGE_CURVE('',#6752,#6751,#7337,.T.);
#5392=EDGE_CURVE('',#6752,#6753,#402,.T.);
#5393=EDGE_CURVE('',#6754,#6753,#7338,.T.);
#5394=EDGE_CURVE('',#6754,#6755,#403,.T.);
#5395=EDGE_CURVE('',#6755,#6708,#7339,.T.);
#5396=EDGE_CURVE('',#6756,#6757,#404,.T.);
#5397=EDGE_CURVE('',#6757,#6758,#405,.T.);
#5398=EDGE_CURVE('',#6758,#6759,#406,.T.);
#5399=EDGE_CURVE('',#6759,#6760,#407,.T.);
#5400=EDGE_CURVE('',#6760,#6761,#408,.T.);
#5401=EDGE_CURVE('',#6761,#6756,#409,.T.);
#5402=EDGE_CURVE('',#6762,#6763,#410,.T.);
#5403=EDGE_CURVE('',#6763,#6764,#411,.T.);
#5404=EDGE_CURVE('',#6764,#6765,#412,.T.);
#5405=EDGE_CURVE('',#6765,#6766,#413,.T.);
#5406=EDGE_CURVE('',#6766,#6767,#414,.T.);
#5407=EDGE_CURVE('',#6767,#6762,#415,.T.);
#5408=EDGE_CURVE('',#6768,#6769,#7340,.T.);
#5409=EDGE_CURVE('',#6709,#6769,#416,.T.);
#5410=EDGE_CURVE('',#6708,#6768,#417,.T.);
#5411=EDGE_CURVE('',#6769,#6770,#7341,.T.);
#5412=EDGE_CURVE('',#6710,#6770,#418,.T.);
#5413=EDGE_CURVE('',#6770,#6771,#419,.T.);
#5414=EDGE_CURVE('',#6711,#6771,#420,.T.);
#5415=EDGE_CURVE('',#6772,#6771,#7342,.T.);
#5416=EDGE_CURVE('',#6712,#6772,#421,.T.);
#5417=EDGE_CURVE('',#6773,#6772,#422,.T.);
#5418=EDGE_CURVE('',#6713,#6773,#423,.T.);
#5419=EDGE_CURVE('',#6774,#6773,#7343,.T.);
#5420=EDGE_CURVE('',#6714,#6774,#424,.T.);
#5421=EDGE_CURVE('',#6775,#6774,#425,.T.);
#5422=EDGE_CURVE('',#6715,#6775,#426,.T.);
#5423=EDGE_CURVE('',#6775,#6776,#7344,.T.);
#5424=EDGE_CURVE('',#6716,#6776,#427,.T.);
#5425=EDGE_CURVE('',#6776,#6777,#428,.T.);
#5426=EDGE_CURVE('',#6717,#6777,#429,.T.);
#5427=EDGE_CURVE('',#6777,#6778,#7345,.T.);
#5428=EDGE_CURVE('',#6718,#6778,#430,.T.);
#5429=EDGE_CURVE('',#6779,#6778,#431,.T.);
#5430=EDGE_CURVE('',#6719,#6779,#432,.T.);
#5431=EDGE_CURVE('',#6779,#6780,#7346,.T.);
#5432=EDGE_CURVE('',#6720,#6780,#433,.T.);
#5433=EDGE_CURVE('',#6781,#6780,#7347,.T.);
#5434=EDGE_CURVE('',#6721,#6781,#434,.T.);
#5435=EDGE_CURVE('',#6781,#6782,#7348,.T.);
#5436=EDGE_CURVE('',#6722,#6782,#435,.T.);
#5437=EDGE_CURVE('',#6783,#6782,#436,.T.);
#5438=EDGE_CURVE('',#6723,#6783,#437,.T.);
#5439=EDGE_CURVE('',#6783,#6784,#7349,.T.);
#5440=EDGE_CURVE('',#6724,#6784,#438,.T.);
#5441=EDGE_CURVE('',#6785,#6784,#439,.T.);
#5442=EDGE_CURVE('',#6725,#6785,#440,.T.);
#5443=EDGE_CURVE('',#6785,#6786,#7350,.T.);
#5444=EDGE_CURVE('',#6726,#6786,#441,.T.);
#5445=EDGE_CURVE('',#6787,#6786,#442,.T.);
#5446=EDGE_CURVE('',#6727,#6787,#443,.T.);
#5447=EDGE_CURVE('',#6788,#6787,#7351,.T.);
#5448=EDGE_CURVE('',#6728,#6788,#444,.T.);
#5449=EDGE_CURVE('',#6788,#6789,#445,.T.);
#5450=EDGE_CURVE('',#6729,#6789,#446,.T.);
#5451=EDGE_CURVE('',#6790,#6789,#7352,.T.);
#5452=EDGE_CURVE('',#6730,#6790,#447,.T.);
#5453=EDGE_CURVE('',#6790,#6791,#448,.T.);
#5454=EDGE_CURVE('',#6731,#6791,#449,.T.);
#5455=EDGE_CURVE('',#6791,#6792,#7353,.T.);
#5456=EDGE_CURVE('',#6732,#6792,#450,.T.);
#5457=EDGE_CURVE('',#6792,#6793,#7354,.T.);
#5458=EDGE_CURVE('',#6733,#6793,#451,.T.);
#5459=EDGE_CURVE('',#6793,#6794,#7355,.T.);
#5460=EDGE_CURVE('',#6734,#6794,#452,.T.);
#5461=EDGE_CURVE('',#6794,#6795,#453,.T.);
#5462=EDGE_CURVE('',#6735,#6795,#454,.T.);
#5463=EDGE_CURVE('',#6796,#6795,#7356,.T.);
#5464=EDGE_CURVE('',#6736,#6796,#455,.T.);
#5465=EDGE_CURVE('',#6797,#6796,#456,.T.);
#5466=EDGE_CURVE('',#6737,#6797,#457,.T.);
#5467=EDGE_CURVE('',#6798,#6797,#7357,.T.);
#5468=EDGE_CURVE('',#6738,#6798,#458,.T.);
#5469=EDGE_CURVE('',#6799,#6798,#459,.T.);
#5470=EDGE_CURVE('',#6739,#6799,#460,.T.);
#5471=EDGE_CURVE('',#6799,#6800,#7358,.T.);
#5472=EDGE_CURVE('',#6740,#6800,#461,.T.);
#5473=EDGE_CURVE('',#6800,#6801,#462,.T.);
#5474=EDGE_CURVE('',#6741,#6801,#463,.T.);
#5475=EDGE_CURVE('',#6801,#6802,#7359,.T.);
#5476=EDGE_CURVE('',#6742,#6802,#464,.T.);
#5477=EDGE_CURVE('',#6803,#6802,#465,.T.);
#5478=EDGE_CURVE('',#6743,#6803,#466,.T.);
#5479=EDGE_CURVE('',#6803,#6804,#7360,.T.);
#5480=EDGE_CURVE('',#6744,#6804,#467,.T.);
#5481=EDGE_CURVE('',#6805,#6804,#7361,.T.);
#5482=EDGE_CURVE('',#6745,#6805,#468,.T.);
#5483=EDGE_CURVE('',#6805,#6806,#7362,.T.);
#5484=EDGE_CURVE('',#6746,#6806,#469,.T.);
#5485=EDGE_CURVE('',#6807,#6806,#470,.T.);
#5486=EDGE_CURVE('',#6747,#6807,#471,.T.);
#5487=EDGE_CURVE('',#6807,#6808,#7363,.T.);
#5488=EDGE_CURVE('',#6748,#6808,#472,.T.);
#5489=EDGE_CURVE('',#6809,#6808,#473,.T.);
#5490=EDGE_CURVE('',#6749,#6809,#474,.T.);
#5491=EDGE_CURVE('',#6809,#6810,#7364,.T.);
#5492=EDGE_CURVE('',#6750,#6810,#475,.T.);
#5493=EDGE_CURVE('',#6811,#6810,#476,.T.);
#5494=EDGE_CURVE('',#6751,#6811,#477,.T.);
#5495=EDGE_CURVE('',#6812,#6811,#7365,.T.);
#5496=EDGE_CURVE('',#6752,#6812,#478,.T.);
#5497=EDGE_CURVE('',#6812,#6813,#479,.T.);
#5498=EDGE_CURVE('',#6753,#6813,#480,.T.);
#5499=EDGE_CURVE('',#6814,#6813,#7366,.T.);
#5500=EDGE_CURVE('',#6754,#6814,#481,.T.);
#5501=EDGE_CURVE('',#6814,#6815,#482,.T.);
#5502=EDGE_CURVE('',#6755,#6815,#483,.T.);
#5503=EDGE_CURVE('',#6816,#6816,#7367,.T.);
#5504=EDGE_CURVE('',#6817,#6817,#7368,.T.);
#5505=EDGE_CURVE('',#6818,#6818,#7369,.T.);
#5506=EDGE_CURVE('',#6819,#6819,#7370,.T.);
#5507=EDGE_CURVE('',#6820,#6820,#7371,.T.);
#5508=EDGE_CURVE('',#6821,#6821,#7372,.T.);
#5509=EDGE_CURVE('',#6822,#6822,#7373,.T.);
#5510=EDGE_CURVE('',#6823,#6823,#7374,.T.);
#5511=EDGE_CURVE('',#6824,#6824,#7375,.T.);
#5512=EDGE_CURVE('',#6825,#6825,#7376,.T.);
#5513=EDGE_CURVE('',#6826,#6826,#7377,.T.);
#5514=EDGE_CURVE('',#6827,#6827,#7378,.T.);
#5515=EDGE_CURVE('',#6828,#6828,#7379,.T.);
#5516=EDGE_CURVE('',#6829,#6829,#7380,.T.);
#5517=EDGE_CURVE('',#6830,#6830,#7381,.T.);
#5518=EDGE_CURVE('',#6831,#6831,#7382,.T.);
#5519=EDGE_CURVE('',#6832,#6832,#7383,.T.);
#5520=EDGE_CURVE('',#6833,#6833,#7384,.T.);
#5521=EDGE_CURVE('',#6834,#6834,#7385,.T.);
#5522=EDGE_CURVE('',#6835,#6835,#7386,.T.);
#5523=EDGE_CURVE('',#6815,#6768,#7387,.T.);
#5524=EDGE_CURVE('',#6836,#6836,#7388,.T.);
#5525=EDGE_CURVE('',#6837,#6837,#7389,.T.);
#5526=EDGE_CURVE('',#6838,#6838,#7390,.T.);
#5527=EDGE_CURVE('',#6839,#6839,#7391,.T.);
#5528=EDGE_CURVE('',#6840,#6840,#7392,.T.);
#5529=EDGE_CURVE('',#6841,#6841,#7393,.F.);
#5530=EDGE_CURVE('',#6842,#6842,#7394,.T.);
#5531=EDGE_CURVE('',#6843,#6843,#7395,.T.);
#5532=EDGE_CURVE('',#6113,#6521,#484,.T.);
#5533=EDGE_CURVE('',#6112,#6520,#485,.T.);
#5534=EDGE_CURVE('',#6114,#6567,#486,.T.);
#5535=EDGE_CURVE('',#6115,#6566,#487,.T.);
#5536=EDGE_CURVE('',#6116,#6565,#488,.T.);
#5537=EDGE_CURVE('',#6117,#6564,#489,.T.);
#5538=EDGE_CURVE('',#6118,#6563,#490,.T.);
#5539=EDGE_CURVE('',#6119,#6562,#491,.T.);
#5540=EDGE_CURVE('',#6120,#6561,#492,.T.);
#5541=EDGE_CURVE('',#6121,#6560,#493,.T.);
#5542=EDGE_CURVE('',#6122,#6559,#494,.T.);
#5543=EDGE_CURVE('',#6123,#6558,#495,.T.);
#5544=EDGE_CURVE('',#6124,#6557,#496,.T.);
#5545=EDGE_CURVE('',#6125,#6556,#497,.T.);
#5546=EDGE_CURVE('',#6126,#6555,#498,.T.);
#5547=EDGE_CURVE('',#6127,#6554,#499,.T.);
#5548=EDGE_CURVE('',#6128,#6553,#500,.T.);
#5549=EDGE_CURVE('',#6129,#6552,#501,.T.);
#5550=EDGE_CURVE('',#6130,#6551,#502,.T.);
#5551=EDGE_CURVE('',#6131,#6550,#503,.T.);
#5552=EDGE_CURVE('',#6132,#6549,#504,.T.);
#5553=EDGE_CURVE('',#6133,#6548,#505,.T.);
#5554=EDGE_CURVE('',#6134,#6547,#506,.T.);
#5555=EDGE_CURVE('',#6135,#6546,#507,.T.);
#5556=EDGE_CURVE('',#6136,#6545,#508,.T.);
#5557=EDGE_CURVE('',#6137,#6544,#509,.T.);
#5558=EDGE_CURVE('',#6138,#6543,#510,.T.);
#5559=EDGE_CURVE('',#6139,#6542,#511,.T.);
#5560=EDGE_CURVE('',#6140,#6541,#512,.T.);
#5561=EDGE_CURVE('',#6141,#6540,#513,.T.);
#5562=EDGE_CURVE('',#6142,#6539,#514,.T.);
#5563=EDGE_CURVE('',#6143,#6538,#515,.T.);
#5564=EDGE_CURVE('',#6144,#6537,#516,.T.);
#5565=EDGE_CURVE('',#6145,#6536,#517,.T.);
#5566=EDGE_CURVE('',#6146,#6535,#518,.T.);
#5567=EDGE_CURVE('',#6147,#6534,#519,.T.);
#5568=EDGE_CURVE('',#6148,#6533,#520,.T.);
#5569=EDGE_CURVE('',#6149,#6532,#521,.T.);
#5570=EDGE_CURVE('',#6150,#6531,#522,.T.);
#5571=EDGE_CURVE('',#6151,#6530,#523,.T.);
#5572=EDGE_CURVE('',#6152,#6529,#524,.T.);
#5573=EDGE_CURVE('',#6153,#6528,#525,.T.);
#5574=EDGE_CURVE('',#6154,#6527,#526,.T.);
#5575=EDGE_CURVE('',#6155,#6526,#527,.T.);
#5576=EDGE_CURVE('',#6156,#6525,#528,.T.);
#5577=EDGE_CURVE('',#6157,#6524,#529,.T.);
#5578=EDGE_CURVE('',#6158,#6523,#530,.T.);
#5579=EDGE_CURVE('',#6159,#6522,#531,.T.);
#5580=EDGE_CURVE('',#6844,#6844,#7396,.T.);
#5581=EDGE_CURVE('',#6845,#6845,#7397,.F.);
#5582=EDGE_CURVE('',#6846,#6846,#7398,.T.);
#5583=EDGE_CURVE('',#6847,#6847,#7399,.F.);
#5584=EDGE_CURVE('',#6848,#6848,#7400,.T.);
#5585=EDGE_CURVE('',#6849,#6849,#7401,.T.);
#5586=EDGE_CURVE('',#6850,#6850,#7402,.T.);
#5587=EDGE_CURVE('',#6851,#6851,#7403,.T.);
#5588=EDGE_CURVE('',#6852,#6852,#7404,.T.);
#5589=EDGE_CURVE('',#6853,#6853,#7405,.T.);
#5590=EDGE_CURVE('',#6854,#6854,#7406,.T.);
#5591=EDGE_CURVE('',#6855,#6855,#7407,.F.);
#5592=EDGE_CURVE('',#6186,#6090,#532,.T.);
#5593=EDGE_CURVE('',#6185,#6092,#533,.T.);
#5594=EDGE_CURVE('',#6187,#6091,#534,.T.);
#5595=EDGE_CURVE('',#6188,#6095,#535,.T.);
#5596=EDGE_CURVE('',#6189,#6094,#536,.T.);
#5597=EDGE_CURVE('',#6184,#6093,#537,.T.);
#5598=EDGE_CURVE('',#6856,#6856,#7408,.T.);
#5599=EDGE_CURVE('',#6857,#6857,#7409,.T.);
#5600=EDGE_CURVE('',#6858,#6858,#7410,.T.);
#5601=EDGE_CURVE('',#6859,#6859,#7411,.T.);
#5602=EDGE_CURVE('',#6860,#6860,#7412,.T.);
#5603=EDGE_CURVE('',#6861,#6861,#7413,.T.);
#5604=EDGE_CURVE('',#6862,#6862,#7414,.T.);
#5605=EDGE_CURVE('',#6863,#6863,#7415,.T.);
#5606=EDGE_CURVE('',#6864,#6864,#7416,.T.);
#5607=EDGE_CURVE('',#6865,#6865,#7417,.F.);
#5608=EDGE_CURVE('',#6866,#6866,#7418,.T.);
#5609=EDGE_CURVE('',#6867,#6867,#7419,.T.);
#5610=EDGE_CURVE('',#6868,#6868,#7420,.T.);
#5611=EDGE_CURVE('',#6869,#6869,#7421,.F.);
#5612=EDGE_CURVE('',#6870,#6870,#7422,.T.);
#5613=EDGE_CURVE('',#6871,#6871,#7423,.T.);
#5614=EDGE_CURVE('',#6872,#6313,#538,.T.);
#5615=EDGE_CURVE('',#6873,#6872,#7424,.T.);
#5616=EDGE_CURVE('',#6873,#6312,#539,.T.);
#5617=EDGE_CURVE('',#6874,#6359,#540,.T.);
#5618=EDGE_CURVE('',#6872,#6874,#7425,.T.);
#5619=EDGE_CURVE('',#6875,#6358,#541,.T.);
#5620=EDGE_CURVE('',#6874,#6875,#542,.T.);
#5621=EDGE_CURVE('',#6876,#6357,#543,.T.);
#5622=EDGE_CURVE('',#6876,#6875,#7426,.T.);
#5623=EDGE_CURVE('',#6877,#6356,#544,.T.);
#5624=EDGE_CURVE('',#6877,#6876,#545,.T.);
#5625=EDGE_CURVE('',#6878,#6355,#546,.T.);
#5626=EDGE_CURVE('',#6878,#6877,#7427,.T.);
#5627=EDGE_CURVE('',#6879,#6354,#547,.T.);
#5628=EDGE_CURVE('',#6879,#6878,#548,.T.);
#5629=EDGE_CURVE('',#6880,#6353,#549,.T.);
#5630=EDGE_CURVE('',#6879,#6880,#7428,.T.);
#5631=EDGE_CURVE('',#6881,#6352,#550,.T.);
#5632=EDGE_CURVE('',#6880,#6881,#551,.T.);
#5633=EDGE_CURVE('',#6882,#6351,#552,.T.);
#5634=EDGE_CURVE('',#6881,#6882,#7429,.T.);
#5635=EDGE_CURVE('',#6883,#6350,#553,.T.);
#5636=EDGE_CURVE('',#6883,#6882,#554,.T.);
#5637=EDGE_CURVE('',#6884,#6349,#555,.T.);
#5638=EDGE_CURVE('',#6883,#6884,#7430,.T.);
#5639=EDGE_CURVE('',#6885,#6348,#556,.T.);
#5640=EDGE_CURVE('',#6885,#6884,#7431,.T.);
#5641=EDGE_CURVE('',#6886,#6347,#557,.T.);
#5642=EDGE_CURVE('',#6885,#6886,#7432,.T.);
#5643=EDGE_CURVE('',#6887,#6346,#558,.T.);
#5644=EDGE_CURVE('',#6887,#6886,#559,.T.);
#5645=EDGE_CURVE('',#6888,#6345,#560,.T.);
#5646=EDGE_CURVE('',#6887,#6888,#7433,.T.);
#5647=EDGE_CURVE('',#6889,#6344,#561,.T.);
#5648=EDGE_CURVE('',#6889,#6888,#562,.T.);
#5649=EDGE_CURVE('',#6890,#6343,#563,.T.);
#5650=EDGE_CURVE('',#6889,#6890,#7434,.T.);
#5651=EDGE_CURVE('',#6891,#6342,#564,.T.);
#5652=EDGE_CURVE('',#6891,#6890,#565,.T.);
#5653=EDGE_CURVE('',#6892,#6341,#566,.T.);
#5654=EDGE_CURVE('',#6892,#6891,#7435,.T.);
#5655=EDGE_CURVE('',#6893,#6340,#567,.T.);
#5656=EDGE_CURVE('',#6892,#6893,#568,.T.);
#5657=EDGE_CURVE('',#6894,#6339,#569,.T.);
#5658=EDGE_CURVE('',#6894,#6893,#7436,.T.);
#5659=EDGE_CURVE('',#6895,#6338,#570,.T.);
#5660=EDGE_CURVE('',#6894,#6895,#571,.T.);
#5661=EDGE_CURVE('',#6896,#6337,#572,.T.);
#5662=EDGE_CURVE('',#6895,#6896,#7437,.T.);
#5663=EDGE_CURVE('',#6897,#6336,#573,.T.);
#5664=EDGE_CURVE('',#6896,#6897,#7438,.T.);
#5665=EDGE_CURVE('',#6898,#6335,#574,.T.);
#5666=EDGE_CURVE('',#6897,#6898,#7439,.T.);
#5667=EDGE_CURVE('',#6899,#6334,#575,.T.);
#5668=EDGE_CURVE('',#6898,#6899,#576,.T.);
#5669=EDGE_CURVE('',#6900,#6333,#577,.T.);
#5670=EDGE_CURVE('',#6900,#6899,#7440,.T.);
#5671=EDGE_CURVE('',#6901,#6332,#578,.T.);
#5672=EDGE_CURVE('',#6901,#6900,#579,.T.);
#5673=EDGE_CURVE('',#6902,#6331,#580,.T.);
#5674=EDGE_CURVE('',#6902,#6901,#7441,.T.);
#5675=EDGE_CURVE('',#6903,#6330,#581,.T.);
#5676=EDGE_CURVE('',#6903,#6902,#582,.T.);
#5677=EDGE_CURVE('',#6904,#6329,#583,.T.);
#5678=EDGE_CURVE('',#6903,#6904,#7442,.T.);
#5679=EDGE_CURVE('',#6905,#6328,#584,.T.);
#5680=EDGE_CURVE('',#6904,#6905,#585,.T.);
#5681=EDGE_CURVE('',#6906,#6327,#586,.T.);
#5682=EDGE_CURVE('',#6905,#6906,#7443,.T.);
#5683=EDGE_CURVE('',#6907,#6326,#587,.T.);
#5684=EDGE_CURVE('',#6907,#6906,#588,.T.);
#5685=EDGE_CURVE('',#6908,#6325,#589,.T.);
#5686=EDGE_CURVE('',#6907,#6908,#7444,.T.);
#5687=EDGE_CURVE('',#6909,#6324,#590,.T.);
#5688=EDGE_CURVE('',#6909,#6908,#7445,.T.);
#5689=EDGE_CURVE('',#6910,#6323,#591,.T.);
#5690=EDGE_CURVE('',#6909,#6910,#7446,.T.);
#5691=EDGE_CURVE('',#6911,#6322,#592,.T.);
#5692=EDGE_CURVE('',#6911,#6910,#593,.T.);
#5693=EDGE_CURVE('',#6912,#6321,#594,.T.);
#5694=EDGE_CURVE('',#6911,#6912,#7447,.T.);
#5695=EDGE_CURVE('',#6913,#6320,#595,.T.);
#5696=EDGE_CURVE('',#6913,#6912,#596,.T.);
#5697=EDGE_CURVE('',#6914,#6319,#597,.T.);
#5698=EDGE_CURVE('',#6913,#6914,#7448,.T.);
#5699=EDGE_CURVE('',#6915,#6318,#598,.T.);
#5700=EDGE_CURVE('',#6915,#6914,#599,.T.);
#5701=EDGE_CURVE('',#6916,#6317,#600,.T.);
#5702=EDGE_CURVE('',#6916,#6915,#7449,.T.);
#5703=EDGE_CURVE('',#6917,#6316,#601,.T.);
#5704=EDGE_CURVE('',#6916,#6917,#602,.T.);
#5705=EDGE_CURVE('',#6918,#6315,#603,.T.);
#5706=EDGE_CURVE('',#6918,#6917,#7450,.T.);
#5707=EDGE_CURVE('',#6919,#6314,#604,.T.);
#5708=EDGE_CURVE('',#6918,#6919,#605,.T.);
#5709=EDGE_CURVE('',#6920,#6920,#7451,.T.);
#5710=EDGE_CURVE('',#6921,#6921,#7452,.T.);
#5711=EDGE_CURVE('',#6922,#6922,#7453,.T.);
#5712=EDGE_CURVE('',#6923,#6923,#7454,.T.);
#5713=EDGE_CURVE('',#6924,#6924,#7455,.T.);
#5714=EDGE_CURVE('',#6925,#6925,#7456,.T.);
#5715=EDGE_CURVE('',#6926,#6926,#7457,.T.);
#5716=EDGE_CURVE('',#6927,#6927,#7458,.T.);
#5717=EDGE_CURVE('',#6928,#6928,#7459,.T.);
#5718=EDGE_CURVE('',#6929,#6929,#7460,.F.);
#5719=EDGE_CURVE('',#6930,#6930,#7461,.T.);
#5720=EDGE_CURVE('',#6931,#6931,#7462,.T.);
#5721=EDGE_CURVE('',#6932,#6932,#7463,.T.);
#5722=EDGE_CURVE('',#6933,#6933,#7464,.T.);
#5723=EDGE_CURVE('',#6934,#6934,#7465,.T.);
#5724=EDGE_CURVE('',#6935,#6935,#7466,.T.);
#5725=EDGE_CURVE('',#6936,#6936,#7467,.F.);
#5726=EDGE_CURVE('',#6937,#6937,#7468,.T.);
#5727=EDGE_CURVE('',#6938,#6938,#7469,.T.);
#5728=EDGE_CURVE('',#6919,#6873,#7470,.T.);
#5729=EDGE_CURVE('',#6939,#6939,#7471,.T.);
#5730=EDGE_CURVE('',#6940,#6940,#7472,.T.);
#5731=EDGE_CURVE('',#6941,#6941,#7473,.T.);
#5732=EDGE_CURVE('',#6417,#6207,#606,.T.);
#5733=EDGE_CURVE('',#6416,#6206,#607,.T.);
#5734=EDGE_CURVE('',#6418,#6253,#608,.T.);
#5735=EDGE_CURVE('',#6419,#6252,#609,.T.);
#5736=EDGE_CURVE('',#6420,#6251,#610,.T.);
#5737=EDGE_CURVE('',#6421,#6250,#611,.T.);
#5738=EDGE_CURVE('',#6422,#6249,#612,.T.);
#5739=EDGE_CURVE('',#6423,#6248,#613,.T.);
#5740=EDGE_CURVE('',#6424,#6247,#614,.T.);
#5741=EDGE_CURVE('',#6425,#6246,#615,.T.);
#5742=EDGE_CURVE('',#6426,#6245,#616,.T.);
#5743=EDGE_CURVE('',#6427,#6244,#617,.T.);
#5744=EDGE_CURVE('',#6428,#6243,#618,.T.);
#5745=EDGE_CURVE('',#6429,#6242,#619,.T.);
#5746=EDGE_CURVE('',#6430,#6241,#620,.T.);
#5747=EDGE_CURVE('',#6431,#6240,#621,.T.);
#5748=EDGE_CURVE('',#6432,#6239,#622,.T.);
#5749=EDGE_CURVE('',#6433,#6238,#623,.T.);
#5750=EDGE_CURVE('',#6434,#6237,#624,.T.);
#5751=EDGE_CURVE('',#6435,#6236,#625,.T.);
#5752=EDGE_CURVE('',#6436,#6235,#626,.T.);
#5753=EDGE_CURVE('',#6437,#6234,#627,.T.);
#5754=EDGE_CURVE('',#6438,#6233,#628,.T.);
#5755=EDGE_CURVE('',#6439,#6232,#629,.T.);
#5756=EDGE_CURVE('',#6440,#6231,#630,.T.);
#5757=EDGE_CURVE('',#6441,#6230,#631,.T.);
#5758=EDGE_CURVE('',#6442,#6229,#632,.T.);
#5759=EDGE_CURVE('',#6443,#6228,#633,.T.);
#5760=EDGE_CURVE('',#6444,#6227,#634,.T.);
#5761=EDGE_CURVE('',#6445,#6226,#635,.T.);
#5762=EDGE_CURVE('',#6446,#6225,#636,.T.);
#5763=EDGE_CURVE('',#6447,#6224,#637,.T.);
#5764=EDGE_CURVE('',#6448,#6223,#638,.T.);
#5765=EDGE_CURVE('',#6449,#6222,#639,.T.);
#5766=EDGE_CURVE('',#6450,#6221,#640,.T.);
#5767=EDGE_CURVE('',#6451,#6220,#641,.T.);
#5768=EDGE_CURVE('',#6452,#6219,#642,.T.);
#5769=EDGE_CURVE('',#6453,#6218,#643,.T.);
#5770=EDGE_CURVE('',#6454,#6217,#644,.T.);
#5771=EDGE_CURVE('',#6455,#6216,#645,.T.);
#5772=EDGE_CURVE('',#6456,#6215,#646,.T.);
#5773=EDGE_CURVE('',#6457,#6214,#647,.T.);
#5774=EDGE_CURVE('',#6458,#6213,#648,.T.);
#5775=EDGE_CURVE('',#6459,#6212,#649,.T.);
#5776=EDGE_CURVE('',#6460,#6211,#650,.T.);
#5777=EDGE_CURVE('',#6461,#6210,#651,.T.);
#5778=EDGE_CURVE('',#6462,#6209,#652,.T.);
#5779=EDGE_CURVE('',#6463,#6208,#653,.T.);
#5780=EDGE_CURVE('',#6942,#6942,#7474,.T.);
#5781=EDGE_CURVE('',#6943,#6943,#7475,.F.);
#5782=EDGE_CURVE('',#6944,#6944,#7476,.T.);
#5783=EDGE_CURVE('',#6945,#6945,#7477,.F.);
#5784=EDGE_CURVE('',#6946,#6946,#7478,.T.);
#5785=EDGE_CURVE('',#6947,#6947,#7479,.T.);
#5786=EDGE_CURVE('',#6191,#6160,#654,.T.);
#5787=EDGE_CURVE('',#6190,#6162,#655,.T.);
#5788=EDGE_CURVE('',#6192,#6161,#656,.T.);
#5789=EDGE_CURVE('',#6193,#6165,#657,.T.);
#5790=EDGE_CURVE('',#6194,#6164,#658,.T.);
#5791=EDGE_CURVE('',#6195,#6163,#659,.T.);
#5792=EDGE_CURVE('',#6948,#6948,#7480,.T.);
#5793=EDGE_CURVE('',#6293,#6402,#660,.T.);
#5794=EDGE_CURVE('',#6292,#6404,#661,.T.);
#5795=EDGE_CURVE('',#6294,#6403,#662,.T.);
#5796=EDGE_CURVE('',#6295,#6407,#663,.T.);
#5797=EDGE_CURVE('',#6296,#6406,#664,.T.);
#5798=EDGE_CURVE('',#6297,#6405,#665,.T.);
#5799=EDGE_CURVE('',#6949,#6949,#7481,.T.);
#5800=EDGE_CURVE('',#6361,#6464,#666,.T.);
#5801=EDGE_CURVE('',#6360,#6466,#667,.T.);
#5802=EDGE_CURVE('',#6362,#6465,#668,.T.);
#5803=EDGE_CURVE('',#6363,#6469,#669,.T.);
#5804=EDGE_CURVE('',#6364,#6468,#670,.T.);
#5805=EDGE_CURVE('',#6365,#6467,#671,.T.);
#5806=EDGE_CURVE('',#6950,#6950,#7482,.T.);
#5807=EDGE_CURVE('',#6255,#6096,#672,.T.);
#5808=EDGE_CURVE('',#6254,#6098,#673,.T.);
#5809=EDGE_CURVE('',#6256,#6097,#674,.T.);
#5810=EDGE_CURVE('',#6257,#6101,#675,.T.);
#5811=EDGE_CURVE('',#6258,#6100,#676,.T.);
#5812=EDGE_CURVE('',#6259,#6099,#677,.T.);
#5813=EDGE_CURVE('',#6951,#6951,#7483,.T.);
#5814=EDGE_CURVE('',#6299,#6396,#678,.T.);
#5815=EDGE_CURVE('',#6298,#6398,#679,.T.);
#5816=EDGE_CURVE('',#6300,#6397,#680,.T.);
#5817=EDGE_CURVE('',#6301,#6401,#681,.T.);
#5818=EDGE_CURVE('',#6302,#6400,#682,.T.);
#5819=EDGE_CURVE('',#6303,#6399,#683,.T.);
#5820=EDGE_CURVE('',#6367,#6470,#684,.T.);
#5821=EDGE_CURVE('',#6366,#6472,#685,.T.);
#5822=EDGE_CURVE('',#6371,#6473,#686,.T.);
#5823=EDGE_CURVE('',#6370,#6474,#687,.T.);
#5824=EDGE_CURVE('',#6369,#6475,#688,.T.);
#5825=EDGE_CURVE('',#6368,#6471,#689,.T.);
#5826=EDGE_CURVE('',#6287,#6390,#690,.T.);
#5827=EDGE_CURVE('',#6286,#6392,#691,.T.);
#5828=EDGE_CURVE('',#6291,#6393,#692,.T.);
#5829=EDGE_CURVE('',#6290,#6394,#693,.T.);
#5830=EDGE_CURVE('',#6289,#6395,#694,.T.);
#5831=EDGE_CURVE('',#6288,#6391,#695,.T.);
#5832=EDGE_CURVE('',#6373,#6476,#696,.T.);
#5833=EDGE_CURVE('',#6372,#6478,#697,.T.);
#5834=EDGE_CURVE('',#6377,#6479,#698,.T.);
#5835=EDGE_CURVE('',#6376,#6480,#699,.T.);
#5836=EDGE_CURVE('',#6375,#6481,#700,.T.);
#5837=EDGE_CURVE('',#6374,#6477,#701,.T.);
#5838=EDGE_CURVE('',#6281,#6384,#702,.T.);
#5839=EDGE_CURVE('',#6280,#6386,#703,.T.);
#5840=EDGE_CURVE('',#6285,#6387,#704,.T.);
#5841=EDGE_CURVE('',#6284,#6388,#705,.T.);
#5842=EDGE_CURVE('',#6283,#6389,#706,.T.);
#5843=EDGE_CURVE('',#6282,#6385,#707,.T.);
#5844=EDGE_CURVE('',#6952,#6952,#7484,.T.);
#5845=EDGE_CURVE('',#6953,#6953,#7485,.T.);
#5846=EDGE_CURVE('',#6954,#6954,#7486,.T.);
#5847=EDGE_CURVE('',#6955,#6955,#7487,.T.);
#5848=EDGE_CURVE('',#6956,#6956,#7488,.T.);
#5849=EDGE_CURVE('',#6957,#6957,#7489,.T.);
#5850=EDGE_CURVE('',#6958,#6959,#708,.T.);
#5851=EDGE_CURVE('',#6764,#6959,#709,.T.);
#5852=EDGE_CURVE('',#6763,#6958,#710,.T.);
#5853=EDGE_CURVE('',#6959,#6960,#711,.T.);
#5854=EDGE_CURVE('',#6765,#6960,#712,.T.);
#5855=EDGE_CURVE('',#6960,#6961,#713,.T.);
#5856=EDGE_CURVE('',#6766,#6961,#714,.T.);
#5857=EDGE_CURVE('',#6961,#6962,#715,.T.);
#5858=EDGE_CURVE('',#6767,#6962,#716,.T.);
#5859=EDGE_CURVE('',#6962,#6963,#717,.T.);
#5860=EDGE_CURVE('',#6762,#6963,#718,.T.);
#5861=EDGE_CURVE('',#6963,#6958,#719,.T.);
#5862=EDGE_CURVE('',#6964,#6965,#720,.T.);
#5863=EDGE_CURVE('',#6966,#6964,#721,.T.);
#5864=EDGE_CURVE('',#6967,#6966,#722,.T.);
#5865=EDGE_CURVE('',#6968,#6967,#723,.T.);
#5866=EDGE_CURVE('',#6969,#6968,#724,.T.);
#5867=EDGE_CURVE('',#6965,#6969,#725,.T.);
#5868=EDGE_CURVE('',#6970,#6971,#726,.T.);
#5869=EDGE_CURVE('',#6972,#6970,#727,.T.);
#5870=EDGE_CURVE('',#6973,#6972,#728,.T.);
#5871=EDGE_CURVE('',#6974,#6973,#729,.T.);
#5872=EDGE_CURVE('',#6975,#6974,#730,.T.);
#5873=EDGE_CURVE('',#6971,#6975,#731,.T.);
#5874=EDGE_CURVE('',#6976,#6976,#7490,.T.);
#5875=EDGE_CURVE('',#6977,#6977,#7491,.T.);
#5876=EDGE_CURVE('',#6978,#6978,#7492,.T.);
#5877=EDGE_CURVE('',#6979,#6979,#7493,.T.);
#5878=EDGE_CURVE('',#6980,#6980,#7494,.T.);
#5879=EDGE_CURVE('',#6981,#6981,#7495,.T.);
#5880=EDGE_CURVE('',#6982,#6982,#7496,.T.);
#5881=EDGE_CURVE('',#6983,#6983,#7497,.T.);
#5882=EDGE_CURVE('',#6984,#6984,#7498,.T.);
#5883=EDGE_CURVE('',#6985,#6985,#7499,.T.);
#5884=EDGE_CURVE('',#6986,#6986,#7500,.T.);
#5885=EDGE_CURVE('',#6987,#6987,#7501,.T.);
#5886=EDGE_CURVE('',#6988,#6989,#7502,.T.);
#5887=EDGE_CURVE('',#6990,#6988,#7503,.T.);
#5888=EDGE_CURVE('',#6991,#6990,#732,.T.);
#5889=EDGE_CURVE('',#6991,#6992,#7504,.T.);
#5890=EDGE_CURVE('',#6993,#6992,#733,.T.);
#5891=EDGE_CURVE('',#6993,#6994,#7505,.T.);
#5892=EDGE_CURVE('',#6994,#6995,#734,.T.);
#5893=EDGE_CURVE('',#6996,#6995,#7506,.T.);
#5894=EDGE_CURVE('',#6996,#6997,#735,.T.);
#5895=EDGE_CURVE('',#6998,#6997,#7507,.T.);
#5896=EDGE_CURVE('',#6998,#6999,#736,.T.);
#5897=EDGE_CURVE('',#7000,#6999,#7508,.T.);
#5898=EDGE_CURVE('',#7000,#7001,#7509,.T.);
#5899=EDGE_CURVE('',#7002,#7001,#7510,.T.);
#5900=EDGE_CURVE('',#7002,#7003,#737,.T.);
#5901=EDGE_CURVE('',#7004,#7003,#7511,.T.);
#5902=EDGE_CURVE('',#7005,#7004,#738,.T.);
#5903=EDGE_CURVE('',#7006,#7005,#7512,.T.);
#5904=EDGE_CURVE('',#7006,#7007,#739,.T.);
#5905=EDGE_CURVE('',#7007,#7008,#7513,.T.);
#5906=EDGE_CURVE('',#7008,#7009,#740,.T.);
#5907=EDGE_CURVE('',#7009,#7010,#7514,.T.);
#5908=EDGE_CURVE('',#7011,#7010,#741,.T.);
#5909=EDGE_CURVE('',#7012,#7011,#7515,.T.);
#5910=EDGE_CURVE('',#7013,#7012,#7516,.T.);
#5911=EDGE_CURVE('',#7014,#7013,#7517,.T.);
#5912=EDGE_CURVE('',#7015,#7014,#742,.T.);
#5913=EDGE_CURVE('',#7015,#7016,#7518,.T.);
#5914=EDGE_CURVE('',#7017,#7016,#743,.T.);
#5915=EDGE_CURVE('',#7017,#7018,#7519,.T.);
#5916=EDGE_CURVE('',#7018,#7019,#744,.T.);
#5917=EDGE_CURVE('',#7020,#7019,#7520,.T.);
#5918=EDGE_CURVE('',#7020,#7021,#745,.T.);
#5919=EDGE_CURVE('',#7022,#7021,#7521,.T.);
#5920=EDGE_CURVE('',#7022,#7023,#746,.T.);
#5921=EDGE_CURVE('',#7024,#7023,#7522,.T.);
#5922=EDGE_CURVE('',#7024,#7025,#7523,.T.);
#5923=EDGE_CURVE('',#7026,#7025,#7524,.T.);
#5924=EDGE_CURVE('',#7026,#7027,#747,.T.);
#5925=EDGE_CURVE('',#7028,#7027,#7525,.T.);
#5926=EDGE_CURVE('',#7029,#7028,#748,.T.);
#5927=EDGE_CURVE('',#7030,#7029,#7526,.T.);
#5928=EDGE_CURVE('',#7030,#7031,#749,.T.);
#5929=EDGE_CURVE('',#7031,#7032,#7527,.T.);
#5930=EDGE_CURVE('',#7032,#7033,#750,.T.);
#5931=EDGE_CURVE('',#7033,#7034,#7528,.T.);
#5932=EDGE_CURVE('',#7035,#7034,#751,.T.);
#5933=EDGE_CURVE('',#6989,#7035,#7529,.T.);
#5934=EDGE_CURVE('',#7036,#7037,#752,.T.);
#5935=EDGE_CURVE('',#7038,#7036,#753,.T.);
#5936=EDGE_CURVE('',#7039,#7038,#754,.T.);
#5937=EDGE_CURVE('',#7040,#7039,#755,.T.);
#5938=EDGE_CURVE('',#7041,#7040,#756,.T.);
#5939=EDGE_CURVE('',#7037,#7041,#757,.T.);
#5940=EDGE_CURVE('',#7042,#7042,#7530,.T.);
#5941=EDGE_CURVE('',#7043,#7043,#7531,.T.);
#5942=EDGE_CURVE('',#6686,#6964,#758,.T.);
#5943=EDGE_CURVE('',#6685,#6966,#759,.T.);
#5944=EDGE_CURVE('',#6687,#6965,#760,.T.);
#5945=EDGE_CURVE('',#6688,#6969,#761,.T.);
#5946=EDGE_CURVE('',#6689,#6968,#762,.T.);
#5947=EDGE_CURVE('',#6684,#6967,#763,.T.);
#5948=EDGE_CURVE('',#7044,#7044,#7532,.T.);
#5949=EDGE_CURVE('',#7045,#7045,#7533,.T.);
#5950=EDGE_CURVE('',#6758,#7036,#764,.T.);
#5951=EDGE_CURVE('',#6757,#7038,#765,.T.);
#5952=EDGE_CURVE('',#6759,#7037,#766,.T.);
#5953=EDGE_CURVE('',#6760,#7041,#767,.T.);
#5954=EDGE_CURVE('',#6761,#7040,#768,.T.);
#5955=EDGE_CURVE('',#6756,#7039,#769,.T.);
#5956=EDGE_CURVE('',#7046,#7046,#7534,.T.);
#5957=EDGE_CURVE('',#7047,#7047,#7535,.T.);
#5958=EDGE_CURVE('',#6575,#6669,#770,.T.);
#5959=EDGE_CURVE('',#6574,#6668,#771,.T.);
#5960=EDGE_CURVE('',#6576,#6673,#772,.T.);
#5961=EDGE_CURVE('',#6577,#6672,#773,.T.);
#5962=EDGE_CURVE('',#6578,#6671,#774,.T.);
#5963=EDGE_CURVE('',#6579,#6670,#775,.T.);
#5964=EDGE_CURVE('',#6615,#6989,#776,.T.);
#5965=EDGE_CURVE('',#6614,#6988,#777,.T.);
#5966=EDGE_CURVE('',#6616,#7035,#778,.T.);
#5967=EDGE_CURVE('',#6617,#7034,#779,.T.);
#5968=EDGE_CURVE('',#6618,#7033,#780,.T.);
#5969=EDGE_CURVE('',#6619,#7032,#781,.T.);
#5970=EDGE_CURVE('',#6620,#7031,#782,.T.);
#5971=EDGE_CURVE('',#6621,#7030,#783,.T.);
#5972=EDGE_CURVE('',#6622,#7029,#784,.T.);
#5973=EDGE_CURVE('',#6623,#7028,#785,.T.);
#5974=EDGE_CURVE('',#6624,#7027,#786,.T.);
#5975=EDGE_CURVE('',#6625,#7026,#787,.T.);
#5976=EDGE_CURVE('',#6626,#7025,#788,.T.);
#5977=EDGE_CURVE('',#6627,#7024,#789,.T.);
#5978=EDGE_CURVE('',#6628,#7023,#790,.T.);
#5979=EDGE_CURVE('',#6629,#7022,#791,.T.);
#5980=EDGE_CURVE('',#6630,#7021,#792,.T.);
#5981=EDGE_CURVE('',#6631,#7020,#793,.T.);
#5982=EDGE_CURVE('',#6632,#7019,#794,.T.);
#5983=EDGE_CURVE('',#6633,#7018,#795,.T.);
#5984=EDGE_CURVE('',#6634,#7017,#796,.T.);
#5985=EDGE_CURVE('',#6635,#7016,#797,.T.);
#5986=EDGE_CURVE('',#6636,#7015,#798,.T.);
#5987=EDGE_CURVE('',#6637,#7014,#799,.T.);
#5988=EDGE_CURVE('',#6638,#7013,#800,.T.);
#5989=EDGE_CURVE('',#6639,#7012,#801,.T.);
#5990=EDGE_CURVE('',#6640,#7011,#802,.T.);
#5991=EDGE_CURVE('',#6641,#7010,#803,.T.);
#5992=EDGE_CURVE('',#6642,#7009,#804,.T.);
#5993=EDGE_CURVE('',#6643,#7008,#805,.T.);
#5994=EDGE_CURVE('',#6644,#7007,#806,.T.);
#5995=EDGE_CURVE('',#6645,#7006,#807,.T.);
#5996=EDGE_CURVE('',#6646,#7005,#808,.T.);
#5997=EDGE_CURVE('',#6647,#7004,#809,.T.);
#5998=EDGE_CURVE('',#6648,#7003,#810,.T.);
#5999=EDGE_CURVE('',#6649,#7002,#811,.T.);
#6000=EDGE_CURVE('',#6650,#7001,#812,.T.);
#6001=EDGE_CURVE('',#6651,#7000,#813,.T.);
#6002=EDGE_CURVE('',#6652,#6999,#814,.T.);
#6003=EDGE_CURVE('',#6653,#6998,#815,.T.);
#6004=EDGE_CURVE('',#6654,#6997,#816,.T.);
#6005=EDGE_CURVE('',#6655,#6996,#817,.T.);
#6006=EDGE_CURVE('',#6656,#6995,#818,.T.);
#6007=EDGE_CURVE('',#6657,#6994,#819,.T.);
#6008=EDGE_CURVE('',#6658,#6993,#820,.T.);
#6009=EDGE_CURVE('',#6659,#6992,#821,.T.);
#6010=EDGE_CURVE('',#6660,#6991,#822,.T.);
#6011=EDGE_CURVE('',#6661,#6990,#823,.T.);
#6012=EDGE_CURVE('',#7048,#7048,#7536,.T.);
#6013=EDGE_CURVE('',#7049,#7049,#7537,.T.);
#6014=EDGE_CURVE('',#7050,#7050,#7538,.T.);
#6015=EDGE_CURVE('',#7051,#7051,#7539,.F.);
#6016=EDGE_CURVE('',#7052,#7052,#7540,.T.);
#6017=EDGE_CURVE('',#6499,#6598,#824,.T.);
#6018=EDGE_CURVE('',#6498,#6600,#825,.T.);
#6019=EDGE_CURVE('',#6500,#6599,#826,.T.);
#6020=EDGE_CURVE('',#6501,#6603,#827,.T.);
#6021=EDGE_CURVE('',#6502,#6602,#828,.T.);
#6022=EDGE_CURVE('',#6503,#6601,#829,.T.);
#6023=EDGE_CURVE('',#7053,#7053,#7541,.T.);
#6024=EDGE_CURVE('',#6692,#6971,#830,.T.);
#6025=EDGE_CURVE('',#6691,#6970,#831,.T.);
#6026=EDGE_CURVE('',#6693,#6975,#832,.T.);
#6027=EDGE_CURVE('',#6694,#6974,#833,.T.);
#6028=EDGE_CURVE('',#6695,#6973,#834,.T.);
#6029=EDGE_CURVE('',#6690,#6972,#835,.T.);
#6030=EDGE_CURVE('',#7054,#7054,#7542,.T.);
#6031=EDGE_CURVE('',#6569,#6662,#836,.T.);
#6032=EDGE_CURVE('',#6568,#6664,#837,.T.);
#6033=EDGE_CURVE('',#6570,#6663,#838,.T.);
#6034=EDGE_CURVE('',#6571,#6667,#839,.T.);
#6035=EDGE_CURVE('',#6572,#6666,#840,.T.);
#6036=EDGE_CURVE('',#6573,#6665,#841,.T.);
#6037=EDGE_CURVE('',#7055,#7055,#7543,.T.);
#6038=EDGE_CURVE('',#6505,#6592,#842,.T.);
#6039=EDGE_CURVE('',#6504,#6594,#843,.T.);
#6040=EDGE_CURVE('',#6506,#6593,#844,.T.);
#6041=EDGE_CURVE('',#6507,#6597,#845,.T.);
#6042=EDGE_CURVE('',#6508,#6596,#846,.T.);
#6043=EDGE_CURVE('',#6509,#6595,#847,.T.);
#6044=EDGE_CURVE('',#6493,#6586,#848,.T.);
#6045=EDGE_CURVE('',#6492,#6588,#849,.T.);
#6046=EDGE_CURVE('',#6497,#6589,#850,.T.);
#6047=EDGE_CURVE('',#6496,#6590,#851,.T.);
#6048=EDGE_CURVE('',#6495,#6591,#852,.T.);
#6049=EDGE_CURVE('',#6494,#6587,#853,.T.);
#6050=EDGE_CURVE('',#6261,#6166,#854,.T.);
#6051=EDGE_CURVE('',#6260,#6168,#855,.T.);
#6052=EDGE_CURVE('',#6265,#6169,#856,.T.);
#6053=EDGE_CURVE('',#6264,#6170,#857,.T.);
#6054=EDGE_CURVE('',#6263,#6171,#858,.T.);
#6055=EDGE_CURVE('',#6262,#6167,#859,.T.);
#6056=EDGE_CURVE('',#6581,#6674,#860,.T.);
#6057=EDGE_CURVE('',#6580,#6676,#861,.T.);
#6058=EDGE_CURVE('',#6585,#6677,#862,.T.);
#6059=EDGE_CURVE('',#6584,#6678,#863,.T.);
#6060=EDGE_CURVE('',#6583,#6679,#864,.T.);
#6061=EDGE_CURVE('',#6582,#6675,#865,.T.);
#6062=EDGE_CURVE('',#6379,#6482,#866,.T.);
#6063=EDGE_CURVE('',#6378,#6484,#867,.T.);
#6064=EDGE_CURVE('',#6383,#6485,#868,.T.);
#6065=EDGE_CURVE('',#6382,#6486,#869,.T.);
#6066=EDGE_CURVE('',#6381,#6487,#870,.T.);
#6067=EDGE_CURVE('',#6380,#6483,#871,.T.);
#6068=EDGE_CURVE('',#6179,#6084,#872,.T.);
#6069=EDGE_CURVE('',#6178,#6086,#873,.T.);
#6070=EDGE_CURVE('',#6183,#6087,#874,.T.);
#6071=EDGE_CURVE('',#6182,#6088,#875,.T.);
#6072=EDGE_CURVE('',#6181,#6089,#876,.T.);
#6073=EDGE_CURVE('',#6180,#6085,#877,.T.);
#6074=EDGE_CURVE('',#6267,#6172,#878,.T.);
#6075=EDGE_CURVE('',#6266,#6174,#879,.T.);
#6076=EDGE_CURVE('',#6271,#6175,#880,.T.);
#6077=EDGE_CURVE('',#6270,#6176,#881,.T.);
#6078=EDGE_CURVE('',#6269,#6177,#882,.T.);
#6079=EDGE_CURVE('',#6268,#6173,#883,.T.);
#6080=VERTEX_POINT('',#14100);
#6081=VERTEX_POINT('',#14102);
#6082=VERTEX_POINT('',#14105);
#6083=VERTEX_POINT('',#14107);
#6084=VERTEX_POINT('',#14111);
#6085=VERTEX_POINT('',#14112);
#6086=VERTEX_POINT('',#14114);
#6087=VERTEX_POINT('',#14116);
#6088=VERTEX_POINT('',#14118);
#6089=VERTEX_POINT('',#14120);
#6090=VERTEX_POINT('',#14123);
#6091=VERTEX_POINT('',#14124);
#6092=VERTEX_POINT('',#14126);
#6093=VERTEX_POINT('',#14128);
#6094=VERTEX_POINT('',#14130);
#6095=VERTEX_POINT('',#14132);
#6096=VERTEX_POINT('',#14135);
#6097=VERTEX_POINT('',#14136);
#6098=VERTEX_POINT('',#14138);
#6099=VERTEX_POINT('',#14140);
#6100=VERTEX_POINT('',#14142);
#6101=VERTEX_POINT('',#14144);
#6102=VERTEX_POINT('',#14147);
#6103=VERTEX_POINT('',#14149);
#6104=VERTEX_POINT('',#14151);
#6105=VERTEX_POINT('',#14153);
#6106=VERTEX_POINT('',#14155);
#6107=VERTEX_POINT('',#14157);
#6108=VERTEX_POINT('',#14159);
#6109=VERTEX_POINT('',#14161);
#6110=VERTEX_POINT('',#14163);
#6111=VERTEX_POINT('',#14165);
#6112=VERTEX_POINT('',#14167);
#6113=VERTEX_POINT('',#14168);
#6114=VERTEX_POINT('',#14170);
#6115=VERTEX_POINT('',#14172);
#6116=VERTEX_POINT('',#14174);
#6117=VERTEX_POINT('',#14176);
#6118=VERTEX_POINT('',#14178);
#6119=VERTEX_POINT('',#14180);
#6120=VERTEX_POINT('',#14182);
#6121=VERTEX_POINT('',#14184);
#6122=VERTEX_POINT('',#14186);
#6123=VERTEX_POINT('',#14188);
#6124=VERTEX_POINT('',#14190);
#6125=VERTEX_POINT('',#14192);
#6126=VERTEX_POINT('',#14194);
#6127=VERTEX_POINT('',#14196);
#6128=VERTEX_POINT('',#14198);
#6129=VERTEX_POINT('',#14200);
#6130=VERTEX_POINT('',#14202);
#6131=VERTEX_POINT('',#14204);
#6132=VERTEX_POINT('',#14206);
#6133=VERTEX_POINT('',#14208);
#6134=VERTEX_POINT('',#14210);
#6135=VERTEX_POINT('',#14212);
#6136=VERTEX_POINT('',#14214);
#6137=VERTEX_POINT('',#14216);
#6138=VERTEX_POINT('',#14218);
#6139=VERTEX_POINT('',#14220);
#6140=VERTEX_POINT('',#14222);
#6141=VERTEX_POINT('',#14224);
#6142=VERTEX_POINT('',#14226);
#6143=VERTEX_POINT('',#14228);
#6144=VERTEX_POINT('',#14230);
#6145=VERTEX_POINT('',#14232);
#6146=VERTEX_POINT('',#14234);
#6147=VERTEX_POINT('',#14236);
#6148=VERTEX_POINT('',#14238);
#6149=VERTEX_POINT('',#14240);
#6150=VERTEX_POINT('',#14242);
#6151=VERTEX_POINT('',#14244);
#6152=VERTEX_POINT('',#14246);
#6153=VERTEX_POINT('',#14248);
#6154=VERTEX_POINT('',#14250);
#6155=VERTEX_POINT('',#14252);
#6156=VERTEX_POINT('',#14254);
#6157=VERTEX_POINT('',#14256);
#6158=VERTEX_POINT('',#14258);
#6159=VERTEX_POINT('',#14260);
#6160=VERTEX_POINT('',#14263);
#6161=VERTEX_POINT('',#14264);
#6162=VERTEX_POINT('',#14266);
#6163=VERTEX_POINT('',#14268);
#6164=VERTEX_POINT('',#14270);
#6165=VERTEX_POINT('',#14272);
#6166=VERTEX_POINT('',#14275);
#6167=VERTEX_POINT('',#14276);
#6168=VERTEX_POINT('',#14278);
#6169=VERTEX_POINT('',#14280);
#6170=VERTEX_POINT('',#14282);
#6171=VERTEX_POINT('',#14284);
#6172=VERTEX_POINT('',#14287);
#6173=VERTEX_POINT('',#14288);
#6174=VERTEX_POINT('',#14290);
#6175=VERTEX_POINT('',#14292);
#6176=VERTEX_POINT('',#14294);
#6177=VERTEX_POINT('',#14296);
#6178=VERTEX_POINT('',#14300);
#6179=VERTEX_POINT('',#14301);
#6180=VERTEX_POINT('',#14303);
#6181=VERTEX_POINT('',#14305);
#6182=VERTEX_POINT('',#14307);
#6183=VERTEX_POINT('',#14309);
#6184=VERTEX_POINT('',#14312);
#6185=VERTEX_POINT('',#14313);
#6186=VERTEX_POINT('',#14315);
#6187=VERTEX_POINT('',#14317);
#6188=VERTEX_POINT('',#14319);
#6189=VERTEX_POINT('',#14321);
#6190=VERTEX_POINT('',#14324);
#6191=VERTEX_POINT('',#14325);
#6192=VERTEX_POINT('',#14327);
#6193=VERTEX_POINT('',#14329);
#6194=VERTEX_POINT('',#14331);
#6195=VERTEX_POINT('',#14333);
#6196=VERTEX_POINT('',#14336);
#6197=VERTEX_POINT('',#14338);
#6198=VERTEX_POINT('',#14340);
#6199=VERTEX_POINT('',#14342);
#6200=VERTEX_POINT('',#14344);
#6201=VERTEX_POINT('',#14346);
#6202=VERTEX_POINT('',#14348);
#6203=VERTEX_POINT('',#14350);
#6204=VERTEX_POINT('',#14352);
#6205=VERTEX_POINT('',#14354);
#6206=VERTEX_POINT('',#14356);
#6207=VERTEX_POINT('',#14357);
#6208=VERTEX_POINT('',#14359);
#6209=VERTEX_POINT('',#14361);
#6210=VERTEX_POINT('',#14363);
#6211=VERTEX_POINT('',#14365);
#6212=VERTEX_POINT('',#14367);
#6213=VERTEX_POINT('',#14369);
#6214=VERTEX_POINT('',#14371);
#6215=VERTEX_POINT('',#14373);
#6216=VERTEX_POINT('',#14375);
#6217=VERTEX_POINT('',#14377);
#6218=VERTEX_POINT('',#14379);
#6219=VERTEX_POINT('',#14381);
#6220=VERTEX_POINT('',#14383);
#6221=VERTEX_POINT('',#14385);
#6222=VERTEX_POINT('',#14387);
#6223=VERTEX_POINT('',#14389);
#6224=VERTEX_POINT('',#14391);
#6225=VERTEX_POINT('',#14393);
#6226=VERTEX_POINT('',#14395);
#6227=VERTEX_POINT('',#14397);
#6228=VERTEX_POINT('',#14399);
#6229=VERTEX_POINT('',#14401);
#6230=VERTEX_POINT('',#14403);
#6231=VERTEX_POINT('',#14405);
#6232=VERTEX_POINT('',#14407);
#6233=VERTEX_POINT('',#14409);
#6234=VERTEX_POINT('',#14411);
#6235=VERTEX_POINT('',#14413);
#6236=VERTEX_POINT('',#14415);
#6237=VERTEX_POINT('',#14417);
#6238=VERTEX_POINT('',#14419);
#6239=VERTEX_POINT('',#14421);
#6240=VERTEX_POINT('',#14423);
#6241=VERTEX_POINT('',#14425);
#6242=VERTEX_POINT('',#14427);
#6243=VERTEX_POINT('',#14429);
#6244=VERTEX_POINT('',#14431);
#6245=VERTEX_POINT('',#14433);
#6246=VERTEX_POINT('',#14435);
#6247=VERTEX_POINT('',#14437);
#6248=VERTEX_POINT('',#14439);
#6249=VERTEX_POINT('',#14441);
#6250=VERTEX_POINT('',#14443);
#6251=VERTEX_POINT('',#14445);
#6252=VERTEX_POINT('',#14447);
#6253=VERTEX_POINT('',#14449);
#6254=VERTEX_POINT('',#14452);
#6255=VERTEX_POINT('',#14453);
#6256=VERTEX_POINT('',#14455);
#6257=VERTEX_POINT('',#14457);
#6258=VERTEX_POINT('',#14459);
#6259=VERTEX_POINT('',#14461);
#6260=VERTEX_POINT('',#14464);
#6261=VERTEX_POINT('',#14465);
#6262=VERTEX_POINT('',#14467);
#6263=VERTEX_POINT('',#14469);
#6264=VERTEX_POINT('',#14471);
#6265=VERTEX_POINT('',#14473);
#6266=VERTEX_POINT('',#14476);
#6267=VERTEX_POINT('',#14477);
#6268=VERTEX_POINT('',#14479);
#6269=VERTEX_POINT('',#14481);
#6270=VERTEX_POINT('',#14483);
#6271=VERTEX_POINT('',#14485);
#6272=VERTEX_POINT('',#14489);
#6273=VERTEX_POINT('',#14491);
#6274=VERTEX_POINT('',#14494);
#6275=VERTEX_POINT('',#14496);
#6276=VERTEX_POINT('',#14500);
#6277=VERTEX_POINT('',#14502);
#6278=VERTEX_POINT('',#14505);
#6279=VERTEX_POINT('',#14507);
#6280=VERTEX_POINT('',#14511);
#6281=VERTEX_POINT('',#14512);
#6282=VERTEX_POINT('',#14514);
#6283=VERTEX_POINT('',#14516);
#6284=VERTEX_POINT('',#14518);
#6285=VERTEX_POINT('',#14520);
#6286=VERTEX_POINT('',#14523);
#6287=VERTEX_POINT('',#14524);
#6288=VERTEX_POINT('',#14526);
#6289=VERTEX_POINT('',#14528);
#6290=VERTEX_POINT('',#14530);
#6291=VERTEX_POINT('',#14532);
#6292=VERTEX_POINT('',#14535);
#6293=VERTEX_POINT('',#14536);
#6294=VERTEX_POINT('',#14538);
#6295=VERTEX_POINT('',#14540);
#6296=VERTEX_POINT('',#14542);
#6297=VERTEX_POINT('',#14544);
#6298=VERTEX_POINT('',#14547);
#6299=VERTEX_POINT('',#14548);
#6300=VERTEX_POINT('',#14550);
#6301=VERTEX_POINT('',#14552);
#6302=VERTEX_POINT('',#14554);
#6303=VERTEX_POINT('',#14556);
#6304=VERTEX_POINT('',#14559);
#6305=VERTEX_POINT('',#14561);
#6306=VERTEX_POINT('',#14563);
#6307=VERTEX_POINT('',#14565);
#6308=VERTEX_POINT('',#14567);
#6309=VERTEX_POINT('',#14569);
#6310=VERTEX_POINT('',#14571);
#6311=VERTEX_POINT('',#14573);
#6312=VERTEX_POINT('',#14575);
#6313=VERTEX_POINT('',#14576);
#6314=VERTEX_POINT('',#14578);
#6315=VERTEX_POINT('',#14580);
#6316=VERTEX_POINT('',#14582);
#6317=VERTEX_POINT('',#14584);
#6318=VERTEX_POINT('',#14586);
#6319=VERTEX_POINT('',#14588);
#6320=VERTEX_POINT('',#14590);
#6321=VERTEX_POINT('',#14592);
#6322=VERTEX_POINT('',#14594);
#6323=VERTEX_POINT('',#14596);
#6324=VERTEX_POINT('',#14598);
#6325=VERTEX_POINT('',#14600);
#6326=VERTEX_POINT('',#14602);
#6327=VERTEX_POINT('',#14604);
#6328=VERTEX_POINT('',#14606);
#6329=VERTEX_POINT('',#14608);
#6330=VERTEX_POINT('',#14610);
#6331=VERTEX_POINT('',#14612);
#6332=VERTEX_POINT('',#14614);
#6333=VERTEX_POINT('',#14616);
#6334=VERTEX_POINT('',#14618);
#6335=VERTEX_POINT('',#14620);
#6336=VERTEX_POINT('',#14622);
#6337=VERTEX_POINT('',#14624);
#6338=VERTEX_POINT('',#14626);
#6339=VERTEX_POINT('',#14628);
#6340=VERTEX_POINT('',#14630);
#6341=VERTEX_POINT('',#14632);
#6342=VERTEX_POINT('',#14634);
#6343=VERTEX_POINT('',#14636);
#6344=VERTEX_POINT('',#14638);
#6345=VERTEX_POINT('',#14640);
#6346=VERTEX_POINT('',#14642);
#6347=VERTEX_POINT('',#14644);
#6348=VERTEX_POINT('',#14646);
#6349=VERTEX_POINT('',#14648);
#6350=VERTEX_POINT('',#14650);
#6351=VERTEX_POINT('',#14652);
#6352=VERTEX_POINT('',#14654);
#6353=VERTEX_POINT('',#14656);
#6354=VERTEX_POINT('',#14658);
#6355=VERTEX_POINT('',#14660);
#6356=VERTEX_POINT('',#14662);
#6357=VERTEX_POINT('',#14664);
#6358=VERTEX_POINT('',#14666);
#6359=VERTEX_POINT('',#14668);
#6360=VERTEX_POINT('',#14671);
#6361=VERTEX_POINT('',#14672);
#6362=VERTEX_POINT('',#14674);
#6363=VERTEX_POINT('',#14676);
#6364=VERTEX_POINT('',#14678);
#6365=VERTEX_POINT('',#14680);
#6366=VERTEX_POINT('',#14683);
#6367=VERTEX_POINT('',#14684);
#6368=VERTEX_POINT('',#14686);
#6369=VERTEX_POINT('',#14688);
#6370=VERTEX_POINT('',#14690);
#6371=VERTEX_POINT('',#14692);
#6372=VERTEX_POINT('',#14695);
#6373=VERTEX_POINT('',#14696);
#6374=VERTEX_POINT('',#14698);
#6375=VERTEX_POINT('',#14700);
#6376=VERTEX_POINT('',#14702);
#6377=VERTEX_POINT('',#14704);
#6378=VERTEX_POINT('',#14707);
#6379=VERTEX_POINT('',#14708);
#6380=VERTEX_POINT('',#14710);
#6381=VERTEX_POINT('',#14712);
#6382=VERTEX_POINT('',#14714);
#6383=VERTEX_POINT('',#14716);
#6384=VERTEX_POINT('',#14720);
#6385=VERTEX_POINT('',#14721);
#6386=VERTEX_POINT('',#14723);
#6387=VERTEX_POINT('',#14725);
#6388=VERTEX_POINT('',#14727);
#6389=VERTEX_POINT('',#14729);
#6390=VERTEX_POINT('',#14732);
#6391=VERTEX_POINT('',#14733);
#6392=VERTEX_POINT('',#14735);
#6393=VERTEX_POINT('',#14737);
#6394=VERTEX_POINT('',#14739);
#6395=VERTEX_POINT('',#14741);
#6396=VERTEX_POINT('',#14744);
#6397=VERTEX_POINT('',#14745);
#6398=VERTEX_POINT('',#14747);
#6399=VERTEX_POINT('',#14749);
#6400=VERTEX_POINT('',#14751);
#6401=VERTEX_POINT('',#14753);
#6402=VERTEX_POINT('',#14756);
#6403=VERTEX_POINT('',#14757);
#6404=VERTEX_POINT('',#14759);
#6405=VERTEX_POINT('',#14761);
#6406=VERTEX_POINT('',#14763);
#6407=VERTEX_POINT('',#14765);
#6408=VERTEX_POINT('',#14768);
#6409=VERTEX_POINT('',#14770);
#6410=VERTEX_POINT('',#14772);
#6411=VERTEX_POINT('',#14774);
#6412=VERTEX_POINT('',#14776);
#6413=VERTEX_POINT('',#14778);
#6414=VERTEX_POINT('',#14780);
#6415=VERTEX_POINT('',#14782);
#6416=VERTEX_POINT('',#14784);
#6417=VERTEX_POINT('',#14785);
#6418=VERTEX_POINT('',#14787);
#6419=VERTEX_POINT('',#14789);
#6420=VERTEX_POINT('',#14791);
#6421=VERTEX_POINT('',#14793);
#6422=VERTEX_POINT('',#14795);
#6423=VERTEX_POINT('',#14797);
#6424=VERTEX_POINT('',#14799);
#6425=VERTEX_POINT('',#14801);
#6426=VERTEX_POINT('',#14803);
#6427=VERTEX_POINT('',#14805);
#6428=VERTEX_POINT('',#14807);
#6429=VERTEX_POINT('',#14809);
#6430=VERTEX_POINT('',#14811);
#6431=VERTEX_POINT('',#14813);
#6432=VERTEX_POINT('',#14815);
#6433=VERTEX_POINT('',#14817);
#6434=VERTEX_POINT('',#14819);
#6435=VERTEX_POINT('',#14821);
#6436=VERTEX_POINT('',#14823);
#6437=VERTEX_POINT('',#14825);
#6438=VERTEX_POINT('',#14827);
#6439=VERTEX_POINT('',#14829);
#6440=VERTEX_POINT('',#14831);
#6441=VERTEX_POINT('',#14833);
#6442=VERTEX_POINT('',#14835);
#6443=VERTEX_POINT('',#14837);
#6444=VERTEX_POINT('',#14839);
#6445=VERTEX_POINT('',#14841);
#6446=VERTEX_POINT('',#14843);
#6447=VERTEX_POINT('',#14845);
#6448=VERTEX_POINT('',#14847);
#6449=VERTEX_POINT('',#14849);
#6450=VERTEX_POINT('',#14851);
#6451=VERTEX_POINT('',#14853);
#6452=VERTEX_POINT('',#14855);
#6453=VERTEX_POINT('',#14857);
#6454=VERTEX_POINT('',#14859);
#6455=VERTEX_POINT('',#14861);
#6456=VERTEX_POINT('',#14863);
#6457=VERTEX_POINT('',#14865);
#6458=VERTEX_POINT('',#14867);
#6459=VERTEX_POINT('',#14869);
#6460=VERTEX_POINT('',#14871);
#6461=VERTEX_POINT('',#14873);
#6462=VERTEX_POINT('',#14875);
#6463=VERTEX_POINT('',#14877);
#6464=VERTEX_POINT('',#14880);
#6465=VERTEX_POINT('',#14881);
#6466=VERTEX_POINT('',#14883);
#6467=VERTEX_POINT('',#14885);
#6468=VERTEX_POINT('',#14887);
#6469=VERTEX_POINT('',#14889);
#6470=VERTEX_POINT('',#14892);
#6471=VERTEX_POINT('',#14893);
#6472=VERTEX_POINT('',#14895);
#6473=VERTEX_POINT('',#14897);
#6474=VERTEX_POINT('',#14899);
#6475=VERTEX_POINT('',#14901);
#6476=VERTEX_POINT('',#14904);
#6477=VERTEX_POINT('',#14905);
#6478=VERTEX_POINT('',#14907);
#6479=VERTEX_POINT('',#14909);
#6480=VERTEX_POINT('',#14911);
#6481=VERTEX_POINT('',#14913);
#6482=VERTEX_POINT('',#14916);
#6483=VERTEX_POINT('',#14917);
#6484=VERTEX_POINT('',#14919);
#6485=VERTEX_POINT('',#14921);
#6486=VERTEX_POINT('',#14923);
#6487=VERTEX_POINT('',#14925);
#6488=VERTEX_POINT('',#14929);
#6489=VERTEX_POINT('',#14931);
#6490=VERTEX_POINT('',#14934);
#6491=VERTEX_POINT('',#14936);
#6492=VERTEX_POINT('',#14940);
#6493=VERTEX_POINT('',#14941);
#6494=VERTEX_POINT('',#14943);
#6495=VERTEX_POINT('',#14945);
#6496=VERTEX_POINT('',#14947);
#6497=VERTEX_POINT('',#14949);
#6498=VERTEX_POINT('',#14952);
#6499=VERTEX_POINT('',#14953);
#6500=VERTEX_POINT('',#14955);
#6501=VERTEX_POINT('',#14957);
#6502=VERTEX_POINT('',#14959);
#6503=VERTEX_POINT('',#14961);
#6504=VERTEX_POINT('',#14964);
#6505=VERTEX_POINT('',#14965);
#6506=VERTEX_POINT('',#14967);
#6507=VERTEX_POINT('',#14969);
#6508=VERTEX_POINT('',#14971);
#6509=VERTEX_POINT('',#14973);
#6510=VERTEX_POINT('',#14976);
#6511=VERTEX_POINT('',#14978);
#6512=VERTEX_POINT('',#14980);
#6513=VERTEX_POINT('',#14982);
#6514=VERTEX_POINT('',#14984);
#6515=VERTEX_POINT('',#14986);
#6516=VERTEX_POINT('',#14988);
#6517=VERTEX_POINT('',#14990);
#6518=VERTEX_POINT('',#14992);
#6519=VERTEX_POINT('',#14994);
#6520=VERTEX_POINT('',#14996);
#6521=VERTEX_POINT('',#14997);
#6522=VERTEX_POINT('',#14999);
#6523=VERTEX_POINT('',#15001);
#6524=VERTEX_POINT('',#15003);
#6525=VERTEX_POINT('',#15005);
#6526=VERTEX_POINT('',#15007);
#6527=VERTEX_POINT('',#15009);
#6528=VERTEX_POINT('',#15011);
#6529=VERTEX_POINT('',#15013);
#6530=VERTEX_POINT('',#15015);
#6531=VERTEX_POINT('',#15017);
#6532=VERTEX_POINT('',#15019);
#6533=VERTEX_POINT('',#15021);
#6534=VERTEX_POINT('',#15023);
#6535=VERTEX_POINT('',#15025);
#6536=VERTEX_POINT('',#15027);
#6537=VERTEX_POINT('',#15029);
#6538=VERTEX_POINT('',#15031);
#6539=VERTEX_POINT('',#15033);
#6540=VERTEX_POINT('',#15035);
#6541=VERTEX_POINT('',#15037);
#6542=VERTEX_POINT('',#15039);
#6543=VERTEX_POINT('',#15041);
#6544=VERTEX_POINT('',#15043);
#6545=VERTEX_POINT('',#15045);
#6546=VERTEX_POINT('',#15047);
#6547=VERTEX_POINT('',#15049);
#6548=VERTEX_POINT('',#15051);
#6549=VERTEX_POINT('',#15053);
#6550=VERTEX_POINT('',#15055);
#6551=VERTEX_POINT('',#15057);
#6552=VERTEX_POINT('',#15059);
#6553=VERTEX_POINT('',#15061);
#6554=VERTEX_POINT('',#15063);
#6555=VERTEX_POINT('',#15065);
#6556=VERTEX_POINT('',#15067);
#6557=VERTEX_POINT('',#15069);
#6558=VERTEX_POINT('',#15071);
#6559=VERTEX_POINT('',#15073);
#6560=VERTEX_POINT('',#15075);
#6561=VERTEX_POINT('',#15077);
#6562=VERTEX_POINT('',#15079);
#6563=VERTEX_POINT('',#15081);
#6564=VERTEX_POINT('',#15083);
#6565=VERTEX_POINT('',#15085);
#6566=VERTEX_POINT('',#15087);
#6567=VERTEX_POINT('',#15089);
#6568=VERTEX_POINT('',#15092);
#6569=VERTEX_POINT('',#15093);
#6570=VERTEX_POINT('',#15095);
#6571=VERTEX_POINT('',#15097);
#6572=VERTEX_POINT('',#15099);
#6573=VERTEX_POINT('',#15101);
#6574=VERTEX_POINT('',#15104);
#6575=VERTEX_POINT('',#15105);
#6576=VERTEX_POINT('',#15107);
#6577=VERTEX_POINT('',#15109);
#6578=VERTEX_POINT('',#15111);
#6579=VERTEX_POINT('',#15113);
#6580=VERTEX_POINT('',#15116);
#6581=VERTEX_POINT('',#15117);
#6582=VERTEX_POINT('',#15119);
#6583=VERTEX_POINT('',#15121);
#6584=VERTEX_POINT('',#15123);
#6585=VERTEX_POINT('',#15125);
#6586=VERTEX_POINT('',#15129);
#6587=VERTEX_POINT('',#15130);
#6588=VERTEX_POINT('',#15132);
#6589=VERTEX_POINT('',#15134);
#6590=VERTEX_POINT('',#15136);
#6591=VERTEX_POINT('',#15138);
#6592=VERTEX_POINT('',#15141);
#6593=VERTEX_POINT('',#15142);
#6594=VERTEX_POINT('',#15144);
#6595=VERTEX_POINT('',#15146);
#6596=VERTEX_POINT('',#15148);
#6597=VERTEX_POINT('',#15150);
#6598=VERTEX_POINT('',#15153);
#6599=VERTEX_POINT('',#15154);
#6600=VERTEX_POINT('',#15156);
#6601=VERTEX_POINT('',#15158);
#6602=VERTEX_POINT('',#15160);
#6603=VERTEX_POINT('',#15162);
#6604=VERTEX_POINT('',#15165);
#6605=VERTEX_POINT('',#15167);
#6606=VERTEX_POINT('',#15169);
#6607=VERTEX_POINT('',#15171);
#6608=VERTEX_POINT('',#15173);
#6609=VERTEX_POINT('',#15175);
#6610=VERTEX_POINT('',#15177);
#6611=VERTEX_POINT('',#15179);
#6612=VERTEX_POINT('',#15181);
#6613=VERTEX_POINT('',#15183);
#6614=VERTEX_POINT('',#15185);
#6615=VERTEX_POINT('',#15186);
#6616=VERTEX_POINT('',#15188);
#6617=VERTEX_POINT('',#15190);
#6618=VERTEX_POINT('',#15192);
#6619=VERTEX_POINT('',#15194);
#6620=VERTEX_POINT('',#15196);
#6621=VERTEX_POINT('',#15198);
#6622=VERTEX_POINT('',#15200);
#6623=VERTEX_POINT('',#15202);
#6624=VERTEX_POINT('',#15204);
#6625=VERTEX_POINT('',#15206);
#6626=VERTEX_POINT('',#15208);
#6627=VERTEX_POINT('',#15210);
#6628=VERTEX_POINT('',#15212);
#6629=VERTEX_POINT('',#15214);
#6630=VERTEX_POINT('',#15216);
#6631=VERTEX_POINT('',#15218);
#6632=VERTEX_POINT('',#15220);
#6633=VERTEX_POINT('',#15222);
#6634=VERTEX_POINT('',#15224);
#6635=VERTEX_POINT('',#15226);
#6636=VERTEX_POINT('',#15228);
#6637=VERTEX_POINT('',#15230);
#6638=VERTEX_POINT('',#15232);
#6639=VERTEX_POINT('',#15234);
#6640=VERTEX_POINT('',#15236);
#6641=VERTEX_POINT('',#15238);
#6642=VERTEX_POINT('',#15240);
#6643=VERTEX_POINT('',#15242);
#6644=VERTEX_POINT('',#15244);
#6645=VERTEX_POINT('',#15246);
#6646=VERTEX_POINT('',#15248);
#6647=VERTEX_POINT('',#15250);
#6648=VERTEX_POINT('',#15252);
#6649=VERTEX_POINT('',#15254);
#6650=VERTEX_POINT('',#15256);
#6651=VERTEX_POINT('',#15258);
#6652=VERTEX_POINT('',#15260);
#6653=VERTEX_POINT('',#15262);
#6654=VERTEX_POINT('',#15264);
#6655=VERTEX_POINT('',#15266);
#6656=VERTEX_POINT('',#15268);
#6657=VERTEX_POINT('',#15270);
#6658=VERTEX_POINT('',#15272);
#6659=VERTEX_POINT('',#15274);
#6660=VERTEX_POINT('',#15276);
#6661=VERTEX_POINT('',#15278);
#6662=VERTEX_POINT('',#15281);
#6663=VERTEX_POINT('',#15282);
#6664=VERTEX_POINT('',#15284);
#6665=VERTEX_POINT('',#15286);
#6666=VERTEX_POINT('',#15288);
#6667=VERTEX_POINT('',#15290);
#6668=VERTEX_POINT('',#15293);
#6669=VERTEX_POINT('',#15294);
#6670=VERTEX_POINT('',#15296);
#6671=VERTEX_POINT('',#15298);
#6672=VERTEX_POINT('',#15300);
#6673=VERTEX_POINT('',#15302);
#6674=VERTEX_POINT('',#15305);
#6675=VERTEX_POINT('',#15306);
#6676=VERTEX_POINT('',#15308);
#6677=VERTEX_POINT('',#15310);
#6678=VERTEX_POINT('',#15312);
#6679=VERTEX_POINT('',#15314);
#6680=VERTEX_POINT('',#15318);
#6681=VERTEX_POINT('',#15320);
#6682=VERTEX_POINT('',#15323);
#6683=VERTEX_POINT('',#15325);
#6684=VERTEX_POINT('',#15329);
#6685=VERTEX_POINT('',#15330);
#6686=VERTEX_POINT('',#15332);
#6687=VERTEX_POINT('',#15334);
#6688=VERTEX_POINT('',#15336);
#6689=VERTEX_POINT('',#15338);
#6690=VERTEX_POINT('',#15341);
#6691=VERTEX_POINT('',#15342);
#6692=VERTEX_POINT('',#15344);
#6693=VERTEX_POINT('',#15346);
#6694=VERTEX_POINT('',#15348);
#6695=VERTEX_POINT('',#15350);
#6696=VERTEX_POINT('',#15353);
#6697=VERTEX_POINT('',#15355);
#6698=VERTEX_POINT('',#15357);
#6699=VERTEX_POINT('',#15359);
#6700=VERTEX_POINT('',#15361);
#6701=VERTEX_POINT('',#15363);
#6702=VERTEX_POINT('',#15365);
#6703=VERTEX_POINT('',#15367);
#6704=VERTEX_POINT('',#15369);
#6705=VERTEX_POINT('',#15371);
#6706=VERTEX_POINT('',#15373);
#6707=VERTEX_POINT('',#15375);
#6708=VERTEX_POINT('',#15377);
#6709=VERTEX_POINT('',#15378);
#6710=VERTEX_POINT('',#15380);
#6711=VERTEX_POINT('',#15382);
#6712=VERTEX_POINT('',#15384);
#6713=VERTEX_POINT('',#15386);
#6714=VERTEX_POINT('',#15388);
#6715=VERTEX_POINT('',#15390);
#6716=VERTEX_POINT('',#15392);
#6717=VERTEX_POINT('',#15394);
#6718=VERTEX_POINT('',#15396);
#6719=VERTEX_POINT('',#15398);
#6720=VERTEX_POINT('',#15400);
#6721=VERTEX_POINT('',#15402);
#6722=VERTEX_POINT('',#15404);
#6723=VERTEX_POINT('',#15406);
#6724=VERTEX_POINT('',#15408);
#6725=VERTEX_POINT('',#15410);
#6726=VERTEX_POINT('',#15412);
#6727=VERTEX_POINT('',#15414);
#6728=VERTEX_POINT('',#15416);
#6729=VERTEX_POINT('',#15418);
#6730=VERTEX_POINT('',#15420);
#6731=VERTEX_POINT('',#15422);
#6732=VERTEX_POINT('',#15424);
#6733=VERTEX_POINT('',#15426);
#6734=VERTEX_POINT('',#15428);
#6735=VERTEX_POINT('',#15430);
#6736=VERTEX_POINT('',#15432);
#6737=VERTEX_POINT('',#15434);
#6738=VERTEX_POINT('',#15436);
#6739=VERTEX_POINT('',#15438);
#6740=VERTEX_POINT('',#15440);
#6741=VERTEX_POINT('',#15442);
#6742=VERTEX_POINT('',#15444);
#6743=VERTEX_POINT('',#15446);
#6744=VERTEX_POINT('',#15448);
#6745=VERTEX_POINT('',#15450);
#6746=VERTEX_POINT('',#15452);
#6747=VERTEX_POINT('',#15454);
#6748=VERTEX_POINT('',#15456);
#6749=VERTEX_POINT('',#15458);
#6750=VERTEX_POINT('',#15460);
#6751=VERTEX_POINT('',#15462);
#6752=VERTEX_POINT('',#15464);
#6753=VERTEX_POINT('',#15466);
#6754=VERTEX_POINT('',#15468);
#6755=VERTEX_POINT('',#15470);
#6756=VERTEX_POINT('',#15473);
#6757=VERTEX_POINT('',#15474);
#6758=VERTEX_POINT('',#15476);
#6759=VERTEX_POINT('',#15478);
#6760=VERTEX_POINT('',#15480);
#6761=VERTEX_POINT('',#15482);
#6762=VERTEX_POINT('',#15485);
#6763=VERTEX_POINT('',#15486);
#6764=VERTEX_POINT('',#15488);
#6765=VERTEX_POINT('',#15490);
#6766=VERTEX_POINT('',#15492);
#6767=VERTEX_POINT('',#15494);
#6768=VERTEX_POINT('',#15498);
#6769=VERTEX_POINT('',#15499);
#6770=VERTEX_POINT('',#15504);
#6771=VERTEX_POINT('',#15508);
#6772=VERTEX_POINT('',#15512);
#6773=VERTEX_POINT('',#15516);
#6774=VERTEX_POINT('',#15520);
#6775=VERTEX_POINT('',#15524);
#6776=VERTEX_POINT('',#15528);
#6777=VERTEX_POINT('',#15532);
#6778=VERTEX_POINT('',#15536);
#6779=VERTEX_POINT('',#15540);
#6780=VERTEX_POINT('',#15544);
#6781=VERTEX_POINT('',#15548);
#6782=VERTEX_POINT('',#15552);
#6783=VERTEX_POINT('',#15556);
#6784=VERTEX_POINT('',#15560);
#6785=VERTEX_POINT('',#15564);
#6786=VERTEX_POINT('',#15568);
#6787=VERTEX_POINT('',#15572);
#6788=VERTEX_POINT('',#15576);
#6789=VERTEX_POINT('',#15580);
#6790=VERTEX_POINT('',#15584);
#6791=VERTEX_POINT('',#15588);
#6792=VERTEX_POINT('',#15592);
#6793=VERTEX_POINT('',#15596);
#6794=VERTEX_POINT('',#15600);
#6795=VERTEX_POINT('',#15604);
#6796=VERTEX_POINT('',#15608);
#6797=VERTEX_POINT('',#15612);
#6798=VERTEX_POINT('',#15616);
#6799=VERTEX_POINT('',#15620);
#6800=VERTEX_POINT('',#15624);
#6801=VERTEX_POINT('',#15628);
#6802=VERTEX_POINT('',#15632);
#6803=VERTEX_POINT('',#15636);
#6804=VERTEX_POINT('',#15640);
#6805=VERTEX_POINT('',#15644);
#6806=VERTEX_POINT('',#15648);
#6807=VERTEX_POINT('',#15652);
#6808=VERTEX_POINT('',#15656);
#6809=VERTEX_POINT('',#15660);
#6810=VERTEX_POINT('',#15664);
#6811=VERTEX_POINT('',#15668);
#6812=VERTEX_POINT('',#15672);
#6813=VERTEX_POINT('',#15676);
#6814=VERTEX_POINT('',#15680);
#6815=VERTEX_POINT('',#15684);
#6816=VERTEX_POINT('',#15688);
#6817=VERTEX_POINT('',#15691);
#6818=VERTEX_POINT('',#15694);
#6819=VERTEX_POINT('',#15696);
#6820=VERTEX_POINT('',#15699);
#6821=VERTEX_POINT('',#15702);
#6822=VERTEX_POINT('',#15705);
#6823=VERTEX_POINT('',#15708);
#6824=VERTEX_POINT('',#15711);
#6825=VERTEX_POINT('',#15714);
#6826=VERTEX_POINT('',#15717);
#6827=VERTEX_POINT('',#15720);
#6828=VERTEX_POINT('',#15722);
#6829=VERTEX_POINT('',#15725);
#6830=VERTEX_POINT('',#15727);
#6831=VERTEX_POINT('',#15730);
#6832=VERTEX_POINT('',#15733);
#6833=VERTEX_POINT('',#15736);
#6834=VERTEX_POINT('',#15738);
#6835=VERTEX_POINT('',#15741);
#6836=VERTEX_POINT('',#15747);
#6837=VERTEX_POINT('',#15750);
#6838=VERTEX_POINT('',#15753);
#6839=VERTEX_POINT('',#15756);
#6840=VERTEX_POINT('',#15759);
#6841=VERTEX_POINT('',#15761);
#6842=VERTEX_POINT('',#15764);
#6843=VERTEX_POINT('',#15766);
#6844=VERTEX_POINT('',#15866);
#6845=VERTEX_POINT('',#15871);
#6846=VERTEX_POINT('',#15875);
#6847=VERTEX_POINT('',#15878);
#6848=VERTEX_POINT('',#15882);
#6849=VERTEX_POINT('',#15885);
#6850=VERTEX_POINT('',#15888);
#6851=VERTEX_POINT('',#15896);
#6852=VERTEX_POINT('',#15899);
#6853=VERTEX_POINT('',#15902);
#6854=VERTEX_POINT('',#15905);
#6855=VERTEX_POINT('',#15907);
#6856=VERTEX_POINT('',#15923);
#6857=VERTEX_POINT('',#15925);
#6858=VERTEX_POINT('',#15928);
#6859=VERTEX_POINT('',#15930);
#6860=VERTEX_POINT('',#15934);
#6861=VERTEX_POINT('',#15936);
#6862=VERTEX_POINT('',#15939);
#6863=VERTEX_POINT('',#15941);
#6864=VERTEX_POINT('',#15945);
#6865=VERTEX_POINT('',#15947);
#6866=VERTEX_POINT('',#15950);
#6867=VERTEX_POINT('',#15952);
#6868=VERTEX_POINT('',#15956);
#6869=VERTEX_POINT('',#15958);
#6870=VERTEX_POINT('',#15961);
#6871=VERTEX_POINT('',#15963);
#6872=VERTEX_POINT('',#15967);
#6873=VERTEX_POINT('',#15969);
#6874=VERTEX_POINT('',#15973);
#6875=VERTEX_POINT('',#15977);
#6876=VERTEX_POINT('',#15981);
#6877=VERTEX_POINT('',#15985);
#6878=VERTEX_POINT('',#15989);
#6879=VERTEX_POINT('',#15993);
#6880=VERTEX_POINT('',#15997);
#6881=VERTEX_POINT('',#16001);
#6882=VERTEX_POINT('',#16005);
#6883=VERTEX_POINT('',#16009);
#6884=VERTEX_POINT('',#16013);
#6885=VERTEX_POINT('',#16017);
#6886=VERTEX_POINT('',#16021);
#6887=VERTEX_POINT('',#16025);
#6888=VERTEX_POINT('',#16029);
#6889=VERTEX_POINT('',#16033);
#6890=VERTEX_POINT('',#16037);
#6891=VERTEX_POINT('',#16041);
#6892=VERTEX_POINT('',#16045);
#6893=VERTEX_POINT('',#16049);
#6894=VERTEX_POINT('',#16053);
#6895=VERTEX_POINT('',#16057);
#6896=VERTEX_POINT('',#16061);
#6897=VERTEX_POINT('',#16065);
#6898=VERTEX_POINT('',#16069);
#6899=VERTEX_POINT('',#16073);
#6900=VERTEX_POINT('',#16077);
#6901=VERTEX_POINT('',#16081);
#6902=VERTEX_POINT('',#16085);
#6903=VERTEX_POINT('',#16089);
#6904=VERTEX_POINT('',#16093);
#6905=VERTEX_POINT('',#16097);
#6906=VERTEX_POINT('',#16101);
#6907=VERTEX_POINT('',#16105);
#6908=VERTEX_POINT('',#16109);
#6909=VERTEX_POINT('',#16113);
#6910=VERTEX_POINT('',#16117);
#6911=VERTEX_POINT('',#16121);
#6912=VERTEX_POINT('',#16125);
#6913=VERTEX_POINT('',#16129);
#6914=VERTEX_POINT('',#16133);
#6915=VERTEX_POINT('',#16137);
#6916=VERTEX_POINT('',#16141);
#6917=VERTEX_POINT('',#16145);
#6918=VERTEX_POINT('',#16149);
#6919=VERTEX_POINT('',#16153);
#6920=VERTEX_POINT('',#16157);
#6921=VERTEX_POINT('',#16159);
#6922=VERTEX_POINT('',#16162);
#6923=VERTEX_POINT('',#16165);
#6924=VERTEX_POINT('',#16168);
#6925=VERTEX_POINT('',#16171);
#6926=VERTEX_POINT('',#16174);
#6927=VERTEX_POINT('',#16177);
#6928=VERTEX_POINT('',#16180);
#6929=VERTEX_POINT('',#16182);
#6930=VERTEX_POINT('',#16185);
#6931=VERTEX_POINT('',#16188);
#6932=VERTEX_POINT('',#16191);
#6933=VERTEX_POINT('',#16194);
#6934=VERTEX_POINT('',#16197);
#6935=VERTEX_POINT('',#16200);
#6936=VERTEX_POINT('',#16202);
#6937=VERTEX_POINT('',#16205);
#6938=VERTEX_POINT('',#16208);
#6939=VERTEX_POINT('',#16214);
#6940=VERTEX_POINT('',#16217);
#6941=VERTEX_POINT('',#16220);
#6942=VERTEX_POINT('',#16318);
#6943=VERTEX_POINT('',#16326);
#6944=VERTEX_POINT('',#16329);
#6945=VERTEX_POINT('',#16335);
#6946=VERTEX_POINT('',#16339);
#6947=VERTEX_POINT('',#16345);
#6948=VERTEX_POINT('',#16361);
#6949=VERTEX_POINT('',#16377);
#6950=VERTEX_POINT('',#16393);
#6951=VERTEX_POINT('',#16409);
#6952=VERTEX_POINT('',#16473);
#6953=VERTEX_POINT('',#16476);
#6954=VERTEX_POINT('',#16479);
#6955=VERTEX_POINT('',#16482);
#6956=VERTEX_POINT('',#16485);
#6957=VERTEX_POINT('',#16487);
#6958=VERTEX_POINT('',#16490);
#6959=VERTEX_POINT('',#16491);
#6960=VERTEX_POINT('',#16496);
#6961=VERTEX_POINT('',#16500);
#6962=VERTEX_POINT('',#16504);
#6963=VERTEX_POINT('',#16508);
#6964=VERTEX_POINT('',#16515);
#6965=VERTEX_POINT('',#16516);
#6966=VERTEX_POINT('',#16518);
#6967=VERTEX_POINT('',#16520);
#6968=VERTEX_POINT('',#16522);
#6969=VERTEX_POINT('',#16524);
#6970=VERTEX_POINT('',#16527);
#6971=VERTEX_POINT('',#16528);
#6972=VERTEX_POINT('',#16530);
#6973=VERTEX_POINT('',#16532);
#6974=VERTEX_POINT('',#16534);
#6975=VERTEX_POINT('',#16536);
#6976=VERTEX_POINT('',#16539);
#6977=VERTEX_POINT('',#16541);
#6978=VERTEX_POINT('',#16543);
#6979=VERTEX_POINT('',#16545);
#6980=VERTEX_POINT('',#16547);
#6981=VERTEX_POINT('',#16549);
#6982=VERTEX_POINT('',#16551);
#6983=VERTEX_POINT('',#16553);
#6984=VERTEX_POINT('',#16555);
#6985=VERTEX_POINT('',#16557);
#6986=VERTEX_POINT('',#16559);
#6987=VERTEX_POINT('',#16561);
#6988=VERTEX_POINT('',#16563);
#6989=VERTEX_POINT('',#16564);
#6990=VERTEX_POINT('',#16566);
#6991=VERTEX_POINT('',#16568);
#6992=VERTEX_POINT('',#16570);
#6993=VERTEX_POINT('',#16572);
#6994=VERTEX_POINT('',#16574);
#6995=VERTEX_POINT('',#16576);
#6996=VERTEX_POINT('',#16578);
#6997=VERTEX_POINT('',#16580);
#6998=VERTEX_POINT('',#16582);
#6999=VERTEX_POINT('',#16584);
#7000=VERTEX_POINT('',#16586);
#7001=VERTEX_POINT('',#16588);
#7002=VERTEX_POINT('',#16590);
#7003=VERTEX_POINT('',#16592);
#7004=VERTEX_POINT('',#16594);
#7005=VERTEX_POINT('',#16596);
#7006=VERTEX_POINT('',#16598);
#7007=VERTEX_POINT('',#16600);
#7008=VERTEX_POINT('',#16602);
#7009=VERTEX_POINT('',#16604);
#7010=VERTEX_POINT('',#16606);
#7011=VERTEX_POINT('',#16608);
#7012=VERTEX_POINT('',#16610);
#7013=VERTEX_POINT('',#16612);
#7014=VERTEX_POINT('',#16614);
#7015=VERTEX_POINT('',#16616);
#7016=VERTEX_POINT('',#16618);
#7017=VERTEX_POINT('',#16620);
#7018=VERTEX_POINT('',#16622);
#7019=VERTEX_POINT('',#16624);
#7020=VERTEX_POINT('',#16626);
#7021=VERTEX_POINT('',#16628);
#7022=VERTEX_POINT('',#16630);
#7023=VERTEX_POINT('',#16632);
#7024=VERTEX_POINT('',#16634);
#7025=VERTEX_POINT('',#16636);
#7026=VERTEX_POINT('',#16638);
#7027=VERTEX_POINT('',#16640);
#7028=VERTEX_POINT('',#16642);
#7029=VERTEX_POINT('',#16644);
#7030=VERTEX_POINT('',#16646);
#7031=VERTEX_POINT('',#16648);
#7032=VERTEX_POINT('',#16650);
#7033=VERTEX_POINT('',#16652);
#7034=VERTEX_POINT('',#16654);
#7035=VERTEX_POINT('',#16656);
#7036=VERTEX_POINT('',#16659);
#7037=VERTEX_POINT('',#16660);
#7038=VERTEX_POINT('',#16662);
#7039=VERTEX_POINT('',#16664);
#7040=VERTEX_POINT('',#16666);
#7041=VERTEX_POINT('',#16668);
#7042=VERTEX_POINT('',#16672);
#7043=VERTEX_POINT('',#16674);
#7044=VERTEX_POINT('',#16690);
#7045=VERTEX_POINT('',#16692);
#7046=VERTEX_POINT('',#16708);
#7047=VERTEX_POINT('',#16710);
#7048=VERTEX_POINT('',#16822);
#7049=VERTEX_POINT('',#16830);
#7050=VERTEX_POINT('',#16834);
#7051=VERTEX_POINT('',#16838);
#7052=VERTEX_POINT('',#16846);
#7053=VERTEX_POINT('',#16862);
#7054=VERTEX_POINT('',#16878);
#7055=VERTEX_POINT('',#16894);
#7056=CIRCLE('',#10122,0.001);
#7057=CIRCLE('',#10123,0.0015);
#7058=CIRCLE('',#10125,0.001);
#7059=CIRCLE('',#10126,0.0015);
#7060=CIRCLE('',#10129,0.0015);
#7061=CIRCLE('',#10130,0.0015);
#7062=CIRCLE('',#10131,0.0015);
#7063=CIRCLE('',#10132,0.0015);
#7064=CIRCLE('',#10133,0.0015);
#7065=CIRCLE('',#10134,0.0015);
#7066=CIRCLE('',#10135,0.0015);
#7067=CIRCLE('',#10136,0.0015);
#7068=CIRCLE('',#10137,0.0015);
#7069=CIRCLE('',#10138,0.0015);
#7070=CIRCLE('',#10139,0.015);
#7071=CIRCLE('',#10140,0.005);
#7072=CIRCLE('',#10141,0.0035);
#7073=CIRCLE('',#10142,0.0035);
#7074=CIRCLE('',#10143,0.0035);
#7075=CIRCLE('',#10144,0.0035);
#7076=CIRCLE('',#10145,0.005);
#7077=CIRCLE('',#10146,0.015);
#7078=CIRCLE('',#10147,0.005);
#7079=CIRCLE('',#10148,0.0035);
#7080=CIRCLE('',#10149,0.0035);
#7081=CIRCLE('',#10150,0.0035);
#7082=CIRCLE('',#10151,0.0035);
#7083=CIRCLE('',#10152,0.005);
#7084=CIRCLE('',#10153,0.015);
#7085=CIRCLE('',#10154,0.005);
#7086=CIRCLE('',#10155,0.0035);
#7087=CIRCLE('',#10156,0.0035);
#7088=CIRCLE('',#10157,0.0035);
#7089=CIRCLE('',#10158,0.0035);
#7090=CIRCLE('',#10159,0.005);
#7091=CIRCLE('',#10160,0.015);
#7092=CIRCLE('',#10161,0.005);
#7093=CIRCLE('',#10162,0.0035);
#7094=CIRCLE('',#10163,0.0035);
#7095=CIRCLE('',#10164,0.0035);
#7096=CIRCLE('',#10165,0.0035);
#7097=CIRCLE('',#10166,0.005);
#7098=CIRCLE('',#10168,0.0015);
#7099=CIRCLE('',#10169,0.0015);
#7100=CIRCLE('',#10170,0.0015);
#7101=CIRCLE('',#10171,0.0015);
#7102=CIRCLE('',#10172,0.0015);
#7103=CIRCLE('',#10173,0.0015);
#7104=CIRCLE('',#10174,0.0015);
#7105=CIRCLE('',#10175,0.0015);
#7106=CIRCLE('',#10176,0.0015);
#7107=CIRCLE('',#10177,0.0015);
#7108=CIRCLE('',#10178,0.015);
#7109=CIRCLE('',#10179,0.005);
#7110=CIRCLE('',#10180,0.0035);
#7111=CIRCLE('',#10181,0.0035);
#7112=CIRCLE('',#10182,0.0035);
#7113=CIRCLE('',#10183,0.0035);
#7114=CIRCLE('',#10184,0.005);
#7115=CIRCLE('',#10185,0.015);
#7116=CIRCLE('',#10186,0.005);
#7117=CIRCLE('',#10187,0.0035);
#7118=CIRCLE('',#10188,0.0035);
#7119=CIRCLE('',#10189,0.0035);
#7120=CIRCLE('',#10190,0.0035);
#7121=CIRCLE('',#10191,0.005);
#7122=CIRCLE('',#10192,0.015);
#7123=CIRCLE('',#10193,0.005);
#7124=CIRCLE('',#10194,0.0035);
#7125=CIRCLE('',#10195,0.0035);
#7126=CIRCLE('',#10196,0.0035);
#7127=CIRCLE('',#10197,0.0035);
#7128=CIRCLE('',#10198,0.005);
#7129=CIRCLE('',#10199,0.015);
#7130=CIRCLE('',#10200,0.005);
#7131=CIRCLE('',#10201,0.0035);
#7132=CIRCLE('',#10202,0.0035);
#7133=CIRCLE('',#10203,0.0035);
#7134=CIRCLE('',#10204,0.0035);
#7135=CIRCLE('',#10205,0.005);
#7136=CIRCLE('',#10207,0.001);
#7137=CIRCLE('',#10208,0.0015);
#7138=CIRCLE('',#10210,0.001);
#7139=CIRCLE('',#10211,0.0015);
#7140=CIRCLE('',#10214,0.001);
#7141=CIRCLE('',#10215,0.0015);
#7142=CIRCLE('',#10217,0.001);
#7143=CIRCLE('',#10218,0.0015);
#7144=CIRCLE('',#10221,0.0015);
#7145=CIRCLE('',#10222,0.0015);
#7146=CIRCLE('',#10223,0.0015);
#7147=CIRCLE('',#10224,0.0015);
#7148=CIRCLE('',#10225,0.0015);
#7149=CIRCLE('',#10226,0.0015);
#7150=CIRCLE('',#10227,0.0015);
#7151=CIRCLE('',#10228,0.0015);
#7152=CIRCLE('',#10229,0.015);
#7153=CIRCLE('',#10230,0.005);
#7154=CIRCLE('',#10231,0.0035);
#7155=CIRCLE('',#10232,0.0035);
#7156=CIRCLE('',#10233,0.0035);
#7157=CIRCLE('',#10234,0.0035);
#7158=CIRCLE('',#10235,0.005);
#7159=CIRCLE('',#10236,0.015);
#7160=CIRCLE('',#10237,0.005);
#7161=CIRCLE('',#10238,0.0035);
#7162=CIRCLE('',#10239,0.0035);
#7163=CIRCLE('',#10240,0.0035);
#7164=CIRCLE('',#10241,0.0035);
#7165=CIRCLE('',#10242,0.005);
#7166=CIRCLE('',#10243,0.015);
#7167=CIRCLE('',#10244,0.005);
#7168=CIRCLE('',#10245,0.0035);
#7169=CIRCLE('',#10246,0.0035);
#7170=CIRCLE('',#10247,0.0035);
#7171=CIRCLE('',#10248,0.0035);
#7172=CIRCLE('',#10249,0.005);
#7173=CIRCLE('',#10250,0.015);
#7174=CIRCLE('',#10251,0.005);
#7175=CIRCLE('',#10252,0.0035);
#7176=CIRCLE('',#10253,0.0035);
#7177=CIRCLE('',#10254,0.0035);
#7178=CIRCLE('',#10255,0.0035);
#7179=CIRCLE('',#10256,0.005);
#7180=CIRCLE('',#10258,0.0015);
#7181=CIRCLE('',#10259,0.0015);
#7182=CIRCLE('',#10260,0.0015);
#7183=CIRCLE('',#10261,0.0015);
#7184=CIRCLE('',#10262,0.0015);
#7185=CIRCLE('',#10263,0.0015);
#7186=CIRCLE('',#10264,0.0015);
#7187=CIRCLE('',#10265,0.0015);
#7188=CIRCLE('',#10266,0.015);
#7189=CIRCLE('',#10267,0.005);
#7190=CIRCLE('',#10268,0.0035);
#7191=CIRCLE('',#10269,0.0035);
#7192=CIRCLE('',#10270,0.0035);
#7193=CIRCLE('',#10271,0.0035);
#7194=CIRCLE('',#10272,0.005);
#7195=CIRCLE('',#10273,0.015);
#7196=CIRCLE('',#10274,0.005);
#7197=CIRCLE('',#10275,0.0035);
#7198=CIRCLE('',#10276,0.0035);
#7199=CIRCLE('',#10277,0.0035);
#7200=CIRCLE('',#10278,0.0035);
#7201=CIRCLE('',#10279,0.005);
#7202=CIRCLE('',#10280,0.015);
#7203=CIRCLE('',#10281,0.005);
#7204=CIRCLE('',#10282,0.0035);
#7205=CIRCLE('',#10283,0.0035);
#7206=CIRCLE('',#10284,0.0035);
#7207=CIRCLE('',#10285,0.0035);
#7208=CIRCLE('',#10286,0.005);
#7209=CIRCLE('',#10287,0.015);
#7210=CIRCLE('',#10288,0.005);
#7211=CIRCLE('',#10289,0.0035);
#7212=CIRCLE('',#10290,0.0035);
#7213=CIRCLE('',#10291,0.0035);
#7214=CIRCLE('',#10292,0.0035);
#7215=CIRCLE('',#10293,0.005);
#7216=CIRCLE('',#10295,0.001);
#7217=CIRCLE('',#10296,0.0015);
#7218=CIRCLE('',#10298,0.001);
#7219=CIRCLE('',#10299,0.0015);
#7220=CIRCLE('',#10302,0.0015);
#7221=CIRCLE('',#10303,0.0015);
#7222=CIRCLE('',#10304,0.0015);
#7223=CIRCLE('',#10305,0.0015);
#7224=CIRCLE('',#10306,0.0015);
#7225=CIRCLE('',#10307,0.0015);
#7226=CIRCLE('',#10308,0.0015);
#7227=CIRCLE('',#10309,0.0015);
#7228=CIRCLE('',#10310,0.0015);
#7229=CIRCLE('',#10311,0.0015);
#7230=CIRCLE('',#10312,0.015);
#7231=CIRCLE('',#10313,0.005);
#7232=CIRCLE('',#10314,0.0035);
#7233=CIRCLE('',#10315,0.0035);
#7234=CIRCLE('',#10316,0.0035);
#7235=CIRCLE('',#10317,0.0035);
#7236=CIRCLE('',#10318,0.005);
#7237=CIRCLE('',#10319,0.015);
#7238=CIRCLE('',#10320,0.005);
#7239=CIRCLE('',#10321,0.0035);
#7240=CIRCLE('',#10322,0.0035);
#7241=CIRCLE('',#10323,0.0035);
#7242=CIRCLE('',#10324,0.0035);
#7243=CIRCLE('',#10325,0.005);
#7244=CIRCLE('',#10326,0.015);
#7245=CIRCLE('',#10327,0.005);
#7246=CIRCLE('',#10328,0.0035);
#7247=CIRCLE('',#10329,0.0035);
#7248=CIRCLE('',#10330,0.0035);
#7249=CIRCLE('',#10331,0.0035);
#7250=CIRCLE('',#10332,0.005);
#7251=CIRCLE('',#10333,0.015);
#7252=CIRCLE('',#10334,0.005);
#7253=CIRCLE('',#10335,0.0035);
#7254=CIRCLE('',#10336,0.0035);
#7255=CIRCLE('',#10337,0.0035);
#7256=CIRCLE('',#10338,0.0035);
#7257=CIRCLE('',#10339,0.005);
#7258=CIRCLE('',#10341,0.0015);
#7259=CIRCLE('',#10342,0.0015);
#7260=CIRCLE('',#10343,0.0015);
#7261=CIRCLE('',#10344,0.0015);
#7262=CIRCLE('',#10345,0.0015);
#7263=CIRCLE('',#10346,0.0015);
#7264=CIRCLE('',#10347,0.0015);
#7265=CIRCLE('',#10348,0.0015);
#7266=CIRCLE('',#10349,0.0015);
#7267=CIRCLE('',#10350,0.0015);
#7268=CIRCLE('',#10351,0.015);
#7269=CIRCLE('',#10352,0.005);
#7270=CIRCLE('',#10353,0.0035);
#7271=CIRCLE('',#10354,0.0035);
#7272=CIRCLE('',#10355,0.0035);
#7273=CIRCLE('',#10356,0.0035);
#7274=CIRCLE('',#10357,0.005);
#7275=CIRCLE('',#10358,0.015);
#7276=CIRCLE('',#10359,0.005);
#7277=CIRCLE('',#10360,0.0035);
#7278=CIRCLE('',#10361,0.0035);
#7279=CIRCLE('',#10362,0.0035);
#7280=CIRCLE('',#10363,0.0035);
#7281=CIRCLE('',#10364,0.005);
#7282=CIRCLE('',#10365,0.015);
#7283=CIRCLE('',#10366,0.005);
#7284=CIRCLE('',#10367,0.0035);
#7285=CIRCLE('',#10368,0.0035);
#7286=CIRCLE('',#10369,0.0035);
#7287=CIRCLE('',#10370,0.0035);
#7288=CIRCLE('',#10371,0.005);
#7289=CIRCLE('',#10372,0.015);
#7290=CIRCLE('',#10373,0.005);
#7291=CIRCLE('',#10374,0.0035);
#7292=CIRCLE('',#10375,0.0035);
#7293=CIRCLE('',#10376,0.0035);
#7294=CIRCLE('',#10377,0.0035);
#7295=CIRCLE('',#10378,0.005);
#7296=CIRCLE('',#10380,0.001);
#7297=CIRCLE('',#10381,0.0015);
#7298=CIRCLE('',#10383,0.001);
#7299=CIRCLE('',#10384,0.0015);
#7300=CIRCLE('',#10387,0.0015);
#7301=CIRCLE('',#10388,0.0015);
#7302=CIRCLE('',#10389,0.0015);
#7303=CIRCLE('',#10390,0.0015);
#7304=CIRCLE('',#10391,0.0015);
#7305=CIRCLE('',#10392,0.0015);
#7306=CIRCLE('',#10393,0.0015);
#7307=CIRCLE('',#10394,0.0015);
#7308=CIRCLE('',#10395,0.0015);
#7309=CIRCLE('',#10396,0.0015);
#7310=CIRCLE('',#10397,0.0015);
#7311=CIRCLE('',#10398,0.0015);
#7312=CIRCLE('',#10399,0.015);
#7313=CIRCLE('',#10400,0.005);
#7314=CIRCLE('',#10401,0.0035);
#7315=CIRCLE('',#10402,0.0035);
#7316=CIRCLE('',#10403,0.0035);
#7317=CIRCLE('',#10404,0.0035);
#7318=CIRCLE('',#10405,0.005);
#7319=CIRCLE('',#10406,0.015);
#7320=CIRCLE('',#10407,0.005);
#7321=CIRCLE('',#10408,0.0035);
#7322=CIRCLE('',#10409,0.0035);
#7323=CIRCLE('',#10410,0.0035);
#7324=CIRCLE('',#10411,0.0035);
#7325=CIRCLE('',#10412,0.005);
#7326=CIRCLE('',#10413,0.015);
#7327=CIRCLE('',#10414,0.005);
#7328=CIRCLE('',#10415,0.0035);
#7329=CIRCLE('',#10416,0.0035);
#7330=CIRCLE('',#10417,0.0035);
#7331=CIRCLE('',#10418,0.0035);
#7332=CIRCLE('',#10419,0.005);
#7333=CIRCLE('',#10420,0.015);
#7334=CIRCLE('',#10421,0.005);
#7335=CIRCLE('',#10422,0.0035);
#7336=CIRCLE('',#10423,0.0035);
#7337=CIRCLE('',#10424,0.0035);
#7338=CIRCLE('',#10425,0.0035);
#7339=CIRCLE('',#10426,0.005);
#7340=CIRCLE('',#10428,0.015);
#7341=CIRCLE('',#10430,0.005);
#7342=CIRCLE('',#10433,0.0035);
#7343=CIRCLE('',#10436,0.0035);
#7344=CIRCLE('',#10439,0.0035);
#7345=CIRCLE('',#10442,0.0035);
#7346=CIRCLE('',#10445,0.005);
#7347=CIRCLE('',#10447,0.015);
#7348=CIRCLE('',#10449,0.005);
#7349=CIRCLE('',#10452,0.0035);
#7350=CIRCLE('',#10455,0.0035);
#7351=CIRCLE('',#10458,0.0035);
#7352=CIRCLE('',#10461,0.0035);
#7353=CIRCLE('',#10464,0.005);
#7354=CIRCLE('',#10466,0.015);
#7355=CIRCLE('',#10468,0.005);
#7356=CIRCLE('',#10471,0.0035);
#7357=CIRCLE('',#10474,0.0035);
#7358=CIRCLE('',#10477,0.0035);
#7359=CIRCLE('',#10480,0.0035);
#7360=CIRCLE('',#10483,0.005);
#7361=CIRCLE('',#10485,0.015);
#7362=CIRCLE('',#10487,0.005);
#7363=CIRCLE('',#10490,0.0035);
#7364=CIRCLE('',#10493,0.0035);
#7365=CIRCLE('',#10496,0.0035);
#7366=CIRCLE('',#10499,0.0035);
#7367=CIRCLE('',#10502,0.0015);
#7368=CIRCLE('',#10504,0.0015);
#7369=CIRCLE('',#10506,0.0015);
#7370=CIRCLE('',#10507,0.0015);
#7371=CIRCLE('',#10509,0.0015);
#7372=CIRCLE('',#10511,0.0015);
#7373=CIRCLE('',#10513,0.0015);
#7374=CIRCLE('',#10515,0.0015);
#7375=CIRCLE('',#10517,0.0015);
#7376=CIRCLE('',#10519,0.0015);
#7377=CIRCLE('',#10521,0.0015);
#7378=CIRCLE('',#10523,0.0015);
#7379=CIRCLE('',#10524,0.0015);
#7380=CIRCLE('',#10526,0.0015);
#7381=CIRCLE('',#10527,0.0015);
#7382=CIRCLE('',#10529,0.0015);
#7383=CIRCLE('',#10531,0.0015);
#7384=CIRCLE('',#10533,0.0015);
#7385=CIRCLE('',#10534,0.0015);
#7386=CIRCLE('',#10536,0.0015);
#7387=CIRCLE('',#10538,0.005);
#7388=CIRCLE('',#10541,0.001);
#7389=CIRCLE('',#10543,0.001);
#7390=CIRCLE('',#10545,0.001);
#7391=CIRCLE('',#10547,0.001);
#7392=CIRCLE('',#10549,0.001);
#7393=CIRCLE('',#10550,0.0015);
#7394=CIRCLE('',#10552,0.001);
#7395=CIRCLE('',#10553,0.0015);
#7396=CIRCLE('',#10604,0.0015);
#7397=CIRCLE('',#10608,0.0015);
#7398=CIRCLE('',#10611,0.0015);
#7399=CIRCLE('',#10613,0.0015);
#7400=CIRCLE('',#10616,0.0015);
#7401=CIRCLE('',#10618,0.0015);
#7402=CIRCLE('',#10620,0.0015);
#7403=CIRCLE('',#10627,0.001);
#7404=CIRCLE('',#10629,0.001);
#7405=CIRCLE('',#10631,0.00100000000000003);
#7406=CIRCLE('',#10633,0.001);
#7407=CIRCLE('',#10634,0.0015);
#7408=CIRCLE('',#10643,0.001);
#7409=CIRCLE('',#10644,0.0015);
#7410=CIRCLE('',#10646,0.001);
#7411=CIRCLE('',#10647,0.0015);
#7412=CIRCLE('',#10650,0.001);
#7413=CIRCLE('',#10651,0.0015);
#7414=CIRCLE('',#10653,0.001);
#7415=CIRCLE('',#10654,0.0015);
#7416=CIRCLE('',#10657,0.001);
#7417=CIRCLE('',#10658,0.0015);
#7418=CIRCLE('',#10660,0.001);
#7419=CIRCLE('',#10661,0.0015);
#7420=CIRCLE('',#10664,0.001);
#7421=CIRCLE('',#10665,0.0015);
#7422=CIRCLE('',#10667,0.001);
#7423=CIRCLE('',#10668,0.0015);
#7424=CIRCLE('',#10671,0.015);
#7425=CIRCLE('',#10673,0.005);
#7426=CIRCLE('',#10676,0.0035);
#7427=CIRCLE('',#10679,0.0035);
#7428=CIRCLE('',#10682,0.0035);
#7429=CIRCLE('',#10685,0.0035);
#7430=CIRCLE('',#10688,0.005);
#7431=CIRCLE('',#10690,0.015);
#7432=CIRCLE('',#10692,0.005);
#7433=CIRCLE('',#10695,0.0035);
#7434=CIRCLE('',#10698,0.0035);
#7435=CIRCLE('',#10701,0.0035);
#7436=CIRCLE('',#10704,0.0035);
#7437=CIRCLE('',#10707,0.005);
#7438=CIRCLE('',#10709,0.015);
#7439=CIRCLE('',#10711,0.005);
#7440=CIRCLE('',#10714,0.0035);
#7441=CIRCLE('',#10717,0.0035);
#7442=CIRCLE('',#10720,0.0035);
#7443=CIRCLE('',#10723,0.0035);
#7444=CIRCLE('',#10726,0.005);
#7445=CIRCLE('',#10728,0.015);
#7446=CIRCLE('',#10730,0.005);
#7447=CIRCLE('',#10733,0.0035);
#7448=CIRCLE('',#10736,0.0035);
#7449=CIRCLE('',#10739,0.0035);
#7450=CIRCLE('',#10742,0.0035);
#7451=CIRCLE('',#10745,0.0015);
#7452=CIRCLE('',#10746,0.0015);
#7453=CIRCLE('',#10748,0.0015);
#7454=CIRCLE('',#10750,0.0015);
#7455=CIRCLE('',#10752,0.0015);
#7456=CIRCLE('',#10754,0.0015);
#7457=CIRCLE('',#10756,0.0015);
#7458=CIRCLE('',#10758,0.0015);
#7459=CIRCLE('',#10760,0.0015);
#7460=CIRCLE('',#10761,0.0015);
#7461=CIRCLE('',#10763,0.0015);
#7462=CIRCLE('',#10765,0.0015);
#7463=CIRCLE('',#10767,0.0015);
#7464=CIRCLE('',#10769,0.0015);
#7465=CIRCLE('',#10771,0.0015);
#7466=CIRCLE('',#10773,0.0015);
#7467=CIRCLE('',#10774,0.0015);
#7468=CIRCLE('',#10776,0.0015);
#7469=CIRCLE('',#10778,0.0015);
#7470=CIRCLE('',#10780,0.005);
#7471=CIRCLE('',#10783,0.001);
#7472=CIRCLE('',#10785,0.001);
#7473=CIRCLE('',#10787,0.001);
#7474=CIRCLE('',#10836,0.0015);
#7475=CIRCLE('',#10843,0.0015);
#7476=CIRCLE('',#10845,0.0015);
#7477=CIRCLE('',#10850,0.0015);
#7478=CIRCLE('',#10853,0.0015);
#7479=CIRCLE('',#10858,0.00100000000000003);
#7480=CIRCLE('',#10867,0.001);
#7481=CIRCLE('',#10876,0.001);
#7482=CIRCLE('',#10885,0.001);
#7483=CIRCLE('',#10894,0.001);
#7484=CIRCLE('',#10927,0.001);
#7485=CIRCLE('',#10929,0.001);
#7486=CIRCLE('',#10931,0.001);
#7487=CIRCLE('',#10933,0.001);
#7488=CIRCLE('',#10935,0.001);
#7489=CIRCLE('',#10936,0.0015);
#7490=CIRCLE('',#10945,0.0015);
#7491=CIRCLE('',#10946,0.0015);
#7492=CIRCLE('',#10947,0.0015);
#7493=CIRCLE('',#10948,0.0015);
#7494=CIRCLE('',#10949,0.0015);
#7495=CIRCLE('',#10950,0.0015);
#7496=CIRCLE('',#10951,0.0015);
#7497=CIRCLE('',#10952,0.0015);
#7498=CIRCLE('',#10953,0.0015);
#7499=CIRCLE('',#10954,0.0015);
#7500=CIRCLE('',#10955,0.0015);
#7501=CIRCLE('',#10956,0.0015);
#7502=CIRCLE('',#10957,0.015);
#7503=CIRCLE('',#10958,0.005);
#7504=CIRCLE('',#10959,0.0035);
#7505=CIRCLE('',#10960,0.0035);
#7506=CIRCLE('',#10961,0.0035);
#7507=CIRCLE('',#10962,0.0035);
#7508=CIRCLE('',#10963,0.005);
#7509=CIRCLE('',#10964,0.015);
#7510=CIRCLE('',#10965,0.005);
#7511=CIRCLE('',#10966,0.0035);
#7512=CIRCLE('',#10967,0.0035);
#7513=CIRCLE('',#10968,0.0035);
#7514=CIRCLE('',#10969,0.0035);
#7515=CIRCLE('',#10970,0.005);
#7516=CIRCLE('',#10971,0.015);
#7517=CIRCLE('',#10972,0.005);
#7518=CIRCLE('',#10973,0.0035);
#7519=CIRCLE('',#10974,0.0035);
#7520=CIRCLE('',#10975,0.0035);
#7521=CIRCLE('',#10976,0.0035);
#7522=CIRCLE('',#10977,0.005);
#7523=CIRCLE('',#10978,0.015);
#7524=CIRCLE('',#10979,0.005);
#7525=CIRCLE('',#10980,0.0035);
#7526=CIRCLE('',#10981,0.0035);
#7527=CIRCLE('',#10982,0.0035);
#7528=CIRCLE('',#10983,0.0035);
#7529=CIRCLE('',#10984,0.005);
#7530=CIRCLE('',#10986,0.001);
#7531=CIRCLE('',#10987,0.0015);
#7532=CIRCLE('',#10996,0.001);
#7533=CIRCLE('',#10997,0.0015);
#7534=CIRCLE('',#11006,0.001);
#7535=CIRCLE('',#11007,0.0015);
#7536=CIRCLE('',#11064,0.0015);
#7537=CIRCLE('',#11071,0.0015);
#7538=CIRCLE('',#11074,0.0015);
#7539=CIRCLE('',#11077,0.0015);
#7540=CIRCLE('',#11084,0.001);
#7541=CIRCLE('',#11093,0.001);
#7542=CIRCLE('',#11102,0.001);
#7543=CIRCLE('',#11111,0.001);
#7544=EDGE_LOOP('',(#2000));
#7545=EDGE_LOOP('',(#2001));
#7546=EDGE_LOOP('',(#2002));
#7547=EDGE_LOOP('',(#2003));
#7548=EDGE_LOOP('',(#2004));
#7549=EDGE_LOOP('',(#2005));
#7550=EDGE_LOOP('',(#2006,#2007,#2008,#2009,#2010,#2011));
#7551=EDGE_LOOP('',(#2012,#2013,#2014,#2015,#2016,#2017));
#7552=EDGE_LOOP('',(#2018,#2019,#2020,#2021,#2022,#2023));
#7553=EDGE_LOOP('',(#2024));
#7554=EDGE_LOOP('',(#2025));
#7555=EDGE_LOOP('',(#2026));
#7556=EDGE_LOOP('',(#2027));
#7557=EDGE_LOOP('',(#2028));
#7558=EDGE_LOOP('',(#2029));
#7559=EDGE_LOOP('',(#2030));
#7560=EDGE_LOOP('',(#2031));
#7561=EDGE_LOOP('',(#2032));
#7562=EDGE_LOOP('',(#2033));
#7563=EDGE_LOOP('',(#2034,#2035,#2036,#2037,#2038,#2039,#2040,#2041,#2042,
#2043,#2044,#2045,#2046,#2047,#2048,#2049,#2050,#2051,#2052,#2053,#2054,
#2055,#2056,#2057,#2058,#2059,#2060,#2061,#2062,#2063,#2064,#2065,#2066,
#2067,#2068,#2069,#2070,#2071,#2072,#2073,#2074,#2075,#2076,#2077,#2078,
#2079,#2080,#2081));
#7564=EDGE_LOOP('',(#2082,#2083,#2084,#2085,#2086,#2087));
#7565=EDGE_LOOP('',(#2088,#2089,#2090,#2091,#2092,#2093));
#7566=EDGE_LOOP('',(#2094,#2095,#2096,#2097,#2098,#2099));
#7567=EDGE_LOOP('',(#2100,#2101,#2102,#2103,#2104,#2105));
#7568=EDGE_LOOP('',(#2106,#2107,#2108,#2109,#2110,#2111));
#7569=EDGE_LOOP('',(#2112,#2113,#2114,#2115,#2116,#2117));
#7570=EDGE_LOOP('',(#2118));
#7571=EDGE_LOOP('',(#2119));
#7572=EDGE_LOOP('',(#2120));
#7573=EDGE_LOOP('',(#2121));
#7574=EDGE_LOOP('',(#2122));
#7575=EDGE_LOOP('',(#2123));
#7576=EDGE_LOOP('',(#2124));
#7577=EDGE_LOOP('',(#2125));
#7578=EDGE_LOOP('',(#2126));
#7579=EDGE_LOOP('',(#2127));
#7580=EDGE_LOOP('',(#2128,#2129,#2130,#2131,#2132,#2133,#2134,#2135,#2136,
#2137,#2138,#2139,#2140,#2141,#2142,#2143,#2144,#2145,#2146,#2147,#2148,
#2149,#2150,#2151,#2152,#2153,#2154,#2155,#2156,#2157,#2158,#2159,#2160,
#2161,#2162,#2163,#2164,#2165,#2166,#2167,#2168,#2169,#2170,#2171,#2172,
#2173,#2174,#2175));
#7581=EDGE_LOOP('',(#2176,#2177,#2178,#2179,#2180,#2181));
#7582=EDGE_LOOP('',(#2182,#2183,#2184,#2185,#2186,#2187));
#7583=EDGE_LOOP('',(#2188,#2189,#2190,#2191,#2192,#2193));
#7584=EDGE_LOOP('',(#2194));
#7585=EDGE_LOOP('',(#2195));
#7586=EDGE_LOOP('',(#2196));
#7587=EDGE_LOOP('',(#2197));
#7588=EDGE_LOOP('',(#2198));
#7589=EDGE_LOOP('',(#2199));
#7590=EDGE_LOOP('',(#2200));
#7591=EDGE_LOOP('',(#2201));
#7592=EDGE_LOOP('',(#2202));
#7593=EDGE_LOOP('',(#2203));
#7594=EDGE_LOOP('',(#2204));
#7595=EDGE_LOOP('',(#2205));
#7596=EDGE_LOOP('',(#2206,#2207,#2208,#2209,#2210,#2211));
#7597=EDGE_LOOP('',(#2212,#2213,#2214,#2215,#2216,#2217));
#7598=EDGE_LOOP('',(#2218,#2219,#2220,#2221,#2222,#2223));
#7599=EDGE_LOOP('',(#2224,#2225,#2226,#2227,#2228,#2229));
#7600=EDGE_LOOP('',(#2230));
#7601=EDGE_LOOP('',(#2231));
#7602=EDGE_LOOP('',(#2232));
#7603=EDGE_LOOP('',(#2233));
#7604=EDGE_LOOP('',(#2234));
#7605=EDGE_LOOP('',(#2235));
#7606=EDGE_LOOP('',(#2236));
#7607=EDGE_LOOP('',(#2237));
#7608=EDGE_LOOP('',(#2238,#2239,#2240,#2241,#2242,#2243,#2244,#2245,#2246,
#2247,#2248,#2249,#2250,#2251,#2252,#2253,#2254,#2255,#2256,#2257,#2258,
#2259,#2260,#2261,#2262,#2263,#2264,#2265,#2266,#2267,#2268,#2269,#2270,
#2271,#2272,#2273,#2274,#2275,#2276,#2277,#2278,#2279,#2280,#2281,#2282,
#2283,#2284,#2285));
#7609=EDGE_LOOP('',(#2286,#2287,#2288,#2289,#2290,#2291));
#7610=EDGE_LOOP('',(#2292,#2293,#2294,#2295,#2296,#2297));
#7611=EDGE_LOOP('',(#2298,#2299,#2300,#2301,#2302,#2303));
#7612=EDGE_LOOP('',(#2304,#2305,#2306,#2307,#2308,#2309));
#7613=EDGE_LOOP('',(#2310,#2311,#2312,#2313,#2314,#2315));
#7614=EDGE_LOOP('',(#2316,#2317,#2318,#2319,#2320,#2321));
#7615=EDGE_LOOP('',(#2322,#2323,#2324,#2325,#2326,#2327));
#7616=EDGE_LOOP('',(#2328,#2329,#2330,#2331,#2332,#2333));
#7617=EDGE_LOOP('',(#2334));
#7618=EDGE_LOOP('',(#2335));
#7619=EDGE_LOOP('',(#2336));
#7620=EDGE_LOOP('',(#2337));
#7621=EDGE_LOOP('',(#2338));
#7622=EDGE_LOOP('',(#2339));
#7623=EDGE_LOOP('',(#2340));
#7624=EDGE_LOOP('',(#2341));
#7625=EDGE_LOOP('',(#2342,#2343,#2344,#2345,#2346,#2347,#2348,#2349,#2350,
#2351,#2352,#2353,#2354,#2355,#2356,#2357,#2358,#2359,#2360,#2361,#2362,
#2363,#2364,#2365,#2366,#2367,#2368,#2369,#2370,#2371,#2372,#2373,#2374,
#2375,#2376,#2377,#2378,#2379,#2380,#2381,#2382,#2383,#2384,#2385,#2386,
#2387,#2388,#2389));
#7626=EDGE_LOOP('',(#2390,#2391,#2392,#2393,#2394,#2395));
#7627=EDGE_LOOP('',(#2396,#2397,#2398,#2399,#2400,#2401));
#7628=EDGE_LOOP('',(#2402,#2403,#2404,#2405,#2406,#2407));
#7629=EDGE_LOOP('',(#2408,#2409,#2410,#2411,#2412,#2413));
#7630=EDGE_LOOP('',(#2414));
#7631=EDGE_LOOP('',(#2415));
#7632=EDGE_LOOP('',(#2416));
#7633=EDGE_LOOP('',(#2417));
#7634=EDGE_LOOP('',(#2418));
#7635=EDGE_LOOP('',(#2419));
#7636=EDGE_LOOP('',(#2420,#2421,#2422,#2423,#2424,#2425));
#7637=EDGE_LOOP('',(#2426,#2427,#2428,#2429,#2430,#2431));
#7638=EDGE_LOOP('',(#2432,#2433,#2434,#2435,#2436,#2437));
#7639=EDGE_LOOP('',(#2438));
#7640=EDGE_LOOP('',(#2439));
#7641=EDGE_LOOP('',(#2440));
#7642=EDGE_LOOP('',(#2441));
#7643=EDGE_LOOP('',(#2442));
#7644=EDGE_LOOP('',(#2443));
#7645=EDGE_LOOP('',(#2444));
#7646=EDGE_LOOP('',(#2445));
#7647=EDGE_LOOP('',(#2446));
#7648=EDGE_LOOP('',(#2447));
#7649=EDGE_LOOP('',(#2448,#2449,#2450,#2451,#2452,#2453,#2454,#2455,#2456,
#2457,#2458,#2459,#2460,#2461,#2462,#2463,#2464,#2465,#2466,#2467,#2468,
#2469,#2470,#2471,#2472,#2473,#2474,#2475,#2476,#2477,#2478,#2479,#2480,
#2481,#2482,#2483,#2484,#2485,#2486,#2487,#2488,#2489,#2490,#2491,#2492,
#2493,#2494,#2495));
#7650=EDGE_LOOP('',(#2496,#2497,#2498,#2499,#2500,#2501));
#7651=EDGE_LOOP('',(#2502,#2503,#2504,#2505,#2506,#2507));
#7652=EDGE_LOOP('',(#2508,#2509,#2510,#2511,#2512,#2513));
#7653=EDGE_LOOP('',(#2514,#2515,#2516,#2517,#2518,#2519));
#7654=EDGE_LOOP('',(#2520,#2521,#2522,#2523,#2524,#2525));
#7655=EDGE_LOOP('',(#2526,#2527,#2528,#2529,#2530,#2531));
#7656=EDGE_LOOP('',(#2532));
#7657=EDGE_LOOP('',(#2533));
#7658=EDGE_LOOP('',(#2534));
#7659=EDGE_LOOP('',(#2535));
#7660=EDGE_LOOP('',(#2536));
#7661=EDGE_LOOP('',(#2537));
#7662=EDGE_LOOP('',(#2538));
#7663=EDGE_LOOP('',(#2539));
#7664=EDGE_LOOP('',(#2540));
#7665=EDGE_LOOP('',(#2541));
#7666=EDGE_LOOP('',(#2542,#2543,#2544,#2545,#2546,#2547,#2548,#2549,#2550,
#2551,#2552,#2553,#2554,#2555,#2556,#2557,#2558,#2559,#2560,#2561,#2562,
#2563,#2564,#2565,#2566,#2567,#2568,#2569,#2570,#2571,#2572,#2573,#2574,
#2575,#2576,#2577,#2578,#2579,#2580,#2581,#2582,#2583,#2584,#2585,#2586,
#2587,#2588,#2589));
#7667=EDGE_LOOP('',(#2590,#2591,#2592,#2593,#2594,#2595));
#7668=EDGE_LOOP('',(#2596,#2597,#2598,#2599,#2600,#2601));
#7669=EDGE_LOOP('',(#2602,#2603,#2604,#2605,#2606,#2607));
#7670=EDGE_LOOP('',(#2608));
#7671=EDGE_LOOP('',(#2609));
#7672=EDGE_LOOP('',(#2610));
#7673=EDGE_LOOP('',(#2611));
#7674=EDGE_LOOP('',(#2612));
#7675=EDGE_LOOP('',(#2613));
#7676=EDGE_LOOP('',(#2614,#2615,#2616,#2617,#2618,#2619));
#7677=EDGE_LOOP('',(#2620,#2621,#2622,#2623,#2624,#2625));
#7678=EDGE_LOOP('',(#2626));
#7679=EDGE_LOOP('',(#2627));
#7680=EDGE_LOOP('',(#2628));
#7681=EDGE_LOOP('',(#2629));
#7682=EDGE_LOOP('',(#2630));
#7683=EDGE_LOOP('',(#2631));
#7684=EDGE_LOOP('',(#2632));
#7685=EDGE_LOOP('',(#2633));
#7686=EDGE_LOOP('',(#2634));
#7687=EDGE_LOOP('',(#2635));
#7688=EDGE_LOOP('',(#2636));
#7689=EDGE_LOOP('',(#2637));
#7690=EDGE_LOOP('',(#2638,#2639,#2640,#2641,#2642,#2643,#2644,#2645,#2646,
#2647,#2648,#2649,#2650,#2651,#2652,#2653,#2654,#2655,#2656,#2657,#2658,
#2659,#2660,#2661,#2662,#2663,#2664,#2665,#2666,#2667,#2668,#2669,#2670,
#2671,#2672,#2673,#2674,#2675,#2676,#2677,#2678,#2679,#2680,#2681,#2682,
#2683,#2684,#2685));
#7691=EDGE_LOOP('',(#2686,#2687,#2688,#2689,#2690,#2691));
#7692=EDGE_LOOP('',(#2692,#2693,#2694,#2695,#2696,#2697));
#7693=EDGE_LOOP('',(#2698,#2699,#2700,#2701));
#7694=EDGE_LOOP('',(#2702,#2703,#2704,#2705));
#7695=EDGE_LOOP('',(#2706,#2707,#2708,#2709));
#7696=EDGE_LOOP('',(#2710,#2711,#2712,#2713));
#7697=EDGE_LOOP('',(#2714,#2715,#2716,#2717));
#7698=EDGE_LOOP('',(#2718,#2719,#2720,#2721));
#7699=EDGE_LOOP('',(#2722,#2723,#2724,#2725));
#7700=EDGE_LOOP('',(#2726,#2727,#2728,#2729));
#7701=EDGE_LOOP('',(#2730,#2731,#2732,#2733));
#7702=EDGE_LOOP('',(#2734,#2735,#2736,#2737));
#7703=EDGE_LOOP('',(#2738,#2739,#2740,#2741));
#7704=EDGE_LOOP('',(#2742,#2743,#2744,#2745));
#7705=EDGE_LOOP('',(#2746,#2747,#2748,#2749));
#7706=EDGE_LOOP('',(#2750,#2751,#2752,#2753));
#7707=EDGE_LOOP('',(#2754,#2755,#2756,#2757));
#7708=EDGE_LOOP('',(#2758,#2759,#2760,#2761));
#7709=EDGE_LOOP('',(#2762,#2763,#2764,#2765));
#7710=EDGE_LOOP('',(#2766,#2767,#2768,#2769));
#7711=EDGE_LOOP('',(#2770,#2771,#2772,#2773));
#7712=EDGE_LOOP('',(#2774,#2775,#2776,#2777));
#7713=EDGE_LOOP('',(#2778,#2779,#2780,#2781));
#7714=EDGE_LOOP('',(#2782,#2783,#2784,#2785));
#7715=EDGE_LOOP('',(#2786,#2787,#2788,#2789));
#7716=EDGE_LOOP('',(#2790,#2791,#2792,#2793));
#7717=EDGE_LOOP('',(#2794,#2795,#2796,#2797));
#7718=EDGE_LOOP('',(#2798,#2799,#2800,#2801));
#7719=EDGE_LOOP('',(#2802,#2803,#2804,#2805));
#7720=EDGE_LOOP('',(#2806,#2807,#2808,#2809));
#7721=EDGE_LOOP('',(#2810,#2811,#2812,#2813));
#7722=EDGE_LOOP('',(#2814,#2815,#2816,#2817));
#7723=EDGE_LOOP('',(#2818,#2819,#2820,#2821));
#7724=EDGE_LOOP('',(#2822,#2823,#2824,#2825));
#7725=EDGE_LOOP('',(#2826,#2827,#2828,#2829));
#7726=EDGE_LOOP('',(#2830,#2831,#2832,#2833));
#7727=EDGE_LOOP('',(#2834,#2835,#2836,#2837));
#7728=EDGE_LOOP('',(#2838,#2839,#2840,#2841));
#7729=EDGE_LOOP('',(#2842,#2843,#2844,#2845));
#7730=EDGE_LOOP('',(#2846,#2847,#2848,#2849));
#7731=EDGE_LOOP('',(#2850,#2851,#2852,#2853));
#7732=EDGE_LOOP('',(#2854,#2855,#2856,#2857));
#7733=EDGE_LOOP('',(#2858,#2859,#2860,#2861));
#7734=EDGE_LOOP('',(#2862,#2863,#2864,#2865));
#7735=EDGE_LOOP('',(#2866,#2867,#2868,#2869));
#7736=EDGE_LOOP('',(#2870,#2871,#2872,#2873));
#7737=EDGE_LOOP('',(#2874,#2875,#2876,#2877));
#7738=EDGE_LOOP('',(#2878,#2879,#2880,#2881));
#7739=EDGE_LOOP('',(#2882,#2883,#2884,#2885));
#7740=EDGE_LOOP('',(#2886));
#7741=EDGE_LOOP('',(#2887));
#7742=EDGE_LOOP('',(#2888));
#7743=EDGE_LOOP('',(#2889));
#7744=EDGE_LOOP('',(#2890));
#7745=EDGE_LOOP('',(#2891));
#7746=EDGE_LOOP('',(#2892));
#7747=EDGE_LOOP('',(#2893));
#7748=EDGE_LOOP('',(#2894));
#7749=EDGE_LOOP('',(#2895));
#7750=EDGE_LOOP('',(#2896));
#7751=EDGE_LOOP('',(#2897));
#7752=EDGE_LOOP('',(#2898));
#7753=EDGE_LOOP('',(#2899));
#7754=EDGE_LOOP('',(#2900));
#7755=EDGE_LOOP('',(#2901));
#7756=EDGE_LOOP('',(#2902));
#7757=EDGE_LOOP('',(#2903));
#7758=EDGE_LOOP('',(#2904));
#7759=EDGE_LOOP('',(#2905));
#7760=EDGE_LOOP('',(#2906));
#7761=EDGE_LOOP('',(#2907));
#7762=EDGE_LOOP('',(#2908));
#7763=EDGE_LOOP('',(#2909));
#7764=EDGE_LOOP('',(#2910));
#7765=EDGE_LOOP('',(#2911));
#7766=EDGE_LOOP('',(#2912));
#7767=EDGE_LOOP('',(#2913));
#7768=EDGE_LOOP('',(#2914));
#7769=EDGE_LOOP('',(#2915));
#7770=EDGE_LOOP('',(#2916));
#7771=EDGE_LOOP('',(#2917));
#7772=EDGE_LOOP('',(#2918,#2919,#2920,#2921));
#7773=EDGE_LOOP('',(#2922));
#7774=EDGE_LOOP('',(#2923));
#7775=EDGE_LOOP('',(#2924));
#7776=EDGE_LOOP('',(#2925));
#7777=EDGE_LOOP('',(#2926));
#7778=EDGE_LOOP('',(#2927));
#7779=EDGE_LOOP('',(#2928));
#7780=EDGE_LOOP('',(#2929));
#7781=EDGE_LOOP('',(#2930));
#7782=EDGE_LOOP('',(#2931));
#7783=EDGE_LOOP('',(#2932));
#7784=EDGE_LOOP('',(#2933));
#7785=EDGE_LOOP('',(#2934));
#7786=EDGE_LOOP('',(#2935));
#7787=EDGE_LOOP('',(#2936));
#7788=EDGE_LOOP('',(#2937));
#7789=EDGE_LOOP('',(#2938,#2939,#2940,#2941,#2942,#2943,#2944,#2945,#2946,
#2947,#2948,#2949,#2950,#2951,#2952,#2953,#2954,#2955,#2956,#2957,#2958,
#2959,#2960,#2961,#2962,#2963,#2964,#2965,#2966,#2967,#2968,#2969,#2970,
#2971,#2972,#2973,#2974,#2975,#2976,#2977,#2978,#2979,#2980,#2981,#2982,
#2983,#2984,#2985));
#7790=EDGE_LOOP('',(#2986));
#7791=EDGE_LOOP('',(#2987));
#7792=EDGE_LOOP('',(#2988));
#7793=EDGE_LOOP('',(#2989));
#7794=EDGE_LOOP('',(#2990));
#7795=EDGE_LOOP('',(#2991));
#7796=EDGE_LOOP('',(#2992));
#7797=EDGE_LOOP('',(#2993));
#7798=EDGE_LOOP('',(#2994));
#7799=EDGE_LOOP('',(#2995));
#7800=EDGE_LOOP('',(#2996));
#7801=EDGE_LOOP('',(#2997));
#7802=EDGE_LOOP('',(#2998));
#7803=EDGE_LOOP('',(#2999));
#7804=EDGE_LOOP('',(#3000,#3001,#3002,#3003));
#7805=EDGE_LOOP('',(#3004,#3005,#3006,#3007));
#7806=EDGE_LOOP('',(#3008,#3009,#3010,#3011));
#7807=EDGE_LOOP('',(#3012,#3013,#3014,#3015));
#7808=EDGE_LOOP('',(#3016,#3017,#3018,#3019));
#7809=EDGE_LOOP('',(#3020,#3021,#3022,#3023));
#7810=EDGE_LOOP('',(#3024,#3025,#3026,#3027));
#7811=EDGE_LOOP('',(#3028,#3029,#3030,#3031));
#7812=EDGE_LOOP('',(#3032,#3033,#3034,#3035));
#7813=EDGE_LOOP('',(#3036,#3037,#3038,#3039));
#7814=EDGE_LOOP('',(#3040,#3041,#3042,#3043));
#7815=EDGE_LOOP('',(#3044,#3045,#3046,#3047));
#7816=EDGE_LOOP('',(#3048,#3049,#3050,#3051));
#7817=EDGE_LOOP('',(#3052,#3053,#3054,#3055));
#7818=EDGE_LOOP('',(#3056,#3057,#3058,#3059));
#7819=EDGE_LOOP('',(#3060,#3061,#3062,#3063));
#7820=EDGE_LOOP('',(#3064,#3065,#3066,#3067));
#7821=EDGE_LOOP('',(#3068,#3069,#3070,#3071));
#7822=EDGE_LOOP('',(#3072,#3073,#3074,#3075));
#7823=EDGE_LOOP('',(#3076,#3077,#3078,#3079));
#7824=EDGE_LOOP('',(#3080,#3081,#3082,#3083));
#7825=EDGE_LOOP('',(#3084,#3085,#3086,#3087));
#7826=EDGE_LOOP('',(#3088,#3089,#3090,#3091));
#7827=EDGE_LOOP('',(#3092,#3093,#3094,#3095));
#7828=EDGE_LOOP('',(#3096,#3097,#3098,#3099));
#7829=EDGE_LOOP('',(#3100,#3101,#3102,#3103));
#7830=EDGE_LOOP('',(#3104,#3105,#3106,#3107));
#7831=EDGE_LOOP('',(#3108,#3109,#3110,#3111));
#7832=EDGE_LOOP('',(#3112,#3113,#3114,#3115));
#7833=EDGE_LOOP('',(#3116,#3117,#3118,#3119));
#7834=EDGE_LOOP('',(#3120,#3121,#3122,#3123));
#7835=EDGE_LOOP('',(#3124,#3125,#3126,#3127));
#7836=EDGE_LOOP('',(#3128,#3129,#3130,#3131));
#7837=EDGE_LOOP('',(#3132,#3133,#3134,#3135));
#7838=EDGE_LOOP('',(#3136,#3137,#3138,#3139));
#7839=EDGE_LOOP('',(#3140,#3141,#3142,#3143));
#7840=EDGE_LOOP('',(#3144,#3145,#3146,#3147));
#7841=EDGE_LOOP('',(#3148,#3149,#3150,#3151));
#7842=EDGE_LOOP('',(#3152,#3153,#3154,#3155));
#7843=EDGE_LOOP('',(#3156,#3157,#3158,#3159));
#7844=EDGE_LOOP('',(#3160,#3161,#3162,#3163));
#7845=EDGE_LOOP('',(#3164,#3165,#3166,#3167));
#7846=EDGE_LOOP('',(#3168,#3169,#3170,#3171));
#7847=EDGE_LOOP('',(#3172,#3173,#3174,#3175));
#7848=EDGE_LOOP('',(#3176,#3177,#3178,#3179));
#7849=EDGE_LOOP('',(#3180,#3181,#3182,#3183));
#7850=EDGE_LOOP('',(#3184,#3185,#3186,#3187));
#7851=EDGE_LOOP('',(#3188));
#7852=EDGE_LOOP('',(#3189));
#7853=EDGE_LOOP('',(#3190));
#7854=EDGE_LOOP('',(#3191));
#7855=EDGE_LOOP('',(#3192));
#7856=EDGE_LOOP('',(#3193));
#7857=EDGE_LOOP('',(#3194));
#7858=EDGE_LOOP('',(#3195));
#7859=EDGE_LOOP('',(#3196));
#7860=EDGE_LOOP('',(#3197));
#7861=EDGE_LOOP('',(#3198));
#7862=EDGE_LOOP('',(#3199));
#7863=EDGE_LOOP('',(#3200));
#7864=EDGE_LOOP('',(#3201));
#7865=EDGE_LOOP('',(#3202));
#7866=EDGE_LOOP('',(#3203));
#7867=EDGE_LOOP('',(#3204));
#7868=EDGE_LOOP('',(#3205));
#7869=EDGE_LOOP('',(#3206));
#7870=EDGE_LOOP('',(#3207));
#7871=EDGE_LOOP('',(#3208));
#7872=EDGE_LOOP('',(#3209));
#7873=EDGE_LOOP('',(#3210));
#7874=EDGE_LOOP('',(#3211));
#7875=EDGE_LOOP('',(#3212));
#7876=EDGE_LOOP('',(#3213));
#7877=EDGE_LOOP('',(#3214));
#7878=EDGE_LOOP('',(#3215));
#7879=EDGE_LOOP('',(#3216));
#7880=EDGE_LOOP('',(#3217));
#7881=EDGE_LOOP('',(#3218));
#7882=EDGE_LOOP('',(#3219));
#7883=EDGE_LOOP('',(#3220,#3221,#3222,#3223));
#7884=EDGE_LOOP('',(#3224));
#7885=EDGE_LOOP('',(#3225));
#7886=EDGE_LOOP('',(#3226));
#7887=EDGE_LOOP('',(#3227));
#7888=EDGE_LOOP('',(#3228));
#7889=EDGE_LOOP('',(#3229));
#7890=EDGE_LOOP('',(#3230));
#7891=EDGE_LOOP('',(#3231));
#7892=EDGE_LOOP('',(#3232,#3233,#3234,#3235));
#7893=EDGE_LOOP('',(#3236,#3237,#3238,#3239));
#7894=EDGE_LOOP('',(#3240,#3241,#3242,#3243));
#7895=EDGE_LOOP('',(#3244,#3245,#3246,#3247));
#7896=EDGE_LOOP('',(#3248,#3249,#3250,#3251));
#7897=EDGE_LOOP('',(#3252,#3253,#3254,#3255));
#7898=EDGE_LOOP('',(#3256));
#7899=EDGE_LOOP('',(#3257));
#7900=EDGE_LOOP('',(#3258));
#7901=EDGE_LOOP('',(#3259));
#7902=EDGE_LOOP('',(#3260));
#7903=EDGE_LOOP('',(#3261));
#7904=EDGE_LOOP('',(#3262));
#7905=EDGE_LOOP('',(#3263));
#7906=EDGE_LOOP('',(#3264));
#7907=EDGE_LOOP('',(#3265));
#7908=EDGE_LOOP('',(#3266));
#7909=EDGE_LOOP('',(#3267));
#7910=EDGE_LOOP('',(#3268));
#7911=EDGE_LOOP('',(#3269));
#7912=EDGE_LOOP('',(#3270));
#7913=EDGE_LOOP('',(#3271));
#7914=EDGE_LOOP('',(#3272));
#7915=EDGE_LOOP('',(#3273));
#7916=EDGE_LOOP('',(#3274));
#7917=EDGE_LOOP('',(#3275));
#7918=EDGE_LOOP('',(#3276));
#7919=EDGE_LOOP('',(#3277));
#7920=EDGE_LOOP('',(#3278));
#7921=EDGE_LOOP('',(#3279));
#7922=EDGE_LOOP('',(#3280));
#7923=EDGE_LOOP('',(#3281));
#7924=EDGE_LOOP('',(#3282,#3283,#3284,#3285));
#7925=EDGE_LOOP('',(#3286,#3287,#3288,#3289));
#7926=EDGE_LOOP('',(#3290,#3291,#3292,#3293));
#7927=EDGE_LOOP('',(#3294,#3295,#3296,#3297));
#7928=EDGE_LOOP('',(#3298,#3299,#3300,#3301));
#7929=EDGE_LOOP('',(#3302,#3303,#3304,#3305));
#7930=EDGE_LOOP('',(#3306,#3307,#3308,#3309));
#7931=EDGE_LOOP('',(#3310,#3311,#3312,#3313));
#7932=EDGE_LOOP('',(#3314,#3315,#3316,#3317));
#7933=EDGE_LOOP('',(#3318,#3319,#3320,#3321));
#7934=EDGE_LOOP('',(#3322,#3323,#3324,#3325));
#7935=EDGE_LOOP('',(#3326,#3327,#3328,#3329));
#7936=EDGE_LOOP('',(#3330,#3331,#3332,#3333));
#7937=EDGE_LOOP('',(#3334,#3335,#3336,#3337));
#7938=EDGE_LOOP('',(#3338,#3339,#3340,#3341));
#7939=EDGE_LOOP('',(#3342,#3343,#3344,#3345));
#7940=EDGE_LOOP('',(#3346,#3347,#3348,#3349));
#7941=EDGE_LOOP('',(#3350,#3351,#3352,#3353));
#7942=EDGE_LOOP('',(#3354,#3355,#3356,#3357));
#7943=EDGE_LOOP('',(#3358,#3359,#3360,#3361));
#7944=EDGE_LOOP('',(#3362,#3363,#3364,#3365));
#7945=EDGE_LOOP('',(#3366,#3367,#3368,#3369));
#7946=EDGE_LOOP('',(#3370,#3371,#3372,#3373));
#7947=EDGE_LOOP('',(#3374,#3375,#3376,#3377));
#7948=EDGE_LOOP('',(#3378,#3379,#3380,#3381));
#7949=EDGE_LOOP('',(#3382,#3383,#3384,#3385));
#7950=EDGE_LOOP('',(#3386,#3387,#3388,#3389));
#7951=EDGE_LOOP('',(#3390,#3391,#3392,#3393));
#7952=EDGE_LOOP('',(#3394,#3395,#3396,#3397));
#7953=EDGE_LOOP('',(#3398,#3399,#3400,#3401));
#7954=EDGE_LOOP('',(#3402,#3403,#3404,#3405));
#7955=EDGE_LOOP('',(#3406,#3407,#3408,#3409));
#7956=EDGE_LOOP('',(#3410,#3411,#3412,#3413));
#7957=EDGE_LOOP('',(#3414,#3415,#3416,#3417));
#7958=EDGE_LOOP('',(#3418,#3419,#3420,#3421));
#7959=EDGE_LOOP('',(#3422,#3423,#3424,#3425));
#7960=EDGE_LOOP('',(#3426,#3427,#3428,#3429));
#7961=EDGE_LOOP('',(#3430,#3431,#3432,#3433));
#7962=EDGE_LOOP('',(#3434,#3435,#3436,#3437));
#7963=EDGE_LOOP('',(#3438,#3439,#3440,#3441));
#7964=EDGE_LOOP('',(#3442,#3443,#3444,#3445));
#7965=EDGE_LOOP('',(#3446,#3447,#3448,#3449));
#7966=EDGE_LOOP('',(#3450,#3451,#3452,#3453));
#7967=EDGE_LOOP('',(#3454,#3455,#3456,#3457));
#7968=EDGE_LOOP('',(#3458,#3459,#3460,#3461));
#7969=EDGE_LOOP('',(#3462,#3463,#3464,#3465));
#7970=EDGE_LOOP('',(#3466,#3467,#3468,#3469));
#7971=EDGE_LOOP('',(#3470));
#7972=EDGE_LOOP('',(#3471));
#7973=EDGE_LOOP('',(#3472));
#7974=EDGE_LOOP('',(#3473));
#7975=EDGE_LOOP('',(#3474));
#7976=EDGE_LOOP('',(#3475));
#7977=EDGE_LOOP('',(#3476));
#7978=EDGE_LOOP('',(#3477));
#7979=EDGE_LOOP('',(#3478));
#7980=EDGE_LOOP('',(#3479));
#7981=EDGE_LOOP('',(#3480));
#7982=EDGE_LOOP('',(#3481));
#7983=EDGE_LOOP('',(#3482));
#7984=EDGE_LOOP('',(#3483));
#7985=EDGE_LOOP('',(#3484));
#7986=EDGE_LOOP('',(#3485));
#7987=EDGE_LOOP('',(#3486));
#7988=EDGE_LOOP('',(#3487));
#7989=EDGE_LOOP('',(#3488));
#7990=EDGE_LOOP('',(#3489));
#7991=EDGE_LOOP('',(#3490));
#7992=EDGE_LOOP('',(#3491));
#7993=EDGE_LOOP('',(#3492));
#7994=EDGE_LOOP('',(#3493));
#7995=EDGE_LOOP('',(#3494));
#7996=EDGE_LOOP('',(#3495));
#7997=EDGE_LOOP('',(#3496));
#7998=EDGE_LOOP('',(#3497));
#7999=EDGE_LOOP('',(#3498));
#8000=EDGE_LOOP('',(#3499));
#8001=EDGE_LOOP('',(#3500));
#8002=EDGE_LOOP('',(#3501));
#8003=EDGE_LOOP('',(#3502,#3503,#3504,#3505));
#8004=EDGE_LOOP('',(#3506));
#8005=EDGE_LOOP('',(#3507));
#8006=EDGE_LOOP('',(#3508));
#8007=EDGE_LOOP('',(#3509));
#8008=EDGE_LOOP('',(#3510));
#8009=EDGE_LOOP('',(#3511));
#8010=EDGE_LOOP('',(#3512));
#8011=EDGE_LOOP('',(#3513));
#8012=EDGE_LOOP('',(#3514));
#8013=EDGE_LOOP('',(#3515));
#8014=EDGE_LOOP('',(#3516));
#8015=EDGE_LOOP('',(#3517));
#8016=EDGE_LOOP('',(#3518));
#8017=EDGE_LOOP('',(#3519));
#8018=EDGE_LOOP('',(#3520));
#8019=EDGE_LOOP('',(#3521));
#8020=EDGE_LOOP('',(#3522,#3523,#3524,#3525,#3526,#3527,#3528,#3529,#3530,
#3531,#3532,#3533,#3534,#3535,#3536,#3537,#3538,#3539,#3540,#3541,#3542,
#3543,#3544,#3545,#3546,#3547,#3548,#3549,#3550,#3551,#3552,#3553,#3554,
#3555,#3556,#3557,#3558,#3559,#3560,#3561,#3562,#3563,#3564,#3565,#3566,
#3567,#3568,#3569));
#8021=EDGE_LOOP('',(#3570));
#8022=EDGE_LOOP('',(#3571));
#8023=EDGE_LOOP('',(#3572));
#8024=EDGE_LOOP('',(#3573));
#8025=EDGE_LOOP('',(#3574));
#8026=EDGE_LOOP('',(#3575));
#8027=EDGE_LOOP('',(#3576,#3577,#3578,#3579));
#8028=EDGE_LOOP('',(#3580,#3581,#3582,#3583));
#8029=EDGE_LOOP('',(#3584,#3585,#3586,#3587));
#8030=EDGE_LOOP('',(#3588,#3589,#3590,#3591));
#8031=EDGE_LOOP('',(#3592,#3593,#3594,#3595));
#8032=EDGE_LOOP('',(#3596,#3597,#3598,#3599));
#8033=EDGE_LOOP('',(#3600,#3601,#3602,#3603));
#8034=EDGE_LOOP('',(#3604,#3605,#3606,#3607));
#8035=EDGE_LOOP('',(#3608,#3609,#3610,#3611));
#8036=EDGE_LOOP('',(#3612,#3613,#3614,#3615));
#8037=EDGE_LOOP('',(#3616,#3617,#3618,#3619));
#8038=EDGE_LOOP('',(#3620,#3621,#3622,#3623));
#8039=EDGE_LOOP('',(#3624,#3625,#3626,#3627));
#8040=EDGE_LOOP('',(#3628,#3629,#3630,#3631));
#8041=EDGE_LOOP('',(#3632,#3633,#3634,#3635));
#8042=EDGE_LOOP('',(#3636,#3637,#3638,#3639));
#8043=EDGE_LOOP('',(#3640,#3641,#3642,#3643));
#8044=EDGE_LOOP('',(#3644,#3645,#3646,#3647));
#8045=EDGE_LOOP('',(#3648,#3649,#3650,#3651));
#8046=EDGE_LOOP('',(#3652,#3653,#3654,#3655));
#8047=EDGE_LOOP('',(#3656,#3657,#3658,#3659));
#8048=EDGE_LOOP('',(#3660,#3661,#3662,#3663));
#8049=EDGE_LOOP('',(#3664,#3665,#3666,#3667));
#8050=EDGE_LOOP('',(#3668,#3669,#3670,#3671));
#8051=EDGE_LOOP('',(#3672,#3673,#3674,#3675));
#8052=EDGE_LOOP('',(#3676,#3677,#3678,#3679));
#8053=EDGE_LOOP('',(#3680,#3681,#3682,#3683));
#8054=EDGE_LOOP('',(#3684,#3685,#3686,#3687));
#8055=EDGE_LOOP('',(#3688,#3689,#3690,#3691));
#8056=EDGE_LOOP('',(#3692,#3693,#3694,#3695));
#8057=EDGE_LOOP('',(#3696,#3697,#3698,#3699));
#8058=EDGE_LOOP('',(#3700,#3701,#3702,#3703));
#8059=EDGE_LOOP('',(#3704,#3705,#3706,#3707));
#8060=EDGE_LOOP('',(#3708,#3709,#3710,#3711));
#8061=EDGE_LOOP('',(#3712,#3713,#3714,#3715));
#8062=EDGE_LOOP('',(#3716,#3717,#3718,#3719));
#8063=EDGE_LOOP('',(#3720,#3721,#3722,#3723));
#8064=EDGE_LOOP('',(#3724,#3725,#3726,#3727));
#8065=EDGE_LOOP('',(#3728,#3729,#3730,#3731));
#8066=EDGE_LOOP('',(#3732,#3733,#3734,#3735));
#8067=EDGE_LOOP('',(#3736,#3737,#3738,#3739));
#8068=EDGE_LOOP('',(#3740,#3741,#3742,#3743));
#8069=EDGE_LOOP('',(#3744,#3745,#3746,#3747));
#8070=EDGE_LOOP('',(#3748,#3749,#3750,#3751));
#8071=EDGE_LOOP('',(#3752,#3753,#3754,#3755));
#8072=EDGE_LOOP('',(#3756,#3757,#3758,#3759));
#8073=EDGE_LOOP('',(#3760,#3761,#3762,#3763));
#8074=EDGE_LOOP('',(#3764));
#8075=EDGE_LOOP('',(#3765));
#8076=EDGE_LOOP('',(#3766));
#8077=EDGE_LOOP('',(#3767));
#8078=EDGE_LOOP('',(#3768));
#8079=EDGE_LOOP('',(#3769));
#8080=EDGE_LOOP('',(#3770));
#8081=EDGE_LOOP('',(#3771));
#8082=EDGE_LOOP('',(#3772));
#8083=EDGE_LOOP('',(#3773));
#8084=EDGE_LOOP('',(#3774));
#8085=EDGE_LOOP('',(#3775));
#8086=EDGE_LOOP('',(#3776));
#8087=EDGE_LOOP('',(#3777));
#8088=EDGE_LOOP('',(#3778));
#8089=EDGE_LOOP('',(#3779));
#8090=EDGE_LOOP('',(#3780));
#8091=EDGE_LOOP('',(#3781));
#8092=EDGE_LOOP('',(#3782));
#8093=EDGE_LOOP('',(#3783));
#8094=EDGE_LOOP('',(#3784));
#8095=EDGE_LOOP('',(#3785));
#8096=EDGE_LOOP('',(#3786));
#8097=EDGE_LOOP('',(#3787));
#8098=EDGE_LOOP('',(#3788));
#8099=EDGE_LOOP('',(#3789));
#8100=EDGE_LOOP('',(#3790));
#8101=EDGE_LOOP('',(#3791));
#8102=EDGE_LOOP('',(#3792));
#8103=EDGE_LOOP('',(#3793));
#8104=EDGE_LOOP('',(#3794));
#8105=EDGE_LOOP('',(#3795));
#8106=EDGE_LOOP('',(#3796,#3797,#3798,#3799));
#8107=EDGE_LOOP('',(#3800));
#8108=EDGE_LOOP('',(#3801));
#8109=EDGE_LOOP('',(#3802,#3803,#3804,#3805));
#8110=EDGE_LOOP('',(#3806,#3807,#3808,#3809));
#8111=EDGE_LOOP('',(#3810,#3811,#3812,#3813));
#8112=EDGE_LOOP('',(#3814,#3815,#3816,#3817));
#8113=EDGE_LOOP('',(#3818,#3819,#3820,#3821));
#8114=EDGE_LOOP('',(#3822,#3823,#3824,#3825));
#8115=EDGE_LOOP('',(#3826));
#8116=EDGE_LOOP('',(#3827));
#8117=EDGE_LOOP('',(#3828));
#8118=EDGE_LOOP('',(#3829));
#8119=EDGE_LOOP('',(#3830,#3831,#3832,#3833));
#8120=EDGE_LOOP('',(#3834,#3835,#3836,#3837));
#8121=EDGE_LOOP('',(#3838,#3839,#3840,#3841));
#8122=EDGE_LOOP('',(#3842,#3843,#3844,#3845));
#8123=EDGE_LOOP('',(#3846,#3847,#3848,#3849));
#8124=EDGE_LOOP('',(#3850,#3851,#3852,#3853));
#8125=EDGE_LOOP('',(#3854));
#8126=EDGE_LOOP('',(#3855));
#8127=EDGE_LOOP('',(#3856));
#8128=EDGE_LOOP('',(#3857));
#8129=EDGE_LOOP('',(#3858,#3859,#3860,#3861));
#8130=EDGE_LOOP('',(#3862,#3863,#3864,#3865));
#8131=EDGE_LOOP('',(#3866,#3867,#3868,#3869));
#8132=EDGE_LOOP('',(#3870,#3871,#3872,#3873));
#8133=EDGE_LOOP('',(#3874,#3875,#3876,#3877));
#8134=EDGE_LOOP('',(#3878,#3879,#3880,#3881));
#8135=EDGE_LOOP('',(#3882));
#8136=EDGE_LOOP('',(#3883));
#8137=EDGE_LOOP('',(#3884));
#8138=EDGE_LOOP('',(#3885));
#8139=EDGE_LOOP('',(#3886,#3887,#3888,#3889));
#8140=EDGE_LOOP('',(#3890,#3891,#3892,#3893));
#8141=EDGE_LOOP('',(#3894,#3895,#3896,#3897));
#8142=EDGE_LOOP('',(#3898,#3899,#3900,#3901));
#8143=EDGE_LOOP('',(#3902,#3903,#3904,#3905));
#8144=EDGE_LOOP('',(#3906,#3907,#3908,#3909));
#8145=EDGE_LOOP('',(#3910));
#8146=EDGE_LOOP('',(#3911));
#8147=EDGE_LOOP('',(#3912));
#8148=EDGE_LOOP('',(#3913));
#8149=EDGE_LOOP('',(#3914,#3915,#3916,#3917));
#8150=EDGE_LOOP('',(#3918,#3919,#3920,#3921));
#8151=EDGE_LOOP('',(#3922,#3923,#3924,#3925));
#8152=EDGE_LOOP('',(#3926,#3927,#3928,#3929));
#8153=EDGE_LOOP('',(#3930,#3931,#3932,#3933));
#8154=EDGE_LOOP('',(#3934,#3935,#3936,#3937));
#8155=EDGE_LOOP('',(#3938));
#8156=EDGE_LOOP('',(#3939));
#8157=EDGE_LOOP('',(#3940,#3941,#3942,#3943));
#8158=EDGE_LOOP('',(#3944,#3945,#3946,#3947));
#8159=EDGE_LOOP('',(#3948,#3949,#3950,#3951));
#8160=EDGE_LOOP('',(#3952,#3953,#3954,#3955));
#8161=EDGE_LOOP('',(#3956,#3957,#3958,#3959));
#8162=EDGE_LOOP('',(#3960,#3961,#3962,#3963));
#8163=EDGE_LOOP('',(#3964,#3965,#3966,#3967));
#8164=EDGE_LOOP('',(#3968,#3969,#3970,#3971));
#8165=EDGE_LOOP('',(#3972,#3973,#3974,#3975));
#8166=EDGE_LOOP('',(#3976,#3977,#3978,#3979));
#8167=EDGE_LOOP('',(#3980,#3981,#3982,#3983));
#8168=EDGE_LOOP('',(#3984,#3985,#3986,#3987));
#8169=EDGE_LOOP('',(#3988,#3989,#3990,#3991));
#8170=EDGE_LOOP('',(#3992,#3993,#3994,#3995));
#8171=EDGE_LOOP('',(#3996,#3997,#3998,#3999));
#8172=EDGE_LOOP('',(#4000,#4001,#4002,#4003));
#8173=EDGE_LOOP('',(#4004,#4005,#4006,#4007));
#8174=EDGE_LOOP('',(#4008,#4009,#4010,#4011));
#8175=EDGE_LOOP('',(#4012,#4013,#4014,#4015));
#8176=EDGE_LOOP('',(#4016,#4017,#4018,#4019));
#8177=EDGE_LOOP('',(#4020,#4021,#4022,#4023));
#8178=EDGE_LOOP('',(#4024,#4025,#4026,#4027));
#8179=EDGE_LOOP('',(#4028,#4029,#4030,#4031));
#8180=EDGE_LOOP('',(#4032,#4033,#4034,#4035));
#8181=EDGE_LOOP('',(#4036));
#8182=EDGE_LOOP('',(#4037));
#8183=EDGE_LOOP('',(#4038));
#8184=EDGE_LOOP('',(#4039));
#8185=EDGE_LOOP('',(#4040));
#8186=EDGE_LOOP('',(#4041));
#8187=EDGE_LOOP('',(#4042));
#8188=EDGE_LOOP('',(#4043));
#8189=EDGE_LOOP('',(#4044));
#8190=EDGE_LOOP('',(#4045));
#8191=EDGE_LOOP('',(#4046,#4047,#4048,#4049));
#8192=EDGE_LOOP('',(#4050,#4051,#4052,#4053));
#8193=EDGE_LOOP('',(#4054,#4055,#4056,#4057));
#8194=EDGE_LOOP('',(#4058,#4059,#4060,#4061));
#8195=EDGE_LOOP('',(#4062,#4063,#4064,#4065));
#8196=EDGE_LOOP('',(#4066,#4067,#4068,#4069));
#8197=EDGE_LOOP('',(#4070));
#8198=EDGE_LOOP('',(#4071));
#8199=EDGE_LOOP('',(#4072,#4073,#4074,#4075,#4076,#4077));
#8200=EDGE_LOOP('',(#4078,#4079,#4080,#4081,#4082,#4083));
#8201=EDGE_LOOP('',(#4084));
#8202=EDGE_LOOP('',(#4085));
#8203=EDGE_LOOP('',(#4086));
#8204=EDGE_LOOP('',(#4087));
#8205=EDGE_LOOP('',(#4088));
#8206=EDGE_LOOP('',(#4089));
#8207=EDGE_LOOP('',(#4090));
#8208=EDGE_LOOP('',(#4091));
#8209=EDGE_LOOP('',(#4092));
#8210=EDGE_LOOP('',(#4093));
#8211=EDGE_LOOP('',(#4094));
#8212=EDGE_LOOP('',(#4095));
#8213=EDGE_LOOP('',(#4096,#4097,#4098,#4099,#4100,#4101,#4102,#4103,#4104,
#4105,#4106,#4107,#4108,#4109,#4110,#4111,#4112,#4113,#4114,#4115,#4116,
#4117,#4118,#4119,#4120,#4121,#4122,#4123,#4124,#4125,#4126,#4127,#4128,
#4129,#4130,#4131,#4132,#4133,#4134,#4135,#4136,#4137,#4138,#4139,#4140,
#4141,#4142,#4143));
#8214=EDGE_LOOP('',(#4144,#4145,#4146,#4147,#4148,#4149));
#8215=EDGE_LOOP('',(#4150,#4151,#4152,#4153,#4154,#4155));
#8216=EDGE_LOOP('',(#4156));
#8217=EDGE_LOOP('',(#4157));
#8218=EDGE_LOOP('',(#4158,#4159,#4160,#4161));
#8219=EDGE_LOOP('',(#4162,#4163,#4164,#4165));
#8220=EDGE_LOOP('',(#4166,#4167,#4168,#4169));
#8221=EDGE_LOOP('',(#4170,#4171,#4172,#4173));
#8222=EDGE_LOOP('',(#4174,#4175,#4176,#4177));
#8223=EDGE_LOOP('',(#4178,#4179,#4180,#4181));
#8224=EDGE_LOOP('',(#4182));
#8225=EDGE_LOOP('',(#4183));
#8226=EDGE_LOOP('',(#4184));
#8227=EDGE_LOOP('',(#4185));
#8228=EDGE_LOOP('',(#4186,#4187,#4188,#4189));
#8229=EDGE_LOOP('',(#4190,#4191,#4192,#4193));
#8230=EDGE_LOOP('',(#4194,#4195,#4196,#4197));
#8231=EDGE_LOOP('',(#4198,#4199,#4200,#4201));
#8232=EDGE_LOOP('',(#4202,#4203,#4204,#4205));
#8233=EDGE_LOOP('',(#4206,#4207,#4208,#4209));
#8234=EDGE_LOOP('',(#4210));
#8235=EDGE_LOOP('',(#4211));
#8236=EDGE_LOOP('',(#4212));
#8237=EDGE_LOOP('',(#4213));
#8238=EDGE_LOOP('',(#4214,#4215,#4216,#4217));
#8239=EDGE_LOOP('',(#4218,#4219,#4220,#4221));
#8240=EDGE_LOOP('',(#4222,#4223,#4224,#4225));
#8241=EDGE_LOOP('',(#4226,#4227,#4228,#4229));
#8242=EDGE_LOOP('',(#4230,#4231,#4232,#4233));
#8243=EDGE_LOOP('',(#4234,#4235,#4236,#4237));
#8244=EDGE_LOOP('',(#4238));
#8245=EDGE_LOOP('',(#4239));
#8246=EDGE_LOOP('',(#4240,#4241,#4242,#4243));
#8247=EDGE_LOOP('',(#4244,#4245,#4246,#4247));
#8248=EDGE_LOOP('',(#4248,#4249,#4250,#4251));
#8249=EDGE_LOOP('',(#4252,#4253,#4254,#4255));
#8250=EDGE_LOOP('',(#4256,#4257,#4258,#4259));
#8251=EDGE_LOOP('',(#4260,#4261,#4262,#4263));
#8252=EDGE_LOOP('',(#4264,#4265,#4266,#4267));
#8253=EDGE_LOOP('',(#4268,#4269,#4270,#4271));
#8254=EDGE_LOOP('',(#4272,#4273,#4274,#4275));
#8255=EDGE_LOOP('',(#4276,#4277,#4278,#4279));
#8256=EDGE_LOOP('',(#4280,#4281,#4282,#4283));
#8257=EDGE_LOOP('',(#4284,#4285,#4286,#4287));
#8258=EDGE_LOOP('',(#4288,#4289,#4290,#4291));
#8259=EDGE_LOOP('',(#4292,#4293,#4294,#4295));
#8260=EDGE_LOOP('',(#4296,#4297,#4298,#4299));
#8261=EDGE_LOOP('',(#4300,#4301,#4302,#4303));
#8262=EDGE_LOOP('',(#4304,#4305,#4306,#4307));
#8263=EDGE_LOOP('',(#4308,#4309,#4310,#4311));
#8264=EDGE_LOOP('',(#4312,#4313,#4314,#4315));
#8265=EDGE_LOOP('',(#4316,#4317,#4318,#4319));
#8266=EDGE_LOOP('',(#4320,#4321,#4322,#4323));
#8267=EDGE_LOOP('',(#4324,#4325,#4326,#4327));
#8268=EDGE_LOOP('',(#4328,#4329,#4330,#4331));
#8269=EDGE_LOOP('',(#4332,#4333,#4334,#4335));
#8270=EDGE_LOOP('',(#4336,#4337,#4338,#4339));
#8271=EDGE_LOOP('',(#4340,#4341,#4342,#4343));
#8272=EDGE_LOOP('',(#4344,#4345,#4346,#4347));
#8273=EDGE_LOOP('',(#4348,#4349,#4350,#4351));
#8274=EDGE_LOOP('',(#4352,#4353,#4354,#4355));
#8275=EDGE_LOOP('',(#4356,#4357,#4358,#4359));
#8276=EDGE_LOOP('',(#4360,#4361,#4362,#4363));
#8277=EDGE_LOOP('',(#4364,#4365,#4366,#4367));
#8278=EDGE_LOOP('',(#4368,#4369,#4370,#4371));
#8279=EDGE_LOOP('',(#4372,#4373,#4374,#4375));
#8280=EDGE_LOOP('',(#4376,#4377,#4378,#4379));
#8281=EDGE_LOOP('',(#4380,#4381,#4382,#4383));
#8282=EDGE_LOOP('',(#4384,#4385,#4386,#4387));
#8283=EDGE_LOOP('',(#4388,#4389,#4390,#4391));
#8284=EDGE_LOOP('',(#4392,#4393,#4394,#4395));
#8285=EDGE_LOOP('',(#4396,#4397,#4398,#4399));
#8286=EDGE_LOOP('',(#4400,#4401,#4402,#4403));
#8287=EDGE_LOOP('',(#4404,#4405,#4406,#4407));
#8288=EDGE_LOOP('',(#4408,#4409,#4410,#4411));
#8289=EDGE_LOOP('',(#4412,#4413,#4414,#4415));
#8290=EDGE_LOOP('',(#4416,#4417,#4418,#4419));
#8291=EDGE_LOOP('',(#4420,#4421,#4422,#4423));
#8292=EDGE_LOOP('',(#4424,#4425,#4426,#4427));
#8293=EDGE_LOOP('',(#4428));
#8294=EDGE_LOOP('',(#4429));
#8295=EDGE_LOOP('',(#4430));
#8296=EDGE_LOOP('',(#4431));
#8297=EDGE_LOOP('',(#4432));
#8298=EDGE_LOOP('',(#4433));
#8299=EDGE_LOOP('',(#4434));
#8300=EDGE_LOOP('',(#4435));
#8301=EDGE_LOOP('',(#4436));
#8302=EDGE_LOOP('',(#4437));
#8303=EDGE_LOOP('',(#4438));
#8304=EDGE_LOOP('',(#4439));
#8305=EDGE_LOOP('',(#4440));
#8306=EDGE_LOOP('',(#4441));
#8307=EDGE_LOOP('',(#4442));
#8308=EDGE_LOOP('',(#4443));
#8309=EDGE_LOOP('',(#4444));
#8310=EDGE_LOOP('',(#4445));
#8311=EDGE_LOOP('',(#4446));
#8312=EDGE_LOOP('',(#4447));
#8313=EDGE_LOOP('',(#4448));
#8314=EDGE_LOOP('',(#4449));
#8315=EDGE_LOOP('',(#4450));
#8316=EDGE_LOOP('',(#4451));
#8317=EDGE_LOOP('',(#4452));
#8318=EDGE_LOOP('',(#4453));
#8319=EDGE_LOOP('',(#4454));
#8320=EDGE_LOOP('',(#4455));
#8321=EDGE_LOOP('',(#4456));
#8322=EDGE_LOOP('',(#4457));
#8323=EDGE_LOOP('',(#4458));
#8324=EDGE_LOOP('',(#4459));
#8325=EDGE_LOOP('',(#4460,#4461,#4462,#4463));
#8326=EDGE_LOOP('',(#4464));
#8327=EDGE_LOOP('',(#4465));
#8328=EDGE_LOOP('',(#4466,#4467,#4468,#4469));
#8329=EDGE_LOOP('',(#4470,#4471,#4472,#4473));
#8330=EDGE_LOOP('',(#4474,#4475,#4476,#4477));
#8331=EDGE_LOOP('',(#4478,#4479,#4480,#4481));
#8332=EDGE_LOOP('',(#4482,#4483,#4484,#4485));
#8333=EDGE_LOOP('',(#4486,#4487,#4488,#4489));
#8334=EDGE_LOOP('',(#4490));
#8335=EDGE_LOOP('',(#4491));
#8336=EDGE_LOOP('',(#4492));
#8337=EDGE_LOOP('',(#4493));
#8338=EDGE_LOOP('',(#4494,#4495,#4496,#4497));
#8339=EDGE_LOOP('',(#4498,#4499,#4500,#4501));
#8340=EDGE_LOOP('',(#4502,#4503,#4504,#4505));
#8341=EDGE_LOOP('',(#4506,#4507,#4508,#4509));
#8342=EDGE_LOOP('',(#4510,#4511,#4512,#4513));
#8343=EDGE_LOOP('',(#4514,#4515,#4516,#4517));
#8344=EDGE_LOOP('',(#4518));
#8345=EDGE_LOOP('',(#4519));
#8346=EDGE_LOOP('',(#4520));
#8347=EDGE_LOOP('',(#4521));
#8348=EDGE_LOOP('',(#4522,#4523,#4524,#4525));
#8349=EDGE_LOOP('',(#4526,#4527,#4528,#4529));
#8350=EDGE_LOOP('',(#4530,#4531,#4532,#4533));
#8351=EDGE_LOOP('',(#4534,#4535,#4536,#4537));
#8352=EDGE_LOOP('',(#4538,#4539,#4540,#4541));
#8353=EDGE_LOOP('',(#4542,#4543,#4544,#4545));
#8354=EDGE_LOOP('',(#4546));
#8355=EDGE_LOOP('',(#4547));
#8356=EDGE_LOOP('',(#4548));
#8357=EDGE_LOOP('',(#4549));
#8358=EDGE_LOOP('',(#4550,#4551,#4552,#4553));
#8359=EDGE_LOOP('',(#4554,#4555,#4556,#4557));
#8360=EDGE_LOOP('',(#4558,#4559,#4560,#4561));
#8361=EDGE_LOOP('',(#4562,#4563,#4564,#4565));
#8362=EDGE_LOOP('',(#4566,#4567,#4568,#4569));
#8363=EDGE_LOOP('',(#4570,#4571,#4572,#4573));
#8364=EDGE_LOOP('',(#4574));
#8365=EDGE_LOOP('',(#4575));
#8366=EDGE_LOOP('',(#4576,#4577,#4578,#4579));
#8367=EDGE_LOOP('',(#4580,#4581,#4582,#4583));
#8368=EDGE_LOOP('',(#4584,#4585,#4586,#4587));
#8369=EDGE_LOOP('',(#4588,#4589,#4590,#4591));
#8370=EDGE_LOOP('',(#4592,#4593,#4594,#4595));
#8371=EDGE_LOOP('',(#4596,#4597,#4598,#4599));
#8372=EDGE_LOOP('',(#4600,#4601,#4602,#4603));
#8373=EDGE_LOOP('',(#4604,#4605,#4606,#4607));
#8374=EDGE_LOOP('',(#4608,#4609,#4610,#4611));
#8375=EDGE_LOOP('',(#4612,#4613,#4614,#4615));
#8376=EDGE_LOOP('',(#4616,#4617,#4618,#4619));
#8377=EDGE_LOOP('',(#4620,#4621,#4622,#4623));
#8378=EDGE_LOOP('',(#4624,#4625,#4626,#4627));
#8379=EDGE_LOOP('',(#4628,#4629,#4630,#4631));
#8380=EDGE_LOOP('',(#4632,#4633,#4634,#4635));
#8381=EDGE_LOOP('',(#4636,#4637,#4638,#4639));
#8382=EDGE_LOOP('',(#4640,#4641,#4642,#4643));
#8383=EDGE_LOOP('',(#4644,#4645,#4646,#4647));
#8384=EDGE_LOOP('',(#4648,#4649,#4650,#4651));
#8385=EDGE_LOOP('',(#4652,#4653,#4654,#4655));
#8386=EDGE_LOOP('',(#4656,#4657,#4658,#4659));
#8387=EDGE_LOOP('',(#4660,#4661,#4662,#4663));
#8388=EDGE_LOOP('',(#4664,#4665,#4666,#4667));
#8389=EDGE_LOOP('',(#4668,#4669,#4670,#4671));
#8390=EDGE_LOOP('',(#4672,#4673,#4674,#4675));
#8391=EDGE_LOOP('',(#4676,#4677,#4678,#4679));
#8392=EDGE_LOOP('',(#4680,#4681,#4682,#4683));
#8393=EDGE_LOOP('',(#4684,#4685,#4686,#4687));
#8394=EDGE_LOOP('',(#4688,#4689,#4690,#4691));
#8395=EDGE_LOOP('',(#4692,#4693,#4694,#4695));
#8396=EDGE_LOOP('',(#4696,#4697,#4698,#4699));
#8397=EDGE_LOOP('',(#4700,#4701,#4702,#4703));
#8398=EDGE_LOOP('',(#4704,#4705,#4706,#4707));
#8399=EDGE_LOOP('',(#4708,#4709,#4710,#4711));
#8400=EDGE_LOOP('',(#4712,#4713,#4714,#4715));
#8401=EDGE_LOOP('',(#4716,#4717,#4718,#4719));
#8402=FACE_BOUND('',#7544,.T.);
#8403=FACE_BOUND('',#7545,.T.);
#8404=FACE_BOUND('',#7546,.T.);
#8405=FACE_BOUND('',#7547,.T.);
#8406=FACE_BOUND('',#7548,.T.);
#8407=FACE_BOUND('',#7549,.T.);
#8408=FACE_BOUND('',#7550,.T.);
#8409=FACE_BOUND('',#7551,.T.);
#8410=FACE_BOUND('',#7552,.T.);
#8411=FACE_BOUND('',#7553,.T.);
#8412=FACE_BOUND('',#7554,.T.);
#8413=FACE_BOUND('',#7555,.T.);
#8414=FACE_BOUND('',#7556,.T.);
#8415=FACE_BOUND('',#7557,.T.);
#8416=FACE_BOUND('',#7558,.T.);
#8417=FACE_BOUND('',#7559,.T.);
#8418=FACE_BOUND('',#7560,.T.);
#8419=FACE_BOUND('',#7561,.T.);
#8420=FACE_BOUND('',#7562,.T.);
#8421=FACE_BOUND('',#7563,.T.);
#8422=FACE_BOUND('',#7564,.T.);
#8423=FACE_BOUND('',#7565,.T.);
#8424=FACE_BOUND('',#7566,.T.);
#8425=FACE_BOUND('',#7567,.T.);
#8426=FACE_BOUND('',#7568,.T.);
#8427=FACE_BOUND('',#7569,.T.);
#8428=FACE_BOUND('',#7570,.T.);
#8429=FACE_BOUND('',#7571,.T.);
#8430=FACE_BOUND('',#7572,.T.);
#8431=FACE_BOUND('',#7573,.T.);
#8432=FACE_BOUND('',#7574,.T.);
#8433=FACE_BOUND('',#7575,.T.);
#8434=FACE_BOUND('',#7576,.T.);
#8435=FACE_BOUND('',#7577,.T.);
#8436=FACE_BOUND('',#7578,.T.);
#8437=FACE_BOUND('',#7579,.T.);
#8438=FACE_BOUND('',#7580,.T.);
#8439=FACE_BOUND('',#7581,.T.);
#8440=FACE_BOUND('',#7582,.T.);
#8441=FACE_BOUND('',#7583,.T.);
#8442=FACE_BOUND('',#7584,.T.);
#8443=FACE_BOUND('',#7585,.T.);
#8444=FACE_BOUND('',#7586,.T.);
#8445=FACE_BOUND('',#7587,.T.);
#8446=FACE_BOUND('',#7588,.T.);
#8447=FACE_BOUND('',#7589,.T.);
#8448=FACE_BOUND('',#7590,.T.);
#8449=FACE_BOUND('',#7591,.T.);
#8450=FACE_BOUND('',#7592,.T.);
#8451=FACE_BOUND('',#7593,.T.);
#8452=FACE_BOUND('',#7594,.T.);
#8453=FACE_BOUND('',#7595,.T.);
#8454=FACE_BOUND('',#7596,.T.);
#8455=FACE_BOUND('',#7597,.T.);
#8456=FACE_BOUND('',#7598,.T.);
#8457=FACE_BOUND('',#7599,.T.);
#8458=FACE_BOUND('',#7600,.T.);
#8459=FACE_BOUND('',#7601,.T.);
#8460=FACE_BOUND('',#7602,.T.);
#8461=FACE_BOUND('',#7603,.T.);
#8462=FACE_BOUND('',#7604,.T.);
#8463=FACE_BOUND('',#7605,.T.);
#8464=FACE_BOUND('',#7606,.T.);
#8465=FACE_BOUND('',#7607,.T.);
#8466=FACE_BOUND('',#7608,.T.);
#8467=FACE_BOUND('',#7609,.T.);
#8468=FACE_BOUND('',#7610,.T.);
#8469=FACE_BOUND('',#7611,.T.);
#8470=FACE_BOUND('',#7612,.T.);
#8471=FACE_BOUND('',#7613,.T.);
#8472=FACE_BOUND('',#7614,.T.);
#8473=FACE_BOUND('',#7615,.T.);
#8474=FACE_BOUND('',#7616,.T.);
#8475=FACE_BOUND('',#7617,.T.);
#8476=FACE_BOUND('',#7618,.T.);
#8477=FACE_BOUND('',#7619,.T.);
#8478=FACE_BOUND('',#7620,.T.);
#8479=FACE_BOUND('',#7621,.T.);
#8480=FACE_BOUND('',#7622,.T.);
#8481=FACE_BOUND('',#7623,.T.);
#8482=FACE_BOUND('',#7624,.T.);
#8483=FACE_BOUND('',#7625,.T.);
#8484=FACE_BOUND('',#7626,.T.);
#8485=FACE_BOUND('',#7627,.T.);
#8486=FACE_BOUND('',#7628,.T.);
#8487=FACE_BOUND('',#7629,.T.);
#8488=FACE_BOUND('',#7630,.T.);
#8489=FACE_BOUND('',#7631,.T.);
#8490=FACE_BOUND('',#7632,.T.);
#8491=FACE_BOUND('',#7633,.T.);
#8492=FACE_BOUND('',#7634,.T.);
#8493=FACE_BOUND('',#7635,.T.);
#8494=FACE_BOUND('',#7636,.T.);
#8495=FACE_BOUND('',#7637,.T.);
#8496=FACE_BOUND('',#7638,.T.);
#8497=FACE_BOUND('',#7639,.T.);
#8498=FACE_BOUND('',#7640,.T.);
#8499=FACE_BOUND('',#7641,.T.);
#8500=FACE_BOUND('',#7642,.T.);
#8501=FACE_BOUND('',#7643,.T.);
#8502=FACE_BOUND('',#7644,.T.);
#8503=FACE_BOUND('',#7645,.T.);
#8504=FACE_BOUND('',#7646,.T.);
#8505=FACE_BOUND('',#7647,.T.);
#8506=FACE_BOUND('',#7648,.T.);
#8507=FACE_BOUND('',#7649,.T.);
#8508=FACE_BOUND('',#7650,.T.);
#8509=FACE_BOUND('',#7651,.T.);
#8510=FACE_BOUND('',#7652,.T.);
#8511=FACE_BOUND('',#7653,.T.);
#8512=FACE_BOUND('',#7654,.T.);
#8513=FACE_BOUND('',#7655,.T.);
#8514=FACE_BOUND('',#7656,.T.);
#8515=FACE_BOUND('',#7657,.T.);
#8516=FACE_BOUND('',#7658,.T.);
#8517=FACE_BOUND('',#7659,.T.);
#8518=FACE_BOUND('',#7660,.T.);
#8519=FACE_BOUND('',#7661,.T.);
#8520=FACE_BOUND('',#7662,.T.);
#8521=FACE_BOUND('',#7663,.T.);
#8522=FACE_BOUND('',#7664,.T.);
#8523=FACE_BOUND('',#7665,.T.);
#8524=FACE_BOUND('',#7666,.T.);
#8525=FACE_BOUND('',#7667,.T.);
#8526=FACE_BOUND('',#7668,.T.);
#8527=FACE_BOUND('',#7669,.T.);
#8528=FACE_BOUND('',#7670,.T.);
#8529=FACE_BOUND('',#7671,.T.);
#8530=FACE_BOUND('',#7672,.T.);
#8531=FACE_BOUND('',#7673,.T.);
#8532=FACE_BOUND('',#7674,.T.);
#8533=FACE_BOUND('',#7675,.T.);
#8534=FACE_BOUND('',#7676,.T.);
#8535=FACE_BOUND('',#7677,.T.);
#8536=FACE_BOUND('',#7678,.T.);
#8537=FACE_BOUND('',#7679,.T.);
#8538=FACE_BOUND('',#7680,.T.);
#8539=FACE_BOUND('',#7681,.T.);
#8540=FACE_BOUND('',#7682,.T.);
#8541=FACE_BOUND('',#7683,.T.);
#8542=FACE_BOUND('',#7684,.T.);
#8543=FACE_BOUND('',#7685,.T.);
#8544=FACE_BOUND('',#7686,.T.);
#8545=FACE_BOUND('',#7687,.T.);
#8546=FACE_BOUND('',#7688,.T.);
#8547=FACE_BOUND('',#7689,.T.);
#8548=FACE_BOUND('',#7690,.T.);
#8549=FACE_BOUND('',#7691,.T.);
#8550=FACE_BOUND('',#7692,.T.);
#8551=FACE_BOUND('',#7693,.T.);
#8552=FACE_BOUND('',#7694,.T.);
#8553=FACE_BOUND('',#7695,.T.);
#8554=FACE_BOUND('',#7696,.T.);
#8555=FACE_BOUND('',#7697,.T.);
#8556=FACE_BOUND('',#7698,.T.);
#8557=FACE_BOUND('',#7699,.T.);
#8558=FACE_BOUND('',#7700,.T.);
#8559=FACE_BOUND('',#7701,.T.);
#8560=FACE_BOUND('',#7702,.T.);
#8561=FACE_BOUND('',#7703,.T.);
#8562=FACE_BOUND('',#7704,.T.);
#8563=FACE_BOUND('',#7705,.T.);
#8564=FACE_BOUND('',#7706,.T.);
#8565=FACE_BOUND('',#7707,.T.);
#8566=FACE_BOUND('',#7708,.T.);
#8567=FACE_BOUND('',#7709,.T.);
#8568=FACE_BOUND('',#7710,.T.);
#8569=FACE_BOUND('',#7711,.T.);
#8570=FACE_BOUND('',#7712,.T.);
#8571=FACE_BOUND('',#7713,.T.);
#8572=FACE_BOUND('',#7714,.T.);
#8573=FACE_BOUND('',#7715,.T.);
#8574=FACE_BOUND('',#7716,.T.);
#8575=FACE_BOUND('',#7717,.T.);
#8576=FACE_BOUND('',#7718,.T.);
#8577=FACE_BOUND('',#7719,.T.);
#8578=FACE_BOUND('',#7720,.T.);
#8579=FACE_BOUND('',#7721,.T.);
#8580=FACE_BOUND('',#7722,.T.);
#8581=FACE_BOUND('',#7723,.T.);
#8582=FACE_BOUND('',#7724,.T.);
#8583=FACE_BOUND('',#7725,.T.);
#8584=FACE_BOUND('',#7726,.T.);
#8585=FACE_BOUND('',#7727,.T.);
#8586=FACE_BOUND('',#7728,.T.);
#8587=FACE_BOUND('',#7729,.T.);
#8588=FACE_BOUND('',#7730,.T.);
#8589=FACE_BOUND('',#7731,.T.);
#8590=FACE_BOUND('',#7732,.T.);
#8591=FACE_BOUND('',#7733,.T.);
#8592=FACE_BOUND('',#7734,.T.);
#8593=FACE_BOUND('',#7735,.T.);
#8594=FACE_BOUND('',#7736,.T.);
#8595=FACE_BOUND('',#7737,.T.);
#8596=FACE_BOUND('',#7738,.T.);
#8597=FACE_BOUND('',#7739,.T.);
#8598=FACE_BOUND('',#7740,.T.);
#8599=FACE_BOUND('',#7741,.T.);
#8600=FACE_BOUND('',#7742,.T.);
#8601=FACE_BOUND('',#7743,.T.);
#8602=FACE_BOUND('',#7744,.T.);
#8603=FACE_BOUND('',#7745,.T.);
#8604=FACE_BOUND('',#7746,.T.);
#8605=FACE_BOUND('',#7747,.T.);
#8606=FACE_BOUND('',#7748,.T.);
#8607=FACE_BOUND('',#7749,.T.);
#8608=FACE_BOUND('',#7750,.T.);
#8609=FACE_BOUND('',#7751,.T.);
#8610=FACE_BOUND('',#7752,.T.);
#8611=FACE_BOUND('',#7753,.T.);
#8612=FACE_BOUND('',#7754,.T.);
#8613=FACE_BOUND('',#7755,.T.);
#8614=FACE_BOUND('',#7756,.T.);
#8615=FACE_BOUND('',#7757,.T.);
#8616=FACE_BOUND('',#7758,.T.);
#8617=FACE_BOUND('',#7759,.T.);
#8618=FACE_BOUND('',#7760,.T.);
#8619=FACE_BOUND('',#7761,.T.);
#8620=FACE_BOUND('',#7762,.T.);
#8621=FACE_BOUND('',#7763,.T.);
#8622=FACE_BOUND('',#7764,.T.);
#8623=FACE_BOUND('',#7765,.T.);
#8624=FACE_BOUND('',#7766,.T.);
#8625=FACE_BOUND('',#7767,.T.);
#8626=FACE_BOUND('',#7768,.T.);
#8627=FACE_BOUND('',#7769,.T.);
#8628=FACE_BOUND('',#7770,.T.);
#8629=FACE_BOUND('',#7771,.T.);
#8630=FACE_BOUND('',#7772,.T.);
#8631=FACE_BOUND('',#7773,.T.);
#8632=FACE_BOUND('',#7774,.T.);
#8633=FACE_BOUND('',#7775,.T.);
#8634=FACE_BOUND('',#7776,.T.);
#8635=FACE_BOUND('',#7777,.T.);
#8636=FACE_BOUND('',#7778,.T.);
#8637=FACE_BOUND('',#7779,.T.);
#8638=FACE_BOUND('',#7780,.T.);
#8639=FACE_BOUND('',#7781,.T.);
#8640=FACE_BOUND('',#7782,.T.);
#8641=FACE_BOUND('',#7783,.T.);
#8642=FACE_BOUND('',#7784,.T.);
#8643=FACE_BOUND('',#7785,.T.);
#8644=FACE_BOUND('',#7786,.T.);
#8645=FACE_BOUND('',#7787,.T.);
#8646=FACE_BOUND('',#7788,.T.);
#8647=FACE_BOUND('',#7789,.T.);
#8648=FACE_BOUND('',#7790,.T.);
#8649=FACE_BOUND('',#7791,.T.);
#8650=FACE_BOUND('',#7792,.T.);
#8651=FACE_BOUND('',#7793,.T.);
#8652=FACE_BOUND('',#7794,.T.);
#8653=FACE_BOUND('',#7795,.T.);
#8654=FACE_BOUND('',#7796,.T.);
#8655=FACE_BOUND('',#7797,.T.);
#8656=FACE_BOUND('',#7798,.T.);
#8657=FACE_BOUND('',#7799,.T.);
#8658=FACE_BOUND('',#7800,.T.);
#8659=FACE_BOUND('',#7801,.T.);
#8660=FACE_BOUND('',#7802,.T.);
#8661=FACE_BOUND('',#7803,.T.);
#8662=FACE_BOUND('',#7804,.T.);
#8663=FACE_BOUND('',#7805,.T.);
#8664=FACE_BOUND('',#7806,.T.);
#8665=FACE_BOUND('',#7807,.T.);
#8666=FACE_BOUND('',#7808,.T.);
#8667=FACE_BOUND('',#7809,.T.);
#8668=FACE_BOUND('',#7810,.T.);
#8669=FACE_BOUND('',#7811,.T.);
#8670=FACE_BOUND('',#7812,.T.);
#8671=FACE_BOUND('',#7813,.T.);
#8672=FACE_BOUND('',#7814,.T.);
#8673=FACE_BOUND('',#7815,.T.);
#8674=FACE_BOUND('',#7816,.T.);
#8675=FACE_BOUND('',#7817,.T.);
#8676=FACE_BOUND('',#7818,.T.);
#8677=FACE_BOUND('',#7819,.T.);
#8678=FACE_BOUND('',#7820,.T.);
#8679=FACE_BOUND('',#7821,.T.);
#8680=FACE_BOUND('',#7822,.T.);
#8681=FACE_BOUND('',#7823,.T.);
#8682=FACE_BOUND('',#7824,.T.);
#8683=FACE_BOUND('',#7825,.T.);
#8684=FACE_BOUND('',#7826,.T.);
#8685=FACE_BOUND('',#7827,.T.);
#8686=FACE_BOUND('',#7828,.T.);
#8687=FACE_BOUND('',#7829,.T.);
#8688=FACE_BOUND('',#7830,.T.);
#8689=FACE_BOUND('',#7831,.T.);
#8690=FACE_BOUND('',#7832,.T.);
#8691=FACE_BOUND('',#7833,.T.);
#8692=FACE_BOUND('',#7834,.T.);
#8693=FACE_BOUND('',#7835,.T.);
#8694=FACE_BOUND('',#7836,.T.);
#8695=FACE_BOUND('',#7837,.T.);
#8696=FACE_BOUND('',#7838,.T.);
#8697=FACE_BOUND('',#7839,.T.);
#8698=FACE_BOUND('',#7840,.T.);
#8699=FACE_BOUND('',#7841,.T.);
#8700=FACE_BOUND('',#7842,.T.);
#8701=FACE_BOUND('',#7843,.T.);
#8702=FACE_BOUND('',#7844,.T.);
#8703=FACE_BOUND('',#7845,.T.);
#8704=FACE_BOUND('',#7846,.T.);
#8705=FACE_BOUND('',#7847,.T.);
#8706=FACE_BOUND('',#7848,.T.);
#8707=FACE_BOUND('',#7849,.T.);
#8708=FACE_BOUND('',#7850,.T.);
#8709=FACE_BOUND('',#7851,.T.);
#8710=FACE_BOUND('',#7852,.T.);
#8711=FACE_BOUND('',#7853,.T.);
#8712=FACE_BOUND('',#7854,.T.);
#8713=FACE_BOUND('',#7855,.T.);
#8714=FACE_BOUND('',#7856,.T.);
#8715=FACE_BOUND('',#7857,.T.);
#8716=FACE_BOUND('',#7858,.T.);
#8717=FACE_BOUND('',#7859,.T.);
#8718=FACE_BOUND('',#7860,.T.);
#8719=FACE_BOUND('',#7861,.T.);
#8720=FACE_BOUND('',#7862,.T.);
#8721=FACE_BOUND('',#7863,.T.);
#8722=FACE_BOUND('',#7864,.T.);
#8723=FACE_BOUND('',#7865,.T.);
#8724=FACE_BOUND('',#7866,.T.);
#8725=FACE_BOUND('',#7867,.T.);
#8726=FACE_BOUND('',#7868,.T.);
#8727=FACE_BOUND('',#7869,.T.);
#8728=FACE_BOUND('',#7870,.T.);
#8729=FACE_BOUND('',#7871,.T.);
#8730=FACE_BOUND('',#7872,.T.);
#8731=FACE_BOUND('',#7873,.T.);
#8732=FACE_BOUND('',#7874,.T.);
#8733=FACE_BOUND('',#7875,.T.);
#8734=FACE_BOUND('',#7876,.T.);
#8735=FACE_BOUND('',#7877,.T.);
#8736=FACE_BOUND('',#7878,.T.);
#8737=FACE_BOUND('',#7879,.T.);
#8738=FACE_BOUND('',#7880,.T.);
#8739=FACE_BOUND('',#7881,.T.);
#8740=FACE_BOUND('',#7882,.T.);
#8741=FACE_BOUND('',#7883,.T.);
#8742=FACE_BOUND('',#7884,.T.);
#8743=FACE_BOUND('',#7885,.T.);
#8744=FACE_BOUND('',#7886,.T.);
#8745=FACE_BOUND('',#7887,.T.);
#8746=FACE_BOUND('',#7888,.T.);
#8747=FACE_BOUND('',#7889,.T.);
#8748=FACE_BOUND('',#7890,.T.);
#8749=FACE_BOUND('',#7891,.T.);
#8750=FACE_BOUND('',#7892,.T.);
#8751=FACE_BOUND('',#7893,.T.);
#8752=FACE_BOUND('',#7894,.T.);
#8753=FACE_BOUND('',#7895,.T.);
#8754=FACE_BOUND('',#7896,.T.);
#8755=FACE_BOUND('',#7897,.T.);
#8756=FACE_BOUND('',#7898,.T.);
#8757=FACE_BOUND('',#7899,.T.);
#8758=FACE_BOUND('',#7900,.T.);
#8759=FACE_BOUND('',#7901,.T.);
#8760=FACE_BOUND('',#7902,.T.);
#8761=FACE_BOUND('',#7903,.T.);
#8762=FACE_BOUND('',#7904,.T.);
#8763=FACE_BOUND('',#7905,.T.);
#8764=FACE_BOUND('',#7906,.T.);
#8765=FACE_BOUND('',#7907,.T.);
#8766=FACE_BOUND('',#7908,.T.);
#8767=FACE_BOUND('',#7909,.T.);
#8768=FACE_BOUND('',#7910,.T.);
#8769=FACE_BOUND('',#7911,.T.);
#8770=FACE_BOUND('',#7912,.T.);
#8771=FACE_BOUND('',#7913,.T.);
#8772=FACE_BOUND('',#7914,.T.);
#8773=FACE_BOUND('',#7915,.T.);
#8774=FACE_BOUND('',#7916,.T.);
#8775=FACE_BOUND('',#7917,.T.);
#8776=FACE_BOUND('',#7918,.T.);
#8777=FACE_BOUND('',#7919,.T.);
#8778=FACE_BOUND('',#7920,.T.);
#8779=FACE_BOUND('',#7921,.T.);
#8780=FACE_BOUND('',#7922,.T.);
#8781=FACE_BOUND('',#7923,.T.);
#8782=FACE_BOUND('',#7924,.T.);
#8783=FACE_BOUND('',#7925,.T.);
#8784=FACE_BOUND('',#7926,.T.);
#8785=FACE_BOUND('',#7927,.T.);
#8786=FACE_BOUND('',#7928,.T.);
#8787=FACE_BOUND('',#7929,.T.);
#8788=FACE_BOUND('',#7930,.T.);
#8789=FACE_BOUND('',#7931,.T.);
#8790=FACE_BOUND('',#7932,.T.);
#8791=FACE_BOUND('',#7933,.T.);
#8792=FACE_BOUND('',#7934,.T.);
#8793=FACE_BOUND('',#7935,.T.);
#8794=FACE_BOUND('',#7936,.T.);
#8795=FACE_BOUND('',#7937,.T.);
#8796=FACE_BOUND('',#7938,.T.);
#8797=FACE_BOUND('',#7939,.T.);
#8798=FACE_BOUND('',#7940,.T.);
#8799=FACE_BOUND('',#7941,.T.);
#8800=FACE_BOUND('',#7942,.T.);
#8801=FACE_BOUND('',#7943,.T.);
#8802=FACE_BOUND('',#7944,.T.);
#8803=FACE_BOUND('',#7945,.T.);
#8804=FACE_BOUND('',#7946,.T.);
#8805=FACE_BOUND('',#7947,.T.);
#8806=FACE_BOUND('',#7948,.T.);
#8807=FACE_BOUND('',#7949,.T.);
#8808=FACE_BOUND('',#7950,.T.);
#8809=FACE_BOUND('',#7951,.T.);
#8810=FACE_BOUND('',#7952,.T.);
#8811=FACE_BOUND('',#7953,.T.);
#8812=FACE_BOUND('',#7954,.T.);
#8813=FACE_BOUND('',#7955,.T.);
#8814=FACE_BOUND('',#7956,.T.);
#8815=FACE_BOUND('',#7957,.T.);
#8816=FACE_BOUND('',#7958,.T.);
#8817=FACE_BOUND('',#7959,.T.);
#8818=FACE_BOUND('',#7960,.T.);
#8819=FACE_BOUND('',#7961,.T.);
#8820=FACE_BOUND('',#7962,.T.);
#8821=FACE_BOUND('',#7963,.T.);
#8822=FACE_BOUND('',#7964,.T.);
#8823=FACE_BOUND('',#7965,.T.);
#8824=FACE_BOUND('',#7966,.T.);
#8825=FACE_BOUND('',#7967,.T.);
#8826=FACE_BOUND('',#7968,.T.);
#8827=FACE_BOUND('',#7969,.T.);
#8828=FACE_BOUND('',#7970,.T.);
#8829=FACE_BOUND('',#7971,.T.);
#8830=FACE_BOUND('',#7972,.T.);
#8831=FACE_BOUND('',#7973,.T.);
#8832=FACE_BOUND('',#7974,.T.);
#8833=FACE_BOUND('',#7975,.T.);
#8834=FACE_BOUND('',#7976,.T.);
#8835=FACE_BOUND('',#7977,.T.);
#8836=FACE_BOUND('',#7978,.T.);
#8837=FACE_BOUND('',#7979,.T.);
#8838=FACE_BOUND('',#7980,.T.);
#8839=FACE_BOUND('',#7981,.T.);
#8840=FACE_BOUND('',#7982,.T.);
#8841=FACE_BOUND('',#7983,.T.);
#8842=FACE_BOUND('',#7984,.T.);
#8843=FACE_BOUND('',#7985,.T.);
#8844=FACE_BOUND('',#7986,.T.);
#8845=FACE_BOUND('',#7987,.T.);
#8846=FACE_BOUND('',#7988,.T.);
#8847=FACE_BOUND('',#7989,.T.);
#8848=FACE_BOUND('',#7990,.T.);
#8849=FACE_BOUND('',#7991,.T.);
#8850=FACE_BOUND('',#7992,.T.);
#8851=FACE_BOUND('',#7993,.T.);
#8852=FACE_BOUND('',#7994,.T.);
#8853=FACE_BOUND('',#7995,.T.);
#8854=FACE_BOUND('',#7996,.T.);
#8855=FACE_BOUND('',#7997,.T.);
#8856=FACE_BOUND('',#7998,.T.);
#8857=FACE_BOUND('',#7999,.T.);
#8858=FACE_BOUND('',#8000,.T.);
#8859=FACE_BOUND('',#8001,.T.);
#8860=FACE_BOUND('',#8002,.T.);
#8861=FACE_BOUND('',#8003,.T.);
#8862=FACE_BOUND('',#8004,.T.);
#8863=FACE_BOUND('',#8005,.T.);
#8864=FACE_BOUND('',#8006,.T.);
#8865=FACE_BOUND('',#8007,.T.);
#8866=FACE_BOUND('',#8008,.T.);
#8867=FACE_BOUND('',#8009,.T.);
#8868=FACE_BOUND('',#8010,.T.);
#8869=FACE_BOUND('',#8011,.T.);
#8870=FACE_BOUND('',#8012,.T.);
#8871=FACE_BOUND('',#8013,.T.);
#8872=FACE_BOUND('',#8014,.T.);
#8873=FACE_BOUND('',#8015,.T.);
#8874=FACE_BOUND('',#8016,.T.);
#8875=FACE_BOUND('',#8017,.T.);
#8876=FACE_BOUND('',#8018,.T.);
#8877=FACE_BOUND('',#8019,.T.);
#8878=FACE_BOUND('',#8020,.T.);
#8879=FACE_BOUND('',#8021,.T.);
#8880=FACE_BOUND('',#8022,.T.);
#8881=FACE_BOUND('',#8023,.T.);
#8882=FACE_BOUND('',#8024,.T.);
#8883=FACE_BOUND('',#8025,.T.);
#8884=FACE_BOUND('',#8026,.T.);
#8885=FACE_BOUND('',#8027,.T.);
#8886=FACE_BOUND('',#8028,.T.);
#8887=FACE_BOUND('',#8029,.T.);
#8888=FACE_BOUND('',#8030,.T.);
#8889=FACE_BOUND('',#8031,.T.);
#8890=FACE_BOUND('',#8032,.T.);
#8891=FACE_BOUND('',#8033,.T.);
#8892=FACE_BOUND('',#8034,.T.);
#8893=FACE_BOUND('',#8035,.T.);
#8894=FACE_BOUND('',#8036,.T.);
#8895=FACE_BOUND('',#8037,.T.);
#8896=FACE_BOUND('',#8038,.T.);
#8897=FACE_BOUND('',#8039,.T.);
#8898=FACE_BOUND('',#8040,.T.);
#8899=FACE_BOUND('',#8041,.T.);
#8900=FACE_BOUND('',#8042,.T.);
#8901=FACE_BOUND('',#8043,.T.);
#8902=FACE_BOUND('',#8044,.T.);
#8903=FACE_BOUND('',#8045,.T.);
#8904=FACE_BOUND('',#8046,.T.);
#8905=FACE_BOUND('',#8047,.T.);
#8906=FACE_BOUND('',#8048,.T.);
#8907=FACE_BOUND('',#8049,.T.);
#8908=FACE_BOUND('',#8050,.T.);
#8909=FACE_BOUND('',#8051,.T.);
#8910=FACE_BOUND('',#8052,.T.);
#8911=FACE_BOUND('',#8053,.T.);
#8912=FACE_BOUND('',#8054,.T.);
#8913=FACE_BOUND('',#8055,.T.);
#8914=FACE_BOUND('',#8056,.T.);
#8915=FACE_BOUND('',#8057,.T.);
#8916=FACE_BOUND('',#8058,.T.);
#8917=FACE_BOUND('',#8059,.T.);
#8918=FACE_BOUND('',#8060,.T.);
#8919=FACE_BOUND('',#8061,.T.);
#8920=FACE_BOUND('',#8062,.T.);
#8921=FACE_BOUND('',#8063,.T.);
#8922=FACE_BOUND('',#8064,.T.);
#8923=FACE_BOUND('',#8065,.T.);
#8924=FACE_BOUND('',#8066,.T.);
#8925=FACE_BOUND('',#8067,.T.);
#8926=FACE_BOUND('',#8068,.T.);
#8927=FACE_BOUND('',#8069,.T.);
#8928=FACE_BOUND('',#8070,.T.);
#8929=FACE_BOUND('',#8071,.T.);
#8930=FACE_BOUND('',#8072,.T.);
#8931=FACE_BOUND('',#8073,.T.);
#8932=FACE_BOUND('',#8074,.T.);
#8933=FACE_BOUND('',#8075,.T.);
#8934=FACE_BOUND('',#8076,.T.);
#8935=FACE_BOUND('',#8077,.T.);
#8936=FACE_BOUND('',#8078,.T.);
#8937=FACE_BOUND('',#8079,.T.);
#8938=FACE_BOUND('',#8080,.T.);
#8939=FACE_BOUND('',#8081,.T.);
#8940=FACE_BOUND('',#8082,.T.);
#8941=FACE_BOUND('',#8083,.T.);
#8942=FACE_BOUND('',#8084,.T.);
#8943=FACE_BOUND('',#8085,.T.);
#8944=FACE_BOUND('',#8086,.T.);
#8945=FACE_BOUND('',#8087,.T.);
#8946=FACE_BOUND('',#8088,.T.);
#8947=FACE_BOUND('',#8089,.T.);
#8948=FACE_BOUND('',#8090,.T.);
#8949=FACE_BOUND('',#8091,.T.);
#8950=FACE_BOUND('',#8092,.T.);
#8951=FACE_BOUND('',#8093,.T.);
#8952=FACE_BOUND('',#8094,.T.);
#8953=FACE_BOUND('',#8095,.T.);
#8954=FACE_BOUND('',#8096,.T.);
#8955=FACE_BOUND('',#8097,.T.);
#8956=FACE_BOUND('',#8098,.T.);
#8957=FACE_BOUND('',#8099,.T.);
#8958=FACE_BOUND('',#8100,.T.);
#8959=FACE_BOUND('',#8101,.T.);
#8960=FACE_BOUND('',#8102,.T.);
#8961=FACE_BOUND('',#8103,.T.);
#8962=FACE_BOUND('',#8104,.T.);
#8963=FACE_BOUND('',#8105,.T.);
#8964=FACE_BOUND('',#8106,.T.);
#8965=FACE_BOUND('',#8107,.T.);
#8966=FACE_BOUND('',#8108,.T.);
#8967=FACE_BOUND('',#8109,.T.);
#8968=FACE_BOUND('',#8110,.T.);
#8969=FACE_BOUND('',#8111,.T.);
#8970=FACE_BOUND('',#8112,.T.);
#8971=FACE_BOUND('',#8113,.T.);
#8972=FACE_BOUND('',#8114,.T.);
#8973=FACE_BOUND('',#8115,.T.);
#8974=FACE_BOUND('',#8116,.T.);
#8975=FACE_BOUND('',#8117,.T.);
#8976=FACE_BOUND('',#8118,.T.);
#8977=FACE_BOUND('',#8119,.T.);
#8978=FACE_BOUND('',#8120,.T.);
#8979=FACE_BOUND('',#8121,.T.);
#8980=FACE_BOUND('',#8122,.T.);
#8981=FACE_BOUND('',#8123,.T.);
#8982=FACE_BOUND('',#8124,.T.);
#8983=FACE_BOUND('',#8125,.T.);
#8984=FACE_BOUND('',#8126,.T.);
#8985=FACE_BOUND('',#8127,.T.);
#8986=FACE_BOUND('',#8128,.T.);
#8987=FACE_BOUND('',#8129,.T.);
#8988=FACE_BOUND('',#8130,.T.);
#8989=FACE_BOUND('',#8131,.T.);
#8990=FACE_BOUND('',#8132,.T.);
#8991=FACE_BOUND('',#8133,.T.);
#8992=FACE_BOUND('',#8134,.T.);
#8993=FACE_BOUND('',#8135,.T.);
#8994=FACE_BOUND('',#8136,.T.);
#8995=FACE_BOUND('',#8137,.T.);
#8996=FACE_BOUND('',#8138,.T.);
#8997=FACE_BOUND('',#8139,.T.);
#8998=FACE_BOUND('',#8140,.T.);
#8999=FACE_BOUND('',#8141,.T.);
#9000=FACE_BOUND('',#8142,.T.);
#9001=FACE_BOUND('',#8143,.T.);
#9002=FACE_BOUND('',#8144,.T.);
#9003=FACE_BOUND('',#8145,.T.);
#9004=FACE_BOUND('',#8146,.T.);
#9005=FACE_BOUND('',#8147,.T.);
#9006=FACE_BOUND('',#8148,.T.);
#9007=FACE_BOUND('',#8149,.T.);
#9008=FACE_BOUND('',#8150,.T.);
#9009=FACE_BOUND('',#8151,.T.);
#9010=FACE_BOUND('',#8152,.T.);
#9011=FACE_BOUND('',#8153,.T.);
#9012=FACE_BOUND('',#8154,.T.);
#9013=FACE_BOUND('',#8155,.T.);
#9014=FACE_BOUND('',#8156,.T.);
#9015=FACE_BOUND('',#8157,.T.);
#9016=FACE_BOUND('',#8158,.T.);
#9017=FACE_BOUND('',#8159,.T.);
#9018=FACE_BOUND('',#8160,.T.);
#9019=FACE_BOUND('',#8161,.T.);
#9020=FACE_BOUND('',#8162,.T.);
#9021=FACE_BOUND('',#8163,.T.);
#9022=FACE_BOUND('',#8164,.T.);
#9023=FACE_BOUND('',#8165,.T.);
#9024=FACE_BOUND('',#8166,.T.);
#9025=FACE_BOUND('',#8167,.T.);
#9026=FACE_BOUND('',#8168,.T.);
#9027=FACE_BOUND('',#8169,.T.);
#9028=FACE_BOUND('',#8170,.T.);
#9029=FACE_BOUND('',#8171,.T.);
#9030=FACE_BOUND('',#8172,.T.);
#9031=FACE_BOUND('',#8173,.T.);
#9032=FACE_BOUND('',#8174,.T.);
#9033=FACE_BOUND('',#8175,.T.);
#9034=FACE_BOUND('',#8176,.T.);
#9035=FACE_BOUND('',#8177,.T.);
#9036=FACE_BOUND('',#8178,.T.);
#9037=FACE_BOUND('',#8179,.T.);
#9038=FACE_BOUND('',#8180,.T.);
#9039=FACE_BOUND('',#8181,.T.);
#9040=FACE_BOUND('',#8182,.T.);
#9041=FACE_BOUND('',#8183,.T.);
#9042=FACE_BOUND('',#8184,.T.);
#9043=FACE_BOUND('',#8185,.T.);
#9044=FACE_BOUND('',#8186,.T.);
#9045=FACE_BOUND('',#8187,.T.);
#9046=FACE_BOUND('',#8188,.T.);
#9047=FACE_BOUND('',#8189,.T.);
#9048=FACE_BOUND('',#8190,.T.);
#9049=FACE_BOUND('',#8191,.T.);
#9050=FACE_BOUND('',#8192,.T.);
#9051=FACE_BOUND('',#8193,.T.);
#9052=FACE_BOUND('',#8194,.T.);
#9053=FACE_BOUND('',#8195,.T.);
#9054=FACE_BOUND('',#8196,.T.);
#9055=FACE_BOUND('',#8197,.T.);
#9056=FACE_BOUND('',#8198,.T.);
#9057=FACE_BOUND('',#8199,.T.);
#9058=FACE_BOUND('',#8200,.T.);
#9059=FACE_BOUND('',#8201,.T.);
#9060=FACE_BOUND('',#8202,.T.);
#9061=FACE_BOUND('',#8203,.T.);
#9062=FACE_BOUND('',#8204,.T.);
#9063=FACE_BOUND('',#8205,.T.);
#9064=FACE_BOUND('',#8206,.T.);
#9065=FACE_BOUND('',#8207,.T.);
#9066=FACE_BOUND('',#8208,.T.);
#9067=FACE_BOUND('',#8209,.T.);
#9068=FACE_BOUND('',#8210,.T.);
#9069=FACE_BOUND('',#8211,.T.);
#9070=FACE_BOUND('',#8212,.T.);
#9071=FACE_BOUND('',#8213,.T.);
#9072=FACE_BOUND('',#8214,.T.);
#9073=FACE_BOUND('',#8215,.T.);
#9074=FACE_BOUND('',#8216,.T.);
#9075=FACE_BOUND('',#8217,.T.);
#9076=FACE_BOUND('',#8218,.T.);
#9077=FACE_BOUND('',#8219,.T.);
#9078=FACE_BOUND('',#8220,.T.);
#9079=FACE_BOUND('',#8221,.T.);
#9080=FACE_BOUND('',#8222,.T.);
#9081=FACE_BOUND('',#8223,.T.);
#9082=FACE_BOUND('',#8224,.T.);
#9083=FACE_BOUND('',#8225,.T.);
#9084=FACE_BOUND('',#8226,.T.);
#9085=FACE_BOUND('',#8227,.T.);
#9086=FACE_BOUND('',#8228,.T.);
#9087=FACE_BOUND('',#8229,.T.);
#9088=FACE_BOUND('',#8230,.T.);
#9089=FACE_BOUND('',#8231,.T.);
#9090=FACE_BOUND('',#8232,.T.);
#9091=FACE_BOUND('',#8233,.T.);
#9092=FACE_BOUND('',#8234,.T.);
#9093=FACE_BOUND('',#8235,.T.);
#9094=FACE_BOUND('',#8236,.T.);
#9095=FACE_BOUND('',#8237,.T.);
#9096=FACE_BOUND('',#8238,.T.);
#9097=FACE_BOUND('',#8239,.T.);
#9098=FACE_BOUND('',#8240,.T.);
#9099=FACE_BOUND('',#8241,.T.);
#9100=FACE_BOUND('',#8242,.T.);
#9101=FACE_BOUND('',#8243,.T.);
#9102=FACE_BOUND('',#8244,.T.);
#9103=FACE_BOUND('',#8245,.T.);
#9104=FACE_BOUND('',#8246,.T.);
#9105=FACE_BOUND('',#8247,.T.);
#9106=FACE_BOUND('',#8248,.T.);
#9107=FACE_BOUND('',#8249,.T.);
#9108=FACE_BOUND('',#8250,.T.);
#9109=FACE_BOUND('',#8251,.T.);
#9110=FACE_BOUND('',#8252,.T.);
#9111=FACE_BOUND('',#8253,.T.);
#9112=FACE_BOUND('',#8254,.T.);
#9113=FACE_BOUND('',#8255,.T.);
#9114=FACE_BOUND('',#8256,.T.);
#9115=FACE_BOUND('',#8257,.T.);
#9116=FACE_BOUND('',#8258,.T.);
#9117=FACE_BOUND('',#8259,.T.);
#9118=FACE_BOUND('',#8260,.T.);
#9119=FACE_BOUND('',#8261,.T.);
#9120=FACE_BOUND('',#8262,.T.);
#9121=FACE_BOUND('',#8263,.T.);
#9122=FACE_BOUND('',#8264,.T.);
#9123=FACE_BOUND('',#8265,.T.);
#9124=FACE_BOUND('',#8266,.T.);
#9125=FACE_BOUND('',#8267,.T.);
#9126=FACE_BOUND('',#8268,.T.);
#9127=FACE_BOUND('',#8269,.T.);
#9128=FACE_BOUND('',#8270,.T.);
#9129=FACE_BOUND('',#8271,.T.);
#9130=FACE_BOUND('',#8272,.T.);
#9131=FACE_BOUND('',#8273,.T.);
#9132=FACE_BOUND('',#8274,.T.);
#9133=FACE_BOUND('',#8275,.T.);
#9134=FACE_BOUND('',#8276,.T.);
#9135=FACE_BOUND('',#8277,.T.);
#9136=FACE_BOUND('',#8278,.T.);
#9137=FACE_BOUND('',#8279,.T.);
#9138=FACE_BOUND('',#8280,.T.);
#9139=FACE_BOUND('',#8281,.T.);
#9140=FACE_BOUND('',#8282,.T.);
#9141=FACE_BOUND('',#8283,.T.);
#9142=FACE_BOUND('',#8284,.T.);
#9143=FACE_BOUND('',#8285,.T.);
#9144=FACE_BOUND('',#8286,.T.);
#9145=FACE_BOUND('',#8287,.T.);
#9146=FACE_BOUND('',#8288,.T.);
#9147=FACE_BOUND('',#8289,.T.);
#9148=FACE_BOUND('',#8290,.T.);
#9149=FACE_BOUND('',#8291,.T.);
#9150=FACE_BOUND('',#8292,.T.);
#9151=FACE_BOUND('',#8293,.T.);
#9152=FACE_BOUND('',#8294,.T.);
#9153=FACE_BOUND('',#8295,.T.);
#9154=FACE_BOUND('',#8296,.T.);
#9155=FACE_BOUND('',#8297,.T.);
#9156=FACE_BOUND('',#8298,.T.);
#9157=FACE_BOUND('',#8299,.T.);
#9158=FACE_BOUND('',#8300,.T.);
#9159=FACE_BOUND('',#8301,.T.);
#9160=FACE_BOUND('',#8302,.T.);
#9161=FACE_BOUND('',#8303,.T.);
#9162=FACE_BOUND('',#8304,.T.);
#9163=FACE_BOUND('',#8305,.T.);
#9164=FACE_BOUND('',#8306,.T.);
#9165=FACE_BOUND('',#8307,.T.);
#9166=FACE_BOUND('',#8308,.T.);
#9167=FACE_BOUND('',#8309,.T.);
#9168=FACE_BOUND('',#8310,.T.);
#9169=FACE_BOUND('',#8311,.T.);
#9170=FACE_BOUND('',#8312,.T.);
#9171=FACE_BOUND('',#8313,.T.);
#9172=FACE_BOUND('',#8314,.T.);
#9173=FACE_BOUND('',#8315,.T.);
#9174=FACE_BOUND('',#8316,.T.);
#9175=FACE_BOUND('',#8317,.T.);
#9176=FACE_BOUND('',#8318,.T.);
#9177=FACE_BOUND('',#8319,.T.);
#9178=FACE_BOUND('',#8320,.T.);
#9179=FACE_BOUND('',#8321,.T.);
#9180=FACE_BOUND('',#8322,.T.);
#9181=FACE_BOUND('',#8323,.T.);
#9182=FACE_BOUND('',#8324,.T.);
#9183=FACE_BOUND('',#8325,.T.);
#9184=FACE_BOUND('',#8326,.T.);
#9185=FACE_BOUND('',#8327,.T.);
#9186=FACE_BOUND('',#8328,.T.);
#9187=FACE_BOUND('',#8329,.T.);
#9188=FACE_BOUND('',#8330,.T.);
#9189=FACE_BOUND('',#8331,.T.);
#9190=FACE_BOUND('',#8332,.T.);
#9191=FACE_BOUND('',#8333,.T.);
#9192=FACE_BOUND('',#8334,.T.);
#9193=FACE_BOUND('',#8335,.T.);
#9194=FACE_BOUND('',#8336,.T.);
#9195=FACE_BOUND('',#8337,.T.);
#9196=FACE_BOUND('',#8338,.T.);
#9197=FACE_BOUND('',#8339,.T.);
#9198=FACE_BOUND('',#8340,.T.);
#9199=FACE_BOUND('',#8341,.T.);
#9200=FACE_BOUND('',#8342,.T.);
#9201=FACE_BOUND('',#8343,.T.);
#9202=FACE_BOUND('',#8344,.T.);
#9203=FACE_BOUND('',#8345,.T.);
#9204=FACE_BOUND('',#8346,.T.);
#9205=FACE_BOUND('',#8347,.T.);
#9206=FACE_BOUND('',#8348,.T.);
#9207=FACE_BOUND('',#8349,.T.);
#9208=FACE_BOUND('',#8350,.T.);
#9209=FACE_BOUND('',#8351,.T.);
#9210=FACE_BOUND('',#8352,.T.);
#9211=FACE_BOUND('',#8353,.T.);
#9212=FACE_BOUND('',#8354,.T.);
#9213=FACE_BOUND('',#8355,.T.);
#9214=FACE_BOUND('',#8356,.T.);
#9215=FACE_BOUND('',#8357,.T.);
#9216=FACE_BOUND('',#8358,.T.);
#9217=FACE_BOUND('',#8359,.T.);
#9218=FACE_BOUND('',#8360,.T.);
#9219=FACE_BOUND('',#8361,.T.);
#9220=FACE_BOUND('',#8362,.T.);
#9221=FACE_BOUND('',#8363,.T.);
#9222=FACE_BOUND('',#8364,.T.);
#9223=FACE_BOUND('',#8365,.T.);
#9224=FACE_BOUND('',#8366,.T.);
#9225=FACE_BOUND('',#8367,.T.);
#9226=FACE_BOUND('',#8368,.T.);
#9227=FACE_BOUND('',#8369,.T.);
#9228=FACE_BOUND('',#8370,.T.);
#9229=FACE_BOUND('',#8371,.T.);
#9230=FACE_BOUND('',#8372,.T.);
#9231=FACE_BOUND('',#8373,.T.);
#9232=FACE_BOUND('',#8374,.T.);
#9233=FACE_BOUND('',#8375,.T.);
#9234=FACE_BOUND('',#8376,.T.);
#9235=FACE_BOUND('',#8377,.T.);
#9236=FACE_BOUND('',#8378,.T.);
#9237=FACE_BOUND('',#8379,.T.);
#9238=FACE_BOUND('',#8380,.T.);
#9239=FACE_BOUND('',#8381,.T.);
#9240=FACE_BOUND('',#8382,.T.);
#9241=FACE_BOUND('',#8383,.T.);
#9242=FACE_BOUND('',#8384,.T.);
#9243=FACE_BOUND('',#8385,.T.);
#9244=FACE_BOUND('',#8386,.T.);
#9245=FACE_BOUND('',#8387,.T.);
#9246=FACE_BOUND('',#8388,.T.);
#9247=FACE_BOUND('',#8389,.T.);
#9248=FACE_BOUND('',#8390,.T.);
#9249=FACE_BOUND('',#8391,.T.);
#9250=FACE_BOUND('',#8392,.T.);
#9251=FACE_BOUND('',#8393,.T.);
#9252=FACE_BOUND('',#8394,.T.);
#9253=FACE_BOUND('',#8395,.T.);
#9254=FACE_BOUND('',#8396,.T.);
#9255=FACE_BOUND('',#8397,.T.);
#9256=FACE_BOUND('',#8398,.T.);
#9257=FACE_BOUND('',#8399,.T.);
#9258=FACE_BOUND('',#8400,.T.);
#9259=FACE_BOUND('',#8401,.T.);
#9260=PLANE('',#10121);
#9261=PLANE('',#10124);
#9262=PLANE('',#10128);
#9263=PLANE('',#10167);
#9264=PLANE('',#10206);
#9265=PLANE('',#10209);
#9266=PLANE('',#10213);
#9267=PLANE('',#10216);
#9268=PLANE('',#10220);
#9269=PLANE('',#10257);
#9270=PLANE('',#10294);
#9271=PLANE('',#10297);
#9272=PLANE('',#10301);
#9273=PLANE('',#10340);
#9274=PLANE('',#10379);
#9275=PLANE('',#10382);
#9276=PLANE('',#10386);
#9277=PLANE('',#10431);
#9278=PLANE('',#10434);
#9279=PLANE('',#10437);
#9280=PLANE('',#10440);
#9281=PLANE('',#10443);
#9282=PLANE('',#10450);
#9283=PLANE('',#10453);
#9284=PLANE('',#10456);
#9285=PLANE('',#10459);
#9286=PLANE('',#10462);
#9287=PLANE('',#10469);
#9288=PLANE('',#10472);
#9289=PLANE('',#10475);
#9290=PLANE('',#10478);
#9291=PLANE('',#10481);
#9292=PLANE('',#10488);
#9293=PLANE('',#10491);
#9294=PLANE('',#10494);
#9295=PLANE('',#10497);
#9296=PLANE('',#10500);
#9297=PLANE('',#10539);
#9298=PLANE('',#10540);
#9299=PLANE('',#10542);
#9300=PLANE('',#10544);
#9301=PLANE('',#10546);
#9302=PLANE('',#10548);
#9303=PLANE('',#10551);
#9304=PLANE('',#10557);
#9305=PLANE('',#10559);
#9306=PLANE('',#10561);
#9307=PLANE('',#10563);
#9308=PLANE('',#10565);
#9309=PLANE('',#10569);
#9310=PLANE('',#10571);
#9311=PLANE('',#10573);
#9312=PLANE('',#10575);
#9313=PLANE('',#10577);
#9314=PLANE('',#10581);
#9315=PLANE('',#10583);
#9316=PLANE('',#10585);
#9317=PLANE('',#10587);
#9318=PLANE('',#10589);
#9319=PLANE('',#10593);
#9320=PLANE('',#10595);
#9321=PLANE('',#10597);
#9322=PLANE('',#10599);
#9323=PLANE('',#10601);
#9324=PLANE('',#10626);
#9325=PLANE('',#10628);
#9326=PLANE('',#10630);
#9327=PLANE('',#10632);
#9328=PLANE('',#10635);
#9329=PLANE('',#10636);
#9330=PLANE('',#10637);
#9331=PLANE('',#10638);
#9332=PLANE('',#10639);
#9333=PLANE('',#10640);
#9334=PLANE('',#10642);
#9335=PLANE('',#10645);
#9336=PLANE('',#10649);
#9337=PLANE('',#10652);
#9338=PLANE('',#10656);
#9339=PLANE('',#10659);
#9340=PLANE('',#10663);
#9341=PLANE('',#10666);
#9342=PLANE('',#10674);
#9343=PLANE('',#10677);
#9344=PLANE('',#10680);
#9345=PLANE('',#10683);
#9346=PLANE('',#10686);
#9347=PLANE('',#10693);
#9348=PLANE('',#10696);
#9349=PLANE('',#10699);
#9350=PLANE('',#10702);
#9351=PLANE('',#10705);
#9352=PLANE('',#10712);
#9353=PLANE('',#10715);
#9354=PLANE('',#10718);
#9355=PLANE('',#10721);
#9356=PLANE('',#10724);
#9357=PLANE('',#10731);
#9358=PLANE('',#10734);
#9359=PLANE('',#10737);
#9360=PLANE('',#10740);
#9361=PLANE('',#10743);
#9362=PLANE('',#10781);
#9363=PLANE('',#10782);
#9364=PLANE('',#10784);
#9365=PLANE('',#10786);
#9366=PLANE('',#10790);
#9367=PLANE('',#10792);
#9368=PLANE('',#10794);
#9369=PLANE('',#10796);
#9370=PLANE('',#10798);
#9371=PLANE('',#10802);
#9372=PLANE('',#10804);
#9373=PLANE('',#10806);
#9374=PLANE('',#10808);
#9375=PLANE('',#10810);
#9376=PLANE('',#10814);
#9377=PLANE('',#10816);
#9378=PLANE('',#10818);
#9379=PLANE('',#10820);
#9380=PLANE('',#10822);
#9381=PLANE('',#10826);
#9382=PLANE('',#10828);
#9383=PLANE('',#10830);
#9384=PLANE('',#10832);
#9385=PLANE('',#10834);
#9386=PLANE('',#10857);
#9387=PLANE('',#10859);
#9388=PLANE('',#10860);
#9389=PLANE('',#10861);
#9390=PLANE('',#10862);
#9391=PLANE('',#10863);
#9392=PLANE('',#10864);
#9393=PLANE('',#10866);
#9394=PLANE('',#10868);
#9395=PLANE('',#10869);
#9396=PLANE('',#10870);
#9397=PLANE('',#10871);
#9398=PLANE('',#10872);
#9399=PLANE('',#10873);
#9400=PLANE('',#10875);
#9401=PLANE('',#10877);
#9402=PLANE('',#10878);
#9403=PLANE('',#10879);
#9404=PLANE('',#10880);
#9405=PLANE('',#10881);
#9406=PLANE('',#10882);
#9407=PLANE('',#10884);
#9408=PLANE('',#10886);
#9409=PLANE('',#10887);
#9410=PLANE('',#10888);
#9411=PLANE('',#10889);
#9412=PLANE('',#10890);
#9413=PLANE('',#10891);
#9414=PLANE('',#10893);
#9415=PLANE('',#10895);
#9416=PLANE('',#10896);
#9417=PLANE('',#10897);
#9418=PLANE('',#10898);
#9419=PLANE('',#10899);
#9420=PLANE('',#10900);
#9421=PLANE('',#10902);
#9422=PLANE('',#10903);
#9423=PLANE('',#10904);
#9424=PLANE('',#10905);
#9425=PLANE('',#10906);
#9426=PLANE('',#10907);
#9427=PLANE('',#10908);
#9428=PLANE('',#10909);
#9429=PLANE('',#10910);
#9430=PLANE('',#10911);
#9431=PLANE('',#10912);
#9432=PLANE('',#10913);
#9433=PLANE('',#10914);
#9434=PLANE('',#10915);
#9435=PLANE('',#10916);
#9436=PLANE('',#10917);
#9437=PLANE('',#10918);
#9438=PLANE('',#10919);
#9439=PLANE('',#10920);
#9440=PLANE('',#10921);
#9441=PLANE('',#10922);
#9442=PLANE('',#10923);
#9443=PLANE('',#10924);
#9444=PLANE('',#10925);
#9445=PLANE('',#10926);
#9446=PLANE('',#10928);
#9447=PLANE('',#10930);
#9448=PLANE('',#10932);
#9449=PLANE('',#10934);
#9450=PLANE('',#10937);
#9451=PLANE('',#10938);
#9452=PLANE('',#10939);
#9453=PLANE('',#10940);
#9454=PLANE('',#10941);
#9455=PLANE('',#10942);
#9456=PLANE('',#10944);
#9457=PLANE('',#10985);
#9458=PLANE('',#10988);
#9459=PLANE('',#10989);
#9460=PLANE('',#10990);
#9461=PLANE('',#10991);
#9462=PLANE('',#10992);
#9463=PLANE('',#10993);
#9464=PLANE('',#10995);
#9465=PLANE('',#10998);
#9466=PLANE('',#10999);
#9467=PLANE('',#11000);
#9468=PLANE('',#11001);
#9469=PLANE('',#11002);
#9470=PLANE('',#11003);
#9471=PLANE('',#11005);
#9472=PLANE('',#11008);
#9473=PLANE('',#11009);
#9474=PLANE('',#11010);
#9475=PLANE('',#11011);
#9476=PLANE('',#11012);
#9477=PLANE('',#11013);
#9478=PLANE('',#11017);
#9479=PLANE('',#11019);
#9480=PLANE('',#11021);
#9481=PLANE('',#11023);
#9482=PLANE('',#11025);
#9483=PLANE('',#11029);
#9484=PLANE('',#11031);
#9485=PLANE('',#11033);
#9486=PLANE('',#11035);
#9487=PLANE('',#11037);
#9488=PLANE('',#11041);
#9489=PLANE('',#11043);
#9490=PLANE('',#11045);
#9491=PLANE('',#11047);
#9492=PLANE('',#11049);
#9493=PLANE('',#11053);
#9494=PLANE('',#11055);
#9495=PLANE('',#11057);
#9496=PLANE('',#11059);
#9497=PLANE('',#11061);
#9498=PLANE('',#11083);
#9499=PLANE('',#11085);
#9500=PLANE('',#11086);
#9501=PLANE('',#11087);
#9502=PLANE('',#11088);
#9503=PLANE('',#11089);
#9504=PLANE('',#11090);
#9505=PLANE('',#11092);
#9506=PLANE('',#11094);
#9507=PLANE('',#11095);
#9508=PLANE('',#11096);
#9509=PLANE('',#11097);
#9510=PLANE('',#11098);
#9511=PLANE('',#11099);
#9512=PLANE('',#11101);
#9513=PLANE('',#11103);
#9514=PLANE('',#11104);
#9515=PLANE('',#11105);
#9516=PLANE('',#11106);
#9517=PLANE('',#11107);
#9518=PLANE('',#11108);
#9519=PLANE('',#11110);
#9520=PLANE('',#11112);
#9521=PLANE('',#11113);
#9522=PLANE('',#11114);
#9523=PLANE('',#11115);
#9524=PLANE('',#11116);
#9525=PLANE('',#11117);
#9526=PLANE('',#11119);
#9527=PLANE('',#11120);
#9528=PLANE('',#11121);
#9529=PLANE('',#11122);
#9530=PLANE('',#11123);
#9531=PLANE('',#11124);
#9532=PLANE('',#11125);
#9533=PLANE('',#11126);
#9534=PLANE('',#11127);
#9535=PLANE('',#11128);
#9536=PLANE('',#11129);
#9537=PLANE('',#11130);
#9538=PLANE('',#11131);
#9539=PLANE('',#11132);
#9540=PLANE('',#11133);
#9541=PLANE('',#11134);
#9542=PLANE('',#11135);
#9543=PLANE('',#11136);
#9544=PLANE('',#11137);
#9545=PLANE('',#11138);
#9546=PLANE('',#11139);
#9547=PLANE('',#11140);
#9548=PLANE('',#11141);
#9549=PLANE('',#11142);
#9550=PLANE('',#11143);
#9551=PLANE('',#11144);
#9552=PLANE('',#11145);
#9553=PLANE('',#11146);
#9554=PLANE('',#11147);
#9555=PLANE('',#11148);
#9556=PLANE('',#11149);
#9557=PLANE('',#11150);
#9558=PLANE('',#11151);
#9559=PLANE('',#11152);
#9560=PLANE('',#11153);
#9561=PLANE('',#11154);
#9562=ADVANCED_FACE('',(#8402,#8403),#9260,.T.);
#9563=ADVANCED_FACE('',(#8404,#8405),#9261,.F.);
#9564=ADVANCED_FACE('',(#8406,#8407),#1756,.F.);
#9565=ADVANCED_FACE('',(#8408,#8409,#8410,#8411,#8412,#8413,#8414,#8415,
#8416,#8417,#8418,#8419,#8420,#8421,#8422,#8423,#8424),#9262,.T.);
#9566=ADVANCED_FACE('',(#8425,#8426,#8427,#8428,#8429,#8430,#8431,#8432,
#8433,#8434,#8435,#8436,#8437,#8438,#8439,#8440,#8441),#9263,.F.);
#9567=ADVANCED_FACE('',(#8442,#8443),#9264,.T.);
#9568=ADVANCED_FACE('',(#8444,#8445),#9265,.F.);
#9569=ADVANCED_FACE('',(#8446,#8447),#1757,.F.);
#9570=ADVANCED_FACE('',(#8448,#8449),#9266,.T.);
#9571=ADVANCED_FACE('',(#8450,#8451),#9267,.F.);
#9572=ADVANCED_FACE('',(#8452,#8453),#1758,.F.);
#9573=ADVANCED_FACE('',(#8454,#8455,#8456,#8457,#8458,#8459,#8460,#8461,
#8462,#8463,#8464,#8465,#8466,#8467,#8468,#8469,#8470),#9268,.F.);
#9574=ADVANCED_FACE('',(#8471,#8472,#8473,#8474,#8475,#8476,#8477,#8478,
#8479,#8480,#8481,#8482,#8483,#8484,#8485,#8486,#8487),#9269,.T.);
#9575=ADVANCED_FACE('',(#8488,#8489),#9270,.T.);
#9576=ADVANCED_FACE('',(#8490,#8491),#9271,.F.);
#9577=ADVANCED_FACE('',(#8492,#8493),#1759,.F.);
#9578=ADVANCED_FACE('',(#8494,#8495,#8496,#8497,#8498,#8499,#8500,#8501,
#8502,#8503,#8504,#8505,#8506,#8507,#8508,#8509,#8510),#9272,.F.);
#9579=ADVANCED_FACE('',(#8511,#8512,#8513,#8514,#8515,#8516,#8517,#8518,
#8519,#8520,#8521,#8522,#8523,#8524,#8525,#8526,#8527),#9273,.T.);
#9580=ADVANCED_FACE('',(#8528,#8529),#9274,.T.);
#9581=ADVANCED_FACE('',(#8530,#8531),#9275,.F.);
#9582=ADVANCED_FACE('',(#8532,#8533),#1760,.F.);
#9583=ADVANCED_FACE('',(#8534,#8535,#8536,#8537,#8538,#8539,#8540,#8541,
#8542,#8543,#8544,#8545,#8546,#8547,#8548,#8549,#8550),#9276,.T.);
#9584=ADVANCED_FACE('',(#8551),#1761,.F.);
#9585=ADVANCED_FACE('',(#8552),#1762,.T.);
#9586=ADVANCED_FACE('',(#8553),#9277,.F.);
#9587=ADVANCED_FACE('',(#8554),#1763,.T.);
#9588=ADVANCED_FACE('',(#8555),#9278,.T.);
#9589=ADVANCED_FACE('',(#8556),#1764,.T.);
#9590=ADVANCED_FACE('',(#8557),#9279,.T.);
#9591=ADVANCED_FACE('',(#8558),#1765,.T.);
#9592=ADVANCED_FACE('',(#8559),#9280,.F.);
#9593=ADVANCED_FACE('',(#8560),#1766,.T.);
#9594=ADVANCED_FACE('',(#8561),#9281,.T.);
#9595=ADVANCED_FACE('',(#8562),#1767,.T.);
#9596=ADVANCED_FACE('',(#8563),#1768,.F.);
#9597=ADVANCED_FACE('',(#8564),#1769,.T.);
#9598=ADVANCED_FACE('',(#8565),#9282,.T.);
#9599=ADVANCED_FACE('',(#8566),#1770,.T.);
#9600=ADVANCED_FACE('',(#8567),#9283,.T.);
#9601=ADVANCED_FACE('',(#8568),#1771,.T.);
#9602=ADVANCED_FACE('',(#8569),#9284,.T.);
#9603=ADVANCED_FACE('',(#8570),#1772,.T.);
#9604=ADVANCED_FACE('',(#8571),#9285,.F.);
#9605=ADVANCED_FACE('',(#8572),#1773,.T.);
#9606=ADVANCED_FACE('',(#8573),#9286,.F.);
#9607=ADVANCED_FACE('',(#8574),#1774,.T.);
#9608=ADVANCED_FACE('',(#8575),#1775,.F.);
#9609=ADVANCED_FACE('',(#8576),#1776,.T.);
#9610=ADVANCED_FACE('',(#8577),#9287,.F.);
#9611=ADVANCED_FACE('',(#8578),#1777,.T.);
#9612=ADVANCED_FACE('',(#8579),#9288,.T.);
#9613=ADVANCED_FACE('',(#8580),#1778,.T.);
#9614=ADVANCED_FACE('',(#8581),#9289,.T.);
#9615=ADVANCED_FACE('',(#8582),#1779,.T.);
#9616=ADVANCED_FACE('',(#8583),#9290,.F.);
#9617=ADVANCED_FACE('',(#8584),#1780,.T.);
#9618=ADVANCED_FACE('',(#8585),#9291,.T.);
#9619=ADVANCED_FACE('',(#8586),#1781,.T.);
#9620=ADVANCED_FACE('',(#8587),#1782,.F.);
#9621=ADVANCED_FACE('',(#8588),#1783,.T.);
#9622=ADVANCED_FACE('',(#8589),#9292,.T.);
#9623=ADVANCED_FACE('',(#8590),#1784,.T.);
#9624=ADVANCED_FACE('',(#8591),#9293,.T.);
#9625=ADVANCED_FACE('',(#8592),#1785,.T.);
#9626=ADVANCED_FACE('',(#8593),#9294,.T.);
#9627=ADVANCED_FACE('',(#8594),#1786,.T.);
#9628=ADVANCED_FACE('',(#8595),#9295,.F.);
#9629=ADVANCED_FACE('',(#8596),#1787,.T.);
#9630=ADVANCED_FACE('',(#8597),#9296,.F.);
#9631=ADVANCED_FACE('',(#8598,#8599),#1788,.F.);
#9632=ADVANCED_FACE('',(#8600,#8601),#1789,.F.);
#9633=ADVANCED_FACE('',(#8602,#8603),#1790,.F.);
#9634=ADVANCED_FACE('',(#8604,#8605),#1791,.F.);
#9635=ADVANCED_FACE('',(#8606,#8607),#1792,.F.);
#9636=ADVANCED_FACE('',(#8608,#8609),#1793,.F.);
#9637=ADVANCED_FACE('',(#8610,#8611),#1794,.F.);
#9638=ADVANCED_FACE('',(#8612,#8613),#1795,.F.);
#9639=ADVANCED_FACE('',(#8614,#8615),#1796,.F.);
#9640=ADVANCED_FACE('',(#8616,#8617),#1797,.F.);
#9641=ADVANCED_FACE('',(#8618,#8619),#1798,.F.);
#9642=ADVANCED_FACE('',(#8620,#8621),#1799,.F.);
#9643=ADVANCED_FACE('',(#8622,#8623),#1800,.F.);
#9644=ADVANCED_FACE('',(#8624,#8625),#1801,.F.);
#9645=ADVANCED_FACE('',(#8626,#8627),#1802,.F.);
#9646=ADVANCED_FACE('',(#8628,#8629),#1803,.F.);
#9647=ADVANCED_FACE('',(#8630),#1804,.T.);
#9648=ADVANCED_FACE('',(#8631,#8632,#8633,#8634,#8635,#8636,#8637,#8638,
#8639,#8640,#8641,#8642,#8643,#8644,#8645,#8646,#8647),#9297,.F.);
#9649=ADVANCED_FACE('',(#8648,#8649),#9298,.T.);
#9650=ADVANCED_FACE('',(#8650,#8651),#9299,.T.);
#9651=ADVANCED_FACE('',(#8652,#8653),#9300,.T.);
#9652=ADVANCED_FACE('',(#8654,#8655),#9301,.T.);
#9653=ADVANCED_FACE('',(#8656,#8657),#9302,.T.);
#9654=ADVANCED_FACE('',(#8658,#8659),#9303,.F.);
#9655=ADVANCED_FACE('',(#8660,#8661),#1805,.F.);
#9656=ADVANCED_FACE('',(#8662),#1806,.F.);
#9657=ADVANCED_FACE('',(#8663),#1807,.T.);
#9658=ADVANCED_FACE('',(#8664),#9304,.F.);
#9659=ADVANCED_FACE('',(#8665),#1808,.T.);
#9660=ADVANCED_FACE('',(#8666),#9305,.T.);
#9661=ADVANCED_FACE('',(#8667),#1809,.T.);
#9662=ADVANCED_FACE('',(#8668),#9306,.T.);
#9663=ADVANCED_FACE('',(#8669),#1810,.T.);
#9664=ADVANCED_FACE('',(#8670),#9307,.F.);
#9665=ADVANCED_FACE('',(#8671),#1811,.T.);
#9666=ADVANCED_FACE('',(#8672),#9308,.T.);
#9667=ADVANCED_FACE('',(#8673),#1812,.T.);
#9668=ADVANCED_FACE('',(#8674),#1813,.F.);
#9669=ADVANCED_FACE('',(#8675),#1814,.T.);
#9670=ADVANCED_FACE('',(#8676),#9309,.T.);
#9671=ADVANCED_FACE('',(#8677),#1815,.T.);
#9672=ADVANCED_FACE('',(#8678),#9310,.T.);
#9673=ADVANCED_FACE('',(#8679),#1816,.T.);
#9674=ADVANCED_FACE('',(#8680),#9311,.T.);
#9675=ADVANCED_FACE('',(#8681),#1817,.T.);
#9676=ADVANCED_FACE('',(#8682),#9312,.F.);
#9677=ADVANCED_FACE('',(#8683),#1818,.T.);
#9678=ADVANCED_FACE('',(#8684),#9313,.F.);
#9679=ADVANCED_FACE('',(#8685),#1819,.T.);
#9680=ADVANCED_FACE('',(#8686),#1820,.F.);
#9681=ADVANCED_FACE('',(#8687),#1821,.T.);
#9682=ADVANCED_FACE('',(#8688),#9314,.F.);
#9683=ADVANCED_FACE('',(#8689),#1822,.T.);
#9684=ADVANCED_FACE('',(#8690),#9315,.T.);
#9685=ADVANCED_FACE('',(#8691),#1823,.T.);
#9686=ADVANCED_FACE('',(#8692),#9316,.T.);
#9687=ADVANCED_FACE('',(#8693),#1824,.T.);
#9688=ADVANCED_FACE('',(#8694),#9317,.F.);
#9689=ADVANCED_FACE('',(#8695),#1825,.T.);
#9690=ADVANCED_FACE('',(#8696),#9318,.T.);
#9691=ADVANCED_FACE('',(#8697),#1826,.T.);
#9692=ADVANCED_FACE('',(#8698),#1827,.F.);
#9693=ADVANCED_FACE('',(#8699),#1828,.T.);
#9694=ADVANCED_FACE('',(#8700),#9319,.T.);
#9695=ADVANCED_FACE('',(#8701),#1829,.T.);
#9696=ADVANCED_FACE('',(#8702),#9320,.T.);
#9697=ADVANCED_FACE('',(#8703),#1830,.T.);
#9698=ADVANCED_FACE('',(#8704),#9321,.T.);
#9699=ADVANCED_FACE('',(#8705),#1831,.T.);
#9700=ADVANCED_FACE('',(#8706),#9322,.F.);
#9701=ADVANCED_FACE('',(#8707),#1832,.T.);
#9702=ADVANCED_FACE('',(#8708),#9323,.F.);
#9703=ADVANCED_FACE('',(#8709,#8710),#1833,.F.);
#9704=ADVANCED_FACE('',(#8711,#8712),#1834,.F.);
#9705=ADVANCED_FACE('',(#8713,#8714),#1835,.F.);
#9706=ADVANCED_FACE('',(#8715,#8716),#1836,.F.);
#9707=ADVANCED_FACE('',(#8717,#8718),#1837,.F.);
#9708=ADVANCED_FACE('',(#8719,#8720),#1838,.F.);
#9709=ADVANCED_FACE('',(#8721,#8722),#1839,.F.);
#9710=ADVANCED_FACE('',(#8723,#8724),#1840,.F.);
#9711=ADVANCED_FACE('',(#8725,#8726),#1841,.F.);
#9712=ADVANCED_FACE('',(#8727,#8728),#1842,.F.);
#9713=ADVANCED_FACE('',(#8729,#8730),#1843,.F.);
#9714=ADVANCED_FACE('',(#8731,#8732),#1844,.F.);
#9715=ADVANCED_FACE('',(#8733,#8734),#1845,.F.);
#9716=ADVANCED_FACE('',(#8735,#8736),#1846,.F.);
#9717=ADVANCED_FACE('',(#8737,#8738),#1847,.F.);
#9718=ADVANCED_FACE('',(#8739,#8740),#1848,.F.);
#9719=ADVANCED_FACE('',(#8741),#1849,.T.);
#9720=ADVANCED_FACE('',(#8742,#8743),#9324,.F.);
#9721=ADVANCED_FACE('',(#8744,#8745),#9325,.F.);
#9722=ADVANCED_FACE('',(#8746,#8747),#9326,.F.);
#9723=ADVANCED_FACE('',(#8748,#8749),#9327,.T.);
#9724=ADVANCED_FACE('',(#8750),#9328,.F.);
#9725=ADVANCED_FACE('',(#8751),#9329,.F.);
#9726=ADVANCED_FACE('',(#8752),#9330,.F.);
#9727=ADVANCED_FACE('',(#8753),#9331,.F.);
#9728=ADVANCED_FACE('',(#8754),#9332,.F.);
#9729=ADVANCED_FACE('',(#8755),#9333,.F.);
#9730=ADVANCED_FACE('',(#8756,#8757),#1850,.F.);
#9731=ADVANCED_FACE('',(#8758,#8759),#9334,.T.);
#9732=ADVANCED_FACE('',(#8760,#8761),#9335,.F.);
#9733=ADVANCED_FACE('',(#8762,#8763),#1851,.F.);
#9734=ADVANCED_FACE('',(#8764,#8765),#9336,.T.);
#9735=ADVANCED_FACE('',(#8766,#8767),#9337,.F.);
#9736=ADVANCED_FACE('',(#8768,#8769),#1852,.F.);
#9737=ADVANCED_FACE('',(#8770,#8771),#9338,.T.);
#9738=ADVANCED_FACE('',(#8772,#8773),#9339,.F.);
#9739=ADVANCED_FACE('',(#8774,#8775),#1853,.F.);
#9740=ADVANCED_FACE('',(#8776,#8777),#9340,.T.);
#9741=ADVANCED_FACE('',(#8778,#8779),#9341,.F.);
#9742=ADVANCED_FACE('',(#8780,#8781),#1854,.F.);
#9743=ADVANCED_FACE('',(#8782),#1855,.F.);
#9744=ADVANCED_FACE('',(#8783),#1856,.T.);
#9745=ADVANCED_FACE('',(#8784),#9342,.F.);
#9746=ADVANCED_FACE('',(#8785),#1857,.T.);
#9747=ADVANCED_FACE('',(#8786),#9343,.T.);
#9748=ADVANCED_FACE('',(#8787),#1858,.T.);
#9749=ADVANCED_FACE('',(#8788),#9344,.T.);
#9750=ADVANCED_FACE('',(#8789),#1859,.T.);
#9751=ADVANCED_FACE('',(#8790),#9345,.F.);
#9752=ADVANCED_FACE('',(#8791),#1860,.T.);
#9753=ADVANCED_FACE('',(#8792),#9346,.T.);
#9754=ADVANCED_FACE('',(#8793),#1861,.T.);
#9755=ADVANCED_FACE('',(#8794),#1862,.F.);
#9756=ADVANCED_FACE('',(#8795),#1863,.T.);
#9757=ADVANCED_FACE('',(#8796),#9347,.T.);
#9758=ADVANCED_FACE('',(#8797),#1864,.T.);
#9759=ADVANCED_FACE('',(#8798),#9348,.T.);
#9760=ADVANCED_FACE('',(#8799),#1865,.T.);
#9761=ADVANCED_FACE('',(#8800),#9349,.T.);
#9762=ADVANCED_FACE('',(#8801),#1866,.T.);
#9763=ADVANCED_FACE('',(#8802),#9350,.F.);
#9764=ADVANCED_FACE('',(#8803),#1867,.T.);
#9765=ADVANCED_FACE('',(#8804),#9351,.F.);
#9766=ADVANCED_FACE('',(#8805),#1868,.T.);
#9767=ADVANCED_FACE('',(#8806),#1869,.F.);
#9768=ADVANCED_FACE('',(#8807),#1870,.T.);
#9769=ADVANCED_FACE('',(#8808),#9352,.F.);
#9770=ADVANCED_FACE('',(#8809),#1871,.T.);
#9771=ADVANCED_FACE('',(#8810),#9353,.T.);
#9772=ADVANCED_FACE('',(#8811),#1872,.T.);
#9773=ADVANCED_FACE('',(#8812),#9354,.T.);
#9774=ADVANCED_FACE('',(#8813),#1873,.T.);
#9775=ADVANCED_FACE('',(#8814),#9355,.F.);
#9776=ADVANCED_FACE('',(#8815),#1874,.T.);
#9777=ADVANCED_FACE('',(#8816),#9356,.T.);
#9778=ADVANCED_FACE('',(#8817),#1875,.T.);
#9779=ADVANCED_FACE('',(#8818),#1876,.F.);
#9780=ADVANCED_FACE('',(#8819),#1877,.T.);
#9781=ADVANCED_FACE('',(#8820),#9357,.T.);
#9782=ADVANCED_FACE('',(#8821),#1878,.T.);
#9783=ADVANCED_FACE('',(#8822),#9358,.T.);
#9784=ADVANCED_FACE('',(#8823),#1879,.T.);
#9785=ADVANCED_FACE('',(#8824),#9359,.T.);
#9786=ADVANCED_FACE('',(#8825),#1880,.T.);
#9787=ADVANCED_FACE('',(#8826),#9360,.F.);
#9788=ADVANCED_FACE('',(#8827),#1881,.T.);
#9789=ADVANCED_FACE('',(#8828),#9361,.F.);
#9790=ADVANCED_FACE('',(#8829,#8830),#1882,.F.);
#9791=ADVANCED_FACE('',(#8831,#8832),#1883,.F.);
#9792=ADVANCED_FACE('',(#8833,#8834),#1884,.F.);
#9793=ADVANCED_FACE('',(#8835,#8836),#1885,.F.);
#9794=ADVANCED_FACE('',(#8837,#8838),#1886,.F.);
#9795=ADVANCED_FACE('',(#8839,#8840),#1887,.F.);
#9796=ADVANCED_FACE('',(#8841,#8842),#1888,.F.);
#9797=ADVANCED_FACE('',(#8843,#8844),#1889,.F.);
#9798=ADVANCED_FACE('',(#8845,#8846),#1890,.F.);
#9799=ADVANCED_FACE('',(#8847,#8848),#1891,.F.);
#9800=ADVANCED_FACE('',(#8849,#8850),#1892,.F.);
#9801=ADVANCED_FACE('',(#8851,#8852),#1893,.F.);
#9802=ADVANCED_FACE('',(#8853,#8854),#1894,.F.);
#9803=ADVANCED_FACE('',(#8855,#8856),#1895,.F.);
#9804=ADVANCED_FACE('',(#8857,#8858),#1896,.F.);
#9805=ADVANCED_FACE('',(#8859,#8860),#1897,.F.);
#9806=ADVANCED_FACE('',(#8861),#1898,.T.);
#9807=ADVANCED_FACE('',(#8862,#8863,#8864,#8865,#8866,#8867,#8868,#8869,
#8870,#8871,#8872,#8873,#8874,#8875,#8876,#8877,#8878),#9362,.T.);
#9808=ADVANCED_FACE('',(#8879,#8880),#9363,.T.);
#9809=ADVANCED_FACE('',(#8881,#8882),#9364,.T.);
#9810=ADVANCED_FACE('',(#8883,#8884),#9365,.T.);
#9811=ADVANCED_FACE('',(#8885),#1899,.F.);
#9812=ADVANCED_FACE('',(#8886),#1900,.T.);
#9813=ADVANCED_FACE('',(#8887),#9366,.F.);
#9814=ADVANCED_FACE('',(#8888),#1901,.T.);
#9815=ADVANCED_FACE('',(#8889),#9367,.T.);
#9816=ADVANCED_FACE('',(#8890),#1902,.T.);
#9817=ADVANCED_FACE('',(#8891),#9368,.T.);
#9818=ADVANCED_FACE('',(#8892),#1903,.T.);
#9819=ADVANCED_FACE('',(#8893),#9369,.F.);
#9820=ADVANCED_FACE('',(#8894),#1904,.T.);
#9821=ADVANCED_FACE('',(#8895),#9370,.T.);
#9822=ADVANCED_FACE('',(#8896),#1905,.T.);
#9823=ADVANCED_FACE('',(#8897),#1906,.F.);
#9824=ADVANCED_FACE('',(#8898),#1907,.T.);
#9825=ADVANCED_FACE('',(#8899),#9371,.T.);
#9826=ADVANCED_FACE('',(#8900),#1908,.T.);
#9827=ADVANCED_FACE('',(#8901),#9372,.T.);
#9828=ADVANCED_FACE('',(#8902),#1909,.T.);
#9829=ADVANCED_FACE('',(#8903),#9373,.T.);
#9830=ADVANCED_FACE('',(#8904),#1910,.T.);
#9831=ADVANCED_FACE('',(#8905),#9374,.F.);
#9832=ADVANCED_FACE('',(#8906),#1911,.T.);
#9833=ADVANCED_FACE('',(#8907),#9375,.F.);
#9834=ADVANCED_FACE('',(#8908),#1912,.T.);
#9835=ADVANCED_FACE('',(#8909),#1913,.F.);
#9836=ADVANCED_FACE('',(#8910),#1914,.T.);
#9837=ADVANCED_FACE('',(#8911),#9376,.F.);
#9838=ADVANCED_FACE('',(#8912),#1915,.T.);
#9839=ADVANCED_FACE('',(#8913),#9377,.T.);
#9840=ADVANCED_FACE('',(#8914),#1916,.T.);
#9841=ADVANCED_FACE('',(#8915),#9378,.T.);
#9842=ADVANCED_FACE('',(#8916),#1917,.T.);
#9843=ADVANCED_FACE('',(#8917),#9379,.F.);
#9844=ADVANCED_FACE('',(#8918),#1918,.T.);
#9845=ADVANCED_FACE('',(#8919),#9380,.T.);
#9846=ADVANCED_FACE('',(#8920),#1919,.T.);
#9847=ADVANCED_FACE('',(#8921),#1920,.F.);
#9848=ADVANCED_FACE('',(#8922),#1921,.T.);
#9849=ADVANCED_FACE('',(#8923),#9381,.T.);
#9850=ADVANCED_FACE('',(#8924),#1922,.T.);
#9851=ADVANCED_FACE('',(#8925),#9382,.T.);
#9852=ADVANCED_FACE('',(#8926),#1923,.T.);
#9853=ADVANCED_FACE('',(#8927),#9383,.T.);
#9854=ADVANCED_FACE('',(#8928),#1924,.T.);
#9855=ADVANCED_FACE('',(#8929),#9384,.F.);
#9856=ADVANCED_FACE('',(#8930),#1925,.T.);
#9857=ADVANCED_FACE('',(#8931),#9385,.F.);
#9858=ADVANCED_FACE('',(#8932,#8933),#1926,.F.);
#9859=ADVANCED_FACE('',(#8934,#8935),#1927,.F.);
#9860=ADVANCED_FACE('',(#8936,#8937),#1928,.F.);
#9861=ADVANCED_FACE('',(#8938,#8939),#1929,.F.);
#9862=ADVANCED_FACE('',(#8940,#8941),#1930,.F.);
#9863=ADVANCED_FACE('',(#8942,#8943),#1931,.F.);
#9864=ADVANCED_FACE('',(#8944,#8945),#1932,.F.);
#9865=ADVANCED_FACE('',(#8946,#8947),#1933,.F.);
#9866=ADVANCED_FACE('',(#8948,#8949),#1934,.F.);
#9867=ADVANCED_FACE('',(#8950,#8951),#1935,.F.);
#9868=ADVANCED_FACE('',(#8952,#8953),#1936,.F.);
#9869=ADVANCED_FACE('',(#8954,#8955),#1937,.F.);
#9870=ADVANCED_FACE('',(#8956,#8957),#1938,.F.);
#9871=ADVANCED_FACE('',(#8958,#8959),#1939,.F.);
#9872=ADVANCED_FACE('',(#8960,#8961),#1940,.F.);
#9873=ADVANCED_FACE('',(#8962,#8963),#1941,.F.);
#9874=ADVANCED_FACE('',(#8964),#1942,.T.);
#9875=ADVANCED_FACE('',(#8965,#8966),#9386,.T.);
#9876=ADVANCED_FACE('',(#8967),#9387,.F.);
#9877=ADVANCED_FACE('',(#8968),#9388,.F.);
#9878=ADVANCED_FACE('',(#8969),#9389,.F.);
#9879=ADVANCED_FACE('',(#8970),#9390,.F.);
#9880=ADVANCED_FACE('',(#8971),#9391,.F.);
#9881=ADVANCED_FACE('',(#8972),#9392,.F.);
#9882=ADVANCED_FACE('',(#8973,#8974),#1943,.F.);
#9883=ADVANCED_FACE('',(#8975,#8976),#9393,.F.);
#9884=ADVANCED_FACE('',(#8977),#9394,.F.);
#9885=ADVANCED_FACE('',(#8978),#9395,.F.);
#9886=ADVANCED_FACE('',(#8979),#9396,.F.);
#9887=ADVANCED_FACE('',(#8980),#9397,.F.);
#9888=ADVANCED_FACE('',(#8981),#9398,.F.);
#9889=ADVANCED_FACE('',(#8982),#9399,.F.);
#9890=ADVANCED_FACE('',(#8983,#8984),#1944,.F.);
#9891=ADVANCED_FACE('',(#8985,#8986),#9400,.F.);
#9892=ADVANCED_FACE('',(#8987),#9401,.F.);
#9893=ADVANCED_FACE('',(#8988),#9402,.F.);
#9894=ADVANCED_FACE('',(#8989),#9403,.F.);
#9895=ADVANCED_FACE('',(#8990),#9404,.F.);
#9896=ADVANCED_FACE('',(#8991),#9405,.F.);
#9897=ADVANCED_FACE('',(#8992),#9406,.F.);
#9898=ADVANCED_FACE('',(#8993,#8994),#1945,.F.);
#9899=ADVANCED_FACE('',(#8995,#8996),#9407,.T.);
#9900=ADVANCED_FACE('',(#8997),#9408,.F.);
#9901=ADVANCED_FACE('',(#8998),#9409,.F.);
#9902=ADVANCED_FACE('',(#8999),#9410,.F.);
#9903=ADVANCED_FACE('',(#9000),#9411,.F.);
#9904=ADVANCED_FACE('',(#9001),#9412,.F.);
#9905=ADVANCED_FACE('',(#9002),#9413,.F.);
#9906=ADVANCED_FACE('',(#9003,#9004),#1946,.F.);
#9907=ADVANCED_FACE('',(#9005,#9006),#9414,.F.);
#9908=ADVANCED_FACE('',(#9007),#9415,.F.);
#9909=ADVANCED_FACE('',(#9008),#9416,.F.);
#9910=ADVANCED_FACE('',(#9009),#9417,.F.);
#9911=ADVANCED_FACE('',(#9010),#9418,.F.);
#9912=ADVANCED_FACE('',(#9011),#9419,.F.);
#9913=ADVANCED_FACE('',(#9012),#9420,.F.);
#9914=ADVANCED_FACE('',(#9013,#9014),#1947,.F.);
#9915=ADVANCED_FACE('',(#9015),#9421,.F.);
#9916=ADVANCED_FACE('',(#9016),#9422,.F.);
#9917=ADVANCED_FACE('',(#9017),#9423,.F.);
#9918=ADVANCED_FACE('',(#9018),#9424,.F.);
#9919=ADVANCED_FACE('',(#9019),#9425,.F.);
#9920=ADVANCED_FACE('',(#9020),#9426,.F.);
#9921=ADVANCED_FACE('',(#9021),#9427,.F.);
#9922=ADVANCED_FACE('',(#9022),#9428,.F.);
#9923=ADVANCED_FACE('',(#9023),#9429,.F.);
#9924=ADVANCED_FACE('',(#9024),#9430,.F.);
#9925=ADVANCED_FACE('',(#9025),#9431,.F.);
#9926=ADVANCED_FACE('',(#9026),#9432,.F.);
#9927=ADVANCED_FACE('',(#9027),#9433,.F.);
#9928=ADVANCED_FACE('',(#9028),#9434,.F.);
#9929=ADVANCED_FACE('',(#9029),#9435,.F.);
#9930=ADVANCED_FACE('',(#9030),#9436,.F.);
#9931=ADVANCED_FACE('',(#9031),#9437,.F.);
#9932=ADVANCED_FACE('',(#9032),#9438,.F.);
#9933=ADVANCED_FACE('',(#9033),#9439,.F.);
#9934=ADVANCED_FACE('',(#9034),#9440,.F.);
#9935=ADVANCED_FACE('',(#9035),#9441,.F.);
#9936=ADVANCED_FACE('',(#9036),#9442,.F.);
#9937=ADVANCED_FACE('',(#9037),#9443,.F.);
#9938=ADVANCED_FACE('',(#9038),#9444,.F.);
#9939=ADVANCED_FACE('',(#9039,#9040),#9445,.T.);
#9940=ADVANCED_FACE('',(#9041,#9042),#9446,.T.);
#9941=ADVANCED_FACE('',(#9043,#9044),#9447,.T.);
#9942=ADVANCED_FACE('',(#9045,#9046),#9448,.T.);
#9943=ADVANCED_FACE('',(#9047,#9048),#9449,.F.);
#9944=ADVANCED_FACE('',(#9049),#9450,.F.);
#9945=ADVANCED_FACE('',(#9050),#9451,.F.);
#9946=ADVANCED_FACE('',(#9051),#9452,.F.);
#9947=ADVANCED_FACE('',(#9052),#9453,.F.);
#9948=ADVANCED_FACE('',(#9053),#9454,.F.);
#9949=ADVANCED_FACE('',(#9054),#9455,.F.);
#9950=ADVANCED_FACE('',(#9055,#9056),#1948,.F.);
#9951=ADVANCED_FACE('',(#9057,#9058,#9059,#9060,#9061,#9062,#9063,#9064,
#9065,#9066,#9067,#9068,#9069,#9070,#9071,#9072,#9073),#9456,.F.);
#9952=ADVANCED_FACE('',(#9074,#9075),#9457,.F.);
#9953=ADVANCED_FACE('',(#9076),#9458,.F.);
#9954=ADVANCED_FACE('',(#9077),#9459,.F.);
#9955=ADVANCED_FACE('',(#9078),#9460,.F.);
#9956=ADVANCED_FACE('',(#9079),#9461,.F.);
#9957=ADVANCED_FACE('',(#9080),#9462,.F.);
#9958=ADVANCED_FACE('',(#9081),#9463,.F.);
#9959=ADVANCED_FACE('',(#9082,#9083),#1949,.F.);
#9960=ADVANCED_FACE('',(#9084,#9085),#9464,.F.);
#9961=ADVANCED_FACE('',(#9086),#9465,.F.);
#9962=ADVANCED_FACE('',(#9087),#9466,.F.);
#9963=ADVANCED_FACE('',(#9088),#9467,.F.);
#9964=ADVANCED_FACE('',(#9089),#9468,.F.);
#9965=ADVANCED_FACE('',(#9090),#9469,.F.);
#9966=ADVANCED_FACE('',(#9091),#9470,.F.);
#9967=ADVANCED_FACE('',(#9092,#9093),#1950,.F.);
#9968=ADVANCED_FACE('',(#9094,#9095),#9471,.F.);
#9969=ADVANCED_FACE('',(#9096),#9472,.F.);
#9970=ADVANCED_FACE('',(#9097),#9473,.F.);
#9971=ADVANCED_FACE('',(#9098),#9474,.F.);
#9972=ADVANCED_FACE('',(#9099),#9475,.F.);
#9973=ADVANCED_FACE('',(#9100),#9476,.F.);
#9974=ADVANCED_FACE('',(#9101),#9477,.F.);
#9975=ADVANCED_FACE('',(#9102,#9103),#1951,.F.);
#9976=ADVANCED_FACE('',(#9104),#1952,.F.);
#9977=ADVANCED_FACE('',(#9105),#1953,.T.);
#9978=ADVANCED_FACE('',(#9106),#9478,.F.);
#9979=ADVANCED_FACE('',(#9107),#1954,.T.);
#9980=ADVANCED_FACE('',(#9108),#9479,.T.);
#9981=ADVANCED_FACE('',(#9109),#1955,.T.);
#9982=ADVANCED_FACE('',(#9110),#9480,.T.);
#9983=ADVANCED_FACE('',(#9111),#1956,.T.);
#9984=ADVANCED_FACE('',(#9112),#9481,.F.);
#9985=ADVANCED_FACE('',(#9113),#1957,.T.);
#9986=ADVANCED_FACE('',(#9114),#9482,.T.);
#9987=ADVANCED_FACE('',(#9115),#1958,.T.);
#9988=ADVANCED_FACE('',(#9116),#1959,.F.);
#9989=ADVANCED_FACE('',(#9117),#1960,.T.);
#9990=ADVANCED_FACE('',(#9118),#9483,.T.);
#9991=ADVANCED_FACE('',(#9119),#1961,.T.);
#9992=ADVANCED_FACE('',(#9120),#9484,.T.);
#9993=ADVANCED_FACE('',(#9121),#1962,.T.);
#9994=ADVANCED_FACE('',(#9122),#9485,.T.);
#9995=ADVANCED_FACE('',(#9123),#1963,.T.);
#9996=ADVANCED_FACE('',(#9124),#9486,.F.);
#9997=ADVANCED_FACE('',(#9125),#1964,.T.);
#9998=ADVANCED_FACE('',(#9126),#9487,.F.);
#9999=ADVANCED_FACE('',(#9127),#1965,.T.);
#10000=ADVANCED_FACE('',(#9128),#1966,.F.);
#10001=ADVANCED_FACE('',(#9129),#1967,.T.);
#10002=ADVANCED_FACE('',(#9130),#9488,.F.);
#10003=ADVANCED_FACE('',(#9131),#1968,.T.);
#10004=ADVANCED_FACE('',(#9132),#9489,.T.);
#10005=ADVANCED_FACE('',(#9133),#1969,.T.);
#10006=ADVANCED_FACE('',(#9134),#9490,.T.);
#10007=ADVANCED_FACE('',(#9135),#1970,.T.);
#10008=ADVANCED_FACE('',(#9136),#9491,.F.);
#10009=ADVANCED_FACE('',(#9137),#1971,.T.);
#10010=ADVANCED_FACE('',(#9138),#9492,.T.);
#10011=ADVANCED_FACE('',(#9139),#1972,.T.);
#10012=ADVANCED_FACE('',(#9140),#1973,.F.);
#10013=ADVANCED_FACE('',(#9141),#1974,.T.);
#10014=ADVANCED_FACE('',(#9142),#9493,.T.);
#10015=ADVANCED_FACE('',(#9143),#1975,.T.);
#10016=ADVANCED_FACE('',(#9144),#9494,.T.);
#10017=ADVANCED_FACE('',(#9145),#1976,.T.);
#10018=ADVANCED_FACE('',(#9146),#9495,.T.);
#10019=ADVANCED_FACE('',(#9147),#1977,.T.);
#10020=ADVANCED_FACE('',(#9148),#9496,.F.);
#10021=ADVANCED_FACE('',(#9149),#1978,.T.);
#10022=ADVANCED_FACE('',(#9150),#9497,.F.);
#10023=ADVANCED_FACE('',(#9151,#9152),#1979,.F.);
#10024=ADVANCED_FACE('',(#9153,#9154),#1980,.F.);
#10025=ADVANCED_FACE('',(#9155,#9156),#1981,.F.);
#10026=ADVANCED_FACE('',(#9157,#9158),#1982,.F.);
#10027=ADVANCED_FACE('',(#9159,#9160),#1983,.F.);
#10028=ADVANCED_FACE('',(#9161,#9162),#1984,.F.);
#10029=ADVANCED_FACE('',(#9163,#9164),#1985,.F.);
#10030=ADVANCED_FACE('',(#9165,#9166),#1986,.F.);
#10031=ADVANCED_FACE('',(#9167,#9168),#1987,.F.);
#10032=ADVANCED_FACE('',(#9169,#9170),#1988,.F.);
#10033=ADVANCED_FACE('',(#9171,#9172),#1989,.F.);
#10034=ADVANCED_FACE('',(#9173,#9174),#1990,.F.);
#10035=ADVANCED_FACE('',(#9175,#9176),#1991,.F.);
#10036=ADVANCED_FACE('',(#9177,#9178),#1992,.F.);
#10037=ADVANCED_FACE('',(#9179,#9180),#1993,.F.);
#10038=ADVANCED_FACE('',(#9181,#9182),#1994,.F.);
#10039=ADVANCED_FACE('',(#9183),#1995,.T.);
#10040=ADVANCED_FACE('',(#9184,#9185),#9498,.F.);
#10041=ADVANCED_FACE('',(#9186),#9499,.F.);
#10042=ADVANCED_FACE('',(#9187),#9500,.F.);
#10043=ADVANCED_FACE('',(#9188),#9501,.F.);
#10044=ADVANCED_FACE('',(#9189),#9502,.F.);
#10045=ADVANCED_FACE('',(#9190),#9503,.F.);
#10046=ADVANCED_FACE('',(#9191),#9504,.F.);
#10047=ADVANCED_FACE('',(#9192,#9193),#1996,.F.);
#10048=ADVANCED_FACE('',(#9194,#9195),#9505,.F.);
#10049=ADVANCED_FACE('',(#9196),#9506,.F.);
#10050=ADVANCED_FACE('',(#9197),#9507,.F.);
#10051=ADVANCED_FACE('',(#9198),#9508,.F.);
#10052=ADVANCED_FACE('',(#9199),#9509,.F.);
#10053=ADVANCED_FACE('',(#9200),#9510,.F.);
#10054=ADVANCED_FACE('',(#9201),#9511,.F.);
#10055=ADVANCED_FACE('',(#9202,#9203),#1997,.F.);
#10056=ADVANCED_FACE('',(#9204,#9205),#9512,.F.);
#10057=ADVANCED_FACE('',(#9206),#9513,.F.);
#10058=ADVANCED_FACE('',(#9207),#9514,.F.);
#10059=ADVANCED_FACE('',(#9208),#9515,.F.);
#10060=ADVANCED_FACE('',(#9209),#9516,.F.);
#10061=ADVANCED_FACE('',(#9210),#9517,.F.);
#10062=ADVANCED_FACE('',(#9211),#9518,.F.);
#10063=ADVANCED_FACE('',(#9212,#9213),#1998,.F.);
#10064=ADVANCED_FACE('',(#9214,#9215),#9519,.F.);
#10065=ADVANCED_FACE('',(#9216),#9520,.F.);
#10066=ADVANCED_FACE('',(#9217),#9521,.F.);
#10067=ADVANCED_FACE('',(#9218),#9522,.F.);
#10068=ADVANCED_FACE('',(#9219),#9523,.F.);
#10069=ADVANCED_FACE('',(#9220),#9524,.F.);
#10070=ADVANCED_FACE('',(#9221),#9525,.F.);
#10071=ADVANCED_FACE('',(#9222,#9223),#1999,.F.);
#10072=ADVANCED_FACE('',(#9224),#9526,.F.);
#10073=ADVANCED_FACE('',(#9225),#9527,.F.);
#10074=ADVANCED_FACE('',(#9226),#9528,.F.);
#10075=ADVANCED_FACE('',(#9227),#9529,.F.);
#10076=ADVANCED_FACE('',(#9228),#9530,.F.);
#10077=ADVANCED_FACE('',(#9229),#9531,.F.);
#10078=ADVANCED_FACE('',(#9230),#9532,.F.);
#10079=ADVANCED_FACE('',(#9231),#9533,.F.);
#10080=ADVANCED_FACE('',(#9232),#9534,.F.);
#10081=ADVANCED_FACE('',(#9233),#9535,.F.);
#10082=ADVANCED_FACE('',(#9234),#9536,.F.);
#10083=ADVANCED_FACE('',(#9235),#9537,.F.);
#10084=ADVANCED_FACE('',(#9236),#9538,.F.);
#10085=ADVANCED_FACE('',(#9237),#9539,.F.);
#10086=ADVANCED_FACE('',(#9238),#9540,.F.);
#10087=ADVANCED_FACE('',(#9239),#9541,.F.);
#10088=ADVANCED_FACE('',(#9240),#9542,.F.);
#10089=ADVANCED_FACE('',(#9241),#9543,.F.);
#10090=ADVANCED_FACE('',(#9242),#9544,.F.);
#10091=ADVANCED_FACE('',(#9243),#9545,.F.);
#10092=ADVANCED_FACE('',(#9244),#9546,.F.);
#10093=ADVANCED_FACE('',(#9245),#9547,.F.);
#10094=ADVANCED_FACE('',(#9246),#9548,.F.);
#10095=ADVANCED_FACE('',(#9247),#9549,.F.);
#10096=ADVANCED_FACE('',(#9248),#9550,.F.);
#10097=ADVANCED_FACE('',(#9249),#9551,.F.);
#10098=ADVANCED_FACE('',(#9250),#9552,.F.);
#10099=ADVANCED_FACE('',(#9251),#9553,.F.);
#10100=ADVANCED_FACE('',(#9252),#9554,.F.);
#10101=ADVANCED_FACE('',(#9253),#9555,.F.);
#10102=ADVANCED_FACE('',(#9254),#9556,.F.);
#10103=ADVANCED_FACE('',(#9255),#9557,.F.);
#10104=ADVANCED_FACE('',(#9256),#9558,.F.);
#10105=ADVANCED_FACE('',(#9257),#9559,.F.);
#10106=ADVANCED_FACE('',(#9258),#9560,.F.);
#10107=ADVANCED_FACE('',(#9259),#9561,.F.);
#10108=CLOSED_SHELL('',(#9562,#9563,#9564,#9565,#9566,#9567,#9568,#9569,
#9570,#9571,#9572,#9573,#9574,#9575,#9576,#9577,#9578,#9579,#9580,#9581,
#9582,#9583,#9584,#9585,#9586,#9587,#9588,#9589,#9590,#9591,#9592,#9593,
#9594,#9595,#9596,#9597,#9598,#9599,#9600,#9601,#9602,#9603,#9604,#9605,
#9606,#9607,#9608,#9609,#9610,#9611,#9612,#9613,#9614,#9615,#9616,#9617,
#9618,#9619,#9620,#9621,#9622,#9623,#9624,#9625,#9626,#9627,#9628,#9629,
#9630,#9631,#9632,#9633,#9634,#9635,#9636,#9637,#9638,#9639,#9640,#9641,
#9642,#9643,#9644,#9645,#9646,#9647,#9648,#9649,#9650,#9651,#9652,#9653,
#9654,#9655,#9656,#9657,#9658,#9659,#9660,#9661,#9662,#9663,#9664,#9665,
#9666,#9667,#9668,#9669,#9670,#9671,#9672,#9673,#9674,#9675,#9676,#9677,
#9678,#9679,#9680,#9681,#9682,#9683,#9684,#9685,#9686,#9687,#9688,#9689,
#9690,#9691,#9692,#9693,#9694,#9695,#9696,#9697,#9698,#9699,#9700,#9701,
#9702,#9703,#9704,#9705,#9706,#9707,#9708,#9709,#9710,#9711,#9712,#9713,
#9714,#9715,#9716,#9717,#9718,#9719,#9720,#9721,#9722,#9723,#9724,#9725,
#9726,#9727,#9728,#9729,#9730,#9731,#9732,#9733,#9734,#9735,#9736,#9737,
#9738,#9739,#9740,#9741,#9742,#9743,#9744,#9745,#9746,#9747,#9748,#9749,
#9750,#9751,#9752,#9753,#9754,#9755,#9756,#9757,#9758,#9759,#9760,#9761,
#9762,#9763,#9764,#9765,#9766,#9767,#9768,#9769,#9770,#9771,#9772,#9773,
#9774,#9775,#9776,#9777,#9778,#9779,#9780,#9781,#9782,#9783,#9784,#9785,
#9786,#9787,#9788,#9789,#9790,#9791,#9792,#9793,#9794,#9795,#9796,#9797,
#9798,#9799,#9800,#9801,#9802,#9803,#9804,#9805,#9806,#9807,#9808,#9809,
#9810,#9811,#9812,#9813,#9814,#9815,#9816,#9817,#9818,#9819,#9820,#9821,
#9822,#9823,#9824,#9825,#9826,#9827,#9828,#9829,#9830,#9831,#9832,#9833,
#9834,#9835,#9836,#9837,#9838,#9839,#9840,#9841,#9842,#9843,#9844,#9845,
#9846,#9847,#9848,#9849,#9850,#9851,#9852,#9853,#9854,#9855,#9856,#9857,
#9858,#9859,#9860,#9861,#9862,#9863,#9864,#9865,#9866,#9867,#9868,#9869,
#9870,#9871,#9872,#9873,#9874,#9875,#9876,#9877,#9878,#9879,#9880,#9881,
#9882,#9883,#9884,#9885,#9886,#9887,#9888,#9889,#9890,#9891,#9892,#9893,
#9894,#9895,#9896,#9897,#9898,#9899,#9900,#9901,#9902,#9903,#9904,#9905,
#9906,#9907,#9908,#9909,#9910,#9911,#9912,#9913,#9914,#9915,#9916,#9917,
#9918,#9919,#9920,#9921,#9922,#9923,#9924,#9925,#9926,#9927,#9928,#9929,
#9930,#9931,#9932,#9933,#9934,#9935,#9936,#9937,#9938,#9939,#9940,#9941,
#9942,#9943,#9944,#9945,#9946,#9947,#9948,#9949,#9950,#9951,#9952,#9953,
#9954,#9955,#9956,#9957,#9958,#9959,#9960,#9961,#9962,#9963,#9964,#9965,
#9966,#9967,#9968,#9969,#9970,#9971,#9972,#9973,#9974,#9975,#9976,#9977,
#9978,#9979,#9980,#9981,#9982,#9983,#9984,#9985,#9986,#9987,#9988,#9989,
#9990,#9991,#9992,#9993,#9994,#9995,#9996,#9997,#9998,#9999,#10000,#10001,
#10002,#10003,#10004,#10005,#10006,#10007,#10008,#10009,#10010,#10011,#10012,
#10013,#10014,#10015,#10016,#10017,#10018,#10019,#10020,#10021,#10022,#10023,
#10024,#10025,#10026,#10027,#10028,#10029,#10030,#10031,#10032,#10033,#10034,
#10035,#10036,#10037,#10038,#10039,#10040,#10041,#10042,#10043,#10044,#10045,
#10046,#10047,#10048,#10049,#10050,#10051,#10052,#10053,#10054,#10055,#10056,
#10057,#10058,#10059,#10060,#10061,#10062,#10063,#10064,#10065,#10066,#10067,
#10068,#10069,#10070,#10071,#10072,#10073,#10074,#10075,#10076,#10077,#10078,
#10079,#10080,#10081,#10082,#10083,#10084,#10085,#10086,#10087,#10088,#10089,
#10090,#10091,#10092,#10093,#10094,#10095,#10096,#10097,#10098,#10099,#10100,
#10101,#10102,#10103,#10104,#10105,#10106,#10107));
#10109=STYLED_ITEM('',(#10110),#10117);
#10110=PRESENTATION_STYLE_ASSIGNMENT((#10111));
#10111=SURFACE_STYLE_USAGE(.BOTH.,#10112);
#10112=SURFACE_SIDE_STYLE('',(#10113));
#10113=SURFACE_STYLE_FILL_AREA(#10114);
#10114=FILL_AREA_STYLE('',(#10115));
#10115=FILL_AREA_STYLE_COLOUR('',#10116);
#10116=COLOUR_RGB('',0.529411764705882,0.568627450980392,0.6);
#10117=MANIFOLD_SOLID_BREP('Part 1',#10108);
#10118=SHAPE_DEFINITION_REPRESENTATION(#16986,#10119);
#10119=SHAPE_REPRESENTATION('Part 1',(#10120),#16981);
#10120=AXIS2_PLACEMENT_3D('',#14097,#11155,#11156);
#10121=AXIS2_PLACEMENT_3D('',#14098,#11157,#11158);
#10122=AXIS2_PLACEMENT_3D('',#14099,#11159,#11160);
#10123=AXIS2_PLACEMENT_3D('',#14101,#11161,#11162);
#10124=AXIS2_PLACEMENT_3D('',#14103,#11163,#11164);
#10125=AXIS2_PLACEMENT_3D('',#14104,#11165,#11166);
#10126=AXIS2_PLACEMENT_3D('',#14106,#11167,#11168);
#10127=AXIS2_PLACEMENT_3D('',#14108,#11169,#11170);
#10128=AXIS2_PLACEMENT_3D('',#14109,#11171,#11172);
#10129=AXIS2_PLACEMENT_3D('',#14146,#11191,#11192);
#10130=AXIS2_PLACEMENT_3D('',#14148,#11193,#11194);
#10131=AXIS2_PLACEMENT_3D('',#14150,#11195,#11196);
#10132=AXIS2_PLACEMENT_3D('',#14152,#11197,#11198);
#10133=AXIS2_PLACEMENT_3D('',#14154,#11199,#11200);
#10134=AXIS2_PLACEMENT_3D('',#14156,#11201,#11202);
#10135=AXIS2_PLACEMENT_3D('',#14158,#11203,#11204);
#10136=AXIS2_PLACEMENT_3D('',#14160,#11205,#11206);
#10137=AXIS2_PLACEMENT_3D('',#14162,#11207,#11208);
#10138=AXIS2_PLACEMENT_3D('',#14164,#11209,#11210);
#10139=AXIS2_PLACEMENT_3D('',#14166,#11211,#11212);
#10140=AXIS2_PLACEMENT_3D('',#14169,#11213,#11214);
#10141=AXIS2_PLACEMENT_3D('',#14173,#11216,#11217);
#10142=AXIS2_PLACEMENT_3D('',#14177,#11219,#11220);
#10143=AXIS2_PLACEMENT_3D('',#14181,#11222,#11223);
#10144=AXIS2_PLACEMENT_3D('',#14185,#11225,#11226);
#10145=AXIS2_PLACEMENT_3D('',#14189,#11228,#11229);
#10146=AXIS2_PLACEMENT_3D('',#14191,#11230,#11231);
#10147=AXIS2_PLACEMENT_3D('',#14193,#11232,#11233);
#10148=AXIS2_PLACEMENT_3D('',#14197,#11235,#11236);
#10149=AXIS2_PLACEMENT_3D('',#14201,#11238,#11239);
#10150=AXIS2_PLACEMENT_3D('',#14205,#11241,#11242);
#10151=AXIS2_PLACEMENT_3D('',#14209,#11244,#11245);
#10152=AXIS2_PLACEMENT_3D('',#14213,#11247,#11248);
#10153=AXIS2_PLACEMENT_3D('',#14215,#11249,#11250);
#10154=AXIS2_PLACEMENT_3D('',#14217,#11251,#11252);
#10155=AXIS2_PLACEMENT_3D('',#14221,#11254,#11255);
#10156=AXIS2_PLACEMENT_3D('',#14225,#11257,#11258);
#10157=AXIS2_PLACEMENT_3D('',#14229,#11260,#11261);
#10158=AXIS2_PLACEMENT_3D('',#14233,#11263,#11264);
#10159=AXIS2_PLACEMENT_3D('',#14237,#11266,#11267);
#10160=AXIS2_PLACEMENT_3D('',#14239,#11268,#11269);
#10161=AXIS2_PLACEMENT_3D('',#14241,#11270,#11271);
#10162=AXIS2_PLACEMENT_3D('',#14245,#11273,#11274);
#10163=AXIS2_PLACEMENT_3D('',#14249,#11276,#11277);
#10164=AXIS2_PLACEMENT_3D('',#14253,#11279,#11280);
#10165=AXIS2_PLACEMENT_3D('',#14257,#11282,#11283);
#10166=AXIS2_PLACEMENT_3D('',#14261,#11285,#11286);
#10167=AXIS2_PLACEMENT_3D('',#14298,#11305,#11306);
#10168=AXIS2_PLACEMENT_3D('',#14335,#11325,#11326);
#10169=AXIS2_PLACEMENT_3D('',#14337,#11327,#11328);
#10170=AXIS2_PLACEMENT_3D('',#14339,#11329,#11330);
#10171=AXIS2_PLACEMENT_3D('',#14341,#11331,#11332);
#10172=AXIS2_PLACEMENT_3D('',#14343,#11333,#11334);
#10173=AXIS2_PLACEMENT_3D('',#14345,#11335,#11336);
#10174=AXIS2_PLACEMENT_3D('',#14347,#11337,#11338);
#10175=AXIS2_PLACEMENT_3D('',#14349,#11339,#11340);
#10176=AXIS2_PLACEMENT_3D('',#14351,#11341,#11342);
#10177=AXIS2_PLACEMENT_3D('',#14353,#11343,#11344);
#10178=AXIS2_PLACEMENT_3D('',#14355,#11345,#11346);
#10179=AXIS2_PLACEMENT_3D('',#14358,#11347,#11348);
#10180=AXIS2_PLACEMENT_3D('',#14362,#11350,#11351);
#10181=AXIS2_PLACEMENT_3D('',#14366,#11353,#11354);
#10182=AXIS2_PLACEMENT_3D('',#14370,#11356,#11357);
#10183=AXIS2_PLACEMENT_3D('',#14374,#11359,#11360);
#10184=AXIS2_PLACEMENT_3D('',#14378,#11362,#11363);
#10185=AXIS2_PLACEMENT_3D('',#14380,#11364,#11365);
#10186=AXIS2_PLACEMENT_3D('',#14382,#11366,#11367);
#10187=AXIS2_PLACEMENT_3D('',#14386,#11369,#11370);
#10188=AXIS2_PLACEMENT_3D('',#14390,#11372,#11373);
#10189=AXIS2_PLACEMENT_3D('',#14394,#11375,#11376);
#10190=AXIS2_PLACEMENT_3D('',#14398,#11378,#11379);
#10191=AXIS2_PLACEMENT_3D('',#14402,#11381,#11382);
#10192=AXIS2_PLACEMENT_3D('',#14404,#11383,#11384);
#10193=AXIS2_PLACEMENT_3D('',#14406,#11385,#11386);
#10194=AXIS2_PLACEMENT_3D('',#14410,#11388,#11389);
#10195=AXIS2_PLACEMENT_3D('',#14414,#11391,#11392);
#10196=AXIS2_PLACEMENT_3D('',#14418,#11394,#11395);
#10197=AXIS2_PLACEMENT_3D('',#14422,#11397,#11398);
#10198=AXIS2_PLACEMENT_3D('',#14426,#11400,#11401);
#10199=AXIS2_PLACEMENT_3D('',#14428,#11402,#11403);
#10200=AXIS2_PLACEMENT_3D('',#14430,#11404,#11405);
#10201=AXIS2_PLACEMENT_3D('',#14434,#11407,#11408);
#10202=AXIS2_PLACEMENT_3D('',#14438,#11410,#11411);
#10203=AXIS2_PLACEMENT_3D('',#14442,#11413,#11414);
#10204=AXIS2_PLACEMENT_3D('',#14446,#11416,#11417);
#10205=AXIS2_PLACEMENT_3D('',#14450,#11419,#11420);
#10206=AXIS2_PLACEMENT_3D('',#14487,#11439,#11440);
#10207=AXIS2_PLACEMENT_3D('',#14488,#11441,#11442);
#10208=AXIS2_PLACEMENT_3D('',#14490,#11443,#11444);
#10209=AXIS2_PLACEMENT_3D('',#14492,#11445,#11446);
#10210=AXIS2_PLACEMENT_3D('',#14493,#11447,#11448);
#10211=AXIS2_PLACEMENT_3D('',#14495,#11449,#11450);
#10212=AXIS2_PLACEMENT_3D('',#14497,#11451,#11452);
#10213=AXIS2_PLACEMENT_3D('',#14498,#11453,#11454);
#10214=AXIS2_PLACEMENT_3D('',#14499,#11455,#11456);
#10215=AXIS2_PLACEMENT_3D('',#14501,#11457,#11458);
#10216=AXIS2_PLACEMENT_3D('',#14503,#11459,#11460);
#10217=AXIS2_PLACEMENT_3D('',#14504,#11461,#11462);
#10218=AXIS2_PLACEMENT_3D('',#14506,#11463,#11464);
#10219=AXIS2_PLACEMENT_3D('',#14508,#11465,#11466);
#10220=AXIS2_PLACEMENT_3D('',#14509,#11467,#11468);
#10221=AXIS2_PLACEMENT_3D('',#14558,#11493,#11494);
#10222=AXIS2_PLACEMENT_3D('',#14560,#11495,#11496);
#10223=AXIS2_PLACEMENT_3D('',#14562,#11497,#11498);
#10224=AXIS2_PLACEMENT_3D('',#14564,#11499,#11500);
#10225=AXIS2_PLACEMENT_3D('',#14566,#11501,#11502);
#10226=AXIS2_PLACEMENT_3D('',#14568,#11503,#11504);
#10227=AXIS2_PLACEMENT_3D('',#14570,#11505,#11506);
#10228=AXIS2_PLACEMENT_3D('',#14572,#11507,#11508);
#10229=AXIS2_PLACEMENT_3D('',#14574,#11509,#11510);
#10230=AXIS2_PLACEMENT_3D('',#14577,#11511,#11512);
#10231=AXIS2_PLACEMENT_3D('',#14581,#11514,#11515);
#10232=AXIS2_PLACEMENT_3D('',#14585,#11517,#11518);
#10233=AXIS2_PLACEMENT_3D('',#14589,#11520,#11521);
#10234=AXIS2_PLACEMENT_3D('',#14593,#11523,#11524);
#10235=AXIS2_PLACEMENT_3D('',#14597,#11526,#11527);
#10236=AXIS2_PLACEMENT_3D('',#14599,#11528,#11529);
#10237=AXIS2_PLACEMENT_3D('',#14601,#11530,#11531);
#10238=AXIS2_PLACEMENT_3D('',#14605,#11533,#11534);
#10239=AXIS2_PLACEMENT_3D('',#14609,#11536,#11537);
#10240=AXIS2_PLACEMENT_3D('',#14613,#11539,#11540);
#10241=AXIS2_PLACEMENT_3D('',#14617,#11542,#11543);
#10242=AXIS2_PLACEMENT_3D('',#14621,#11545,#11546);
#10243=AXIS2_PLACEMENT_3D('',#14623,#11547,#11548);
#10244=AXIS2_PLACEMENT_3D('',#14625,#11549,#11550);
#10245=AXIS2_PLACEMENT_3D('',#14629,#11552,#11553);
#10246=AXIS2_PLACEMENT_3D('',#14633,#11555,#11556);
#10247=AXIS2_PLACEMENT_3D('',#14637,#11558,#11559);
#10248=AXIS2_PLACEMENT_3D('',#14641,#11561,#11562);
#10249=AXIS2_PLACEMENT_3D('',#14645,#11564,#11565);
#10250=AXIS2_PLACEMENT_3D('',#14647,#11566,#11567);
#10251=AXIS2_PLACEMENT_3D('',#14649,#11568,#11569);
#10252=AXIS2_PLACEMENT_3D('',#14653,#11571,#11572);
#10253=AXIS2_PLACEMENT_3D('',#14657,#11574,#11575);
#10254=AXIS2_PLACEMENT_3D('',#14661,#11577,#11578);
#10255=AXIS2_PLACEMENT_3D('',#14665,#11580,#11581);
#10256=AXIS2_PLACEMENT_3D('',#14669,#11583,#11584);
#10257=AXIS2_PLACEMENT_3D('',#14718,#11609,#11610);
#10258=AXIS2_PLACEMENT_3D('',#14767,#11635,#11636);
#10259=AXIS2_PLACEMENT_3D('',#14769,#11637,#11638);
#10260=AXIS2_PLACEMENT_3D('',#14771,#11639,#11640);
#10261=AXIS2_PLACEMENT_3D('',#14773,#11641,#11642);
#10262=AXIS2_PLACEMENT_3D('',#14775,#11643,#11644);
#10263=AXIS2_PLACEMENT_3D('',#14777,#11645,#11646);
#10264=AXIS2_PLACEMENT_3D('',#14779,#11647,#11648);
#10265=AXIS2_PLACEMENT_3D('',#14781,#11649,#11650);
#10266=AXIS2_PLACEMENT_3D('',#14783,#11651,#11652);
#10267=AXIS2_PLACEMENT_3D('',#14786,#11653,#11654);
#10268=AXIS2_PLACEMENT_3D('',#14790,#11656,#11657);
#10269=AXIS2_PLACEMENT_3D('',#14794,#11659,#11660);
#10270=AXIS2_PLACEMENT_3D('',#14798,#11662,#11663);
#10271=AXIS2_PLACEMENT_3D('',#14802,#11665,#11666);
#10272=AXIS2_PLACEMENT_3D('',#14806,#11668,#11669);
#10273=AXIS2_PLACEMENT_3D('',#14808,#11670,#11671);
#10274=AXIS2_PLACEMENT_3D('',#14810,#11672,#11673);
#10275=AXIS2_PLACEMENT_3D('',#14814,#11675,#11676);
#10276=AXIS2_PLACEMENT_3D('',#14818,#11678,#11679);
#10277=AXIS2_PLACEMENT_3D('',#14822,#11681,#11682);
#10278=AXIS2_PLACEMENT_3D('',#14826,#11684,#11685);
#10279=AXIS2_PLACEMENT_3D('',#14830,#11687,#11688);
#10280=AXIS2_PLACEMENT_3D('',#14832,#11689,#11690);
#10281=AXIS2_PLACEMENT_3D('',#14834,#11691,#11692);
#10282=AXIS2_PLACEMENT_3D('',#14838,#11694,#11695);
#10283=AXIS2_PLACEMENT_3D('',#14842,#11697,#11698);
#10284=AXIS2_PLACEMENT_3D('',#14846,#11700,#11701);
#10285=AXIS2_PLACEMENT_3D('',#14850,#11703,#11704);
#10286=AXIS2_PLACEMENT_3D('',#14854,#11706,#11707);
#10287=AXIS2_PLACEMENT_3D('',#14856,#11708,#11709);
#10288=AXIS2_PLACEMENT_3D('',#14858,#11710,#11711);
#10289=AXIS2_PLACEMENT_3D('',#14862,#11713,#11714);
#10290=AXIS2_PLACEMENT_3D('',#14866,#11716,#11717);
#10291=AXIS2_PLACEMENT_3D('',#14870,#11719,#11720);
#10292=AXIS2_PLACEMENT_3D('',#14874,#11722,#11723);
#10293=AXIS2_PLACEMENT_3D('',#14878,#11725,#11726);
#10294=AXIS2_PLACEMENT_3D('',#14927,#11751,#11752);
#10295=AXIS2_PLACEMENT_3D('',#14928,#11753,#11754);
#10296=AXIS2_PLACEMENT_3D('',#14930,#11755,#11756);
#10297=AXIS2_PLACEMENT_3D('',#14932,#11757,#11758);
#10298=AXIS2_PLACEMENT_3D('',#14933,#11759,#11760);
#10299=AXIS2_PLACEMENT_3D('',#14935,#11761,#11762);
#10300=AXIS2_PLACEMENT_3D('',#14937,#11763,#11764);
#10301=AXIS2_PLACEMENT_3D('',#14938,#11765,#11766);
#10302=AXIS2_PLACEMENT_3D('',#14975,#11785,#11786);
#10303=AXIS2_PLACEMENT_3D('',#14977,#11787,#11788);
#10304=AXIS2_PLACEMENT_3D('',#14979,#11789,#11790);
#10305=AXIS2_PLACEMENT_3D('',#14981,#11791,#11792);
#10306=AXIS2_PLACEMENT_3D('',#14983,#11793,#11794);
#10307=AXIS2_PLACEMENT_3D('',#14985,#11795,#11796);
#10308=AXIS2_PLACEMENT_3D('',#14987,#11797,#11798);
#10309=AXIS2_PLACEMENT_3D('',#14989,#11799,#11800);
#10310=AXIS2_PLACEMENT_3D('',#14991,#11801,#11802);
#10311=AXIS2_PLACEMENT_3D('',#14993,#11803,#11804);
#10312=AXIS2_PLACEMENT_3D('',#14995,#11805,#11806);
#10313=AXIS2_PLACEMENT_3D('',#14998,#11807,#11808);
#10314=AXIS2_PLACEMENT_3D('',#15002,#11810,#11811);
#10315=AXIS2_PLACEMENT_3D('',#15006,#11813,#11814);
#10316=AXIS2_PLACEMENT_3D('',#15010,#11816,#11817);
#10317=AXIS2_PLACEMENT_3D('',#15014,#11819,#11820);
#10318=AXIS2_PLACEMENT_3D('',#15018,#11822,#11823);
#10319=AXIS2_PLACEMENT_3D('',#15020,#11824,#11825);
#10320=AXIS2_PLACEMENT_3D('',#15022,#11826,#11827);
#10321=AXIS2_PLACEMENT_3D('',#15026,#11829,#11830);
#10322=AXIS2_PLACEMENT_3D('',#15030,#11832,#11833);
#10323=AXIS2_PLACEMENT_3D('',#15034,#11835,#11836);
#10324=AXIS2_PLACEMENT_3D('',#15038,#11838,#11839);
#10325=AXIS2_PLACEMENT_3D('',#15042,#11841,#11842);
#10326=AXIS2_PLACEMENT_3D('',#15044,#11843,#11844);
#10327=AXIS2_PLACEMENT_3D('',#15046,#11845,#11846);
#10328=AXIS2_PLACEMENT_3D('',#15050,#11848,#11849);
#10329=AXIS2_PLACEMENT_3D('',#15054,#11851,#11852);
#10330=AXIS2_PLACEMENT_3D('',#15058,#11854,#11855);
#10331=AXIS2_PLACEMENT_3D('',#15062,#11857,#11858);
#10332=AXIS2_PLACEMENT_3D('',#15066,#11860,#11861);
#10333=AXIS2_PLACEMENT_3D('',#15068,#11862,#11863);
#10334=AXIS2_PLACEMENT_3D('',#15070,#11864,#11865);
#10335=AXIS2_PLACEMENT_3D('',#15074,#11867,#11868);
#10336=AXIS2_PLACEMENT_3D('',#15078,#11870,#11871);
#10337=AXIS2_PLACEMENT_3D('',#15082,#11873,#11874);
#10338=AXIS2_PLACEMENT_3D('',#15086,#11876,#11877);
#10339=AXIS2_PLACEMENT_3D('',#15090,#11879,#11880);
#10340=AXIS2_PLACEMENT_3D('',#15127,#11899,#11900);
#10341=AXIS2_PLACEMENT_3D('',#15164,#11919,#11920);
#10342=AXIS2_PLACEMENT_3D('',#15166,#11921,#11922);
#10343=AXIS2_PLACEMENT_3D('',#15168,#11923,#11924);
#10344=AXIS2_PLACEMENT_3D('',#15170,#11925,#11926);
#10345=AXIS2_PLACEMENT_3D('',#15172,#11927,#11928);
#10346=AXIS2_PLACEMENT_3D('',#15174,#11929,#11930);
#10347=AXIS2_PLACEMENT_3D('',#15176,#11931,#11932);
#10348=AXIS2_PLACEMENT_3D('',#15178,#11933,#11934);
#10349=AXIS2_PLACEMENT_3D('',#15180,#11935,#11936);
#10350=AXIS2_PLACEMENT_3D('',#15182,#11937,#11938);
#10351=AXIS2_PLACEMENT_3D('',#15184,#11939,#11940);
#10352=AXIS2_PLACEMENT_3D('',#15187,#11941,#11942);
#10353=AXIS2_PLACEMENT_3D('',#15191,#11944,#11945);
#10354=AXIS2_PLACEMENT_3D('',#15195,#11947,#11948);
#10355=AXIS2_PLACEMENT_3D('',#15199,#11950,#11951);
#10356=AXIS2_PLACEMENT_3D('',#15203,#11953,#11954);
#10357=AXIS2_PLACEMENT_3D('',#15207,#11956,#11957);
#10358=AXIS2_PLACEMENT_3D('',#15209,#11958,#11959);
#10359=AXIS2_PLACEMENT_3D('',#15211,#11960,#11961);
#10360=AXIS2_PLACEMENT_3D('',#15215,#11963,#11964);
#10361=AXIS2_PLACEMENT_3D('',#15219,#11966,#11967);
#10362=AXIS2_PLACEMENT_3D('',#15223,#11969,#11970);
#10363=AXIS2_PLACEMENT_3D('',#15227,#11972,#11973);
#10364=AXIS2_PLACEMENT_3D('',#15231,#11975,#11976);
#10365=AXIS2_PLACEMENT_3D('',#15233,#11977,#11978);
#10366=AXIS2_PLACEMENT_3D('',#15235,#11979,#11980);
#10367=AXIS2_PLACEMENT_3D('',#15239,#11982,#11983);
#10368=AXIS2_PLACEMENT_3D('',#15243,#11985,#11986);
#10369=AXIS2_PLACEMENT_3D('',#15247,#11988,#11989);
#10370=AXIS2_PLACEMENT_3D('',#15251,#11991,#11992);
#10371=AXIS2_PLACEMENT_3D('',#15255,#11994,#11995);
#10372=AXIS2_PLACEMENT_3D('',#15257,#11996,#11997);
#10373=AXIS2_PLACEMENT_3D('',#15259,#11998,#11999);
#10374=AXIS2_PLACEMENT_3D('',#15263,#12001,#12002);
#10375=AXIS2_PLACEMENT_3D('',#15267,#12004,#12005);
#10376=AXIS2_PLACEMENT_3D('',#15271,#12007,#12008);
#10377=AXIS2_PLACEMENT_3D('',#15275,#12010,#12011);
#10378=AXIS2_PLACEMENT_3D('',#15279,#12013,#12014);
#10379=AXIS2_PLACEMENT_3D('',#15316,#12033,#12034);
#10380=AXIS2_PLACEMENT_3D('',#15317,#12035,#12036);
#10381=AXIS2_PLACEMENT_3D('',#15319,#12037,#12038);
#10382=AXIS2_PLACEMENT_3D('',#15321,#12039,#12040);
#10383=AXIS2_PLACEMENT_3D('',#15322,#12041,#12042);
#10384=AXIS2_PLACEMENT_3D('',#15324,#12043,#12044);
#10385=AXIS2_PLACEMENT_3D('',#15326,#12045,#12046);
#10386=AXIS2_PLACEMENT_3D('',#15327,#12047,#12048);
#10387=AXIS2_PLACEMENT_3D('',#15352,#12061,#12062);
#10388=AXIS2_PLACEMENT_3D('',#15354,#12063,#12064);
#10389=AXIS2_PLACEMENT_3D('',#15356,#12065,#12066);
#10390=AXIS2_PLACEMENT_3D('',#15358,#12067,#12068);
#10391=AXIS2_PLACEMENT_3D('',#15360,#12069,#12070);
#10392=AXIS2_PLACEMENT_3D('',#15362,#12071,#12072);
#10393=AXIS2_PLACEMENT_3D('',#15364,#12073,#12074);
#10394=AXIS2_PLACEMENT_3D('',#15366,#12075,#12076);
#10395=AXIS2_PLACEMENT_3D('',#15368,#12077,#12078);
#10396=AXIS2_PLACEMENT_3D('',#15370,#12079,#12080);
#10397=AXIS2_PLACEMENT_3D('',#15372,#12081,#12082);
#10398=AXIS2_PLACEMENT_3D('',#15374,#12083,#12084);
#10399=AXIS2_PLACEMENT_3D('',#15376,#12085,#12086);
#10400=AXIS2_PLACEMENT_3D('',#15379,#12087,#12088);
#10401=AXIS2_PLACEMENT_3D('',#15383,#12090,#12091);
#10402=AXIS2_PLACEMENT_3D('',#15387,#12093,#12094);
#10403=AXIS2_PLACEMENT_3D('',#15391,#12096,#12097);
#10404=AXIS2_PLACEMENT_3D('',#15395,#12099,#12100);
#10405=AXIS2_PLACEMENT_3D('',#15399,#12102,#12103);
#10406=AXIS2_PLACEMENT_3D('',#15401,#12104,#12105);
#10407=AXIS2_PLACEMENT_3D('',#15403,#12106,#12107);
#10408=AXIS2_PLACEMENT_3D('',#15407,#12109,#12110);
#10409=AXIS2_PLACEMENT_3D('',#15411,#12112,#12113);
#10410=AXIS2_PLACEMENT_3D('',#15415,#12115,#12116);
#10411=AXIS2_PLACEMENT_3D('',#15419,#12118,#12119);
#10412=AXIS2_PLACEMENT_3D('',#15423,#12121,#12122);
#10413=AXIS2_PLACEMENT_3D('',#15425,#12123,#12124);
#10414=AXIS2_PLACEMENT_3D('',#15427,#12125,#12126);
#10415=AXIS2_PLACEMENT_3D('',#15431,#12128,#12129);
#10416=AXIS2_PLACEMENT_3D('',#15435,#12131,#12132);
#10417=AXIS2_PLACEMENT_3D('',#15439,#12134,#12135);
#10418=AXIS2_PLACEMENT_3D('',#15443,#12137,#12138);
#10419=AXIS2_PLACEMENT_3D('',#15447,#12140,#12141);
#10420=AXIS2_PLACEMENT_3D('',#15449,#12142,#12143);
#10421=AXIS2_PLACEMENT_3D('',#15451,#12144,#12145);
#10422=AXIS2_PLACEMENT_3D('',#15455,#12147,#12148);
#10423=AXIS2_PLACEMENT_3D('',#15459,#12150,#12151);
#10424=AXIS2_PLACEMENT_3D('',#15463,#12153,#12154);
#10425=AXIS2_PLACEMENT_3D('',#15467,#12156,#12157);
#10426=AXIS2_PLACEMENT_3D('',#15471,#12159,#12160);
#10427=AXIS2_PLACEMENT_3D('',#15496,#12173,#12174);
#10428=AXIS2_PLACEMENT_3D('',#15497,#12175,#12176);
#10429=AXIS2_PLACEMENT_3D('',#15502,#12179,#12180);
#10430=AXIS2_PLACEMENT_3D('',#15503,#12181,#12182);
#10431=AXIS2_PLACEMENT_3D('',#15506,#12184,#12185);
#10432=AXIS2_PLACEMENT_3D('',#15510,#12188,#12189);
#10433=AXIS2_PLACEMENT_3D('',#15511,#12190,#12191);
#10434=AXIS2_PLACEMENT_3D('',#15514,#12193,#12194);
#10435=AXIS2_PLACEMENT_3D('',#15518,#12197,#12198);
#10436=AXIS2_PLACEMENT_3D('',#15519,#12199,#12200);
#10437=AXIS2_PLACEMENT_3D('',#15522,#12202,#12203);
#10438=AXIS2_PLACEMENT_3D('',#15526,#12206,#12207);
#10439=AXIS2_PLACEMENT_3D('',#15527,#12208,#12209);
#10440=AXIS2_PLACEMENT_3D('',#15530,#12211,#12212);
#10441=AXIS2_PLACEMENT_3D('',#15534,#12215,#12216);
#10442=AXIS2_PLACEMENT_3D('',#15535,#12217,#12218);
#10443=AXIS2_PLACEMENT_3D('',#15538,#12220,#12221);
#10444=AXIS2_PLACEMENT_3D('',#15542,#12224,#12225);
#10445=AXIS2_PLACEMENT_3D('',#15543,#12226,#12227);
#10446=AXIS2_PLACEMENT_3D('',#15546,#12229,#12230);
#10447=AXIS2_PLACEMENT_3D('',#15547,#12231,#12232);
#10448=AXIS2_PLACEMENT_3D('',#15550,#12234,#12235);
#10449=AXIS2_PLACEMENT_3D('',#15551,#12236,#12237);
#10450=AXIS2_PLACEMENT_3D('',#15554,#12239,#12240);
#10451=AXIS2_PLACEMENT_3D('',#15558,#12243,#12244);
#10452=AXIS2_PLACEMENT_3D('',#15559,#12245,#12246);
#10453=AXIS2_PLACEMENT_3D('',#15562,#12248,#12249);
#10454=AXIS2_PLACEMENT_3D('',#15566,#12252,#12253);
#10455=AXIS2_PLACEMENT_3D('',#15567,#12254,#12255);
#10456=AXIS2_PLACEMENT_3D('',#15570,#12257,#12258);
#10457=AXIS2_PLACEMENT_3D('',#15574,#12261,#12262);
#10458=AXIS2_PLACEMENT_3D('',#15575,#12263,#12264);
#10459=AXIS2_PLACEMENT_3D('',#15578,#12266,#12267);
#10460=AXIS2_PLACEMENT_3D('',#15582,#12270,#12271);
#10461=AXIS2_PLACEMENT_3D('',#15583,#12272,#12273);
#10462=AXIS2_PLACEMENT_3D('',#15586,#12275,#12276);
#10463=AXIS2_PLACEMENT_3D('',#15590,#12279,#12280);
#10464=AXIS2_PLACEMENT_3D('',#15591,#12281,#12282);
#10465=AXIS2_PLACEMENT_3D('',#15594,#12284,#12285);
#10466=AXIS2_PLACEMENT_3D('',#15595,#12286,#12287);
#10467=AXIS2_PLACEMENT_3D('',#15598,#12289,#12290);
#10468=AXIS2_PLACEMENT_3D('',#15599,#12291,#12292);
#10469=AXIS2_PLACEMENT_3D('',#15602,#12294,#12295);
#10470=AXIS2_PLACEMENT_3D('',#15606,#12298,#12299);
#10471=AXIS2_PLACEMENT_3D('',#15607,#12300,#12301);
#10472=AXIS2_PLACEMENT_3D('',#15610,#12303,#12304);
#10473=AXIS2_PLACEMENT_3D('',#15614,#12307,#12308);
#10474=AXIS2_PLACEMENT_3D('',#15615,#12309,#12310);
#10475=AXIS2_PLACEMENT_3D('',#15618,#12312,#12313);
#10476=AXIS2_PLACEMENT_3D('',#15622,#12316,#12317);
#10477=AXIS2_PLACEMENT_3D('',#15623,#12318,#12319);
#10478=AXIS2_PLACEMENT_3D('',#15626,#12321,#12322);
#10479=AXIS2_PLACEMENT_3D('',#15630,#12325,#12326);
#10480=AXIS2_PLACEMENT_3D('',#15631,#12327,#12328);
#10481=AXIS2_PLACEMENT_3D('',#15634,#12330,#12331);
#10482=AXIS2_PLACEMENT_3D('',#15638,#12334,#12335);
#10483=AXIS2_PLACEMENT_3D('',#15639,#12336,#12337);
#10484=AXIS2_PLACEMENT_3D('',#15642,#12339,#12340);
#10485=AXIS2_PLACEMENT_3D('',#15643,#12341,#12342);
#10486=AXIS2_PLACEMENT_3D('',#15646,#12344,#12345);
#10487=AXIS2_PLACEMENT_3D('',#15647,#12346,#12347);
#10488=AXIS2_PLACEMENT_3D('',#15650,#12349,#12350);
#10489=AXIS2_PLACEMENT_3D('',#15654,#12353,#12354);
#10490=AXIS2_PLACEMENT_3D('',#15655,#12355,#12356);
#10491=AXIS2_PLACEMENT_3D('',#15658,#12358,#12359);
#10492=AXIS2_PLACEMENT_3D('',#15662,#12362,#12363);
#10493=AXIS2_PLACEMENT_3D('',#15663,#12364,#12365);
#10494=AXIS2_PLACEMENT_3D('',#15666,#12367,#12368);
#10495=AXIS2_PLACEMENT_3D('',#15670,#12371,#12372);
#10496=AXIS2_PLACEMENT_3D('',#15671,#12373,#12374);
#10497=AXIS2_PLACEMENT_3D('',#15674,#12376,#12377);
#10498=AXIS2_PLACEMENT_3D('',#15678,#12380,#12381);
#10499=AXIS2_PLACEMENT_3D('',#15679,#12382,#12383);
#10500=AXIS2_PLACEMENT_3D('',#15682,#12385,#12386);
#10501=AXIS2_PLACEMENT_3D('',#15686,#12389,#12390);
#10502=AXIS2_PLACEMENT_3D('',#15687,#12391,#12392);
#10503=AXIS2_PLACEMENT_3D('',#15689,#12393,#12394);
#10504=AXIS2_PLACEMENT_3D('',#15690,#12395,#12396);
#10505=AXIS2_PLACEMENT_3D('',#15692,#12397,#12398);
#10506=AXIS2_PLACEMENT_3D('',#15693,#12399,#12400);
#10507=AXIS2_PLACEMENT_3D('',#15695,#12401,#12402);
#10508=AXIS2_PLACEMENT_3D('',#15697,#12403,#12404);
#10509=AXIS2_PLACEMENT_3D('',#15698,#12405,#12406);
#10510=AXIS2_PLACEMENT_3D('',#15700,#12407,#12408);
#10511=AXIS2_PLACEMENT_3D('',#15701,#12409,#12410);
#10512=AXIS2_PLACEMENT_3D('',#15703,#12411,#12412);
#10513=AXIS2_PLACEMENT_3D('',#15704,#12413,#12414);
#10514=AXIS2_PLACEMENT_3D('',#15706,#12415,#12416);
#10515=AXIS2_PLACEMENT_3D('',#15707,#12417,#12418);
#10516=AXIS2_PLACEMENT_3D('',#15709,#12419,#12420);
#10517=AXIS2_PLACEMENT_3D('',#15710,#12421,#12422);
#10518=AXIS2_PLACEMENT_3D('',#15712,#12423,#12424);
#10519=AXIS2_PLACEMENT_3D('',#15713,#12425,#12426);
#10520=AXIS2_PLACEMENT_3D('',#15715,#12427,#12428);
#10521=AXIS2_PLACEMENT_3D('',#15716,#12429,#12430);
#10522=AXIS2_PLACEMENT_3D('',#15718,#12431,#12432);
#10523=AXIS2_PLACEMENT_3D('',#15719,#12433,#12434);
#10524=AXIS2_PLACEMENT_3D('',#15721,#12435,#12436);
#10525=AXIS2_PLACEMENT_3D('',#15723,#12437,#12438);
#10526=AXIS2_PLACEMENT_3D('',#15724,#12439,#12440);
#10527=AXIS2_PLACEMENT_3D('',#15726,#12441,#12442);
#10528=AXIS2_PLACEMENT_3D('',#15728,#12443,#12444);
#10529=AXIS2_PLACEMENT_3D('',#15729,#12445,#12446);
#10530=AXIS2_PLACEMENT_3D('',#15731,#12447,#12448);
#10531=AXIS2_PLACEMENT_3D('',#15732,#12449,#12450);
#10532=AXIS2_PLACEMENT_3D('',#15734,#12451,#12452);
#10533=AXIS2_PLACEMENT_3D('',#15735,#12453,#12454);
#10534=AXIS2_PLACEMENT_3D('',#15737,#12455,#12456);
#10535=AXIS2_PLACEMENT_3D('',#15739,#12457,#12458);
#10536=AXIS2_PLACEMENT_3D('',#15740,#12459,#12460);
#10537=AXIS2_PLACEMENT_3D('',#15742,#12461,#12462);
#10538=AXIS2_PLACEMENT_3D('',#15743,#12463,#12464);
#10539=AXIS2_PLACEMENT_3D('',#15744,#12465,#12466);
#10540=AXIS2_PLACEMENT_3D('',#15745,#12467,#12468);
#10541=AXIS2_PLACEMENT_3D('',#15746,#12469,#12470);
#10542=AXIS2_PLACEMENT_3D('',#15748,#12471,#12472);
#10543=AXIS2_PLACEMENT_3D('',#15749,#12473,#12474);
#10544=AXIS2_PLACEMENT_3D('',#15751,#12475,#12476);
#10545=AXIS2_PLACEMENT_3D('',#15752,#12477,#12478);
#10546=AXIS2_PLACEMENT_3D('',#15754,#12479,#12480);
#10547=AXIS2_PLACEMENT_3D('',#15755,#12481,#12482);
#10548=AXIS2_PLACEMENT_3D('',#15757,#12483,#12484);
#10549=AXIS2_PLACEMENT_3D('',#15758,#12485,#12486);
#10550=AXIS2_PLACEMENT_3D('',#15760,#12487,#12488);
#10551=AXIS2_PLACEMENT_3D('',#15762,#12489,#12490);
#10552=AXIS2_PLACEMENT_3D('',#15763,#12491,#12492);
#10553=AXIS2_PLACEMENT_3D('',#15765,#12493,#12494);
#10554=AXIS2_PLACEMENT_3D('',#15767,#12495,#12496);
#10555=AXIS2_PLACEMENT_3D('',#15768,#12497,#12498);
#10556=AXIS2_PLACEMENT_3D('',#15771,#12501,#12502);
#10557=AXIS2_PLACEMENT_3D('',#15773,#12504,#12505);
#10558=AXIS2_PLACEMENT_3D('',#15775,#12507,#12508);
#10559=AXIS2_PLACEMENT_3D('',#15777,#12510,#12511);
#10560=AXIS2_PLACEMENT_3D('',#15779,#12513,#12514);
#10561=AXIS2_PLACEMENT_3D('',#15781,#12516,#12517);
#10562=AXIS2_PLACEMENT_3D('',#15783,#12519,#12520);
#10563=AXIS2_PLACEMENT_3D('',#15785,#12522,#12523);
#10564=AXIS2_PLACEMENT_3D('',#15787,#12525,#12526);
#10565=AXIS2_PLACEMENT_3D('',#15789,#12528,#12529);
#10566=AXIS2_PLACEMENT_3D('',#15791,#12531,#12532);
#10567=AXIS2_PLACEMENT_3D('',#15793,#12534,#12535);
#10568=AXIS2_PLACEMENT_3D('',#15795,#12537,#12538);
#10569=AXIS2_PLACEMENT_3D('',#15797,#12540,#12541);
#10570=AXIS2_PLACEMENT_3D('',#15799,#12543,#12544);
#10571=AXIS2_PLACEMENT_3D('',#15801,#12546,#12547);
#10572=AXIS2_PLACEMENT_3D('',#15803,#12549,#12550);
#10573=AXIS2_PLACEMENT_3D('',#15805,#12552,#12553);
#10574=AXIS2_PLACEMENT_3D('',#15807,#12555,#12556);
#10575=AXIS2_PLACEMENT_3D('',#15809,#12558,#12559);
#10576=AXIS2_PLACEMENT_3D('',#15811,#12561,#12562);
#10577=AXIS2_PLACEMENT_3D('',#15813,#12564,#12565);
#10578=AXIS2_PLACEMENT_3D('',#15815,#12567,#12568);
#10579=AXIS2_PLACEMENT_3D('',#15817,#12570,#12571);
#10580=AXIS2_PLACEMENT_3D('',#15819,#12573,#12574);
#10581=AXIS2_PLACEMENT_3D('',#15821,#12576,#12577);
#10582=AXIS2_PLACEMENT_3D('',#15823,#12579,#12580);
#10583=AXIS2_PLACEMENT_3D('',#15825,#12582,#12583);
#10584=AXIS2_PLACEMENT_3D('',#15827,#12585,#12586);
#10585=AXIS2_PLACEMENT_3D('',#15829,#12588,#12589);
#10586=AXIS2_PLACEMENT_3D('',#15831,#12591,#12592);
#10587=AXIS2_PLACEMENT_3D('',#15833,#12594,#12595);
#10588=AXIS2_PLACEMENT_3D('',#15835,#12597,#12598);
#10589=AXIS2_PLACEMENT_3D('',#15837,#12600,#12601);
#10590=AXIS2_PLACEMENT_3D('',#15839,#12603,#12604);
#10591=AXIS2_PLACEMENT_3D('',#15841,#12606,#12607);
#10592=AXIS2_PLACEMENT_3D('',#15843,#12609,#12610);
#10593=AXIS2_PLACEMENT_3D('',#15845,#12612,#12613);
#10594=AXIS2_PLACEMENT_3D('',#15847,#12615,#12616);
#10595=AXIS2_PLACEMENT_3D('',#15849,#12618,#12619);
#10596=AXIS2_PLACEMENT_3D('',#15851,#12621,#12622);
#10597=AXIS2_PLACEMENT_3D('',#15853,#12624,#12625);
#10598=AXIS2_PLACEMENT_3D('',#15855,#12627,#12628);
#10599=AXIS2_PLACEMENT_3D('',#15857,#12630,#12631);
#10600=AXIS2_PLACEMENT_3D('',#15859,#12633,#12634);
#10601=AXIS2_PLACEMENT_3D('',#15861,#12636,#12637);
#10602=AXIS2_PLACEMENT_3D('',#15863,#12639,#12640);
#10603=AXIS2_PLACEMENT_3D('',#15864,#12641,#12642);
#10604=AXIS2_PLACEMENT_3D('',#15865,#12643,#12644);
#10605=AXIS2_PLACEMENT_3D('',#15867,#12645,#12646);
#10606=AXIS2_PLACEMENT_3D('',#15868,#12647,#12648);
#10607=AXIS2_PLACEMENT_3D('',#15869,#12649,#12650);
#10608=AXIS2_PLACEMENT_3D('',#15870,#12651,#12652);
#10609=AXIS2_PLACEMENT_3D('',#15872,#12653,#12654);
#10610=AXIS2_PLACEMENT_3D('',#15873,#12655,#12656);
#10611=AXIS2_PLACEMENT_3D('',#15874,#12657,#12658);
#10612=AXIS2_PLACEMENT_3D('',#15876,#12659,#12660);
#10613=AXIS2_PLACEMENT_3D('',#15877,#12661,#12662);
#10614=AXIS2_PLACEMENT_3D('',#15879,#12663,#12664);
#10615=AXIS2_PLACEMENT_3D('',#15880,#12665,#12666);
#10616=AXIS2_PLACEMENT_3D('',#15881,#12667,#12668);
#10617=AXIS2_PLACEMENT_3D('',#15883,#12669,#12670);
#10618=AXIS2_PLACEMENT_3D('',#15884,#12671,#12672);
#10619=AXIS2_PLACEMENT_3D('',#15886,#12673,#12674);
#10620=AXIS2_PLACEMENT_3D('',#15887,#12675,#12676);
#10621=AXIS2_PLACEMENT_3D('',#15889,#12677,#12678);
#10622=AXIS2_PLACEMENT_3D('',#15890,#12679,#12680);
#10623=AXIS2_PLACEMENT_3D('',#15891,#12681,#12682);
#10624=AXIS2_PLACEMENT_3D('',#15892,#12683,#12684);
#10625=AXIS2_PLACEMENT_3D('',#15893,#12685,#12686);
#10626=AXIS2_PLACEMENT_3D('',#15894,#12687,#12688);
#10627=AXIS2_PLACEMENT_3D('',#15895,#12689,#12690);
#10628=AXIS2_PLACEMENT_3D('',#15897,#12691,#12692);
#10629=AXIS2_PLACEMENT_3D('',#15898,#12693,#12694);
#10630=AXIS2_PLACEMENT_3D('',#15900,#12695,#12696);
#10631=AXIS2_PLACEMENT_3D('',#15901,#12697,#12698);
#10632=AXIS2_PLACEMENT_3D('',#15903,#12699,#12700);
#10633=AXIS2_PLACEMENT_3D('',#15904,#12701,#12702);
#10634=AXIS2_PLACEMENT_3D('',#15906,#12703,#12704);
#10635=AXIS2_PLACEMENT_3D('',#15908,#12705,#12706);
#10636=AXIS2_PLACEMENT_3D('',#15911,#12709,#12710);
#10637=AXIS2_PLACEMENT_3D('',#15913,#12712,#12713);
#10638=AXIS2_PLACEMENT_3D('',#15915,#12715,#12716);
#10639=AXIS2_PLACEMENT_3D('',#15917,#12718,#12719);
#10640=AXIS2_PLACEMENT_3D('',#15919,#12721,#12722);
#10641=AXIS2_PLACEMENT_3D('',#15920,#12723,#12724);
#10642=AXIS2_PLACEMENT_3D('',#15921,#12725,#12726);
#10643=AXIS2_PLACEMENT_3D('',#15922,#12727,#12728);
#10644=AXIS2_PLACEMENT_3D('',#15924,#12729,#12730);
#10645=AXIS2_PLACEMENT_3D('',#15926,#12731,#12732);
#10646=AXIS2_PLACEMENT_3D('',#15927,#12733,#12734);
#10647=AXIS2_PLACEMENT_3D('',#15929,#12735,#12736);
#10648=AXIS2_PLACEMENT_3D('',#15931,#12737,#12738);
#10649=AXIS2_PLACEMENT_3D('',#15932,#12739,#12740);
#10650=AXIS2_PLACEMENT_3D('',#15933,#12741,#12742);
#10651=AXIS2_PLACEMENT_3D('',#15935,#12743,#12744);
#10652=AXIS2_PLACEMENT_3D('',#15937,#12745,#12746);
#10653=AXIS2_PLACEMENT_3D('',#15938,#12747,#12748);
#10654=AXIS2_PLACEMENT_3D('',#15940,#12749,#12750);
#10655=AXIS2_PLACEMENT_3D('',#15942,#12751,#12752);
#10656=AXIS2_PLACEMENT_3D('',#15943,#12753,#12754);
#10657=AXIS2_PLACEMENT_3D('',#15944,#12755,#12756);
#10658=AXIS2_PLACEMENT_3D('',#15946,#12757,#12758);
#10659=AXIS2_PLACEMENT_3D('',#15948,#12759,#12760);
#10660=AXIS2_PLACEMENT_3D('',#15949,#12761,#12762);
#10661=AXIS2_PLACEMENT_3D('',#15951,#12763,#12764);
#10662=AXIS2_PLACEMENT_3D('',#15953,#12765,#12766);
#10663=AXIS2_PLACEMENT_3D('',#15954,#12767,#12768);
#10664=AXIS2_PLACEMENT_3D('',#15955,#12769,#12770);
#10665=AXIS2_PLACEMENT_3D('',#15957,#12771,#12772);
#10666=AXIS2_PLACEMENT_3D('',#15959,#12773,#12774);
#10667=AXIS2_PLACEMENT_3D('',#15960,#12775,#12776);
#10668=AXIS2_PLACEMENT_3D('',#15962,#12777,#12778);
#10669=AXIS2_PLACEMENT_3D('',#15964,#12779,#12780);
#10670=AXIS2_PLACEMENT_3D('',#15965,#12781,#12782);
#10671=AXIS2_PLACEMENT_3D('',#15968,#12784,#12785);
#10672=AXIS2_PLACEMENT_3D('',#15971,#12787,#12788);
#10673=AXIS2_PLACEMENT_3D('',#15974,#12790,#12791);
#10674=AXIS2_PLACEMENT_3D('',#15975,#12792,#12793);
#10675=AXIS2_PLACEMENT_3D('',#15979,#12796,#12797);
#10676=AXIS2_PLACEMENT_3D('',#15982,#12799,#12800);
#10677=AXIS2_PLACEMENT_3D('',#15983,#12801,#12802);
#10678=AXIS2_PLACEMENT_3D('',#15987,#12805,#12806);
#10679=AXIS2_PLACEMENT_3D('',#15990,#12808,#12809);
#10680=AXIS2_PLACEMENT_3D('',#15991,#12810,#12811);
#10681=AXIS2_PLACEMENT_3D('',#15995,#12814,#12815);
#10682=AXIS2_PLACEMENT_3D('',#15998,#12817,#12818);
#10683=AXIS2_PLACEMENT_3D('',#15999,#12819,#12820);
#10684=AXIS2_PLACEMENT_3D('',#16003,#12823,#12824);
#10685=AXIS2_PLACEMENT_3D('',#16006,#12826,#12827);
#10686=AXIS2_PLACEMENT_3D('',#16007,#12828,#12829);
#10687=AXIS2_PLACEMENT_3D('',#16011,#12832,#12833);
#10688=AXIS2_PLACEMENT_3D('',#16014,#12835,#12836);
#10689=AXIS2_PLACEMENT_3D('',#16015,#12837,#12838);
#10690=AXIS2_PLACEMENT_3D('',#16018,#12840,#12841);
#10691=AXIS2_PLACEMENT_3D('',#16019,#12842,#12843);
#10692=AXIS2_PLACEMENT_3D('',#16022,#12845,#12846);
#10693=AXIS2_PLACEMENT_3D('',#16023,#12847,#12848);
#10694=AXIS2_PLACEMENT_3D('',#16027,#12851,#12852);
#10695=AXIS2_PLACEMENT_3D('',#16030,#12854,#12855);
#10696=AXIS2_PLACEMENT_3D('',#16031,#12856,#12857);
#10697=AXIS2_PLACEMENT_3D('',#16035,#12860,#12861);
#10698=AXIS2_PLACEMENT_3D('',#16038,#12863,#12864);
#10699=AXIS2_PLACEMENT_3D('',#16039,#12865,#12866);
#10700=AXIS2_PLACEMENT_3D('',#16043,#12869,#12870);
#10701=AXIS2_PLACEMENT_3D('',#16046,#12872,#12873);
#10702=AXIS2_PLACEMENT_3D('',#16047,#12874,#12875);
#10703=AXIS2_PLACEMENT_3D('',#16051,#12878,#12879);
#10704=AXIS2_PLACEMENT_3D('',#16054,#12881,#12882);
#10705=AXIS2_PLACEMENT_3D('',#16055,#12883,#12884);
#10706=AXIS2_PLACEMENT_3D('',#16059,#12887,#12888);
#10707=AXIS2_PLACEMENT_3D('',#16062,#12890,#12891);
#10708=AXIS2_PLACEMENT_3D('',#16063,#12892,#12893);
#10709=AXIS2_PLACEMENT_3D('',#16066,#12895,#12896);
#10710=AXIS2_PLACEMENT_3D('',#16067,#12897,#12898);
#10711=AXIS2_PLACEMENT_3D('',#16070,#12900,#12901);
#10712=AXIS2_PLACEMENT_3D('',#16071,#12902,#12903);
#10713=AXIS2_PLACEMENT_3D('',#16075,#12906,#12907);
#10714=AXIS2_PLACEMENT_3D('',#16078,#12909,#12910);
#10715=AXIS2_PLACEMENT_3D('',#16079,#12911,#12912);
#10716=AXIS2_PLACEMENT_3D('',#16083,#12915,#12916);
#10717=AXIS2_PLACEMENT_3D('',#16086,#12918,#12919);
#10718=AXIS2_PLACEMENT_3D('',#16087,#12920,#12921);
#10719=AXIS2_PLACEMENT_3D('',#16091,#12924,#12925);
#10720=AXIS2_PLACEMENT_3D('',#16094,#12927,#12928);
#10721=AXIS2_PLACEMENT_3D('',#16095,#12929,#12930);
#10722=AXIS2_PLACEMENT_3D('',#16099,#12933,#12934);
#10723=AXIS2_PLACEMENT_3D('',#16102,#12936,#12937);
#10724=AXIS2_PLACEMENT_3D('',#16103,#12938,#12939);
#10725=AXIS2_PLACEMENT_3D('',#16107,#12942,#12943);
#10726=AXIS2_PLACEMENT_3D('',#16110,#12945,#12946);
#10727=AXIS2_PLACEMENT_3D('',#16111,#12947,#12948);
#10728=AXIS2_PLACEMENT_3D('',#16114,#12950,#12951);
#10729=AXIS2_PLACEMENT_3D('',#16115,#12952,#12953);
#10730=AXIS2_PLACEMENT_3D('',#16118,#12955,#12956);
#10731=AXIS2_PLACEMENT_3D('',#16119,#12957,#12958);
#10732=AXIS2_PLACEMENT_3D('',#16123,#12961,#12962);
#10733=AXIS2_PLACEMENT_3D('',#16126,#12964,#12965);
#10734=AXIS2_PLACEMENT_3D('',#16127,#12966,#12967);
#10735=AXIS2_PLACEMENT_3D('',#16131,#12970,#12971);
#10736=AXIS2_PLACEMENT_3D('',#16134,#12973,#12974);
#10737=AXIS2_PLACEMENT_3D('',#16135,#12975,#12976);
#10738=AXIS2_PLACEMENT_3D('',#16139,#12979,#12980);
#10739=AXIS2_PLACEMENT_3D('',#16142,#12982,#12983);
#10740=AXIS2_PLACEMENT_3D('',#16143,#12984,#12985);
#10741=AXIS2_PLACEMENT_3D('',#16147,#12988,#12989);
#10742=AXIS2_PLACEMENT_3D('',#16150,#12991,#12992);
#10743=AXIS2_PLACEMENT_3D('',#16151,#12993,#12994);
#10744=AXIS2_PLACEMENT_3D('',#16155,#12997,#12998);
#10745=AXIS2_PLACEMENT_3D('',#16156,#12999,#13000);
#10746=AXIS2_PLACEMENT_3D('',#16158,#13001,#13002);
#10747=AXIS2_PLACEMENT_3D('',#16160,#13003,#13004);
#10748=AXIS2_PLACEMENT_3D('',#16161,#13005,#13006);
#10749=AXIS2_PLACEMENT_3D('',#16163,#13007,#13008);
#10750=AXIS2_PLACEMENT_3D('',#16164,#13009,#13010);
#10751=AXIS2_PLACEMENT_3D('',#16166,#13011,#13012);
#10752=AXIS2_PLACEMENT_3D('',#16167,#13013,#13014);
#10753=AXIS2_PLACEMENT_3D('',#16169,#13015,#13016);
#10754=AXIS2_PLACEMENT_3D('',#16170,#13017,#13018);
#10755=AXIS2_PLACEMENT_3D('',#16172,#13019,#13020);
#10756=AXIS2_PLACEMENT_3D('',#16173,#13021,#13022);
#10757=AXIS2_PLACEMENT_3D('',#16175,#13023,#13024);
#10758=AXIS2_PLACEMENT_3D('',#16176,#13025,#13026);
#10759=AXIS2_PLACEMENT_3D('',#16178,#13027,#13028);
#10760=AXIS2_PLACEMENT_3D('',#16179,#13029,#13030);
#10761=AXIS2_PLACEMENT_3D('',#16181,#13031,#13032);
#10762=AXIS2_PLACEMENT_3D('',#16183,#13033,#13034);
#10763=AXIS2_PLACEMENT_3D('',#16184,#13035,#13036);
#10764=AXIS2_PLACEMENT_3D('',#16186,#13037,#13038);
#10765=AXIS2_PLACEMENT_3D('',#16187,#13039,#13040);
#10766=AXIS2_PLACEMENT_3D('',#16189,#13041,#13042);
#10767=AXIS2_PLACEMENT_3D('',#16190,#13043,#13044);
#10768=AXIS2_PLACEMENT_3D('',#16192,#13045,#13046);
#10769=AXIS2_PLACEMENT_3D('',#16193,#13047,#13048);
#10770=AXIS2_PLACEMENT_3D('',#16195,#13049,#13050);
#10771=AXIS2_PLACEMENT_3D('',#16196,#13051,#13052);
#10772=AXIS2_PLACEMENT_3D('',#16198,#13053,#13054);
#10773=AXIS2_PLACEMENT_3D('',#16199,#13055,#13056);
#10774=AXIS2_PLACEMENT_3D('',#16201,#13057,#13058);
#10775=AXIS2_PLACEMENT_3D('',#16203,#13059,#13060);
#10776=AXIS2_PLACEMENT_3D('',#16204,#13061,#13062);
#10777=AXIS2_PLACEMENT_3D('',#16206,#13063,#13064);
#10778=AXIS2_PLACEMENT_3D('',#16207,#13065,#13066);
#10779=AXIS2_PLACEMENT_3D('',#16209,#13067,#13068);
#10780=AXIS2_PLACEMENT_3D('',#16210,#13069,#13070);
#10781=AXIS2_PLACEMENT_3D('',#16211,#13071,#13072);
#10782=AXIS2_PLACEMENT_3D('',#16212,#13073,#13074);
#10783=AXIS2_PLACEMENT_3D('',#16213,#13075,#13076);
#10784=AXIS2_PLACEMENT_3D('',#16215,#13077,#13078);
#10785=AXIS2_PLACEMENT_3D('',#16216,#13079,#13080);
#10786=AXIS2_PLACEMENT_3D('',#16218,#13081,#13082);
#10787=AXIS2_PLACEMENT_3D('',#16219,#13083,#13084);
#10788=AXIS2_PLACEMENT_3D('',#16221,#13085,#13086);
#10789=AXIS2_PLACEMENT_3D('',#16224,#13089,#13090);
#10790=AXIS2_PLACEMENT_3D('',#16226,#13092,#13093);
#10791=AXIS2_PLACEMENT_3D('',#16228,#13095,#13096);
#10792=AXIS2_PLACEMENT_3D('',#16230,#13098,#13099);
#10793=AXIS2_PLACEMENT_3D('',#16232,#13101,#13102);
#10794=AXIS2_PLACEMENT_3D('',#16234,#13104,#13105);
#10795=AXIS2_PLACEMENT_3D('',#16236,#13107,#13108);
#10796=AXIS2_PLACEMENT_3D('',#16238,#13110,#13111);
#10797=AXIS2_PLACEMENT_3D('',#16240,#13113,#13114);
#10798=AXIS2_PLACEMENT_3D('',#16242,#13116,#13117);
#10799=AXIS2_PLACEMENT_3D('',#16244,#13119,#13120);
#10800=AXIS2_PLACEMENT_3D('',#16246,#13122,#13123);
#10801=AXIS2_PLACEMENT_3D('',#16248,#13125,#13126);
#10802=AXIS2_PLACEMENT_3D('',#16250,#13128,#13129);
#10803=AXIS2_PLACEMENT_3D('',#16252,#13131,#13132);
#10804=AXIS2_PLACEMENT_3D('',#16254,#13134,#13135);
#10805=AXIS2_PLACEMENT_3D('',#16256,#13137,#13138);
#10806=AXIS2_PLACEMENT_3D('',#16258,#13140,#13141);
#10807=AXIS2_PLACEMENT_3D('',#16260,#13143,#13144);
#10808=AXIS2_PLACEMENT_3D('',#16262,#13146,#13147);
#10809=AXIS2_PLACEMENT_3D('',#16264,#13149,#13150);
#10810=AXIS2_PLACEMENT_3D('',#16266,#13152,#13153);
#10811=AXIS2_PLACEMENT_3D('',#16268,#13155,#13156);
#10812=AXIS2_PLACEMENT_3D('',#16270,#13158,#13159);
#10813=AXIS2_PLACEMENT_3D('',#16272,#13161,#13162);
#10814=AXIS2_PLACEMENT_3D('',#16274,#13164,#13165);
#10815=AXIS2_PLACEMENT_3D('',#16276,#13167,#13168);
#10816=AXIS2_PLACEMENT_3D('',#16278,#13170,#13171);
#10817=AXIS2_PLACEMENT_3D('',#16280,#13173,#13174);
#10818=AXIS2_PLACEMENT_3D('',#16282,#13176,#13177);
#10819=AXIS2_PLACEMENT_3D('',#16284,#13179,#13180);
#10820=AXIS2_PLACEMENT_3D('',#16286,#13182,#13183);
#10821=AXIS2_PLACEMENT_3D('',#16288,#13185,#13186);
#10822=AXIS2_PLACEMENT_3D('',#16290,#13188,#13189);
#10823=AXIS2_PLACEMENT_3D('',#16292,#13191,#13192);
#10824=AXIS2_PLACEMENT_3D('',#16294,#13194,#13195);
#10825=AXIS2_PLACEMENT_3D('',#16296,#13197,#13198);
#10826=AXIS2_PLACEMENT_3D('',#16298,#13200,#13201);
#10827=AXIS2_PLACEMENT_3D('',#16300,#13203,#13204);
#10828=AXIS2_PLACEMENT_3D('',#16302,#13206,#13207);
#10829=AXIS2_PLACEMENT_3D('',#16304,#13209,#13210);
#10830=AXIS2_PLACEMENT_3D('',#16306,#13212,#13213);
#10831=AXIS2_PLACEMENT_3D('',#16308,#13215,#13216);
#10832=AXIS2_PLACEMENT_3D('',#16310,#13218,#13219);
#10833=AXIS2_PLACEMENT_3D('',#16312,#13221,#13222);
#10834=AXIS2_PLACEMENT_3D('',#16314,#13224,#13225);
#10835=AXIS2_PLACEMENT_3D('',#16316,#13227,#13228);
#10836=AXIS2_PLACEMENT_3D('',#16317,#13229,#13230);
#10837=AXIS2_PLACEMENT_3D('',#16319,#13231,#13232);
#10838=AXIS2_PLACEMENT_3D('',#16320,#13233,#13234);
#10839=AXIS2_PLACEMENT_3D('',#16321,#13235,#13236);
#10840=AXIS2_PLACEMENT_3D('',#16322,#13237,#13238);
#10841=AXIS2_PLACEMENT_3D('',#16323,#13239,#13240);
#10842=AXIS2_PLACEMENT_3D('',#16324,#13241,#13242);
#10843=AXIS2_PLACEMENT_3D('',#16325,#13243,#13244);
#10844=AXIS2_PLACEMENT_3D('',#16327,#13245,#13246);
#10845=AXIS2_PLACEMENT_3D('',#16328,#13247,#13248);
#10846=AXIS2_PLACEMENT_3D('',#16330,#13249,#13250);
#10847=AXIS2_PLACEMENT_3D('',#16331,#13251,#13252);
#10848=AXIS2_PLACEMENT_3D('',#16332,#13253,#13254);
#10849=AXIS2_PLACEMENT_3D('',#16333,#13255,#13256);
#10850=AXIS2_PLACEMENT_3D('',#16334,#13257,#13258);
#10851=AXIS2_PLACEMENT_3D('',#16336,#13259,#13260);
#10852=AXIS2_PLACEMENT_3D('',#16337,#13261,#13262);
#10853=AXIS2_PLACEMENT_3D('',#16338,#13263,#13264);
#10854=AXIS2_PLACEMENT_3D('',#16340,#13265,#13266);
#10855=AXIS2_PLACEMENT_3D('',#16341,#13267,#13268);
#10856=AXIS2_PLACEMENT_3D('',#16342,#13269,#13270);
#10857=AXIS2_PLACEMENT_3D('',#16343,#13271,#13272);
#10858=AXIS2_PLACEMENT_3D('',#16344,#13273,#13274);
#10859=AXIS2_PLACEMENT_3D('',#16346,#13275,#13276);
#10860=AXIS2_PLACEMENT_3D('',#16349,#13279,#13280);
#10861=AXIS2_PLACEMENT_3D('',#16351,#13282,#13283);
#10862=AXIS2_PLACEMENT_3D('',#16353,#13285,#13286);
#10863=AXIS2_PLACEMENT_3D('',#16355,#13288,#13289);
#10864=AXIS2_PLACEMENT_3D('',#16357,#13291,#13292);
#10865=AXIS2_PLACEMENT_3D('',#16358,#13293,#13294);
#10866=AXIS2_PLACEMENT_3D('',#16359,#13295,#13296);
#10867=AXIS2_PLACEMENT_3D('',#16360,#13297,#13298);
#10868=AXIS2_PLACEMENT_3D('',#16362,#13299,#13300);
#10869=AXIS2_PLACEMENT_3D('',#16365,#13303,#13304);
#10870=AXIS2_PLACEMENT_3D('',#16367,#13306,#13307);
#10871=AXIS2_PLACEMENT_3D('',#16369,#13309,#13310);
#10872=AXIS2_PLACEMENT_3D('',#16371,#13312,#13313);
#10873=AXIS2_PLACEMENT_3D('',#16373,#13315,#13316);
#10874=AXIS2_PLACEMENT_3D('',#16374,#13317,#13318);
#10875=AXIS2_PLACEMENT_3D('',#16375,#13319,#13320);
#10876=AXIS2_PLACEMENT_3D('',#16376,#13321,#13322);
#10877=AXIS2_PLACEMENT_3D('',#16378,#13323,#13324);
#10878=AXIS2_PLACEMENT_3D('',#16381,#13327,#13328);
#10879=AXIS2_PLACEMENT_3D('',#16383,#13330,#13331);
#10880=AXIS2_PLACEMENT_3D('',#16385,#13333,#13334);
#10881=AXIS2_PLACEMENT_3D('',#16387,#13336,#13337);
#10882=AXIS2_PLACEMENT_3D('',#16389,#13339,#13340);
#10883=AXIS2_PLACEMENT_3D('',#16390,#13341,#13342);
#10884=AXIS2_PLACEMENT_3D('',#16391,#13343,#13344);
#10885=AXIS2_PLACEMENT_3D('',#16392,#13345,#13346);
#10886=AXIS2_PLACEMENT_3D('',#16394,#13347,#13348);
#10887=AXIS2_PLACEMENT_3D('',#16397,#13351,#13352);
#10888=AXIS2_PLACEMENT_3D('',#16399,#13354,#13355);
#10889=AXIS2_PLACEMENT_3D('',#16401,#13357,#13358);
#10890=AXIS2_PLACEMENT_3D('',#16403,#13360,#13361);
#10891=AXIS2_PLACEMENT_3D('',#16405,#13363,#13364);
#10892=AXIS2_PLACEMENT_3D('',#16406,#13365,#13366);
#10893=AXIS2_PLACEMENT_3D('',#16407,#13367,#13368);
#10894=AXIS2_PLACEMENT_3D('',#16408,#13369,#13370);
#10895=AXIS2_PLACEMENT_3D('',#16410,#13371,#13372);
#10896=AXIS2_PLACEMENT_3D('',#16413,#13375,#13376);
#10897=AXIS2_PLACEMENT_3D('',#16415,#13378,#13379);
#10898=AXIS2_PLACEMENT_3D('',#16417,#13381,#13382);
#10899=AXIS2_PLACEMENT_3D('',#16419,#13384,#13385);
#10900=AXIS2_PLACEMENT_3D('',#16421,#13387,#13388);
#10901=AXIS2_PLACEMENT_3D('',#16422,#13389,#13390);
#10902=AXIS2_PLACEMENT_3D('',#16423,#13391,#13392);
#10903=AXIS2_PLACEMENT_3D('',#16426,#13395,#13396);
#10904=AXIS2_PLACEMENT_3D('',#16428,#13398,#13399);
#10905=AXIS2_PLACEMENT_3D('',#16430,#13401,#13402);
#10906=AXIS2_PLACEMENT_3D('',#16432,#13404,#13405);
#10907=AXIS2_PLACEMENT_3D('',#16434,#13407,#13408);
#10908=AXIS2_PLACEMENT_3D('',#16435,#13409,#13410);
#10909=AXIS2_PLACEMENT_3D('',#16438,#13413,#13414);
#10910=AXIS2_PLACEMENT_3D('',#16440,#13416,#13417);
#10911=AXIS2_PLACEMENT_3D('',#16442,#13419,#13420);
#10912=AXIS2_PLACEMENT_3D('',#16444,#13422,#13423);
#10913=AXIS2_PLACEMENT_3D('',#16446,#13425,#13426);
#10914=AXIS2_PLACEMENT_3D('',#16447,#13427,#13428);
#10915=AXIS2_PLACEMENT_3D('',#16450,#13431,#13432);
#10916=AXIS2_PLACEMENT_3D('',#16452,#13434,#13435);
#10917=AXIS2_PLACEMENT_3D('',#16454,#13437,#13438);
#10918=AXIS2_PLACEMENT_3D('',#16456,#13440,#13441);
#10919=AXIS2_PLACEMENT_3D('',#16458,#13443,#13444);
#10920=AXIS2_PLACEMENT_3D('',#16459,#13445,#13446);
#10921=AXIS2_PLACEMENT_3D('',#16462,#13449,#13450);
#10922=AXIS2_PLACEMENT_3D('',#16464,#13452,#13453);
#10923=AXIS2_PLACEMENT_3D('',#16466,#13455,#13456);
#10924=AXIS2_PLACEMENT_3D('',#16468,#13458,#13459);
#10925=AXIS2_PLACEMENT_3D('',#16470,#13461,#13462);
#10926=AXIS2_PLACEMENT_3D('',#16471,#13463,#13464);
#10927=AXIS2_PLACEMENT_3D('',#16472,#13465,#13466);
#10928=AXIS2_PLACEMENT_3D('',#16474,#13467,#13468);
#10929=AXIS2_PLACEMENT_3D('',#16475,#13469,#13470);
#10930=AXIS2_PLACEMENT_3D('',#16477,#13471,#13472);
#10931=AXIS2_PLACEMENT_3D('',#16478,#13473,#13474);
#10932=AXIS2_PLACEMENT_3D('',#16480,#13475,#13476);
#10933=AXIS2_PLACEMENT_3D('',#16481,#13477,#13478);
#10934=AXIS2_PLACEMENT_3D('',#16483,#13479,#13480);
#10935=AXIS2_PLACEMENT_3D('',#16484,#13481,#13482);
#10936=AXIS2_PLACEMENT_3D('',#16486,#13483,#13484);
#10937=AXIS2_PLACEMENT_3D('',#16488,#13485,#13486);
#10938=AXIS2_PLACEMENT_3D('',#16494,#13490,#13491);
#10939=AXIS2_PLACEMENT_3D('',#16498,#13494,#13495);
#10940=AXIS2_PLACEMENT_3D('',#16502,#13498,#13499);
#10941=AXIS2_PLACEMENT_3D('',#16506,#13502,#13503);
#10942=AXIS2_PLACEMENT_3D('',#16510,#13506,#13507);
#10943=AXIS2_PLACEMENT_3D('',#16512,#13509,#13510);
#10944=AXIS2_PLACEMENT_3D('',#16513,#13511,#13512);
#10945=AXIS2_PLACEMENT_3D('',#16538,#13525,#13526);
#10946=AXIS2_PLACEMENT_3D('',#16540,#13527,#13528);
#10947=AXIS2_PLACEMENT_3D('',#16542,#13529,#13530);
#10948=AXIS2_PLACEMENT_3D('',#16544,#13531,#13532);
#10949=AXIS2_PLACEMENT_3D('',#16546,#13533,#13534);
#10950=AXIS2_PLACEMENT_3D('',#16548,#13535,#13536);
#10951=AXIS2_PLACEMENT_3D('',#16550,#13537,#13538);
#10952=AXIS2_PLACEMENT_3D('',#16552,#13539,#13540);
#10953=AXIS2_PLACEMENT_3D('',#16554,#13541,#13542);
#10954=AXIS2_PLACEMENT_3D('',#16556,#13543,#13544);
#10955=AXIS2_PLACEMENT_3D('',#16558,#13545,#13546);
#10956=AXIS2_PLACEMENT_3D('',#16560,#13547,#13548);
#10957=AXIS2_PLACEMENT_3D('',#16562,#13549,#13550);
#10958=AXIS2_PLACEMENT_3D('',#16565,#13551,#13552);
#10959=AXIS2_PLACEMENT_3D('',#16569,#13554,#13555);
#10960=AXIS2_PLACEMENT_3D('',#16573,#13557,#13558);
#10961=AXIS2_PLACEMENT_3D('',#16577,#13560,#13561);
#10962=AXIS2_PLACEMENT_3D('',#16581,#13563,#13564);
#10963=AXIS2_PLACEMENT_3D('',#16585,#13566,#13567);
#10964=AXIS2_PLACEMENT_3D('',#16587,#13568,#13569);
#10965=AXIS2_PLACEMENT_3D('',#16589,#13570,#13571);
#10966=AXIS2_PLACEMENT_3D('',#16593,#13573,#13574);
#10967=AXIS2_PLACEMENT_3D('',#16597,#13576,#13577);
#10968=AXIS2_PLACEMENT_3D('',#16601,#13579,#13580);
#10969=AXIS2_PLACEMENT_3D('',#16605,#13582,#13583);
#10970=AXIS2_PLACEMENT_3D('',#16609,#13585,#13586);
#10971=AXIS2_PLACEMENT_3D('',#16611,#13587,#13588);
#10972=AXIS2_PLACEMENT_3D('',#16613,#13589,#13590);
#10973=AXIS2_PLACEMENT_3D('',#16617,#13592,#13593);
#10974=AXIS2_PLACEMENT_3D('',#16621,#13595,#13596);
#10975=AXIS2_PLACEMENT_3D('',#16625,#13598,#13599);
#10976=AXIS2_PLACEMENT_3D('',#16629,#13601,#13602);
#10977=AXIS2_PLACEMENT_3D('',#16633,#13604,#13605);
#10978=AXIS2_PLACEMENT_3D('',#16635,#13606,#13607);
#10979=AXIS2_PLACEMENT_3D('',#16637,#13608,#13609);
#10980=AXIS2_PLACEMENT_3D('',#16641,#13611,#13612);
#10981=AXIS2_PLACEMENT_3D('',#16645,#13614,#13615);
#10982=AXIS2_PLACEMENT_3D('',#16649,#13617,#13618);
#10983=AXIS2_PLACEMENT_3D('',#16653,#13620,#13621);
#10984=AXIS2_PLACEMENT_3D('',#16657,#13623,#13624);
#10985=AXIS2_PLACEMENT_3D('',#16670,#13631,#13632);
#10986=AXIS2_PLACEMENT_3D('',#16671,#13633,#13634);
#10987=AXIS2_PLACEMENT_3D('',#16673,#13635,#13636);
#10988=AXIS2_PLACEMENT_3D('',#16675,#13637,#13638);
#10989=AXIS2_PLACEMENT_3D('',#16678,#13641,#13642);
#10990=AXIS2_PLACEMENT_3D('',#16680,#13644,#13645);
#10991=AXIS2_PLACEMENT_3D('',#16682,#13647,#13648);
#10992=AXIS2_PLACEMENT_3D('',#16684,#13650,#13651);
#10993=AXIS2_PLACEMENT_3D('',#16686,#13653,#13654);
#10994=AXIS2_PLACEMENT_3D('',#16687,#13655,#13656);
#10995=AXIS2_PLACEMENT_3D('',#16688,#13657,#13658);
#10996=AXIS2_PLACEMENT_3D('',#16689,#13659,#13660);
#10997=AXIS2_PLACEMENT_3D('',#16691,#13661,#13662);
#10998=AXIS2_PLACEMENT_3D('',#16693,#13663,#13664);
#10999=AXIS2_PLACEMENT_3D('',#16696,#13667,#13668);
#11000=AXIS2_PLACEMENT_3D('',#16698,#13670,#13671);
#11001=AXIS2_PLACEMENT_3D('',#16700,#13673,#13674);
#11002=AXIS2_PLACEMENT_3D('',#16702,#13676,#13677);
#11003=AXIS2_PLACEMENT_3D('',#16704,#13679,#13680);
#11004=AXIS2_PLACEMENT_3D('',#16705,#13681,#13682);
#11005=AXIS2_PLACEMENT_3D('',#16706,#13683,#13684);
#11006=AXIS2_PLACEMENT_3D('',#16707,#13685,#13686);
#11007=AXIS2_PLACEMENT_3D('',#16709,#13687,#13688);
#11008=AXIS2_PLACEMENT_3D('',#16711,#13689,#13690);
#11009=AXIS2_PLACEMENT_3D('',#16714,#13693,#13694);
#11010=AXIS2_PLACEMENT_3D('',#16716,#13696,#13697);
#11011=AXIS2_PLACEMENT_3D('',#16718,#13699,#13700);
#11012=AXIS2_PLACEMENT_3D('',#16720,#13702,#13703);
#11013=AXIS2_PLACEMENT_3D('',#16722,#13705,#13706);
#11014=AXIS2_PLACEMENT_3D('',#16723,#13707,#13708);
#11015=AXIS2_PLACEMENT_3D('',#16724,#13709,#13710);
#11016=AXIS2_PLACEMENT_3D('',#16727,#13713,#13714);
#11017=AXIS2_PLACEMENT_3D('',#16729,#13716,#13717);
#11018=AXIS2_PLACEMENT_3D('',#16731,#13719,#13720);
#11019=AXIS2_PLACEMENT_3D('',#16733,#13722,#13723);
#11020=AXIS2_PLACEMENT_3D('',#16735,#13725,#13726);
#11021=AXIS2_PLACEMENT_3D('',#16737,#13728,#13729);
#11022=AXIS2_PLACEMENT_3D('',#16739,#13731,#13732);
#11023=AXIS2_PLACEMENT_3D('',#16741,#13734,#13735);
#11024=AXIS2_PLACEMENT_3D('',#16743,#13737,#13738);
#11025=AXIS2_PLACEMENT_3D('',#16745,#13740,#13741);
#11026=AXIS2_PLACEMENT_3D('',#16747,#13743,#13744);
#11027=AXIS2_PLACEMENT_3D('',#16749,#13746,#13747);
#11028=AXIS2_PLACEMENT_3D('',#16751,#13749,#13750);
#11029=AXIS2_PLACEMENT_3D('',#16753,#13752,#13753);
#11030=AXIS2_PLACEMENT_3D('',#16755,#13755,#13756);
#11031=AXIS2_PLACEMENT_3D('',#16757,#13758,#13759);
#11032=AXIS2_PLACEMENT_3D('',#16759,#13761,#13762);
#11033=AXIS2_PLACEMENT_3D('',#16761,#13764,#13765);
#11034=AXIS2_PLACEMENT_3D('',#16763,#13767,#13768);
#11035=AXIS2_PLACEMENT_3D('',#16765,#13770,#13771);
#11036=AXIS2_PLACEMENT_3D('',#16767,#13773,#13774);
#11037=AXIS2_PLACEMENT_3D('',#16769,#13776,#13777);
#11038=AXIS2_PLACEMENT_3D('',#16771,#13779,#13780);
#11039=AXIS2_PLACEMENT_3D('',#16773,#13782,#13783);
#11040=AXIS2_PLACEMENT_3D('',#16775,#13785,#13786);
#11041=AXIS2_PLACEMENT_3D('',#16777,#13788,#13789);
#11042=AXIS2_PLACEMENT_3D('',#16779,#13791,#13792);
#11043=AXIS2_PLACEMENT_3D('',#16781,#13794,#13795);
#11044=AXIS2_PLACEMENT_3D('',#16783,#13797,#13798);
#11045=AXIS2_PLACEMENT_3D('',#16785,#13800,#13801);
#11046=AXIS2_PLACEMENT_3D('',#16787,#13803,#13804);
#11047=AXIS2_PLACEMENT_3D('',#16789,#13806,#13807);
#11048=AXIS2_PLACEMENT_3D('',#16791,#13809,#13810);
#11049=AXIS2_PLACEMENT_3D('',#16793,#13812,#13813);
#11050=AXIS2_PLACEMENT_3D('',#16795,#13815,#13816);
#11051=AXIS2_PLACEMENT_3D('',#16797,#13818,#13819);
#11052=AXIS2_PLACEMENT_3D('',#16799,#13821,#13822);
#11053=AXIS2_PLACEMENT_3D('',#16801,#13824,#13825);
#11054=AXIS2_PLACEMENT_3D('',#16803,#13827,#13828);
#11055=AXIS2_PLACEMENT_3D('',#16805,#13830,#13831);
#11056=AXIS2_PLACEMENT_3D('',#16807,#13833,#13834);
#11057=AXIS2_PLACEMENT_3D('',#16809,#13836,#13837);
#11058=AXIS2_PLACEMENT_3D('',#16811,#13839,#13840);
#11059=AXIS2_PLACEMENT_3D('',#16813,#13842,#13843);
#11060=AXIS2_PLACEMENT_3D('',#16815,#13845,#13846);
#11061=AXIS2_PLACEMENT_3D('',#16817,#13848,#13849);
#11062=AXIS2_PLACEMENT_3D('',#16819,#13851,#13852);
#11063=AXIS2_PLACEMENT_3D('',#16820,#13853,#13854);
#11064=AXIS2_PLACEMENT_3D('',#16821,#13855,#13856);
#11065=AXIS2_PLACEMENT_3D('',#16823,#13857,#13858);
#11066=AXIS2_PLACEMENT_3D('',#16824,#13859,#13860);
#11067=AXIS2_PLACEMENT_3D('',#16825,#13861,#13862);
#11068=AXIS2_PLACEMENT_3D('',#16826,#13863,#13864);
#11069=AXIS2_PLACEMENT_3D('',#16827,#13865,#13866);
#11070=AXIS2_PLACEMENT_3D('',#16828,#13867,#13868);
#11071=AXIS2_PLACEMENT_3D('',#16829,#13869,#13870);
#11072=AXIS2_PLACEMENT_3D('',#16831,#13871,#13872);
#11073=AXIS2_PLACEMENT_3D('',#16832,#13873,#13874);
#11074=AXIS2_PLACEMENT_3D('',#16833,#13875,#13876);
#11075=AXIS2_PLACEMENT_3D('',#16835,#13877,#13878);
#11076=AXIS2_PLACEMENT_3D('',#16836,#13879,#13880);
#11077=AXIS2_PLACEMENT_3D('',#16837,#13881,#13882);
#11078=AXIS2_PLACEMENT_3D('',#16839,#13883,#13884);
#11079=AXIS2_PLACEMENT_3D('',#16840,#13885,#13886);
#11080=AXIS2_PLACEMENT_3D('',#16841,#13887,#13888);
#11081=AXIS2_PLACEMENT_3D('',#16842,#13889,#13890);
#11082=AXIS2_PLACEMENT_3D('',#16843,#13891,#13892);
#11083=AXIS2_PLACEMENT_3D('',#16844,#13893,#13894);
#11084=AXIS2_PLACEMENT_3D('',#16845,#13895,#13896);
#11085=AXIS2_PLACEMENT_3D('',#16847,#13897,#13898);
#11086=AXIS2_PLACEMENT_3D('',#16850,#13901,#13902);
#11087=AXIS2_PLACEMENT_3D('',#16852,#13904,#13905);
#11088=AXIS2_PLACEMENT_3D('',#16854,#13907,#13908);
#11089=AXIS2_PLACEMENT_3D('',#16856,#13910,#13911);
#11090=AXIS2_PLACEMENT_3D('',#16858,#13913,#13914);
#11091=AXIS2_PLACEMENT_3D('',#16859,#13915,#13916);
#11092=AXIS2_PLACEMENT_3D('',#16860,#13917,#13918);
#11093=AXIS2_PLACEMENT_3D('',#16861,#13919,#13920);
#11094=AXIS2_PLACEMENT_3D('',#16863,#13921,#13922);
#11095=AXIS2_PLACEMENT_3D('',#16866,#13925,#13926);
#11096=AXIS2_PLACEMENT_3D('',#16868,#13928,#13929);
#11097=AXIS2_PLACEMENT_3D('',#16870,#13931,#13932);
#11098=AXIS2_PLACEMENT_3D('',#16872,#13934,#13935);
#11099=AXIS2_PLACEMENT_3D('',#16874,#13937,#13938);
#11100=AXIS2_PLACEMENT_3D('',#16875,#13939,#13940);
#11101=AXIS2_PLACEMENT_3D('',#16876,#13941,#13942);
#11102=AXIS2_PLACEMENT_3D('',#16877,#13943,#13944);
#11103=AXIS2_PLACEMENT_3D('',#16879,#13945,#13946);
#11104=AXIS2_PLACEMENT_3D('',#16882,#13949,#13950);
#11105=AXIS2_PLACEMENT_3D('',#16884,#13952,#13953);
#11106=AXIS2_PLACEMENT_3D('',#16886,#13955,#13956);
#11107=AXIS2_PLACEMENT_3D('',#16888,#13958,#13959);
#11108=AXIS2_PLACEMENT_3D('',#16890,#13961,#13962);
#11109=AXIS2_PLACEMENT_3D('',#16891,#13963,#13964);
#11110=AXIS2_PLACEMENT_3D('',#16892,#13965,#13966);
#11111=AXIS2_PLACEMENT_3D('',#16893,#13967,#13968);
#11112=AXIS2_PLACEMENT_3D('',#16895,#13969,#13970);
#11113=AXIS2_PLACEMENT_3D('',#16898,#13973,#13974);
#11114=AXIS2_PLACEMENT_3D('',#16900,#13976,#13977);
#11115=AXIS2_PLACEMENT_3D('',#16902,#13979,#13980);
#11116=AXIS2_PLACEMENT_3D('',#16904,#13982,#13983);
#11117=AXIS2_PLACEMENT_3D('',#16906,#13985,#13986);
#11118=AXIS2_PLACEMENT_3D('',#16907,#13987,#13988);
#11119=AXIS2_PLACEMENT_3D('',#16908,#13989,#13990);
#11120=AXIS2_PLACEMENT_3D('',#16911,#13993,#13994);
#11121=AXIS2_PLACEMENT_3D('',#16913,#13996,#13997);
#11122=AXIS2_PLACEMENT_3D('',#16915,#13999,#14000);
#11123=AXIS2_PLACEMENT_3D('',#16917,#14002,#14003);
#11124=AXIS2_PLACEMENT_3D('',#16919,#14005,#14006);
#11125=AXIS2_PLACEMENT_3D('',#16920,#14007,#14008);
#11126=AXIS2_PLACEMENT_3D('',#16923,#14011,#14012);
#11127=AXIS2_PLACEMENT_3D('',#16925,#14014,#14015);
#11128=AXIS2_PLACEMENT_3D('',#16927,#14017,#14018);
#11129=AXIS2_PLACEMENT_3D('',#16929,#14020,#14021);
#11130=AXIS2_PLACEMENT_3D('',#16931,#14023,#14024);
#11131=AXIS2_PLACEMENT_3D('',#16932,#14025,#14026);
#11132=AXIS2_PLACEMENT_3D('',#16935,#14029,#14030);
#11133=AXIS2_PLACEMENT_3D('',#16937,#14032,#14033);
#11134=AXIS2_PLACEMENT_3D('',#16939,#14035,#14036);
#11135=AXIS2_PLACEMENT_3D('',#16941,#14038,#14039);
#11136=AXIS2_PLACEMENT_3D('',#16943,#14041,#14042);
#11137=AXIS2_PLACEMENT_3D('',#16944,#14043,#14044);
#11138=AXIS2_PLACEMENT_3D('',#16947,#14047,#14048);
#11139=AXIS2_PLACEMENT_3D('',#16949,#14050,#14051);
#11140=AXIS2_PLACEMENT_3D('',#16951,#14053,#14054);
#11141=AXIS2_PLACEMENT_3D('',#16953,#14056,#14057);
#11142=AXIS2_PLACEMENT_3D('',#16955,#14059,#14060);
#11143=AXIS2_PLACEMENT_3D('',#16956,#14061,#14062);
#11144=AXIS2_PLACEMENT_3D('',#16959,#14065,#14066);
#11145=AXIS2_PLACEMENT_3D('',#16961,#14068,#14069);
#11146=AXIS2_PLACEMENT_3D('',#16963,#14071,#14072);
#11147=AXIS2_PLACEMENT_3D('',#16965,#14074,#14075);
#11148=AXIS2_PLACEMENT_3D('',#16967,#14077,#14078);
#11149=AXIS2_PLACEMENT_3D('',#16968,#14079,#14080);
#11150=AXIS2_PLACEMENT_3D('',#16971,#14083,#14084);
#11151=AXIS2_PLACEMENT_3D('',#16973,#14086,#14087);
#11152=AXIS2_PLACEMENT_3D('',#16975,#14089,#14090);
#11153=AXIS2_PLACEMENT_3D('',#16977,#14092,#14093);
#11154=AXIS2_PLACEMENT_3D('',#16979,#14095,#14096);
#11155=DIRECTION('',(0.,0.,1.));
#11156=DIRECTION('',(1.,0.,0.));
#11157=DIRECTION('',(0.,0.,1.));
#11158=DIRECTION('',(1.,0.,0.));
#11159=DIRECTION('',(0.,0.,1.));
#11160=DIRECTION('',(1.,0.,0.));
#11161=DIRECTION('',(0.,0.,1.));
#11162=DIRECTION('',(1.,0.,0.));
#11163=DIRECTION('',(0.,0.,1.));
#11164=DIRECTION('',(1.,0.,0.));
#11165=DIRECTION('',(0.,0.,1.));
#11166=DIRECTION('',(1.,0.,0.));
#11167=DIRECTION('',(0.,0.,1.));
#11168=DIRECTION('',(1.,0.,0.));
#11169=DIRECTION('',(0.,0.,-1.));
#11170=DIRECTION('',(-1.,0.,0.));
#11171=DIRECTION('',(0.,0.,1.));
#11172=DIRECTION('',(1.,0.,0.));
#11173=DIRECTION('',(-0.866025403784439,0.5,0.));
#11174=DIRECTION('',(0.,1.,0.));
#11175=DIRECTION('',(0.866025403784439,0.5,0.));
#11176=DIRECTION('',(0.866025403784438,-0.5,0.));
#11177=DIRECTION('',(0.,-1.,0.));
#11178=DIRECTION('',(-0.866025403784439,-0.5,0.));
#11179=DIRECTION('',(-0.866025403784439,-0.5,0.));
#11180=DIRECTION('',(-0.866025403784439,0.5,0.));
#11181=DIRECTION('',(0.,1.,0.));
#11182=DIRECTION('',(0.866025403784439,0.5,0.));
#11183=DIRECTION('',(0.866025403784438,-0.5,0.));
#11184=DIRECTION('',(0.,-1.,0.));
#11185=DIRECTION('',(-0.866025403784439,-0.5,0.));
#11186=DIRECTION('',(-0.866025403784439,0.5,0.));
#11187=DIRECTION('',(0.,1.,0.));
#11188=DIRECTION('',(0.866025403784439,0.5,0.));
#11189=DIRECTION('',(0.866025403784438,-0.5,0.));
#11190=DIRECTION('',(0.,-1.,0.));
#11191=DIRECTION('',(0.,0.,-1.));
#11192=DIRECTION('',(1.,0.,0.));
#11193=DIRECTION('',(0.,0.,-1.));
#11194=DIRECTION('',(1.,0.,0.));
#11195=DIRECTION('',(0.,0.,1.));
#11196=DIRECTION('',(1.,0.,0.));
#11197=DIRECTION('',(0.,0.,1.));
#11198=DIRECTION('',(1.,0.,0.));
#11199=DIRECTION('',(0.,0.,-1.));
#11200=DIRECTION('',(1.,0.,0.));
#11201=DIRECTION('',(0.,0.,-1.));
#11202=DIRECTION('',(1.,0.,0.));
#11203=DIRECTION('',(0.,0.,-1.));
#11204=DIRECTION('',(1.,0.,0.));
#11205=DIRECTION('',(0.,0.,1.));
#11206=DIRECTION('',(1.,0.,0.));
#11207=DIRECTION('',(0.,0.,1.));
#11208=DIRECTION('',(1.,0.,0.));
#11209=DIRECTION('',(0.,0.,1.));
#11210=DIRECTION('',(1.,0.,0.));
#11211=DIRECTION('',(0.,0.,-1.));
#11212=DIRECTION('',(1.,0.,0.));
#11213=DIRECTION('',(0.,0.,1.));
#11214=DIRECTION('',(1.,0.,0.));
#11215=DIRECTION('',(0.,1.,0.));
#11216=DIRECTION('',(0.,0.,-1.));
#11217=DIRECTION('',(1.,0.,0.));
#11218=DIRECTION('',(0.,-1.,0.));
#11219=DIRECTION('',(0.,0.,-1.));
#11220=DIRECTION('',(1.,0.,0.));
#11221=DIRECTION('',(0.,-1.,0.));
#11222=DIRECTION('',(0.,0.,1.));
#11223=DIRECTION('',(1.,0.,0.));
#11224=DIRECTION('',(0.,1.,0.));
#11225=DIRECTION('',(0.,0.,1.));
#11226=DIRECTION('',(1.,0.,0.));
#11227=DIRECTION('',(0.,-1.,0.));
#11228=DIRECTION('',(0.,0.,1.));
#11229=DIRECTION('',(1.,0.,0.));
#11230=DIRECTION('',(0.,0.,1.));
#11231=DIRECTION('',(1.,0.,0.));
#11232=DIRECTION('',(0.,0.,1.));
#11233=DIRECTION('',(1.,0.,0.));
#11234=DIRECTION('',(1.,0.,0.));
#11235=DIRECTION('',(0.,0.,1.));
#11236=DIRECTION('',(1.,0.,0.));
#11237=DIRECTION('',(1.,0.,0.));
#11238=DIRECTION('',(0.,0.,1.));
#11239=DIRECTION('',(1.,0.,0.));
#11240=DIRECTION('',(1.,0.,0.));
#11241=DIRECTION('',(0.,0.,-1.));
#11242=DIRECTION('',(1.,0.,0.));
#11243=DIRECTION('',(-1.,0.,0.));
#11244=DIRECTION('',(0.,0.,-1.));
#11245=DIRECTION('',(1.,0.,0.));
#11246=DIRECTION('',(-1.,0.,0.));
#11247=DIRECTION('',(0.,0.,1.));
#11248=DIRECTION('',(1.,0.,0.));
#11249=DIRECTION('',(0.,0.,-1.));
#11250=DIRECTION('',(1.,0.,0.));
#11251=DIRECTION('',(0.,0.,1.));
#11252=DIRECTION('',(1.,0.,0.));
#11253=DIRECTION('',(0.,-1.,0.));
#11254=DIRECTION('',(0.,0.,-1.));
#11255=DIRECTION('',(1.,0.,0.));
#11256=DIRECTION('',(0.,1.,0.));
#11257=DIRECTION('',(0.,0.,-1.));
#11258=DIRECTION('',(1.,0.,0.));
#11259=DIRECTION('',(0.,1.,0.));
#11260=DIRECTION('',(0.,0.,1.));
#11261=DIRECTION('',(1.,0.,0.));
#11262=DIRECTION('',(0.,-1.,0.));
#11263=DIRECTION('',(0.,0.,1.));
#11264=DIRECTION('',(1.,0.,0.));
#11265=DIRECTION('',(0.,1.,0.));
#11266=DIRECTION('',(0.,0.,1.));
#11267=DIRECTION('',(1.,0.,0.));
#11268=DIRECTION('',(0.,0.,1.));
#11269=DIRECTION('',(1.,0.,0.));
#11270=DIRECTION('',(0.,0.,1.));
#11271=DIRECTION('',(1.,0.,0.));
#11272=DIRECTION('',(-1.,0.,0.));
#11273=DIRECTION('',(0.,0.,1.));
#11274=DIRECTION('',(1.,0.,0.));
#11275=DIRECTION('',(-1.,0.,0.));
#11276=DIRECTION('',(0.,0.,1.));
#11277=DIRECTION('',(1.,0.,0.));
#11278=DIRECTION('',(-1.,0.,0.));
#11279=DIRECTION('',(0.,0.,-1.));
#11280=DIRECTION('',(1.,0.,0.));
#11281=DIRECTION('',(1.,0.,0.));
#11282=DIRECTION('',(0.,0.,-1.));
#11283=DIRECTION('',(1.,0.,0.));
#11284=DIRECTION('',(1.,0.,0.));
#11285=DIRECTION('',(0.,0.,1.));
#11286=DIRECTION('',(1.,0.,0.));
#11287=DIRECTION('',(-0.866025403784453,-0.500000000000008,0.));
#11288=DIRECTION('',(-0.866025403784453,0.500000000000008,0.));
#11289=DIRECTION('',(0.,1.00000000000002,0.));
#11290=DIRECTION('',(0.866025403784453,0.500000000000008,0.));
#11291=DIRECTION('',(0.866025403784452,-0.500000000000009,0.));
#11292=DIRECTION('',(0.,-1.00000000000002,0.));
#11293=DIRECTION('',(-0.866025403784439,0.5,0.));
#11294=DIRECTION('',(0.,1.,0.));
#11295=DIRECTION('',(0.866025403784439,0.5,0.));
#11296=DIRECTION('',(0.866025403784438,-0.5,0.));
#11297=DIRECTION('',(0.,-1.,0.));
#11298=DIRECTION('',(-0.866025403784439,-0.5,0.));
#11299=DIRECTION('',(-0.866025403784439,0.5,0.));
#11300=DIRECTION('',(0.,1.,0.));
#11301=DIRECTION('',(0.866025403784439,0.5,0.));
#11302=DIRECTION('',(0.866025403784438,-0.5,0.));
#11303=DIRECTION('',(0.,-1.,0.));
#11304=DIRECTION('',(-0.866025403784439,-0.5,0.));
#11305=DIRECTION('',(0.,0.,1.));
#11306=DIRECTION('',(1.,0.,0.));
#11307=DIRECTION('',(0.,1.,0.));
#11308=DIRECTION('',(-0.866025403784439,0.5,0.));
#11309=DIRECTION('',(-0.866025403784439,-0.5,0.));
#11310=DIRECTION('',(0.,-1.,0.));
#11311=DIRECTION('',(0.866025403784438,-0.5,0.));
#11312=DIRECTION('',(0.866025403784439,0.5,0.));
#11313=DIRECTION('',(0.,1.,0.));
#11314=DIRECTION('',(-0.866025403784439,0.5,0.));
#11315=DIRECTION('',(-0.866025403784439,-0.5,0.));
#11316=DIRECTION('',(0.,-1.,0.));
#11317=DIRECTION('',(0.866025403784438,-0.5,0.));
#11318=DIRECTION('',(0.866025403784439,0.5,0.));
#11319=DIRECTION('',(-0.866025403784453,0.500000000000008,0.));
#11320=DIRECTION('',(-0.866025403784453,-0.500000000000008,0.));
#11321=DIRECTION('',(0.,-1.00000000000002,0.));
#11322=DIRECTION('',(0.866025403784452,-0.500000000000009,0.));
#11323=DIRECTION('',(0.866025403784453,0.500000000000008,0.));
#11324=DIRECTION('',(0.,1.00000000000002,0.));
#11325=DIRECTION('',(0.,0.,-1.));
#11326=DIRECTION('',(1.,0.,0.));
#11327=DIRECTION('',(0.,0.,-1.));
#11328=DIRECTION('',(1.,0.,0.));
#11329=DIRECTION('',(0.,0.,1.));
#11330=DIRECTION('',(1.,0.,0.));
#11331=DIRECTION('',(0.,0.,1.));
#11332=DIRECTION('',(1.,0.,0.));
#11333=DIRECTION('',(0.,0.,-1.));
#11334=DIRECTION('',(1.,0.,0.));
#11335=DIRECTION('',(0.,0.,-1.));
#11336=DIRECTION('',(1.,0.,0.));
#11337=DIRECTION('',(0.,0.,-1.));
#11338=DIRECTION('',(1.,0.,0.));
#11339=DIRECTION('',(0.,0.,1.));
#11340=DIRECTION('',(1.,0.,0.));
#11341=DIRECTION('',(0.,0.,1.));
#11342=DIRECTION('',(1.,0.,0.));
#11343=DIRECTION('',(0.,0.,1.));
#11344=DIRECTION('',(1.,0.,0.));
#11345=DIRECTION('',(0.,0.,-1.));
#11346=DIRECTION('',(1.,0.,0.));
#11347=DIRECTION('',(0.,0.,1.));
#11348=DIRECTION('',(1.,0.,0.));
#11349=DIRECTION('',(1.,0.,0.));
#11350=DIRECTION('',(0.,0.,-1.));
#11351=DIRECTION('',(1.,0.,0.));
#11352=DIRECTION('',(1.,0.,0.));
#11353=DIRECTION('',(0.,0.,-1.));
#11354=DIRECTION('',(1.,0.,0.));
#11355=DIRECTION('',(-1.,0.,0.));
#11356=DIRECTION('',(0.,0.,1.));
#11357=DIRECTION('',(1.,0.,0.));
#11358=DIRECTION('',(-1.,0.,0.));
#11359=DIRECTION('',(0.,0.,1.));
#11360=DIRECTION('',(1.,0.,0.));
#11361=DIRECTION('',(-1.,0.,0.));
#11362=DIRECTION('',(0.,0.,1.));
#11363=DIRECTION('',(1.,0.,0.));
#11364=DIRECTION('',(0.,0.,1.));
#11365=DIRECTION('',(1.,0.,0.));
#11366=DIRECTION('',(0.,0.,1.));
#11367=DIRECTION('',(1.,0.,0.));
#11368=DIRECTION('',(0.,1.,0.));
#11369=DIRECTION('',(0.,0.,1.));
#11370=DIRECTION('',(1.,0.,0.));
#11371=DIRECTION('',(0.,-1.,0.));
#11372=DIRECTION('',(0.,0.,1.));
#11373=DIRECTION('',(1.,0.,0.));
#11374=DIRECTION('',(0.,1.,0.));
#11375=DIRECTION('',(0.,0.,-1.));
#11376=DIRECTION('',(1.,0.,0.));
#11377=DIRECTION('',(0.,1.,0.));
#11378=DIRECTION('',(0.,0.,-1.));
#11379=DIRECTION('',(1.,0.,0.));
#11380=DIRECTION('',(0.,-1.,0.));
#11381=DIRECTION('',(0.,0.,1.));
#11382=DIRECTION('',(1.,0.,0.));
#11383=DIRECTION('',(0.,0.,-1.));
#11384=DIRECTION('',(1.,0.,0.));
#11385=DIRECTION('',(0.,0.,1.));
#11386=DIRECTION('',(1.,0.,0.));
#11387=DIRECTION('',(-1.,0.,0.));
#11388=DIRECTION('',(0.,0.,-1.));
#11389=DIRECTION('',(1.,0.,0.));
#11390=DIRECTION('',(-1.,0.,0.));
#11391=DIRECTION('',(0.,0.,-1.));
#11392=DIRECTION('',(1.,0.,0.));
#11393=DIRECTION('',(1.,0.,0.));
#11394=DIRECTION('',(0.,0.,1.));
#11395=DIRECTION('',(1.,0.,0.));
#11396=DIRECTION('',(1.,0.,0.));
#11397=DIRECTION('',(0.,0.,1.));
#11398=DIRECTION('',(1.,0.,0.));
#11399=DIRECTION('',(1.,0.,0.));
#11400=DIRECTION('',(0.,0.,1.));
#11401=DIRECTION('',(1.,0.,0.));
#11402=DIRECTION('',(0.,0.,1.));
#11403=DIRECTION('',(1.,0.,0.));
#11404=DIRECTION('',(0.,0.,1.));
#11405=DIRECTION('',(1.,0.,0.));
#11406=DIRECTION('',(0.,-1.,0.));
#11407=DIRECTION('',(0.,0.,1.));
#11408=DIRECTION('',(1.,0.,0.));
#11409=DIRECTION('',(0.,1.,0.));
#11410=DIRECTION('',(0.,0.,1.));
#11411=DIRECTION('',(1.,0.,0.));
#11412=DIRECTION('',(0.,-1.,0.));
#11413=DIRECTION('',(0.,0.,-1.));
#11414=DIRECTION('',(1.,0.,0.));
#11415=DIRECTION('',(0.,-1.,0.));
#11416=DIRECTION('',(0.,0.,-1.));
#11417=DIRECTION('',(1.,0.,0.));
#11418=DIRECTION('',(0.,1.,0.));
#11419=DIRECTION('',(0.,0.,1.));
#11420=DIRECTION('',(1.,0.,0.));
#11421=DIRECTION('',(-0.866025403784439,0.5,0.));
#11422=DIRECTION('',(-0.866025403784439,-0.5,0.));
#11423=DIRECTION('',(0.,-1.,0.));
#11424=DIRECTION('',(0.866025403784438,-0.5,0.));
#11425=DIRECTION('',(0.866025403784439,0.5,0.));
#11426=DIRECTION('',(0.,1.,0.));
#11427=DIRECTION('',(0.,1.,0.));
#11428=DIRECTION('',(-0.866025403784439,0.5,0.));
#11429=DIRECTION('',(-0.866025403784439,-0.5,0.));
#11430=DIRECTION('',(0.,-1.,0.));
#11431=DIRECTION('',(0.866025403784438,-0.5,0.));
#11432=DIRECTION('',(0.866025403784439,0.5,0.));
#11433=DIRECTION('',(0.,1.,0.));
#11434=DIRECTION('',(-0.866025403784439,0.5,0.));
#11435=DIRECTION('',(-0.866025403784439,-0.5,0.));
#11436=DIRECTION('',(0.,-1.,0.));
#11437=DIRECTION('',(0.866025403784438,-0.5,0.));
#11438=DIRECTION('',(0.866025403784439,0.5,0.));
#11439=DIRECTION('',(0.,0.,1.));
#11440=DIRECTION('',(1.,0.,0.));
#11441=DIRECTION('',(0.,0.,1.));
#11442=DIRECTION('',(1.,0.,0.));
#11443=DIRECTION('',(0.,0.,-1.));
#11444=DIRECTION('',(1.,0.,0.));
#11445=DIRECTION('',(0.,0.,1.));
#11446=DIRECTION('',(1.,0.,0.));
#11447=DIRECTION('',(0.,0.,1.));
#11448=DIRECTION('',(1.,0.,0.));
#11449=DIRECTION('',(0.,0.,1.));
#11450=DIRECTION('',(1.,0.,0.));
#11451=DIRECTION('',(0.,0.,-1.));
#11452=DIRECTION('',(-1.,0.,0.));
#11453=DIRECTION('',(0.,0.,1.));
#11454=DIRECTION('',(1.,0.,0.));
#11455=DIRECTION('',(0.,0.,1.));
#11456=DIRECTION('',(1.,0.,0.));
#11457=DIRECTION('',(0.,0.,1.));
#11458=DIRECTION('',(1.,0.,0.));
#11459=DIRECTION('',(0.,0.,1.));
#11460=DIRECTION('',(1.,0.,0.));
#11461=DIRECTION('',(0.,0.,1.));
#11462=DIRECTION('',(1.,0.,0.));
#11463=DIRECTION('',(0.,0.,1.));
#11464=DIRECTION('',(1.,0.,0.));
#11465=DIRECTION('',(0.,0.,-1.));
#11466=DIRECTION('',(-1.,0.,0.));
#11467=DIRECTION('',(0.,0.,1.));
#11468=DIRECTION('',(1.,0.,0.));
#11469=DIRECTION('',(0.,1.,0.));
#11470=DIRECTION('',(-0.866025403784439,0.5,0.));
#11471=DIRECTION('',(-0.866025403784439,-0.5,0.));
#11472=DIRECTION('',(0.,-1.,0.));
#11473=DIRECTION('',(0.866025403784438,-0.5,0.));
#11474=DIRECTION('',(0.866025403784439,0.5,0.));
#11475=DIRECTION('',(0.,1.,0.));
#11476=DIRECTION('',(-0.866025403784439,0.5,0.));
#11477=DIRECTION('',(-0.866025403784439,-0.5,0.));
#11478=DIRECTION('',(0.,-1.,0.));
#11479=DIRECTION('',(0.866025403784438,-0.5,0.));
#11480=DIRECTION('',(0.866025403784439,0.5,0.));
#11481=DIRECTION('',(-0.866025403784439,0.5,0.));
#11482=DIRECTION('',(-0.866025403784439,-0.5,0.));
#11483=DIRECTION('',(0.,-1.,0.));
#11484=DIRECTION('',(0.866025403784438,-0.5,0.));
#11485=DIRECTION('',(0.866025403784439,0.5,0.));
#11486=DIRECTION('',(0.,1.,0.));
#11487=DIRECTION('',(-0.866025403784439,0.5,0.));
#11488=DIRECTION('',(-0.866025403784439,-0.5,0.));
#11489=DIRECTION('',(0.,-1.,0.));
#11490=DIRECTION('',(0.866025403784438,-0.5,0.));
#11491=DIRECTION('',(0.866025403784439,0.5,0.));
#11492=DIRECTION('',(0.,1.,0.));
#11493=DIRECTION('',(0.,0.,-1.));
#11494=DIRECTION('',(1.,0.,0.));
#11495=DIRECTION('',(0.,0.,-1.));
#11496=DIRECTION('',(1.,0.,0.));
#11497=DIRECTION('',(0.,0.,1.));
#11498=DIRECTION('',(1.,0.,0.));
#11499=DIRECTION('',(0.,0.,1.));
#11500=DIRECTION('',(1.,0.,0.));
#11501=DIRECTION('',(0.,0.,-1.));
#11502=DIRECTION('',(1.,0.,0.));
#11503=DIRECTION('',(0.,0.,-1.));
#11504=DIRECTION('',(1.,0.,0.));
#11505=DIRECTION('',(0.,0.,1.));
#11506=DIRECTION('',(1.,0.,0.));
#11507=DIRECTION('',(0.,0.,1.));
#11508=DIRECTION('',(1.,0.,0.));
#11509=DIRECTION('',(0.,0.,-1.));
#11510=DIRECTION('',(1.,0.,0.));
#11511=DIRECTION('',(0.,0.,1.));
#11512=DIRECTION('',(1.,0.,0.));
#11513=DIRECTION('',(1.,0.,0.));
#11514=DIRECTION('',(0.,0.,-1.));
#11515=DIRECTION('',(1.,0.,0.));
#11516=DIRECTION('',(1.,0.,0.));
#11517=DIRECTION('',(0.,0.,-1.));
#11518=DIRECTION('',(1.,0.,0.));
#11519=DIRECTION('',(-1.,0.,0.));
#11520=DIRECTION('',(0.,0.,1.));
#11521=DIRECTION('',(1.,0.,0.));
#11522=DIRECTION('',(-1.,0.,0.));
#11523=DIRECTION('',(0.,0.,1.));
#11524=DIRECTION('',(1.,0.,0.));
#11525=DIRECTION('',(-1.,0.,0.));
#11526=DIRECTION('',(0.,0.,1.));
#11527=DIRECTION('',(1.,0.,0.));
#11528=DIRECTION('',(0.,0.,1.));
#11529=DIRECTION('',(1.,0.,0.));
#11530=DIRECTION('',(0.,0.,1.));
#11531=DIRECTION('',(1.,0.,0.));
#11532=DIRECTION('',(0.,1.,0.));
#11533=DIRECTION('',(0.,0.,1.));
#11534=DIRECTION('',(1.,0.,0.));
#11535=DIRECTION('',(0.,-1.,0.));
#11536=DIRECTION('',(0.,0.,1.));
#11537=DIRECTION('',(1.,0.,0.));
#11538=DIRECTION('',(0.,1.,0.));
#11539=DIRECTION('',(0.,0.,-1.));
#11540=DIRECTION('',(1.,0.,0.));
#11541=DIRECTION('',(0.,1.,0.));
#11542=DIRECTION('',(0.,0.,-1.));
#11543=DIRECTION('',(1.,0.,0.));
#11544=DIRECTION('',(0.,-1.,0.));
#11545=DIRECTION('',(0.,0.,1.));
#11546=DIRECTION('',(1.,0.,0.));
#11547=DIRECTION('',(0.,0.,-1.));
#11548=DIRECTION('',(1.,0.,0.));
#11549=DIRECTION('',(0.,0.,1.));
#11550=DIRECTION('',(1.,0.,0.));
#11551=DIRECTION('',(-1.,0.,0.));
#11552=DIRECTION('',(0.,0.,-1.));
#11553=DIRECTION('',(1.,0.,0.));
#11554=DIRECTION('',(-1.,0.,0.));
#11555=DIRECTION('',(0.,0.,-1.));
#11556=DIRECTION('',(1.,0.,0.));
#11557=DIRECTION('',(1.,0.,0.));
#11558=DIRECTION('',(0.,0.,1.));
#11559=DIRECTION('',(1.,0.,0.));
#11560=DIRECTION('',(1.,0.,0.));
#11561=DIRECTION('',(0.,0.,1.));
#11562=DIRECTION('',(1.,0.,0.));
#11563=DIRECTION('',(1.,0.,0.));
#11564=DIRECTION('',(0.,0.,1.));
#11565=DIRECTION('',(1.,0.,0.));
#11566=DIRECTION('',(0.,0.,1.));
#11567=DIRECTION('',(1.,0.,0.));
#11568=DIRECTION('',(0.,0.,1.));
#11569=DIRECTION('',(1.,0.,0.));
#11570=DIRECTION('',(0.,-1.,0.));
#11571=DIRECTION('',(0.,0.,1.));
#11572=DIRECTION('',(1.,0.,0.));
#11573=DIRECTION('',(0.,1.,0.));
#11574=DIRECTION('',(0.,0.,1.));
#11575=DIRECTION('',(1.,0.,0.));
#11576=DIRECTION('',(0.,-1.,0.));
#11577=DIRECTION('',(0.,0.,-1.));
#11578=DIRECTION('',(1.,0.,0.));
#11579=DIRECTION('',(0.,-1.,0.));
#11580=DIRECTION('',(0.,0.,-1.));
#11581=DIRECTION('',(1.,0.,0.));
#11582=DIRECTION('',(0.,1.,0.));
#11583=DIRECTION('',(0.,0.,1.));
#11584=DIRECTION('',(1.,0.,0.));
#11585=DIRECTION('',(-0.866025403784439,0.5,0.));
#11586=DIRECTION('',(-0.866025403784439,-0.5,0.));
#11587=DIRECTION('',(0.,-1.,0.));
#11588=DIRECTION('',(0.866025403784438,-0.5,0.));
#11589=DIRECTION('',(0.866025403784439,0.5,0.));
#11590=DIRECTION('',(0.,1.,0.));
#11591=DIRECTION('',(0.,1.,0.));
#11592=DIRECTION('',(-0.866025403784439,0.5,0.));
#11593=DIRECTION('',(-0.866025403784439,-0.5,0.));
#11594=DIRECTION('',(0.,-1.,0.));
#11595=DIRECTION('',(0.866025403784438,-0.5,0.));
#11596=DIRECTION('',(0.866025403784439,0.5,0.));
#11597=DIRECTION('',(0.,1.,0.));
#11598=DIRECTION('',(-0.866025403784439,0.5,0.));
#11599=DIRECTION('',(-0.866025403784439,-0.5,0.));
#11600=DIRECTION('',(0.,-1.,0.));
#11601=DIRECTION('',(0.866025403784438,-0.5,0.));
#11602=DIRECTION('',(0.866025403784439,0.5,0.));
#11603=DIRECTION('',(0.,1.,0.));
#11604=DIRECTION('',(-0.866025403784439,0.5,0.));
#11605=DIRECTION('',(-0.866025403784439,-0.5,0.));
#11606=DIRECTION('',(0.,-1.,0.));
#11607=DIRECTION('',(0.866025403784438,-0.5,0.));
#11608=DIRECTION('',(0.866025403784439,0.5,0.));
#11609=DIRECTION('',(0.,0.,1.));
#11610=DIRECTION('',(1.,0.,0.));
#11611=DIRECTION('',(-0.866025403784439,0.5,0.));
#11612=DIRECTION('',(0.,1.,0.));
#11613=DIRECTION('',(0.866025403784439,0.5,0.));
#11614=DIRECTION('',(0.866025403784438,-0.5,0.));
#11615=DIRECTION('',(0.,-1.,0.));
#11616=DIRECTION('',(-0.866025403784439,-0.5,0.));
#11617=DIRECTION('',(-0.866025403784439,0.5,0.));
#11618=DIRECTION('',(0.,1.,0.));
#11619=DIRECTION('',(0.866025403784439,0.5,0.));
#11620=DIRECTION('',(0.866025403784438,-0.5,0.));
#11621=DIRECTION('',(0.,-1.,0.));
#11622=DIRECTION('',(-0.866025403784439,-0.5,0.));
#11623=DIRECTION('',(-0.866025403784439,-0.5,0.));
#11624=DIRECTION('',(-0.866025403784439,0.5,0.));
#11625=DIRECTION('',(0.,1.,0.));
#11626=DIRECTION('',(0.866025403784439,0.5,0.));
#11627=DIRECTION('',(0.866025403784438,-0.5,0.));
#11628=DIRECTION('',(0.,-1.,0.));
#11629=DIRECTION('',(-0.866025403784439,-0.5,0.));
#11630=DIRECTION('',(-0.866025403784439,0.5,0.));
#11631=DIRECTION('',(0.,1.,0.));
#11632=DIRECTION('',(0.866025403784439,0.5,0.));
#11633=DIRECTION('',(0.866025403784438,-0.5,0.));
#11634=DIRECTION('',(0.,-1.,0.));
#11635=DIRECTION('',(0.,0.,-1.));
#11636=DIRECTION('',(1.,0.,0.));
#11637=DIRECTION('',(0.,0.,-1.));
#11638=DIRECTION('',(1.,0.,0.));
#11639=DIRECTION('',(0.,0.,1.));
#11640=DIRECTION('',(1.,0.,0.));
#11641=DIRECTION('',(0.,0.,1.));
#11642=DIRECTION('',(1.,0.,0.));
#11643=DIRECTION('',(0.,0.,-1.));
#11644=DIRECTION('',(1.,0.,0.));
#11645=DIRECTION('',(0.,0.,-1.));
#11646=DIRECTION('',(1.,0.,0.));
#11647=DIRECTION('',(0.,0.,1.));
#11648=DIRECTION('',(1.,0.,0.));
#11649=DIRECTION('',(0.,0.,1.));
#11650=DIRECTION('',(1.,0.,0.));
#11651=DIRECTION('',(0.,0.,-1.));
#11652=DIRECTION('',(1.,0.,0.));
#11653=DIRECTION('',(0.,0.,1.));
#11654=DIRECTION('',(1.,0.,0.));
#11655=DIRECTION('',(0.,1.,0.));
#11656=DIRECTION('',(0.,0.,-1.));
#11657=DIRECTION('',(1.,0.,0.));
#11658=DIRECTION('',(0.,-1.,0.));
#11659=DIRECTION('',(0.,0.,-1.));
#11660=DIRECTION('',(1.,0.,0.));
#11661=DIRECTION('',(0.,-1.,0.));
#11662=DIRECTION('',(0.,0.,1.));
#11663=DIRECTION('',(1.,0.,0.));
#11664=DIRECTION('',(0.,1.,0.));
#11665=DIRECTION('',(0.,0.,1.));
#11666=DIRECTION('',(1.,0.,0.));
#11667=DIRECTION('',(0.,-1.,0.));
#11668=DIRECTION('',(0.,0.,1.));
#11669=DIRECTION('',(1.,0.,0.));
#11670=DIRECTION('',(0.,0.,1.));
#11671=DIRECTION('',(1.,0.,0.));
#11672=DIRECTION('',(0.,0.,1.));
#11673=DIRECTION('',(1.,0.,0.));
#11674=DIRECTION('',(1.,0.,0.));
#11675=DIRECTION('',(0.,0.,1.));
#11676=DIRECTION('',(1.,0.,0.));
#11677=DIRECTION('',(1.,0.,0.));
#11678=DIRECTION('',(0.,0.,1.));
#11679=DIRECTION('',(1.,0.,0.));
#11680=DIRECTION('',(1.,0.,0.));
#11681=DIRECTION('',(0.,0.,-1.));
#11682=DIRECTION('',(1.,0.,0.));
#11683=DIRECTION('',(-1.,0.,0.));
#11684=DIRECTION('',(0.,0.,-1.));
#11685=DIRECTION('',(1.,0.,0.));
#11686=DIRECTION('',(-1.,0.,0.));
#11687=DIRECTION('',(0.,0.,1.));
#11688=DIRECTION('',(1.,0.,0.));
#11689=DIRECTION('',(0.,0.,-1.));
#11690=DIRECTION('',(1.,0.,0.));
#11691=DIRECTION('',(0.,0.,1.));
#11692=DIRECTION('',(1.,0.,0.));
#11693=DIRECTION('',(0.,-1.,0.));
#11694=DIRECTION('',(0.,0.,-1.));
#11695=DIRECTION('',(1.,0.,0.));
#11696=DIRECTION('',(0.,1.,0.));
#11697=DIRECTION('',(0.,0.,-1.));
#11698=DIRECTION('',(1.,0.,0.));
#11699=DIRECTION('',(0.,1.,0.));
#11700=DIRECTION('',(0.,0.,1.));
#11701=DIRECTION('',(1.,0.,0.));
#11702=DIRECTION('',(0.,-1.,0.));
#11703=DIRECTION('',(0.,0.,1.));
#11704=DIRECTION('',(1.,0.,0.));
#11705=DIRECTION('',(0.,1.,0.));
#11706=DIRECTION('',(0.,0.,1.));
#11707=DIRECTION('',(1.,0.,0.));
#11708=DIRECTION('',(0.,0.,1.));
#11709=DIRECTION('',(1.,0.,0.));
#11710=DIRECTION('',(0.,0.,1.));
#11711=DIRECTION('',(1.,0.,0.));
#11712=DIRECTION('',(-1.,0.,0.));
#11713=DIRECTION('',(0.,0.,1.));
#11714=DIRECTION('',(1.,0.,0.));
#11715=DIRECTION('',(-1.,0.,0.));
#11716=DIRECTION('',(0.,0.,1.));
#11717=DIRECTION('',(1.,0.,0.));
#11718=DIRECTION('',(-1.,0.,0.));
#11719=DIRECTION('',(0.,0.,-1.));
#11720=DIRECTION('',(1.,0.,0.));
#11721=DIRECTION('',(1.,0.,0.));
#11722=DIRECTION('',(0.,0.,-1.));
#11723=DIRECTION('',(1.,0.,0.));
#11724=DIRECTION('',(1.,0.,0.));
#11725=DIRECTION('',(0.,0.,1.));
#11726=DIRECTION('',(1.,0.,0.));
#11727=DIRECTION('',(-0.866025403784439,-0.5,0.));
#11728=DIRECTION('',(-0.866025403784439,0.5,0.));
#11729=DIRECTION('',(0.,1.,0.));
#11730=DIRECTION('',(0.866025403784439,0.5,0.));
#11731=DIRECTION('',(0.866025403784438,-0.5,0.));
#11732=DIRECTION('',(0.,-1.,0.));
#11733=DIRECTION('',(-0.866025403784439,0.5,0.));
#11734=DIRECTION('',(0.,1.,0.));
#11735=DIRECTION('',(0.866025403784439,0.5,0.));
#11736=DIRECTION('',(0.866025403784438,-0.5,0.));
#11737=DIRECTION('',(0.,-1.,0.));
#11738=DIRECTION('',(-0.866025403784439,-0.5,0.));
#11739=DIRECTION('',(-0.866025403784439,0.5,0.));
#11740=DIRECTION('',(0.,1.,0.));
#11741=DIRECTION('',(0.866025403784439,0.5,0.));
#11742=DIRECTION('',(0.866025403784438,-0.5,0.));
#11743=DIRECTION('',(0.,-1.,0.));
#11744=DIRECTION('',(-0.866025403784439,-0.5,0.));
#11745=DIRECTION('',(-0.866025403784439,0.5,0.));
#11746=DIRECTION('',(0.,1.,0.));
#11747=DIRECTION('',(0.866025403784439,0.5,0.));
#11748=DIRECTION('',(0.866025403784438,-0.5,0.));
#11749=DIRECTION('',(0.,-1.,0.));
#11750=DIRECTION('',(-0.866025403784439,-0.5,0.));
#11751=DIRECTION('',(0.,0.,1.));
#11752=DIRECTION('',(1.,0.,0.));
#11753=DIRECTION('',(0.,0.,1.));
#11754=DIRECTION('',(1.,0.,0.));
#11755=DIRECTION('',(0.,0.,-1.));
#11756=DIRECTION('',(1.,0.,0.));
#11757=DIRECTION('',(0.,0.,1.));
#11758=DIRECTION('',(1.,0.,0.));
#11759=DIRECTION('',(0.,0.,1.));
#11760=DIRECTION('',(1.,0.,0.));
#11761=DIRECTION('',(0.,0.,1.));
#11762=DIRECTION('',(1.,0.,0.));
#11763=DIRECTION('',(0.,0.,-1.));
#11764=DIRECTION('',(-1.,0.,0.));
#11765=DIRECTION('',(0.,0.,1.));
#11766=DIRECTION('',(1.,0.,0.));
#11767=DIRECTION('',(0.,1.,0.));
#11768=DIRECTION('',(-0.866025403784439,0.5,0.));
#11769=DIRECTION('',(-0.866025403784439,-0.5,0.));
#11770=DIRECTION('',(0.,-1.,0.));
#11771=DIRECTION('',(0.866025403784438,-0.5,0.));
#11772=DIRECTION('',(0.866025403784439,0.5,0.));
#11773=DIRECTION('',(-0.866025403784439,0.5,0.));
#11774=DIRECTION('',(-0.866025403784439,-0.5,0.));
#11775=DIRECTION('',(0.,-1.,0.));
#11776=DIRECTION('',(0.866025403784438,-0.5,0.));
#11777=DIRECTION('',(0.866025403784439,0.5,0.));
#11778=DIRECTION('',(0.,1.,0.));
#11779=DIRECTION('',(-0.866025403784439,0.5,0.));
#11780=DIRECTION('',(-0.866025403784439,-0.5,0.));
#11781=DIRECTION('',(0.,-1.,0.));
#11782=DIRECTION('',(0.866025403784438,-0.5,0.));
#11783=DIRECTION('',(0.866025403784439,0.5,0.));
#11784=DIRECTION('',(0.,1.,0.));
#11785=DIRECTION('',(0.,0.,-1.));
#11786=DIRECTION('',(1.,0.,0.));
#11787=DIRECTION('',(0.,0.,-1.));
#11788=DIRECTION('',(1.,0.,0.));
#11789=DIRECTION('',(0.,0.,-1.));
#11790=DIRECTION('',(1.,0.,0.));
#11791=DIRECTION('',(0.,0.,1.));
#11792=DIRECTION('',(1.,0.,0.));
#11793=DIRECTION('',(0.,0.,-1.));
#11794=DIRECTION('',(1.,0.,0.));
#11795=DIRECTION('',(0.,0.,1.));
#11796=DIRECTION('',(1.,0.,0.));
#11797=DIRECTION('',(0.,0.,1.));
#11798=DIRECTION('',(1.,0.,0.));
#11799=DIRECTION('',(0.,0.,-1.));
#11800=DIRECTION('',(1.,0.,0.));
#11801=DIRECTION('',(0.,0.,1.));
#11802=DIRECTION('',(1.,0.,0.));
#11803=DIRECTION('',(0.,0.,1.));
#11804=DIRECTION('',(1.,0.,0.));
#11805=DIRECTION('',(0.,0.,-1.));
#11806=DIRECTION('',(1.,0.,0.));
#11807=DIRECTION('',(0.,0.,1.));
#11808=DIRECTION('',(1.,0.,0.));
#11809=DIRECTION('',(1.,0.,0.));
#11810=DIRECTION('',(0.,0.,-1.));
#11811=DIRECTION('',(1.,0.,0.));
#11812=DIRECTION('',(1.,0.,0.));
#11813=DIRECTION('',(0.,0.,-1.));
#11814=DIRECTION('',(1.,0.,0.));
#11815=DIRECTION('',(-1.,0.,0.));
#11816=DIRECTION('',(0.,0.,1.));
#11817=DIRECTION('',(1.,0.,0.));
#11818=DIRECTION('',(-1.,0.,0.));
#11819=DIRECTION('',(0.,0.,1.));
#11820=DIRECTION('',(1.,0.,0.));
#11821=DIRECTION('',(-1.,0.,0.));
#11822=DIRECTION('',(0.,0.,1.));
#11823=DIRECTION('',(1.,0.,0.));
#11824=DIRECTION('',(0.,0.,1.));
#11825=DIRECTION('',(1.,0.,0.));
#11826=DIRECTION('',(0.,0.,1.));
#11827=DIRECTION('',(1.,0.,0.));
#11828=DIRECTION('',(0.,1.,0.));
#11829=DIRECTION('',(0.,0.,1.));
#11830=DIRECTION('',(1.,0.,0.));
#11831=DIRECTION('',(0.,-1.,0.));
#11832=DIRECTION('',(0.,0.,1.));
#11833=DIRECTION('',(1.,0.,0.));
#11834=DIRECTION('',(0.,1.,0.));
#11835=DIRECTION('',(0.,0.,-1.));
#11836=DIRECTION('',(1.,0.,0.));
#11837=DIRECTION('',(0.,1.,0.));
#11838=DIRECTION('',(0.,0.,-1.));
#11839=DIRECTION('',(1.,0.,0.));
#11840=DIRECTION('',(0.,-1.,0.));
#11841=DIRECTION('',(0.,0.,1.));
#11842=DIRECTION('',(1.,0.,0.));
#11843=DIRECTION('',(0.,0.,-1.));
#11844=DIRECTION('',(1.,0.,0.));
#11845=DIRECTION('',(0.,0.,1.));
#11846=DIRECTION('',(1.,0.,0.));
#11847=DIRECTION('',(-1.,0.,0.));
#11848=DIRECTION('',(0.,0.,-1.));
#11849=DIRECTION('',(1.,0.,0.));
#11850=DIRECTION('',(-1.,0.,0.));
#11851=DIRECTION('',(0.,0.,-1.));
#11852=DIRECTION('',(1.,0.,0.));
#11853=DIRECTION('',(1.,0.,0.));
#11854=DIRECTION('',(0.,0.,1.));
#11855=DIRECTION('',(1.,0.,0.));
#11856=DIRECTION('',(1.,0.,0.));
#11857=DIRECTION('',(0.,0.,1.));
#11858=DIRECTION('',(1.,0.,0.));
#11859=DIRECTION('',(1.,0.,0.));
#11860=DIRECTION('',(0.,0.,1.));
#11861=DIRECTION('',(1.,0.,0.));
#11862=DIRECTION('',(0.,0.,1.));
#11863=DIRECTION('',(1.,0.,0.));
#11864=DIRECTION('',(0.,0.,1.));
#11865=DIRECTION('',(1.,0.,0.));
#11866=DIRECTION('',(0.,-1.,0.));
#11867=DIRECTION('',(0.,0.,1.));
#11868=DIRECTION('',(1.,0.,0.));
#11869=DIRECTION('',(0.,1.,0.));
#11870=DIRECTION('',(0.,0.,1.));
#11871=DIRECTION('',(1.,0.,0.));
#11872=DIRECTION('',(0.,-1.,0.));
#11873=DIRECTION('',(0.,0.,-1.));
#11874=DIRECTION('',(1.,0.,0.));
#11875=DIRECTION('',(0.,-1.,0.));
#11876=DIRECTION('',(0.,0.,-1.));
#11877=DIRECTION('',(1.,0.,0.));
#11878=DIRECTION('',(0.,1.,0.));
#11879=DIRECTION('',(0.,0.,1.));
#11880=DIRECTION('',(1.,0.,0.));
#11881=DIRECTION('',(-0.866025403784439,0.5,0.));
#11882=DIRECTION('',(-0.866025403784439,-0.5,0.));
#11883=DIRECTION('',(0.,-1.,0.));
#11884=DIRECTION('',(0.866025403784438,-0.5,0.));
#11885=DIRECTION('',(0.866025403784439,0.5,0.));
#11886=DIRECTION('',(0.,1.,0.));
#11887=DIRECTION('',(-0.866025403784439,0.5,0.));
#11888=DIRECTION('',(-0.866025403784439,-0.5,0.));
#11889=DIRECTION('',(0.,-1.,0.));
#11890=DIRECTION('',(0.866025403784438,-0.5,0.));
#11891=DIRECTION('',(0.866025403784439,0.5,0.));
#11892=DIRECTION('',(0.,1.,0.));
#11893=DIRECTION('',(0.,1.,0.));
#11894=DIRECTION('',(-0.866025403784439,0.5,0.));
#11895=DIRECTION('',(-0.866025403784439,-0.5,0.));
#11896=DIRECTION('',(0.,-1.,0.));
#11897=DIRECTION('',(0.866025403784438,-0.5,0.));
#11898=DIRECTION('',(0.866025403784439,0.5,0.));
#11899=DIRECTION('',(0.,0.,1.));
#11900=DIRECTION('',(1.,0.,0.));
#11901=DIRECTION('',(-0.866025403784439,0.5,0.));
#11902=DIRECTION('',(0.,1.,0.));
#11903=DIRECTION('',(0.866025403784439,0.5,0.));
#11904=DIRECTION('',(0.866025403784438,-0.5,0.));
#11905=DIRECTION('',(0.,-1.,0.));
#11906=DIRECTION('',(-0.866025403784439,-0.5,0.));
#11907=DIRECTION('',(-0.866025403784439,-0.5,0.));
#11908=DIRECTION('',(-0.866025403784439,0.5,0.));
#11909=DIRECTION('',(0.,1.,0.));
#11910=DIRECTION('',(0.866025403784439,0.5,0.));
#11911=DIRECTION('',(0.866025403784438,-0.5,0.));
#11912=DIRECTION('',(0.,-1.,0.));
#11913=DIRECTION('',(-0.866025403784439,-0.5,0.));
#11914=DIRECTION('',(-0.866025403784439,0.5,0.));
#11915=DIRECTION('',(0.,1.,0.));
#11916=DIRECTION('',(0.866025403784439,0.5,0.));
#11917=DIRECTION('',(0.866025403784438,-0.5,0.));
#11918=DIRECTION('',(0.,-1.,0.));
#11919=DIRECTION('',(0.,0.,-1.));
#11920=DIRECTION('',(1.,0.,0.));
#11921=DIRECTION('',(0.,0.,-1.));
#11922=DIRECTION('',(1.,0.,0.));
#11923=DIRECTION('',(0.,0.,-1.));
#11924=DIRECTION('',(1.,0.,0.));
#11925=DIRECTION('',(0.,0.,1.));
#11926=DIRECTION('',(1.,0.,0.));
#11927=DIRECTION('',(0.,0.,-1.));
#11928=DIRECTION('',(1.,0.,0.));
#11929=DIRECTION('',(0.,0.,1.));
#11930=DIRECTION('',(1.,0.,0.));
#11931=DIRECTION('',(0.,0.,1.));
#11932=DIRECTION('',(1.,0.,0.));
#11933=DIRECTION('',(0.,0.,-1.));
#11934=DIRECTION('',(1.,0.,0.));
#11935=DIRECTION('',(0.,0.,1.));
#11936=DIRECTION('',(1.,0.,0.));
#11937=DIRECTION('',(0.,0.,1.));
#11938=DIRECTION('',(1.,0.,0.));
#11939=DIRECTION('',(0.,0.,-1.));
#11940=DIRECTION('',(1.,0.,0.));
#11941=DIRECTION('',(0.,0.,1.));
#11942=DIRECTION('',(1.,0.,0.));
#11943=DIRECTION('',(0.,1.,0.));
#11944=DIRECTION('',(0.,0.,-1.));
#11945=DIRECTION('',(1.,0.,0.));
#11946=DIRECTION('',(0.,-1.,0.));
#11947=DIRECTION('',(0.,0.,-1.));
#11948=DIRECTION('',(1.,0.,0.));
#11949=DIRECTION('',(0.,-1.,0.));
#11950=DIRECTION('',(0.,0.,1.));
#11951=DIRECTION('',(1.,0.,0.));
#11952=DIRECTION('',(0.,1.,0.));
#11953=DIRECTION('',(0.,0.,1.));
#11954=DIRECTION('',(1.,0.,0.));
#11955=DIRECTION('',(0.,-1.,0.));
#11956=DIRECTION('',(0.,0.,1.));
#11957=DIRECTION('',(1.,0.,0.));
#11958=DIRECTION('',(0.,0.,1.));
#11959=DIRECTION('',(1.,0.,0.));
#11960=DIRECTION('',(0.,0.,1.));
#11961=DIRECTION('',(1.,0.,0.));
#11962=DIRECTION('',(1.,0.,0.));
#11963=DIRECTION('',(0.,0.,1.));
#11964=DIRECTION('',(1.,0.,0.));
#11965=DIRECTION('',(1.,0.,0.));
#11966=DIRECTION('',(0.,0.,1.));
#11967=DIRECTION('',(1.,0.,0.));
#11968=DIRECTION('',(1.,0.,0.));
#11969=DIRECTION('',(0.,0.,-1.));
#11970=DIRECTION('',(1.,0.,0.));
#11971=DIRECTION('',(-1.,0.,0.));
#11972=DIRECTION('',(0.,0.,-1.));
#11973=DIRECTION('',(1.,0.,0.));
#11974=DIRECTION('',(-1.,0.,0.));
#11975=DIRECTION('',(0.,0.,1.));
#11976=DIRECTION('',(1.,0.,0.));
#11977=DIRECTION('',(0.,0.,-1.));
#11978=DIRECTION('',(1.,0.,0.));
#11979=DIRECTION('',(0.,0.,1.));
#11980=DIRECTION('',(1.,0.,0.));
#11981=DIRECTION('',(0.,-1.,0.));
#11982=DIRECTION('',(0.,0.,-1.));
#11983=DIRECTION('',(1.,0.,0.));
#11984=DIRECTION('',(0.,1.,0.));
#11985=DIRECTION('',(0.,0.,-1.));
#11986=DIRECTION('',(1.,0.,0.));
#11987=DIRECTION('',(0.,1.,0.));
#11988=DIRECTION('',(0.,0.,1.));
#11989=DIRECTION('',(1.,0.,0.));
#11990=DIRECTION('',(0.,-1.,0.));
#11991=DIRECTION('',(0.,0.,1.));
#11992=DIRECTION('',(1.,0.,0.));
#11993=DIRECTION('',(0.,1.,0.));
#11994=DIRECTION('',(0.,0.,1.));
#11995=DIRECTION('',(1.,0.,0.));
#11996=DIRECTION('',(0.,0.,1.));
#11997=DIRECTION('',(1.,0.,0.));
#11998=DIRECTION('',(0.,0.,1.));
#11999=DIRECTION('',(1.,0.,0.));
#12000=DIRECTION('',(-1.,0.,0.));
#12001=DIRECTION('',(0.,0.,1.));
#12002=DIRECTION('',(1.,0.,0.));
#12003=DIRECTION('',(-1.,0.,0.));
#12004=DIRECTION('',(0.,0.,1.));
#12005=DIRECTION('',(1.,0.,0.));
#12006=DIRECTION('',(-1.,0.,0.));
#12007=DIRECTION('',(0.,0.,-1.));
#12008=DIRECTION('',(1.,0.,0.));
#12009=DIRECTION('',(1.,0.,0.));
#12010=DIRECTION('',(0.,0.,-1.));
#12011=DIRECTION('',(1.,0.,0.));
#12012=DIRECTION('',(1.,0.,0.));
#12013=DIRECTION('',(0.,0.,1.));
#12014=DIRECTION('',(1.,0.,0.));
#12015=DIRECTION('',(-0.866025403784439,-0.5,0.));
#12016=DIRECTION('',(-0.866025403784439,0.5,0.));
#12017=DIRECTION('',(0.,1.,0.));
#12018=DIRECTION('',(0.866025403784439,0.5,0.));
#12019=DIRECTION('',(0.866025403784438,-0.5,0.));
#12020=DIRECTION('',(0.,-1.,0.));
#12021=DIRECTION('',(-0.866025403784439,0.5,0.));
#12022=DIRECTION('',(0.,1.,0.));
#12023=DIRECTION('',(0.866025403784439,0.5,0.));
#12024=DIRECTION('',(0.866025403784438,-0.5,0.));
#12025=DIRECTION('',(0.,-1.,0.));
#12026=DIRECTION('',(-0.866025403784439,-0.5,0.));
#12027=DIRECTION('',(-0.866025403784439,0.5,0.));
#12028=DIRECTION('',(0.,1.,0.));
#12029=DIRECTION('',(0.866025403784439,0.5,0.));
#12030=DIRECTION('',(0.866025403784438,-0.5,0.));
#12031=DIRECTION('',(0.,-1.,0.));
#12032=DIRECTION('',(-0.866025403784439,-0.5,0.));
#12033=DIRECTION('',(0.,0.,1.));
#12034=DIRECTION('',(1.,0.,0.));
#12035=DIRECTION('',(0.,0.,1.));
#12036=DIRECTION('',(1.,0.,0.));
#12037=DIRECTION('',(0.,0.,1.));
#12038=DIRECTION('',(1.,0.,0.));
#12039=DIRECTION('',(0.,0.,1.));
#12040=DIRECTION('',(1.,0.,0.));
#12041=DIRECTION('',(0.,0.,1.));
#12042=DIRECTION('',(1.,0.,0.));
#12043=DIRECTION('',(0.,0.,1.));
#12044=DIRECTION('',(1.,0.,0.));
#12045=DIRECTION('',(0.,0.,-1.));
#12046=DIRECTION('',(-1.,0.,0.));
#12047=DIRECTION('',(0.,0.,1.));
#12048=DIRECTION('',(1.,0.,0.));
#12049=DIRECTION('',(-1.,0.,0.));
#12050=DIRECTION('',(-0.5,0.866025403784439,0.));
#12051=DIRECTION('',(0.5,0.866025403784439,0.));
#12052=DIRECTION('',(1.,0.,0.));
#12053=DIRECTION('',(0.5,-0.866025403784439,0.));
#12054=DIRECTION('',(-0.5,-0.866025403784439,0.));
#12055=DIRECTION('',(-1.,0.,0.));
#12056=DIRECTION('',(-0.5,0.86602540378444,0.));
#12057=DIRECTION('',(0.5,0.86602540378444,0.));
#12058=DIRECTION('',(1.,0.,0.));
#12059=DIRECTION('',(0.5,-0.866025403784439,0.));
#12060=DIRECTION('',(-0.5,-0.86602540378444,0.));
#12061=DIRECTION('',(0.,0.,-1.));
#12062=DIRECTION('',(1.,0.,0.));
#12063=DIRECTION('',(0.,0.,-1.));
#12064=DIRECTION('',(1.,0.,0.));
#12065=DIRECTION('',(0.,0.,1.));
#12066=DIRECTION('',(1.,0.,0.));
#12067=DIRECTION('',(0.,0.,1.));
#12068=DIRECTION('',(1.,0.,0.));
#12069=DIRECTION('',(0.,0.,1.));
#12070=DIRECTION('',(1.,0.,0.));
#12071=DIRECTION('',(0.,0.,-1.));
#12072=DIRECTION('',(1.,0.,0.));
#12073=DIRECTION('',(0.,0.,-1.));
#12074=DIRECTION('',(1.,0.,0.));
#12075=DIRECTION('',(0.,0.,-1.));
#12076=DIRECTION('',(1.,0.,0.));
#12077=DIRECTION('',(0.,0.,-1.));
#12078=DIRECTION('',(1.,0.,0.));
#12079=DIRECTION('',(0.,0.,1.));
#12080=DIRECTION('',(1.,0.,0.));
#12081=DIRECTION('',(0.,0.,1.));
#12082=DIRECTION('',(1.,0.,0.));
#12083=DIRECTION('',(0.,0.,1.));
#12084=DIRECTION('',(1.,0.,0.));
#12085=DIRECTION('',(0.,0.,-1.));
#12086=DIRECTION('',(1.,0.,0.));
#12087=DIRECTION('',(0.,0.,1.));
#12088=DIRECTION('',(1.,0.,0.));
#12089=DIRECTION('',(0.,1.,0.));
#12090=DIRECTION('',(0.,0.,-1.));
#12091=DIRECTION('',(1.,0.,0.));
#12092=DIRECTION('',(0.,-1.,0.));
#12093=DIRECTION('',(0.,0.,-1.));
#12094=DIRECTION('',(1.,0.,0.));
#12095=DIRECTION('',(0.,-1.,0.));
#12096=DIRECTION('',(0.,0.,1.));
#12097=DIRECTION('',(1.,0.,0.));
#12098=DIRECTION('',(0.,1.,0.));
#12099=DIRECTION('',(0.,0.,1.));
#12100=DIRECTION('',(1.,0.,0.));
#12101=DIRECTION('',(0.,-1.,0.));
#12102=DIRECTION('',(0.,0.,1.));
#12103=DIRECTION('',(1.,0.,0.));
#12104=DIRECTION('',(0.,0.,1.));
#12105=DIRECTION('',(1.,0.,0.));
#12106=DIRECTION('',(0.,0.,1.));
#12107=DIRECTION('',(1.,0.,0.));
#12108=DIRECTION('',(1.,0.,0.));
#12109=DIRECTION('',(0.,0.,1.));
#12110=DIRECTION('',(1.,0.,0.));
#12111=DIRECTION('',(1.,0.,0.));
#12112=DIRECTION('',(0.,0.,1.));
#12113=DIRECTION('',(1.,0.,0.));
#12114=DIRECTION('',(1.,0.,0.));
#12115=DIRECTION('',(0.,0.,-1.));
#12116=DIRECTION('',(1.,0.,0.));
#12117=DIRECTION('',(-1.,0.,0.));
#12118=DIRECTION('',(0.,0.,-1.));
#12119=DIRECTION('',(1.,0.,0.));
#12120=DIRECTION('',(-1.,0.,0.));
#12121=DIRECTION('',(0.,0.,1.));
#12122=DIRECTION('',(1.,0.,0.));
#12123=DIRECTION('',(0.,0.,-1.));
#12124=DIRECTION('',(1.,0.,0.));
#12125=DIRECTION('',(0.,0.,1.));
#12126=DIRECTION('',(1.,0.,0.));
#12127=DIRECTION('',(0.,-1.,0.));
#12128=DIRECTION('',(0.,0.,-1.));
#12129=DIRECTION('',(1.,0.,0.));
#12130=DIRECTION('',(0.,1.,0.));
#12131=DIRECTION('',(0.,0.,-1.));
#12132=DIRECTION('',(1.,0.,0.));
#12133=DIRECTION('',(0.,1.,0.));
#12134=DIRECTION('',(0.,0.,1.));
#12135=DIRECTION('',(1.,0.,0.));
#12136=DIRECTION('',(0.,-1.,0.));
#12137=DIRECTION('',(0.,0.,1.));
#12138=DIRECTION('',(1.,0.,0.));
#12139=DIRECTION('',(0.,1.,0.));
#12140=DIRECTION('',(0.,0.,1.));
#12141=DIRECTION('',(1.,0.,0.));
#12142=DIRECTION('',(0.,0.,1.));
#12143=DIRECTION('',(1.,0.,0.));
#12144=DIRECTION('',(0.,0.,1.));
#12145=DIRECTION('',(1.,0.,0.));
#12146=DIRECTION('',(-1.,0.,0.));
#12147=DIRECTION('',(0.,0.,1.));
#12148=DIRECTION('',(1.,0.,0.));
#12149=DIRECTION('',(-1.,0.,0.));
#12150=DIRECTION('',(0.,0.,1.));
#12151=DIRECTION('',(1.,0.,0.));
#12152=DIRECTION('',(-1.,0.,0.));
#12153=DIRECTION('',(0.,0.,-1.));
#12154=DIRECTION('',(1.,0.,0.));
#12155=DIRECTION('',(1.,0.,0.));
#12156=DIRECTION('',(0.,0.,-1.));
#12157=DIRECTION('',(1.,0.,0.));
#12158=DIRECTION('',(1.,0.,0.));
#12159=DIRECTION('',(0.,0.,1.));
#12160=DIRECTION('',(1.,0.,0.));
#12161=DIRECTION('',(-1.,0.,0.));
#12162=DIRECTION('',(-0.5,0.866025403784439,0.));
#12163=DIRECTION('',(0.5,0.866025403784439,0.));
#12164=DIRECTION('',(1.,0.,0.));
#12165=DIRECTION('',(0.5,-0.866025403784439,0.));
#12166=DIRECTION('',(-0.5,-0.866025403784439,0.));
#12167=DIRECTION('',(-1.,0.,0.));
#12168=DIRECTION('',(-0.5,0.866025403784439,0.));
#12169=DIRECTION('',(0.5,0.866025403784439,0.));
#12170=DIRECTION('',(1.,0.,0.));
#12171=DIRECTION('',(0.5,-0.866025403784439,0.));
#12172=DIRECTION('',(-0.5,-0.866025403784439,0.));
#12173=DIRECTION('',(0.,0.,-1.));
#12174=DIRECTION('',(-1.,0.,0.));
#12175=DIRECTION('',(0.,0.,-1.));
#12176=DIRECTION('',(1.,0.,0.));
#12177=DIRECTION('',(0.,0.,-1.));
#12178=DIRECTION('',(0.,0.,-1.));
#12179=DIRECTION('',(0.,0.,-1.));
#12180=DIRECTION('',(-1.,0.,0.));
#12181=DIRECTION('',(0.,0.,1.));
#12182=DIRECTION('',(1.,0.,0.));
#12183=DIRECTION('',(0.,0.,-1.));
#12184=DIRECTION('',(-1.,0.,0.));
#12185=DIRECTION('',(0.,0.,1.));
#12186=DIRECTION('',(0.,1.,0.));
#12187=DIRECTION('',(0.,0.,-1.));
#12188=DIRECTION('',(0.,0.,-1.));
#12189=DIRECTION('',(-1.,0.,0.));
#12190=DIRECTION('',(0.,0.,-1.));
#12191=DIRECTION('',(1.,0.,0.));
#12192=DIRECTION('',(0.,0.,-1.));
#12193=DIRECTION('',(1.,0.,0.));
#12194=DIRECTION('',(0.,0.,-1.));
#12195=DIRECTION('',(0.,-1.,0.));
#12196=DIRECTION('',(0.,0.,-1.));
#12197=DIRECTION('',(0.,0.,-1.));
#12198=DIRECTION('',(-1.,0.,0.));
#12199=DIRECTION('',(0.,0.,-1.));
#12200=DIRECTION('',(1.,0.,0.));
#12201=DIRECTION('',(0.,0.,-1.));
#12202=DIRECTION('',(1.,0.,0.));
#12203=DIRECTION('',(0.,0.,-1.));
#12204=DIRECTION('',(0.,-1.,0.));
#12205=DIRECTION('',(0.,0.,-1.));
#12206=DIRECTION('',(0.,0.,-1.));
#12207=DIRECTION('',(-1.,0.,0.));
#12208=DIRECTION('',(0.,0.,1.));
#12209=DIRECTION('',(1.,0.,0.));
#12210=DIRECTION('',(0.,0.,-1.));
#12211=DIRECTION('',(-1.,0.,0.));
#12212=DIRECTION('',(0.,0.,1.));
#12213=DIRECTION('',(0.,1.,0.));
#12214=DIRECTION('',(0.,0.,-1.));
#12215=DIRECTION('',(0.,0.,-1.));
#12216=DIRECTION('',(-1.,0.,0.));
#12217=DIRECTION('',(0.,0.,1.));
#12218=DIRECTION('',(1.,0.,0.));
#12219=DIRECTION('',(0.,0.,-1.));
#12220=DIRECTION('',(1.,0.,0.));
#12221=DIRECTION('',(0.,0.,-1.));
#12222=DIRECTION('',(0.,-1.,0.));
#12223=DIRECTION('',(0.,0.,-1.));
#12224=DIRECTION('',(0.,0.,-1.));
#12225=DIRECTION('',(-1.,0.,0.));
#12226=DIRECTION('',(0.,0.,1.));
#12227=DIRECTION('',(1.,0.,0.));
#12228=DIRECTION('',(0.,0.,-1.));
#12229=DIRECTION('',(0.,0.,-1.));
#12230=DIRECTION('',(-1.,0.,0.));
#12231=DIRECTION('',(0.,0.,1.));
#12232=DIRECTION('',(1.,0.,0.));
#12233=DIRECTION('',(0.,0.,-1.));
#12234=DIRECTION('',(0.,0.,-1.));
#12235=DIRECTION('',(-1.,0.,0.));
#12236=DIRECTION('',(0.,0.,1.));
#12237=DIRECTION('',(1.,0.,0.));
#12238=DIRECTION('',(0.,0.,-1.));
#12239=DIRECTION('',(0.,1.,0.));
#12240=DIRECTION('',(0.,0.,1.));
#12241=DIRECTION('',(1.,0.,0.));
#12242=DIRECTION('',(0.,0.,-1.));
#12243=DIRECTION('',(0.,0.,-1.));
#12244=DIRECTION('',(-1.,0.,0.));
#12245=DIRECTION('',(0.,0.,1.));
#12246=DIRECTION('',(1.,0.,0.));
#12247=DIRECTION('',(0.,0.,-1.));
#12248=DIRECTION('',(0.,1.,0.));
#12249=DIRECTION('',(0.,0.,1.));
#12250=DIRECTION('',(1.,0.,0.));
#12251=DIRECTION('',(0.,0.,-1.));
#12252=DIRECTION('',(0.,0.,-1.));
#12253=DIRECTION('',(-1.,0.,0.));
#12254=DIRECTION('',(0.,0.,1.));
#12255=DIRECTION('',(1.,0.,0.));
#12256=DIRECTION('',(0.,0.,-1.));
#12257=DIRECTION('',(0.,1.,0.));
#12258=DIRECTION('',(0.,0.,1.));
#12259=DIRECTION('',(1.,0.,0.));
#12260=DIRECTION('',(0.,0.,-1.));
#12261=DIRECTION('',(0.,0.,-1.));
#12262=DIRECTION('',(-1.,0.,0.));
#12263=DIRECTION('',(0.,0.,-1.));
#12264=DIRECTION('',(1.,0.,0.));
#12265=DIRECTION('',(0.,0.,-1.));
#12266=DIRECTION('',(0.,-1.,0.));
#12267=DIRECTION('',(0.,0.,-1.));
#12268=DIRECTION('',(-1.,0.,0.));
#12269=DIRECTION('',(0.,0.,-1.));
#12270=DIRECTION('',(0.,0.,-1.));
#12271=DIRECTION('',(-1.,0.,0.));
#12272=DIRECTION('',(0.,0.,-1.));
#12273=DIRECTION('',(1.,0.,0.));
#12274=DIRECTION('',(0.,0.,-1.));
#12275=DIRECTION('',(0.,-1.,0.));
#12276=DIRECTION('',(0.,0.,-1.));
#12277=DIRECTION('',(-1.,0.,0.));
#12278=DIRECTION('',(0.,0.,-1.));
#12279=DIRECTION('',(0.,0.,-1.));
#12280=DIRECTION('',(-1.,0.,0.));
#12281=DIRECTION('',(0.,0.,1.));
#12282=DIRECTION('',(1.,0.,0.));
#12283=DIRECTION('',(0.,0.,-1.));
#12284=DIRECTION('',(0.,0.,-1.));
#12285=DIRECTION('',(-1.,0.,0.));
#12286=DIRECTION('',(0.,0.,-1.));
#12287=DIRECTION('',(1.,0.,0.));
#12288=DIRECTION('',(0.,0.,-1.));
#12289=DIRECTION('',(0.,0.,-1.));
#12290=DIRECTION('',(-1.,0.,0.));
#12291=DIRECTION('',(0.,0.,1.));
#12292=DIRECTION('',(1.,0.,0.));
#12293=DIRECTION('',(0.,0.,-1.));
#12294=DIRECTION('',(1.,0.,0.));
#12295=DIRECTION('',(0.,0.,-1.));
#12296=DIRECTION('',(0.,-1.,0.));
#12297=DIRECTION('',(0.,0.,-1.));
#12298=DIRECTION('',(0.,0.,-1.));
#12299=DIRECTION('',(-1.,0.,0.));
#12300=DIRECTION('',(0.,0.,-1.));
#12301=DIRECTION('',(1.,0.,0.));
#12302=DIRECTION('',(0.,0.,-1.));
#12303=DIRECTION('',(-1.,0.,0.));
#12304=DIRECTION('',(0.,0.,1.));
#12305=DIRECTION('',(0.,1.,0.));
#12306=DIRECTION('',(0.,0.,-1.));
#12307=DIRECTION('',(0.,0.,-1.));
#12308=DIRECTION('',(-1.,0.,0.));
#12309=DIRECTION('',(0.,0.,-1.));
#12310=DIRECTION('',(1.,0.,0.));
#12311=DIRECTION('',(0.,0.,-1.));
#12312=DIRECTION('',(-1.,0.,0.));
#12313=DIRECTION('',(0.,0.,1.));
#12314=DIRECTION('',(0.,1.,0.));
#12315=DIRECTION('',(0.,0.,-1.));
#12316=DIRECTION('',(0.,0.,-1.));
#12317=DIRECTION('',(-1.,0.,0.));
#12318=DIRECTION('',(0.,0.,1.));
#12319=DIRECTION('',(1.,0.,0.));
#12320=DIRECTION('',(0.,0.,-1.));
#12321=DIRECTION('',(1.,0.,0.));
#12322=DIRECTION('',(0.,0.,-1.));
#12323=DIRECTION('',(0.,-1.,0.));
#12324=DIRECTION('',(0.,0.,-1.));
#12325=DIRECTION('',(0.,0.,-1.));
#12326=DIRECTION('',(-1.,0.,0.));
#12327=DIRECTION('',(0.,0.,1.));
#12328=DIRECTION('',(1.,0.,0.));
#12329=DIRECTION('',(0.,0.,-1.));
#12330=DIRECTION('',(-1.,0.,0.));
#12331=DIRECTION('',(0.,0.,1.));
#12332=DIRECTION('',(0.,1.,0.));
#12333=DIRECTION('',(0.,0.,-1.));
#12334=DIRECTION('',(0.,0.,-1.));
#12335=DIRECTION('',(-1.,0.,0.));
#12336=DIRECTION('',(0.,0.,1.));
#12337=DIRECTION('',(1.,0.,0.));
#12338=DIRECTION('',(0.,0.,-1.));
#12339=DIRECTION('',(0.,0.,-1.));
#12340=DIRECTION('',(-1.,0.,0.));
#12341=DIRECTION('',(0.,0.,1.));
#12342=DIRECTION('',(1.,0.,0.));
#12343=DIRECTION('',(0.,0.,-1.));
#12344=DIRECTION('',(0.,0.,-1.));
#12345=DIRECTION('',(-1.,0.,0.));
#12346=DIRECTION('',(0.,0.,1.));
#12347=DIRECTION('',(1.,0.,0.));
#12348=DIRECTION('',(0.,0.,-1.));
#12349=DIRECTION('',(0.,-1.,0.));
#12350=DIRECTION('',(0.,0.,-1.));
#12351=DIRECTION('',(-1.,0.,0.));
#12352=DIRECTION('',(0.,0.,-1.));
#12353=DIRECTION('',(0.,0.,-1.));
#12354=DIRECTION('',(-1.,0.,0.));
#12355=DIRECTION('',(0.,0.,1.));
#12356=DIRECTION('',(1.,0.,0.));
#12357=DIRECTION('',(0.,0.,-1.));
#12358=DIRECTION('',(0.,-1.,0.));
#12359=DIRECTION('',(0.,0.,-1.));
#12360=DIRECTION('',(-1.,0.,0.));
#12361=DIRECTION('',(0.,0.,-1.));
#12362=DIRECTION('',(0.,0.,-1.));
#12363=DIRECTION('',(-1.,0.,0.));
#12364=DIRECTION('',(0.,0.,1.));
#12365=DIRECTION('',(1.,0.,0.));
#12366=DIRECTION('',(0.,0.,-1.));
#12367=DIRECTION('',(0.,-1.,0.));
#12368=DIRECTION('',(0.,0.,-1.));
#12369=DIRECTION('',(-1.,0.,0.));
#12370=DIRECTION('',(0.,0.,-1.));
#12371=DIRECTION('',(0.,0.,-1.));
#12372=DIRECTION('',(-1.,0.,0.));
#12373=DIRECTION('',(0.,0.,-1.));
#12374=DIRECTION('',(1.,0.,0.));
#12375=DIRECTION('',(0.,0.,-1.));
#12376=DIRECTION('',(0.,1.,0.));
#12377=DIRECTION('',(0.,0.,1.));
#12378=DIRECTION('',(1.,0.,0.));
#12379=DIRECTION('',(0.,0.,-1.));
#12380=DIRECTION('',(0.,0.,-1.));
#12381=DIRECTION('',(-1.,0.,0.));
#12382=DIRECTION('',(0.,0.,-1.));
#12383=DIRECTION('',(1.,0.,0.));
#12384=DIRECTION('',(0.,0.,-1.));
#12385=DIRECTION('',(0.,1.,0.));
#12386=DIRECTION('',(0.,0.,1.));
#12387=DIRECTION('',(1.,0.,0.));
#12388=DIRECTION('',(0.,0.,-1.));
#12389=DIRECTION('',(0.,0.,-1.));
#12390=DIRECTION('',(-1.,0.,0.));
#12391=DIRECTION('',(0.,0.,1.));
#12392=DIRECTION('',(1.,0.,0.));
#12393=DIRECTION('',(0.,0.,-1.));
#12394=DIRECTION('',(-1.,0.,0.));
#12395=DIRECTION('',(0.,0.,1.));
#12396=DIRECTION('',(1.,0.,0.));
#12397=DIRECTION('',(0.,0.,-1.));
#12398=DIRECTION('',(-1.,0.,0.));
#12399=DIRECTION('',(0.,0.,-1.));
#12400=DIRECTION('',(-1.,0.,0.));
#12401=DIRECTION('',(0.,0.,1.));
#12402=DIRECTION('',(1.,0.,0.));
#12403=DIRECTION('',(0.,0.,-1.));
#12404=DIRECTION('',(-1.,0.,0.));
#12405=DIRECTION('',(0.,0.,1.));
#12406=DIRECTION('',(1.,0.,0.));
#12407=DIRECTION('',(0.,0.,-1.));
#12408=DIRECTION('',(-1.,0.,0.));
#12409=DIRECTION('',(0.,0.,-1.));
#12410=DIRECTION('',(1.,0.,0.));
#12411=DIRECTION('',(0.,0.,-1.));
#12412=DIRECTION('',(-1.,0.,0.));
#12413=DIRECTION('',(0.,0.,-1.));
#12414=DIRECTION('',(1.,0.,0.));
#12415=DIRECTION('',(0.,0.,-1.));
#12416=DIRECTION('',(-1.,0.,0.));
#12417=DIRECTION('',(0.,0.,-1.));
#12418=DIRECTION('',(1.,0.,0.));
#12419=DIRECTION('',(0.,0.,-1.));
#12420=DIRECTION('',(-1.,0.,0.));
#12421=DIRECTION('',(0.,0.,-1.));
#12422=DIRECTION('',(1.,0.,0.));
#12423=DIRECTION('',(0.,0.,-1.));
#12424=DIRECTION('',(-1.,0.,0.));
#12425=DIRECTION('',(0.,0.,1.));
#12426=DIRECTION('',(1.,0.,0.));
#12427=DIRECTION('',(0.,0.,-1.));
#12428=DIRECTION('',(-1.,0.,0.));
#12429=DIRECTION('',(0.,0.,1.));
#12430=DIRECTION('',(1.,0.,0.));
#12431=DIRECTION('',(0.,0.,-1.));
#12432=DIRECTION('',(-1.,0.,0.));
#12433=DIRECTION('',(0.,0.,-1.));
#12434=DIRECTION('',(-1.,0.,0.));
#12435=DIRECTION('',(0.,0.,1.));
#12436=DIRECTION('',(1.,0.,0.));
#12437=DIRECTION('',(0.,0.,-1.));
#12438=DIRECTION('',(-1.,0.,0.));
#12439=DIRECTION('',(0.,0.,-1.));
#12440=DIRECTION('',(1.,0.,0.));
#12441=DIRECTION('',(0.,0.,-1.));
#12442=DIRECTION('',(1.,0.,0.));
#12443=DIRECTION('',(0.,0.,-1.));
#12444=DIRECTION('',(-1.,0.,0.));
#12445=DIRECTION('',(0.,0.,1.));
#12446=DIRECTION('',(1.,0.,0.));
#12447=DIRECTION('',(0.,0.,-1.));
#12448=DIRECTION('',(-1.,0.,0.));
#12449=DIRECTION('',(0.,0.,-1.));
#12450=DIRECTION('',(1.,0.,0.));
#12451=DIRECTION('',(0.,0.,-1.));
#12452=DIRECTION('',(-1.,0.,0.));
#12453=DIRECTION('',(0.,0.,-1.));
#12454=DIRECTION('',(1.,0.,0.));
#12455=DIRECTION('',(0.,0.,-1.));
#12456=DIRECTION('',(1.,0.,0.));
#12457=DIRECTION('',(0.,0.,-1.));
#12458=DIRECTION('',(-1.,0.,0.));
#12459=DIRECTION('',(0.,0.,-1.));
#12460=DIRECTION('',(1.,0.,0.));
#12461=DIRECTION('',(0.,0.,-1.));
#12462=DIRECTION('',(-1.,0.,0.));
#12463=DIRECTION('',(0.,0.,1.));
#12464=DIRECTION('',(1.,0.,0.));
#12465=DIRECTION('',(0.,0.,1.));
#12466=DIRECTION('',(1.,0.,0.));
#12467=DIRECTION('',(0.,0.,-1.));
#12468=DIRECTION('',(0.,-1.,0.));
#12469=DIRECTION('',(0.,0.,-1.));
#12470=DIRECTION('',(0.,-1.,0.));
#12471=DIRECTION('',(0.,0.,-1.));
#12472=DIRECTION('',(0.,-1.,0.));
#12473=DIRECTION('',(0.,0.,-1.));
#12474=DIRECTION('',(0.,-1.,0.));
#12475=DIRECTION('',(0.,0.,-1.));
#12476=DIRECTION('',(0.,-1.,0.));
#12477=DIRECTION('',(0.,0.,-1.));
#12478=DIRECTION('',(0.,-1.,0.));
#12479=DIRECTION('',(0.,0.,-1.));
#12480=DIRECTION('',(0.,-1.,0.));
#12481=DIRECTION('',(0.,0.,-1.));
#12482=DIRECTION('',(0.,-1.,0.));
#12483=DIRECTION('',(0.,0.,1.));
#12484=DIRECTION('',(1.,0.,0.));
#12485=DIRECTION('',(0.,0.,1.));
#12486=DIRECTION('',(1.,0.,0.));
#12487=DIRECTION('',(0.,0.,1.));
#12488=DIRECTION('',(1.,0.,0.));
#12489=DIRECTION('',(0.,0.,1.));
#12490=DIRECTION('',(1.,0.,0.));
#12491=DIRECTION('',(0.,0.,1.));
#12492=DIRECTION('',(1.,0.,0.));
#12493=DIRECTION('',(0.,0.,1.));
#12494=DIRECTION('',(1.,0.,0.));
#12495=DIRECTION('',(0.,0.,-1.));
#12496=DIRECTION('',(-1.,0.,0.));
#12497=DIRECTION('',(0.,0.,-1.));
#12498=DIRECTION('',(-1.,0.,0.));
#12499=DIRECTION('',(0.,0.,-1.));
#12500=DIRECTION('',(0.,0.,-1.));
#12501=DIRECTION('',(0.,0.,-1.));
#12502=DIRECTION('',(-1.,0.,0.));
#12503=DIRECTION('',(0.,0.,-1.));
#12504=DIRECTION('',(-1.,0.,0.));
#12505=DIRECTION('',(0.,0.,1.));
#12506=DIRECTION('',(0.,0.,-1.));
#12507=DIRECTION('',(0.,0.,-1.));
#12508=DIRECTION('',(-1.,0.,0.));
#12509=DIRECTION('',(0.,0.,-1.));
#12510=DIRECTION('',(1.,0.,0.));
#12511=DIRECTION('',(0.,0.,-1.));
#12512=DIRECTION('',(0.,0.,-1.));
#12513=DIRECTION('',(0.,0.,-1.));
#12514=DIRECTION('',(-1.,0.,0.));
#12515=DIRECTION('',(0.,0.,-1.));
#12516=DIRECTION('',(1.,0.,0.));
#12517=DIRECTION('',(0.,0.,-1.));
#12518=DIRECTION('',(0.,0.,-1.));
#12519=DIRECTION('',(0.,0.,-1.));
#12520=DIRECTION('',(-1.,0.,0.));
#12521=DIRECTION('',(0.,0.,-1.));
#12522=DIRECTION('',(-1.,0.,0.));
#12523=DIRECTION('',(0.,0.,1.));
#12524=DIRECTION('',(0.,0.,-1.));
#12525=DIRECTION('',(0.,0.,-1.));
#12526=DIRECTION('',(-1.,0.,0.));
#12527=DIRECTION('',(0.,0.,-1.));
#12528=DIRECTION('',(1.,0.,0.));
#12529=DIRECTION('',(0.,0.,-1.));
#12530=DIRECTION('',(0.,0.,-1.));
#12531=DIRECTION('',(0.,0.,-1.));
#12532=DIRECTION('',(-1.,0.,0.));
#12533=DIRECTION('',(0.,0.,-1.));
#12534=DIRECTION('',(0.,0.,-1.));
#12535=DIRECTION('',(-1.,0.,0.));
#12536=DIRECTION('',(0.,0.,-1.));
#12537=DIRECTION('',(0.,0.,-1.));
#12538=DIRECTION('',(-1.,0.,0.));
#12539=DIRECTION('',(0.,0.,-1.));
#12540=DIRECTION('',(0.,1.,0.));
#12541=DIRECTION('',(0.,0.,1.));
#12542=DIRECTION('',(0.,0.,-1.));
#12543=DIRECTION('',(0.,0.,-1.));
#12544=DIRECTION('',(-1.,0.,0.));
#12545=DIRECTION('',(0.,0.,-1.));
#12546=DIRECTION('',(0.,1.,0.));
#12547=DIRECTION('',(0.,0.,1.));
#12548=DIRECTION('',(0.,0.,-1.));
#12549=DIRECTION('',(0.,0.,-1.));
#12550=DIRECTION('',(-1.,0.,0.));
#12551=DIRECTION('',(0.,0.,-1.));
#12552=DIRECTION('',(0.,1.,0.));
#12553=DIRECTION('',(0.,0.,1.));
#12554=DIRECTION('',(0.,0.,-1.));
#12555=DIRECTION('',(0.,0.,-1.));
#12556=DIRECTION('',(-1.,0.,0.));
#12557=DIRECTION('',(0.,0.,-1.));
#12558=DIRECTION('',(0.,-1.,0.));
#12559=DIRECTION('',(0.,0.,-1.));
#12560=DIRECTION('',(0.,0.,-1.));
#12561=DIRECTION('',(0.,0.,-1.));
#12562=DIRECTION('',(-1.,0.,0.));
#12563=DIRECTION('',(0.,0.,-1.));
#12564=DIRECTION('',(0.,-1.,0.));
#12565=DIRECTION('',(0.,0.,-1.));
#12566=DIRECTION('',(0.,0.,-1.));
#12567=DIRECTION('',(0.,0.,-1.));
#12568=DIRECTION('',(-1.,0.,0.));
#12569=DIRECTION('',(0.,0.,-1.));
#12570=DIRECTION('',(0.,0.,-1.));
#12571=DIRECTION('',(-1.,0.,0.));
#12572=DIRECTION('',(0.,0.,-1.));
#12573=DIRECTION('',(0.,0.,-1.));
#12574=DIRECTION('',(-1.,0.,0.));
#12575=DIRECTION('',(0.,0.,-1.));
#12576=DIRECTION('',(1.,0.,0.));
#12577=DIRECTION('',(0.,0.,-1.));
#12578=DIRECTION('',(0.,0.,-1.));
#12579=DIRECTION('',(0.,0.,-1.));
#12580=DIRECTION('',(-1.,0.,0.));
#12581=DIRECTION('',(0.,0.,-1.));
#12582=DIRECTION('',(-1.,0.,0.));
#12583=DIRECTION('',(0.,0.,1.));
#12584=DIRECTION('',(0.,0.,-1.));
#12585=DIRECTION('',(0.,0.,-1.));
#12586=DIRECTION('',(-1.,0.,0.));
#12587=DIRECTION('',(0.,0.,-1.));
#12588=DIRECTION('',(-1.,0.,0.));
#12589=DIRECTION('',(0.,0.,1.));
#12590=DIRECTION('',(0.,0.,-1.));
#12591=DIRECTION('',(0.,0.,-1.));
#12592=DIRECTION('',(-1.,0.,0.));
#12593=DIRECTION('',(0.,0.,-1.));
#12594=DIRECTION('',(1.,0.,0.));
#12595=DIRECTION('',(0.,0.,-1.));
#12596=DIRECTION('',(0.,0.,-1.));
#12597=DIRECTION('',(0.,0.,-1.));
#12598=DIRECTION('',(-1.,0.,0.));
#12599=DIRECTION('',(0.,0.,-1.));
#12600=DIRECTION('',(-1.,0.,0.));
#12601=DIRECTION('',(0.,0.,1.));
#12602=DIRECTION('',(0.,0.,-1.));
#12603=DIRECTION('',(0.,0.,-1.));
#12604=DIRECTION('',(-1.,0.,0.));
#12605=DIRECTION('',(0.,0.,-1.));
#12606=DIRECTION('',(0.,0.,-1.));
#12607=DIRECTION('',(-1.,0.,0.));
#12608=DIRECTION('',(0.,0.,-1.));
#12609=DIRECTION('',(0.,0.,-1.));
#12610=DIRECTION('',(-1.,0.,0.));
#12611=DIRECTION('',(0.,0.,-1.));
#12612=DIRECTION('',(0.,-1.,0.));
#12613=DIRECTION('',(0.,0.,-1.));
#12614=DIRECTION('',(0.,0.,-1.));
#12615=DIRECTION('',(0.,0.,-1.));
#12616=DIRECTION('',(-1.,0.,0.));
#12617=DIRECTION('',(0.,0.,-1.));
#12618=DIRECTION('',(0.,-1.,0.));
#12619=DIRECTION('',(0.,0.,-1.));
#12620=DIRECTION('',(0.,0.,-1.));
#12621=DIRECTION('',(0.,0.,-1.));
#12622=DIRECTION('',(-1.,0.,0.));
#12623=DIRECTION('',(0.,0.,-1.));
#12624=DIRECTION('',(0.,-1.,0.));
#12625=DIRECTION('',(0.,0.,-1.));
#12626=DIRECTION('',(0.,0.,-1.));
#12627=DIRECTION('',(0.,0.,-1.));
#12628=DIRECTION('',(-1.,0.,0.));
#12629=DIRECTION('',(0.,0.,-1.));
#12630=DIRECTION('',(0.,1.,0.));
#12631=DIRECTION('',(0.,0.,1.));
#12632=DIRECTION('',(0.,0.,-1.));
#12633=DIRECTION('',(0.,0.,-1.));
#12634=DIRECTION('',(-1.,0.,0.));
#12635=DIRECTION('',(0.,0.,-1.));
#12636=DIRECTION('',(0.,1.,0.));
#12637=DIRECTION('',(0.,0.,1.));
#12638=DIRECTION('',(0.,0.,-1.));
#12639=DIRECTION('',(0.,0.,-1.));
#12640=DIRECTION('',(-1.,0.,0.));
#12641=DIRECTION('',(0.,0.,-1.));
#12642=DIRECTION('',(-1.,0.,0.));
#12643=DIRECTION('',(0.,0.,1.));
#12644=DIRECTION('',(1.,0.,0.));
#12645=DIRECTION('',(0.,0.,-1.));
#12646=DIRECTION('',(-1.,0.,0.));
#12647=DIRECTION('',(0.,0.,-1.));
#12648=DIRECTION('',(-1.,0.,0.));
#12649=DIRECTION('',(0.,0.,-1.));
#12650=DIRECTION('',(-1.,0.,0.));
#12651=DIRECTION('',(0.,0.,1.));
#12652=DIRECTION('',(1.,0.,0.));
#12653=DIRECTION('',(0.,0.,-1.));
#12654=DIRECTION('',(-1.,0.,0.));
#12655=DIRECTION('',(0.,0.,-1.));
#12656=DIRECTION('',(-1.,0.,0.));
#12657=DIRECTION('',(0.,0.,-1.));
#12658=DIRECTION('',(1.,0.,0.));
#12659=DIRECTION('',(0.,0.,-1.));
#12660=DIRECTION('',(-1.,0.,0.));
#12661=DIRECTION('',(0.,0.,1.));
#12662=DIRECTION('',(1.,0.,0.));
#12663=DIRECTION('',(0.,0.,-1.));
#12664=DIRECTION('',(-1.,0.,0.));
#12665=DIRECTION('',(0.,0.,-1.));
#12666=DIRECTION('',(-1.,0.,0.));
#12667=DIRECTION('',(0.,0.,1.));
#12668=DIRECTION('',(1.,0.,0.));
#12669=DIRECTION('',(0.,0.,-1.));
#12670=DIRECTION('',(-1.,0.,0.));
#12671=DIRECTION('',(0.,0.,1.));
#12672=DIRECTION('',(1.,0.,0.));
#12673=DIRECTION('',(0.,0.,-1.));
#12674=DIRECTION('',(-1.,0.,0.));
#12675=DIRECTION('',(0.,0.,-1.));
#12676=DIRECTION('',(1.,0.,0.));
#12677=DIRECTION('',(0.,0.,-1.));
#12678=DIRECTION('',(-1.,0.,0.));
#12679=DIRECTION('',(0.,0.,-1.));
#12680=DIRECTION('',(-1.,0.,0.));
#12681=DIRECTION('',(0.,0.,-1.));
#12682=DIRECTION('',(-1.,0.,0.));
#12683=DIRECTION('',(0.,0.,-1.));
#12684=DIRECTION('',(-1.,0.,0.));
#12685=DIRECTION('',(0.,0.,-1.));
#12686=DIRECTION('',(-1.,0.,0.));
#12687=DIRECTION('',(0.,0.,1.));
#12688=DIRECTION('',(1.,0.,0.));
#12689=DIRECTION('',(0.,0.,1.));
#12690=DIRECTION('',(1.,0.,0.));
#12691=DIRECTION('',(0.,0.,1.));
#12692=DIRECTION('',(1.,0.,0.));
#12693=DIRECTION('',(0.,0.,1.));
#12694=DIRECTION('',(1.,0.,0.));
#12695=DIRECTION('',(0.,0.,0.999999999999968));
#12696=DIRECTION('',(1.00000000000002,0.,0.));
#12697=DIRECTION('',(0.,0.,0.999999999999968));
#12698=DIRECTION('',(1.00000000000002,0.,0.));
#12699=DIRECTION('',(0.,0.,1.));
#12700=DIRECTION('',(1.,0.,0.));
#12701=DIRECTION('',(0.,0.,1.));
#12702=DIRECTION('',(1.,0.,0.));
#12703=DIRECTION('',(0.,0.,1.));
#12704=DIRECTION('',(1.,0.,0.));
#12705=DIRECTION('',(-0.5,-0.866025403784439,0.));
#12706=DIRECTION('',(0.866025403784439,-0.5,0.));
#12707=DIRECTION('',(0.,0.,-1.));
#12708=DIRECTION('',(0.,0.,-1.));
#12709=DIRECTION('',(0.5,-0.866025403784439,0.));
#12710=DIRECTION('',(0.866025403784439,0.5,0.));
#12711=DIRECTION('',(0.,0.,-1.));
#12712=DIRECTION('',(1.,0.,0.));
#12713=DIRECTION('',(0.,0.,-1.));
#12714=DIRECTION('',(0.,0.,-1.));
#12715=DIRECTION('',(0.5,0.866025403784438,0.));
#12716=DIRECTION('',(-0.866025403784438,0.5,0.));
#12717=DIRECTION('',(0.,0.,-1.));
#12718=DIRECTION('',(-0.5,0.866025403784439,0.));
#12719=DIRECTION('',(-0.866025403784439,-0.5,0.));
#12720=DIRECTION('',(0.,0.,-1.));
#12721=DIRECTION('',(-1.,0.,0.));
#12722=DIRECTION('',(0.,0.,1.));
#12723=DIRECTION('',(0.,0.,-1.));
#12724=DIRECTION('',(-1.,0.,0.));
#12725=DIRECTION('',(0.,0.,1.));
#12726=DIRECTION('',(1.,0.,0.));
#12727=DIRECTION('',(0.,0.,1.));
#12728=DIRECTION('',(1.,0.,0.));
#12729=DIRECTION('',(0.,0.,-1.));
#12730=DIRECTION('',(1.,0.,0.));
#12731=DIRECTION('',(0.,0.,1.));
#12732=DIRECTION('',(1.,0.,0.));
#12733=DIRECTION('',(0.,0.,1.));
#12734=DIRECTION('',(1.,0.,0.));
#12735=DIRECTION('',(0.,0.,1.));
#12736=DIRECTION('',(1.,0.,0.));
#12737=DIRECTION('',(0.,0.,-1.));
#12738=DIRECTION('',(-1.,0.,0.));
#12739=DIRECTION('',(0.,0.,1.));
#12740=DIRECTION('',(1.,0.,0.));
#12741=DIRECTION('',(0.,0.,1.));
#12742=DIRECTION('',(1.,0.,0.));
#12743=DIRECTION('',(0.,0.,-1.));
#12744=DIRECTION('',(1.,0.,0.));
#12745=DIRECTION('',(0.,0.,1.));
#12746=DIRECTION('',(1.,0.,0.));
#12747=DIRECTION('',(0.,0.,1.));
#12748=DIRECTION('',(1.,0.,0.));
#12749=DIRECTION('',(0.,0.,1.));
#12750=DIRECTION('',(1.,0.,0.));
#12751=DIRECTION('',(0.,0.,-1.));
#12752=DIRECTION('',(-1.,0.,0.));
#12753=DIRECTION('',(0.,0.,1.));
#12754=DIRECTION('',(1.,0.,0.));
#12755=DIRECTION('',(0.,0.,1.));
#12756=DIRECTION('',(1.,0.,0.));
#12757=DIRECTION('',(0.,0.,1.));
#12758=DIRECTION('',(1.,0.,0.));
#12759=DIRECTION('',(0.,0.,1.));
#12760=DIRECTION('',(1.,0.,0.));
#12761=DIRECTION('',(0.,0.,1.));
#12762=DIRECTION('',(1.,0.,0.));
#12763=DIRECTION('',(0.,0.,1.));
#12764=DIRECTION('',(1.,0.,0.));
#12765=DIRECTION('',(0.,0.,-1.));
#12766=DIRECTION('',(-1.,0.,0.));
#12767=DIRECTION('',(0.,0.,1.));
#12768=DIRECTION('',(1.,0.,0.));
#12769=DIRECTION('',(0.,0.,1.));
#12770=DIRECTION('',(1.,0.,0.));
#12771=DIRECTION('',(0.,0.,1.));
#12772=DIRECTION('',(1.,0.,0.));
#12773=DIRECTION('',(0.,0.,1.));
#12774=DIRECTION('',(1.,0.,0.));
#12775=DIRECTION('',(0.,0.,1.));
#12776=DIRECTION('',(1.,0.,0.));
#12777=DIRECTION('',(0.,0.,1.));
#12778=DIRECTION('',(1.,0.,0.));
#12779=DIRECTION('',(0.,0.,-1.));
#12780=DIRECTION('',(-1.,0.,0.));
#12781=DIRECTION('',(0.,0.,-1.));
#12782=DIRECTION('',(-1.,0.,0.));
#12783=DIRECTION('',(0.,0.,-1.));
#12784=DIRECTION('',(0.,0.,-1.));
#12785=DIRECTION('',(1.,0.,0.));
#12786=DIRECTION('',(0.,0.,-1.));
#12787=DIRECTION('',(0.,0.,-1.));
#12788=DIRECTION('',(-1.,0.,0.));
#12789=DIRECTION('',(0.,0.,-1.));
#12790=DIRECTION('',(0.,0.,1.));
#12791=DIRECTION('',(1.,0.,0.));
#12792=DIRECTION('',(-1.,0.,0.));
#12793=DIRECTION('',(0.,0.,1.));
#12794=DIRECTION('',(0.,0.,-1.));
#12795=DIRECTION('',(0.,1.,0.));
#12796=DIRECTION('',(0.,0.,-1.));
#12797=DIRECTION('',(-1.,0.,0.));
#12798=DIRECTION('',(0.,0.,-1.));
#12799=DIRECTION('',(0.,0.,-1.));
#12800=DIRECTION('',(1.,0.,0.));
#12801=DIRECTION('',(1.,0.,0.));
#12802=DIRECTION('',(0.,0.,-1.));
#12803=DIRECTION('',(0.,0.,-1.));
#12804=DIRECTION('',(0.,-1.,0.));
#12805=DIRECTION('',(0.,0.,-1.));
#12806=DIRECTION('',(-1.,0.,0.));
#12807=DIRECTION('',(0.,0.,-1.));
#12808=DIRECTION('',(0.,0.,-1.));
#12809=DIRECTION('',(1.,0.,0.));
#12810=DIRECTION('',(1.,0.,0.));
#12811=DIRECTION('',(0.,0.,-1.));
#12812=DIRECTION('',(0.,0.,-1.));
#12813=DIRECTION('',(0.,-1.,0.));
#12814=DIRECTION('',(0.,0.,-1.));
#12815=DIRECTION('',(-1.,0.,0.));
#12816=DIRECTION('',(0.,0.,-1.));
#12817=DIRECTION('',(0.,0.,1.));
#12818=DIRECTION('',(1.,0.,0.));
#12819=DIRECTION('',(-1.,0.,0.));
#12820=DIRECTION('',(0.,0.,1.));
#12821=DIRECTION('',(0.,0.,-1.));
#12822=DIRECTION('',(0.,1.,0.));
#12823=DIRECTION('',(0.,0.,-1.));
#12824=DIRECTION('',(-1.,0.,0.));
#12825=DIRECTION('',(0.,0.,-1.));
#12826=DIRECTION('',(0.,0.,1.));
#12827=DIRECTION('',(1.,0.,0.));
#12828=DIRECTION('',(1.,0.,0.));
#12829=DIRECTION('',(0.,0.,-1.));
#12830=DIRECTION('',(0.,0.,-1.));
#12831=DIRECTION('',(0.,-1.,0.));
#12832=DIRECTION('',(0.,0.,-1.));
#12833=DIRECTION('',(-1.,0.,0.));
#12834=DIRECTION('',(0.,0.,-1.));
#12835=DIRECTION('',(0.,0.,1.));
#12836=DIRECTION('',(1.,0.,0.));
#12837=DIRECTION('',(0.,0.,-1.));
#12838=DIRECTION('',(-1.,0.,0.));
#12839=DIRECTION('',(0.,0.,-1.));
#12840=DIRECTION('',(0.,0.,1.));
#12841=DIRECTION('',(1.,0.,0.));
#12842=DIRECTION('',(0.,0.,-1.));
#12843=DIRECTION('',(-1.,0.,0.));
#12844=DIRECTION('',(0.,0.,-1.));
#12845=DIRECTION('',(0.,0.,1.));
#12846=DIRECTION('',(1.,0.,0.));
#12847=DIRECTION('',(0.,1.,0.));
#12848=DIRECTION('',(0.,0.,1.));
#12849=DIRECTION('',(0.,0.,-1.));
#12850=DIRECTION('',(1.,0.,0.));
#12851=DIRECTION('',(0.,0.,-1.));
#12852=DIRECTION('',(-1.,0.,0.));
#12853=DIRECTION('',(0.,0.,-1.));
#12854=DIRECTION('',(0.,0.,1.));
#12855=DIRECTION('',(1.,0.,0.));
#12856=DIRECTION('',(0.,1.,0.));
#12857=DIRECTION('',(0.,0.,1.));
#12858=DIRECTION('',(0.,0.,-1.));
#12859=DIRECTION('',(1.,0.,0.));
#12860=DIRECTION('',(0.,0.,-1.));
#12861=DIRECTION('',(-1.,0.,0.));
#12862=DIRECTION('',(0.,0.,-1.));
#12863=DIRECTION('',(0.,0.,1.));
#12864=DIRECTION('',(1.,0.,0.));
#12865=DIRECTION('',(0.,1.,0.));
#12866=DIRECTION('',(0.,0.,1.));
#12867=DIRECTION('',(0.,0.,-1.));
#12868=DIRECTION('',(1.,0.,0.));
#12869=DIRECTION('',(0.,0.,-1.));
#12870=DIRECTION('',(-1.,0.,0.));
#12871=DIRECTION('',(0.,0.,-1.));
#12872=DIRECTION('',(0.,0.,-1.));
#12873=DIRECTION('',(1.,0.,0.));
#12874=DIRECTION('',(0.,-1.,0.));
#12875=DIRECTION('',(0.,0.,-1.));
#12876=DIRECTION('',(0.,0.,-1.));
#12877=DIRECTION('',(-1.,0.,0.));
#12878=DIRECTION('',(0.,0.,-1.));
#12879=DIRECTION('',(-1.,0.,0.));
#12880=DIRECTION('',(0.,0.,-1.));
#12881=DIRECTION('',(0.,0.,-1.));
#12882=DIRECTION('',(1.,0.,0.));
#12883=DIRECTION('',(0.,-1.,0.));
#12884=DIRECTION('',(0.,0.,-1.));
#12885=DIRECTION('',(0.,0.,-1.));
#12886=DIRECTION('',(-1.,0.,0.));
#12887=DIRECTION('',(0.,0.,-1.));
#12888=DIRECTION('',(-1.,0.,0.));
#12889=DIRECTION('',(0.,0.,-1.));
#12890=DIRECTION('',(0.,0.,1.));
#12891=DIRECTION('',(1.,0.,0.));
#12892=DIRECTION('',(0.,0.,-1.));
#12893=DIRECTION('',(-1.,0.,0.));
#12894=DIRECTION('',(0.,0.,-1.));
#12895=DIRECTION('',(0.,0.,-1.));
#12896=DIRECTION('',(1.,0.,0.));
#12897=DIRECTION('',(0.,0.,-1.));
#12898=DIRECTION('',(-1.,0.,0.));
#12899=DIRECTION('',(0.,0.,-1.));
#12900=DIRECTION('',(0.,0.,1.));
#12901=DIRECTION('',(1.,0.,0.));
#12902=DIRECTION('',(1.,0.,0.));
#12903=DIRECTION('',(0.,0.,-1.));
#12904=DIRECTION('',(0.,0.,-1.));
#12905=DIRECTION('',(0.,-1.,0.));
#12906=DIRECTION('',(0.,0.,-1.));
#12907=DIRECTION('',(-1.,0.,0.));
#12908=DIRECTION('',(0.,0.,-1.));
#12909=DIRECTION('',(0.,0.,-1.));
#12910=DIRECTION('',(1.,0.,0.));
#12911=DIRECTION('',(-1.,0.,0.));
#12912=DIRECTION('',(0.,0.,1.));
#12913=DIRECTION('',(0.,0.,-1.));
#12914=DIRECTION('',(0.,1.,0.));
#12915=DIRECTION('',(0.,0.,-1.));
#12916=DIRECTION('',(-1.,0.,0.));
#12917=DIRECTION('',(0.,0.,-1.));
#12918=DIRECTION('',(0.,0.,-1.));
#12919=DIRECTION('',(1.,0.,0.));
#12920=DIRECTION('',(-1.,0.,0.));
#12921=DIRECTION('',(0.,0.,1.));
#12922=DIRECTION('',(0.,0.,-1.));
#12923=DIRECTION('',(0.,1.,0.));
#12924=DIRECTION('',(0.,0.,-1.));
#12925=DIRECTION('',(-1.,0.,0.));
#12926=DIRECTION('',(0.,0.,-1.));
#12927=DIRECTION('',(0.,0.,1.));
#12928=DIRECTION('',(1.,0.,0.));
#12929=DIRECTION('',(1.,0.,0.));
#12930=DIRECTION('',(0.,0.,-1.));
#12931=DIRECTION('',(0.,0.,-1.));
#12932=DIRECTION('',(0.,-1.,0.));
#12933=DIRECTION('',(0.,0.,-1.));
#12934=DIRECTION('',(-1.,0.,0.));
#12935=DIRECTION('',(0.,0.,-1.));
#12936=DIRECTION('',(0.,0.,1.));
#12937=DIRECTION('',(1.,0.,0.));
#12938=DIRECTION('',(-1.,0.,0.));
#12939=DIRECTION('',(0.,0.,1.));
#12940=DIRECTION('',(0.,0.,-1.));
#12941=DIRECTION('',(0.,1.,0.));
#12942=DIRECTION('',(0.,0.,-1.));
#12943=DIRECTION('',(-1.,0.,0.));
#12944=DIRECTION('',(0.,0.,-1.));
#12945=DIRECTION('',(0.,0.,1.));
#12946=DIRECTION('',(1.,0.,0.));
#12947=DIRECTION('',(0.,0.,-1.));
#12948=DIRECTION('',(-1.,0.,0.));
#12949=DIRECTION('',(0.,0.,-1.));
#12950=DIRECTION('',(0.,0.,1.));
#12951=DIRECTION('',(1.,0.,0.));
#12952=DIRECTION('',(0.,0.,-1.));
#12953=DIRECTION('',(-1.,0.,0.));
#12954=DIRECTION('',(0.,0.,-1.));
#12955=DIRECTION('',(0.,0.,1.));
#12956=DIRECTION('',(1.,0.,0.));
#12957=DIRECTION('',(0.,-1.,0.));
#12958=DIRECTION('',(0.,0.,-1.));
#12959=DIRECTION('',(0.,0.,-1.));
#12960=DIRECTION('',(-1.,0.,0.));
#12961=DIRECTION('',(0.,0.,-1.));
#12962=DIRECTION('',(-1.,0.,0.));
#12963=DIRECTION('',(0.,0.,-1.));
#12964=DIRECTION('',(0.,0.,1.));
#12965=DIRECTION('',(1.,0.,0.));
#12966=DIRECTION('',(0.,-1.,0.));
#12967=DIRECTION('',(0.,0.,-1.));
#12968=DIRECTION('',(0.,0.,-1.));
#12969=DIRECTION('',(-1.,0.,0.));
#12970=DIRECTION('',(0.,0.,-1.));
#12971=DIRECTION('',(-1.,0.,0.));
#12972=DIRECTION('',(0.,0.,-1.));
#12973=DIRECTION('',(0.,0.,1.));
#12974=DIRECTION('',(1.,0.,0.));
#12975=DIRECTION('',(0.,-1.,0.));
#12976=DIRECTION('',(0.,0.,-1.));
#12977=DIRECTION('',(0.,0.,-1.));
#12978=DIRECTION('',(-1.,0.,0.));
#12979=DIRECTION('',(0.,0.,-1.));
#12980=DIRECTION('',(-1.,0.,0.));
#12981=DIRECTION('',(0.,0.,-1.));
#12982=DIRECTION('',(0.,0.,-1.));
#12983=DIRECTION('',(1.,0.,0.));
#12984=DIRECTION('',(0.,1.,0.));
#12985=DIRECTION('',(0.,0.,1.));
#12986=DIRECTION('',(0.,0.,-1.));
#12987=DIRECTION('',(1.,0.,0.));
#12988=DIRECTION('',(0.,0.,-1.));
#12989=DIRECTION('',(-1.,0.,0.));
#12990=DIRECTION('',(0.,0.,-1.));
#12991=DIRECTION('',(0.,0.,-1.));
#12992=DIRECTION('',(1.,0.,0.));
#12993=DIRECTION('',(0.,1.,0.));
#12994=DIRECTION('',(0.,0.,1.));
#12995=DIRECTION('',(0.,0.,-1.));
#12996=DIRECTION('',(1.,0.,0.));
#12997=DIRECTION('',(0.,0.,-1.));
#12998=DIRECTION('',(-1.,0.,0.));
#12999=DIRECTION('',(0.,0.,1.));
#13000=DIRECTION('',(1.,0.,0.));
#13001=DIRECTION('',(0.,0.,1.));
#13002=DIRECTION('',(1.,0.,0.));
#13003=DIRECTION('',(0.,0.,-1.));
#13004=DIRECTION('',(-1.,0.,0.));
#13005=DIRECTION('',(0.,0.,1.));
#13006=DIRECTION('',(1.,0.,0.));
#13007=DIRECTION('',(0.,0.,-1.));
#13008=DIRECTION('',(-1.,0.,0.));
#13009=DIRECTION('',(0.,0.,1.));
#13010=DIRECTION('',(1.,0.,0.));
#13011=DIRECTION('',(0.,0.,-1.));
#13012=DIRECTION('',(-1.,0.,0.));
#13013=DIRECTION('',(0.,0.,1.));
#13014=DIRECTION('',(1.,0.,0.));
#13015=DIRECTION('',(0.,0.,-1.));
#13016=DIRECTION('',(-1.,0.,0.));
#13017=DIRECTION('',(0.,0.,-1.));
#13018=DIRECTION('',(1.,0.,0.));
#13019=DIRECTION('',(0.,0.,-1.));
#13020=DIRECTION('',(-1.,0.,0.));
#13021=DIRECTION('',(0.,0.,-1.));
#13022=DIRECTION('',(1.,0.,0.));
#13023=DIRECTION('',(0.,0.,-1.));
#13024=DIRECTION('',(-1.,0.,0.));
#13025=DIRECTION('',(0.,0.,-1.));
#13026=DIRECTION('',(1.,0.,0.));
#13027=DIRECTION('',(0.,0.,-1.));
#13028=DIRECTION('',(-1.,0.,0.));
#13029=DIRECTION('',(0.,0.,-1.));
#13030=DIRECTION('',(1.,0.,0.));
#13031=DIRECTION('',(0.,0.,1.));
#13032=DIRECTION('',(1.,0.,0.));
#13033=DIRECTION('',(0.,0.,-1.));
#13034=DIRECTION('',(-1.,0.,0.));
#13035=DIRECTION('',(0.,0.,1.));
#13036=DIRECTION('',(1.,0.,0.));
#13037=DIRECTION('',(0.,0.,-1.));
#13038=DIRECTION('',(-1.,0.,0.));
#13039=DIRECTION('',(0.,0.,1.));
#13040=DIRECTION('',(1.,0.,0.));
#13041=DIRECTION('',(0.,0.,-1.));
#13042=DIRECTION('',(-1.,0.,0.));
#13043=DIRECTION('',(0.,0.,1.));
#13044=DIRECTION('',(1.,0.,0.));
#13045=DIRECTION('',(0.,0.,-1.));
#13046=DIRECTION('',(-1.,0.,0.));
#13047=DIRECTION('',(0.,0.,-1.));
#13048=DIRECTION('',(1.,0.,0.));
#13049=DIRECTION('',(0.,0.,-1.));
#13050=DIRECTION('',(-1.,0.,0.));
#13051=DIRECTION('',(0.,0.,1.));
#13052=DIRECTION('',(1.,0.,0.));
#13053=DIRECTION('',(0.,0.,-1.));
#13054=DIRECTION('',(-1.,0.,0.));
#13055=DIRECTION('',(0.,0.,-1.));
#13056=DIRECTION('',(1.,0.,0.));
#13057=DIRECTION('',(0.,0.,1.));
#13058=DIRECTION('',(1.,0.,0.));
#13059=DIRECTION('',(0.,0.,-1.));
#13060=DIRECTION('',(-1.,0.,0.));
#13061=DIRECTION('',(0.,0.,-1.));
#13062=DIRECTION('',(1.,0.,0.));
#13063=DIRECTION('',(0.,0.,-1.));
#13064=DIRECTION('',(-1.,0.,0.));
#13065=DIRECTION('',(0.,0.,-1.));
#13066=DIRECTION('',(1.,0.,0.));
#13067=DIRECTION('',(0.,0.,-1.));
#13068=DIRECTION('',(-1.,0.,0.));
#13069=DIRECTION('',(0.,0.,1.));
#13070=DIRECTION('',(1.,0.,0.));
#13071=DIRECTION('',(0.,0.,1.));
#13072=DIRECTION('',(1.,0.,0.));
#13073=DIRECTION('',(0.,0.,1.));
#13074=DIRECTION('',(1.,0.,0.));
#13075=DIRECTION('',(0.,0.,1.));
#13076=DIRECTION('',(1.,0.,0.));
#13077=DIRECTION('',(0.,0.,1.));
#13078=DIRECTION('',(1.,0.,0.));
#13079=DIRECTION('',(0.,0.,1.));
#13080=DIRECTION('',(1.,0.,0.));
#13081=DIRECTION('',(0.,0.,1.));
#13082=DIRECTION('',(1.,0.,0.));
#13083=DIRECTION('',(0.,0.,1.));
#13084=DIRECTION('',(1.,0.,0.));
#13085=DIRECTION('',(0.,0.,-1.));
#13086=DIRECTION('',(-1.,0.,0.));
#13087=DIRECTION('',(0.,0.,-1.));
#13088=DIRECTION('',(0.,0.,-1.));
#13089=DIRECTION('',(0.,0.,-1.));
#13090=DIRECTION('',(-1.,0.,0.));
#13091=DIRECTION('',(0.,0.,-1.));
#13092=DIRECTION('',(-1.,0.,0.));
#13093=DIRECTION('',(0.,0.,1.));
#13094=DIRECTION('',(0.,0.,-1.));
#13095=DIRECTION('',(0.,0.,-1.));
#13096=DIRECTION('',(-1.,0.,0.));
#13097=DIRECTION('',(0.,0.,-1.));
#13098=DIRECTION('',(1.,0.,0.));
#13099=DIRECTION('',(0.,0.,-1.));
#13100=DIRECTION('',(0.,0.,-1.));
#13101=DIRECTION('',(0.,0.,-1.));
#13102=DIRECTION('',(-1.,0.,0.));
#13103=DIRECTION('',(0.,0.,-1.));
#13104=DIRECTION('',(1.,0.,0.));
#13105=DIRECTION('',(0.,0.,-1.));
#13106=DIRECTION('',(0.,0.,-1.));
#13107=DIRECTION('',(0.,0.,-1.));
#13108=DIRECTION('',(-1.,0.,0.));
#13109=DIRECTION('',(0.,0.,-1.));
#13110=DIRECTION('',(-1.,0.,0.));
#13111=DIRECTION('',(0.,0.,1.));
#13112=DIRECTION('',(0.,0.,-1.));
#13113=DIRECTION('',(0.,0.,-1.));
#13114=DIRECTION('',(-1.,0.,0.));
#13115=DIRECTION('',(0.,0.,-1.));
#13116=DIRECTION('',(1.,0.,0.));
#13117=DIRECTION('',(0.,0.,-1.));
#13118=DIRECTION('',(0.,0.,-1.));
#13119=DIRECTION('',(0.,0.,-1.));
#13120=DIRECTION('',(-1.,0.,0.));
#13121=DIRECTION('',(0.,0.,-1.));
#13122=DIRECTION('',(0.,0.,-1.));
#13123=DIRECTION('',(-1.,0.,0.));
#13124=DIRECTION('',(0.,0.,-1.));
#13125=DIRECTION('',(0.,0.,-1.));
#13126=DIRECTION('',(-1.,0.,0.));
#13127=DIRECTION('',(0.,0.,-1.));
#13128=DIRECTION('',(0.,1.,0.));
#13129=DIRECTION('',(0.,0.,1.));
#13130=DIRECTION('',(0.,0.,-1.));
#13131=DIRECTION('',(0.,0.,-1.));
#13132=DIRECTION('',(-1.,0.,0.));
#13133=DIRECTION('',(0.,0.,-1.));
#13134=DIRECTION('',(0.,1.,0.));
#13135=DIRECTION('',(0.,0.,1.));
#13136=DIRECTION('',(0.,0.,-1.));
#13137=DIRECTION('',(0.,0.,-1.));
#13138=DIRECTION('',(-1.,0.,0.));
#13139=DIRECTION('',(0.,0.,-1.));
#13140=DIRECTION('',(0.,1.,0.));
#13141=DIRECTION('',(0.,0.,1.));
#13142=DIRECTION('',(0.,0.,-1.));
#13143=DIRECTION('',(0.,0.,-1.));
#13144=DIRECTION('',(-1.,0.,0.));
#13145=DIRECTION('',(0.,0.,-1.));
#13146=DIRECTION('',(0.,-1.,0.));
#13147=DIRECTION('',(0.,0.,-1.));
#13148=DIRECTION('',(0.,0.,-1.));
#13149=DIRECTION('',(0.,0.,-1.));
#13150=DIRECTION('',(-1.,0.,0.));
#13151=DIRECTION('',(0.,0.,-1.));
#13152=DIRECTION('',(0.,-1.,0.));
#13153=DIRECTION('',(0.,0.,-1.));
#13154=DIRECTION('',(0.,0.,-1.));
#13155=DIRECTION('',(0.,0.,-1.));
#13156=DIRECTION('',(-1.,0.,0.));
#13157=DIRECTION('',(0.,0.,-1.));
#13158=DIRECTION('',(0.,0.,-1.));
#13159=DIRECTION('',(-1.,0.,0.));
#13160=DIRECTION('',(0.,0.,-1.));
#13161=DIRECTION('',(0.,0.,-1.));
#13162=DIRECTION('',(-1.,0.,0.));
#13163=DIRECTION('',(0.,0.,-1.));
#13164=DIRECTION('',(1.,0.,0.));
#13165=DIRECTION('',(0.,0.,-1.));
#13166=DIRECTION('',(0.,0.,-1.));
#13167=DIRECTION('',(0.,0.,-1.));
#13168=DIRECTION('',(-1.,0.,0.));
#13169=DIRECTION('',(0.,0.,-1.));
#13170=DIRECTION('',(-1.,0.,0.));
#13171=DIRECTION('',(0.,0.,1.));
#13172=DIRECTION('',(0.,0.,-1.));
#13173=DIRECTION('',(0.,0.,-1.));
#13174=DIRECTION('',(-1.,0.,0.));
#13175=DIRECTION('',(0.,0.,-1.));
#13176=DIRECTION('',(-1.,0.,0.));
#13177=DIRECTION('',(0.,0.,1.));
#13178=DIRECTION('',(0.,0.,-1.));
#13179=DIRECTION('',(0.,0.,-1.));
#13180=DIRECTION('',(-1.,0.,0.));
#13181=DIRECTION('',(0.,0.,-1.));
#13182=DIRECTION('',(1.,0.,0.));
#13183=DIRECTION('',(0.,0.,-1.));
#13184=DIRECTION('',(0.,0.,-1.));
#13185=DIRECTION('',(0.,0.,-1.));
#13186=DIRECTION('',(-1.,0.,0.));
#13187=DIRECTION('',(0.,0.,-1.));
#13188=DIRECTION('',(-1.,0.,0.));
#13189=DIRECTION('',(0.,0.,1.));
#13190=DIRECTION('',(0.,0.,-1.));
#13191=DIRECTION('',(0.,0.,-1.));
#13192=DIRECTION('',(-1.,0.,0.));
#13193=DIRECTION('',(0.,0.,-1.));
#13194=DIRECTION('',(0.,0.,-1.));
#13195=DIRECTION('',(-1.,0.,0.));
#13196=DIRECTION('',(0.,0.,-1.));
#13197=DIRECTION('',(0.,0.,-1.));
#13198=DIRECTION('',(-1.,0.,0.));
#13199=DIRECTION('',(0.,0.,-1.));
#13200=DIRECTION('',(0.,-1.,0.));
#13201=DIRECTION('',(0.,0.,-1.));
#13202=DIRECTION('',(0.,0.,-1.));
#13203=DIRECTION('',(0.,0.,-1.));
#13204=DIRECTION('',(-1.,0.,0.));
#13205=DIRECTION('',(0.,0.,-1.));
#13206=DIRECTION('',(0.,-1.,0.));
#13207=DIRECTION('',(0.,0.,-1.));
#13208=DIRECTION('',(0.,0.,-1.));
#13209=DIRECTION('',(0.,0.,-1.));
#13210=DIRECTION('',(-1.,0.,0.));
#13211=DIRECTION('',(0.,0.,-1.));
#13212=DIRECTION('',(0.,-1.,0.));
#13213=DIRECTION('',(0.,0.,-1.));
#13214=DIRECTION('',(0.,0.,-1.));
#13215=DIRECTION('',(0.,0.,-1.));
#13216=DIRECTION('',(-1.,0.,0.));
#13217=DIRECTION('',(0.,0.,-1.));
#13218=DIRECTION('',(0.,1.,0.));
#13219=DIRECTION('',(0.,0.,1.));
#13220=DIRECTION('',(0.,0.,-1.));
#13221=DIRECTION('',(0.,0.,-1.));
#13222=DIRECTION('',(-1.,0.,0.));
#13223=DIRECTION('',(0.,0.,-1.));
#13224=DIRECTION('',(0.,1.,0.));
#13225=DIRECTION('',(0.,0.,1.));
#13226=DIRECTION('',(0.,0.,-1.));
#13227=DIRECTION('',(0.,0.,-1.));
#13228=DIRECTION('',(-1.,0.,0.));
#13229=DIRECTION('',(0.,0.,1.));
#13230=DIRECTION('',(1.,0.,0.));
#13231=DIRECTION('',(0.,0.,-1.));
#13232=DIRECTION('',(-1.,0.,0.));
#13233=DIRECTION('',(0.,0.,-1.));
#13234=DIRECTION('',(-1.,0.,0.));
#13235=DIRECTION('',(0.,0.,-1.));
#13236=DIRECTION('',(-1.,0.,0.));
#13237=DIRECTION('',(0.,0.,-1.));
#13238=DIRECTION('',(-1.,0.,0.));
#13239=DIRECTION('',(0.,0.,-1.));
#13240=DIRECTION('',(-1.,0.,0.));
#13241=DIRECTION('',(0.,0.,-1.));
#13242=DIRECTION('',(-1.,0.,0.));
#13243=DIRECTION('',(0.,0.,1.));
#13244=DIRECTION('',(1.,0.,0.));
#13245=DIRECTION('',(0.,0.,-1.));
#13246=DIRECTION('',(-1.,0.,0.));
#13247=DIRECTION('',(0.,0.,-1.));
#13248=DIRECTION('',(1.,0.,0.));
#13249=DIRECTION('',(0.,0.,-1.));
#13250=DIRECTION('',(-1.,0.,0.));
#13251=DIRECTION('',(0.,0.,-1.));
#13252=DIRECTION('',(-1.,0.,0.));
#13253=DIRECTION('',(0.,0.,-1.));
#13254=DIRECTION('',(-1.,0.,0.));
#13255=DIRECTION('',(0.,0.,-1.));
#13256=DIRECTION('',(-1.,0.,0.));
#13257=DIRECTION('',(0.,0.,0.999999999999968));
#13258=DIRECTION('',(1.,0.,0.));
#13259=DIRECTION('',(0.,0.,-1.));
#13260=DIRECTION('',(-1.,0.,0.));
#13261=DIRECTION('',(0.,0.,-1.));
#13262=DIRECTION('',(-1.,0.,0.));
#13263=DIRECTION('',(0.,0.,-1.));
#13264=DIRECTION('',(1.,0.,0.));
#13265=DIRECTION('',(0.,0.,-1.));
#13266=DIRECTION('',(-1.,0.,0.));
#13267=DIRECTION('',(0.,0.,-1.));
#13268=DIRECTION('',(-1.,0.,0.));
#13269=DIRECTION('',(0.,0.,-1.));
#13270=DIRECTION('',(-1.,0.,0.));
#13271=DIRECTION('',(0.,0.,0.999999999999968));
#13272=DIRECTION('',(1.00000000000002,0.,0.));
#13273=DIRECTION('',(0.,0.,0.999999999999968));
#13274=DIRECTION('',(1.00000000000002,0.,0.));
#13275=DIRECTION('',(-0.500000000000008,-0.866025403784453,0.));
#13276=DIRECTION('',(0.866025403784453,-0.500000000000008,0.));
#13277=DIRECTION('',(0.,0.,-0.999999999999968));
#13278=DIRECTION('',(0.,0.,-0.999999999999968));
#13279=DIRECTION('',(0.500000000000008,-0.866025403784453,0.));
#13280=DIRECTION('',(0.866025403784453,0.500000000000008,0.));
#13281=DIRECTION('',(0.,0.,-0.999999999999968));
#13282=DIRECTION('',(1.00000000000002,0.,0.));
#13283=DIRECTION('',(0.,0.,-0.999999999999968));
#13284=DIRECTION('',(0.,0.,-0.999999999999968));
#13285=DIRECTION('',(0.500000000000008,0.866025403784452,0.));
#13286=DIRECTION('',(-0.866025403784452,0.500000000000008,0.));
#13287=DIRECTION('',(0.,0.,-0.999999999999968));
#13288=DIRECTION('',(-0.500000000000008,0.866025403784453,0.));
#13289=DIRECTION('',(-0.866025403784453,-0.500000000000008,0.));
#13290=DIRECTION('',(0.,0.,-0.999999999999968));
#13291=DIRECTION('',(-1.00000000000002,0.,0.));
#13292=DIRECTION('',(0.,0.,0.999999999999968));
#13293=DIRECTION('',(0.,0.,-0.999999999999968));
#13294=DIRECTION('',(-1.00000000000002,0.,0.));
#13295=DIRECTION('',(0.,0.,1.));
#13296=DIRECTION('',(1.,0.,0.));
#13297=DIRECTION('',(0.,0.,1.));
#13298=DIRECTION('',(1.,0.,0.));
#13299=DIRECTION('',(-0.5,-0.866025403784439,0.));
#13300=DIRECTION('',(0.866025403784439,-0.5,0.));
#13301=DIRECTION('',(0.,0.,-1.));
#13302=DIRECTION('',(0.,0.,-1.));
#13303=DIRECTION('',(0.5,-0.866025403784439,0.));
#13304=DIRECTION('',(0.866025403784439,0.5,0.));
#13305=DIRECTION('',(0.,0.,-1.));
#13306=DIRECTION('',(1.,0.,0.));
#13307=DIRECTION('',(0.,0.,-1.));
#13308=DIRECTION('',(0.,0.,-1.));
#13309=DIRECTION('',(0.5,0.866025403784438,0.));
#13310=DIRECTION('',(-0.866025403784438,0.5,0.));
#13311=DIRECTION('',(0.,0.,-1.));
#13312=DIRECTION('',(-0.5,0.866025403784439,0.));
#13313=DIRECTION('',(-0.866025403784439,-0.5,0.));
#13314=DIRECTION('',(0.,0.,-1.));
#13315=DIRECTION('',(-1.,0.,0.));
#13316=DIRECTION('',(0.,0.,1.));
#13317=DIRECTION('',(0.,0.,-1.));
#13318=DIRECTION('',(-1.,0.,0.));
#13319=DIRECTION('',(0.,0.,1.));
#13320=DIRECTION('',(1.,0.,0.));
#13321=DIRECTION('',(0.,0.,1.));
#13322=DIRECTION('',(1.,0.,0.));
#13323=DIRECTION('',(-0.5,-0.866025403784439,0.));
#13324=DIRECTION('',(0.866025403784439,-0.5,0.));
#13325=DIRECTION('',(0.,0.,-1.));
#13326=DIRECTION('',(0.,0.,-1.));
#13327=DIRECTION('',(0.5,-0.866025403784439,0.));
#13328=DIRECTION('',(0.866025403784439,0.5,0.));
#13329=DIRECTION('',(0.,0.,-1.));
#13330=DIRECTION('',(1.,0.,0.));
#13331=DIRECTION('',(0.,0.,-1.));
#13332=DIRECTION('',(0.,0.,-1.));
#13333=DIRECTION('',(0.5,0.866025403784438,0.));
#13334=DIRECTION('',(-0.866025403784438,0.5,0.));
#13335=DIRECTION('',(0.,0.,-1.));
#13336=DIRECTION('',(-0.5,0.866025403784439,0.));
#13337=DIRECTION('',(-0.866025403784439,-0.5,0.));
#13338=DIRECTION('',(0.,0.,-1.));
#13339=DIRECTION('',(-1.,0.,0.));
#13340=DIRECTION('',(0.,0.,1.));
#13341=DIRECTION('',(0.,0.,-1.));
#13342=DIRECTION('',(-1.,0.,0.));
#13343=DIRECTION('',(0.,0.,1.));
#13344=DIRECTION('',(1.,0.,0.));
#13345=DIRECTION('',(0.,0.,1.));
#13346=DIRECTION('',(1.,0.,0.));
#13347=DIRECTION('',(-0.5,-0.866025403784439,0.));
#13348=DIRECTION('',(0.866025403784439,-0.5,0.));
#13349=DIRECTION('',(0.,0.,-1.));
#13350=DIRECTION('',(0.,0.,-1.));
#13351=DIRECTION('',(0.5,-0.866025403784439,0.));
#13352=DIRECTION('',(0.866025403784439,0.5,0.));
#13353=DIRECTION('',(0.,0.,-1.));
#13354=DIRECTION('',(1.,0.,0.));
#13355=DIRECTION('',(0.,0.,-1.));
#13356=DIRECTION('',(0.,0.,-1.));
#13357=DIRECTION('',(0.5,0.866025403784438,0.));
#13358=DIRECTION('',(-0.866025403784438,0.5,0.));
#13359=DIRECTION('',(0.,0.,-1.));
#13360=DIRECTION('',(-0.5,0.866025403784439,0.));
#13361=DIRECTION('',(-0.866025403784439,-0.5,0.));
#13362=DIRECTION('',(0.,0.,-1.));
#13363=DIRECTION('',(-1.,0.,0.));
#13364=DIRECTION('',(0.,0.,1.));
#13365=DIRECTION('',(0.,0.,-1.));
#13366=DIRECTION('',(-1.,0.,0.));
#13367=DIRECTION('',(0.,0.,1.));
#13368=DIRECTION('',(1.,0.,0.));
#13369=DIRECTION('',(0.,0.,1.));
#13370=DIRECTION('',(1.,0.,0.));
#13371=DIRECTION('',(-0.5,-0.866025403784439,0.));
#13372=DIRECTION('',(0.866025403784439,-0.5,0.));
#13373=DIRECTION('',(0.,0.,-1.));
#13374=DIRECTION('',(0.,0.,-1.));
#13375=DIRECTION('',(0.5,-0.866025403784439,0.));
#13376=DIRECTION('',(0.866025403784439,0.5,0.));
#13377=DIRECTION('',(0.,0.,-1.));
#13378=DIRECTION('',(1.,0.,0.));
#13379=DIRECTION('',(0.,0.,-1.));
#13380=DIRECTION('',(0.,0.,-1.));
#13381=DIRECTION('',(0.5,0.866025403784438,0.));
#13382=DIRECTION('',(-0.866025403784438,0.5,0.));
#13383=DIRECTION('',(0.,0.,-1.));
#13384=DIRECTION('',(-0.5,0.866025403784439,0.));
#13385=DIRECTION('',(-0.866025403784439,-0.5,0.));
#13386=DIRECTION('',(0.,0.,-1.));
#13387=DIRECTION('',(-1.,0.,0.));
#13388=DIRECTION('',(0.,0.,1.));
#13389=DIRECTION('',(0.,0.,-1.));
#13390=DIRECTION('',(-1.,0.,0.));
#13391=DIRECTION('',(-1.,0.,0.));
#13392=DIRECTION('',(0.,0.,1.));
#13393=DIRECTION('',(0.,0.,-1.));
#13394=DIRECTION('',(0.,0.,-1.));
#13395=DIRECTION('',(-0.5,0.866025403784439,0.));
#13396=DIRECTION('',(-0.866025403784439,-0.5,0.));
#13397=DIRECTION('',(0.,0.,-1.));
#13398=DIRECTION('',(0.5,0.866025403784438,0.));
#13399=DIRECTION('',(-0.866025403784438,0.5,0.));
#13400=DIRECTION('',(0.,0.,-1.));
#13401=DIRECTION('',(1.,0.,0.));
#13402=DIRECTION('',(0.,0.,-1.));
#13403=DIRECTION('',(0.,0.,-1.));
#13404=DIRECTION('',(0.5,-0.866025403784439,0.));
#13405=DIRECTION('',(0.866025403784439,0.5,0.));
#13406=DIRECTION('',(0.,0.,-1.));
#13407=DIRECTION('',(-0.5,-0.866025403784439,0.));
#13408=DIRECTION('',(0.866025403784439,-0.5,0.));
#13409=DIRECTION('',(-1.,0.,0.));
#13410=DIRECTION('',(0.,0.,1.));
#13411=DIRECTION('',(0.,0.,-1.));
#13412=DIRECTION('',(0.,0.,-1.));
#13413=DIRECTION('',(-0.5,0.866025403784439,0.));
#13414=DIRECTION('',(-0.866025403784439,-0.5,0.));
#13415=DIRECTION('',(0.,0.,-1.));
#13416=DIRECTION('',(0.5,0.866025403784438,0.));
#13417=DIRECTION('',(-0.866025403784438,0.5,0.));
#13418=DIRECTION('',(0.,0.,-1.));
#13419=DIRECTION('',(1.,0.,0.));
#13420=DIRECTION('',(0.,0.,-1.));
#13421=DIRECTION('',(0.,0.,-1.));
#13422=DIRECTION('',(0.5,-0.866025403784439,0.));
#13423=DIRECTION('',(0.866025403784439,0.5,0.));
#13424=DIRECTION('',(0.,0.,-1.));
#13425=DIRECTION('',(-0.5,-0.866025403784439,0.));
#13426=DIRECTION('',(0.866025403784439,-0.5,0.));
#13427=DIRECTION('',(-1.,0.,0.));
#13428=DIRECTION('',(0.,0.,1.));
#13429=DIRECTION('',(0.,0.,-1.));
#13430=DIRECTION('',(0.,0.,-1.));
#13431=DIRECTION('',(-0.5,0.866025403784439,0.));
#13432=DIRECTION('',(-0.866025403784439,-0.5,0.));
#13433=DIRECTION('',(0.,0.,-1.));
#13434=DIRECTION('',(0.5,0.866025403784438,0.));
#13435=DIRECTION('',(-0.866025403784438,0.5,0.));
#13436=DIRECTION('',(0.,0.,-1.));
#13437=DIRECTION('',(1.,0.,0.));
#13438=DIRECTION('',(0.,0.,-1.));
#13439=DIRECTION('',(0.,0.,-1.));
#13440=DIRECTION('',(0.5,-0.866025403784439,0.));
#13441=DIRECTION('',(0.866025403784439,0.5,0.));
#13442=DIRECTION('',(0.,0.,-1.));
#13443=DIRECTION('',(-0.5,-0.866025403784439,0.));
#13444=DIRECTION('',(0.866025403784439,-0.5,0.));
#13445=DIRECTION('',(-1.,0.,0.));
#13446=DIRECTION('',(0.,0.,1.));
#13447=DIRECTION('',(0.,0.,-1.));
#13448=DIRECTION('',(0.,0.,-1.));
#13449=DIRECTION('',(-0.5,0.866025403784439,0.));
#13450=DIRECTION('',(-0.866025403784439,-0.5,0.));
#13451=DIRECTION('',(0.,0.,-1.));
#13452=DIRECTION('',(0.5,0.866025403784438,0.));
#13453=DIRECTION('',(-0.866025403784438,0.5,0.));
#13454=DIRECTION('',(0.,0.,-1.));
#13455=DIRECTION('',(1.,0.,0.));
#13456=DIRECTION('',(0.,0.,-1.));
#13457=DIRECTION('',(0.,0.,-1.));
#13458=DIRECTION('',(0.5,-0.866025403784439,0.));
#13459=DIRECTION('',(0.866025403784439,0.5,0.));
#13460=DIRECTION('',(0.,0.,-1.));
#13461=DIRECTION('',(-0.5,-0.866025403784439,0.));
#13462=DIRECTION('',(0.866025403784439,-0.5,0.));
#13463=DIRECTION('',(0.,0.,1.));
#13464=DIRECTION('',(1.,0.,0.));
#13465=DIRECTION('',(0.,0.,1.));
#13466=DIRECTION('',(1.,0.,0.));
#13467=DIRECTION('',(0.,0.,1.));
#13468=DIRECTION('',(1.,0.,0.));
#13469=DIRECTION('',(0.,0.,1.));
#13470=DIRECTION('',(1.,0.,0.));
#13471=DIRECTION('',(0.,0.,1.));
#13472=DIRECTION('',(1.,0.,0.));
#13473=DIRECTION('',(0.,0.,1.));
#13474=DIRECTION('',(1.,0.,0.));
#13475=DIRECTION('',(0.,0.,1.));
#13476=DIRECTION('',(1.,0.,0.));
#13477=DIRECTION('',(0.,0.,1.));
#13478=DIRECTION('',(1.,0.,0.));
#13479=DIRECTION('',(0.,0.,-1.));
#13480=DIRECTION('',(0.,-1.,0.));
#13481=DIRECTION('',(0.,0.,-1.));
#13482=DIRECTION('',(0.,-1.,0.));
#13483=DIRECTION('',(0.,0.,-1.));
#13484=DIRECTION('',(-1.,0.,0.));
#13485=DIRECTION('',(0.866025403784439,0.5,0.));
#13486=DIRECTION('',(0.5,-0.866025403784439,0.));
#13487=DIRECTION('',(-0.5,0.866025403784439,0.));
#13488=DIRECTION('',(0.,0.,1.));
#13489=DIRECTION('',(0.,0.,1.));
#13490=DIRECTION('',(0.866025403784439,-0.5,0.));
#13491=DIRECTION('',(-0.5,-0.866025403784439,0.));
#13492=DIRECTION('',(0.5,0.866025403784439,0.));
#13493=DIRECTION('',(0.,0.,1.));
#13494=DIRECTION('',(0.,-1.,0.));
#13495=DIRECTION('',(0.,0.,1.));
#13496=DIRECTION('',(1.,0.,0.));
#13497=DIRECTION('',(0.,0.,1.));
#13498=DIRECTION('',(-0.866025403784439,-0.5,0.));
#13499=DIRECTION('',(-0.5,0.866025403784439,0.));
#13500=DIRECTION('',(0.5,-0.866025403784439,0.));
#13501=DIRECTION('',(0.,0.,1.));
#13502=DIRECTION('',(-0.866025403784439,0.5,0.));
#13503=DIRECTION('',(0.5,0.866025403784439,0.));
#13504=DIRECTION('',(-0.5,-0.866025403784439,0.));
#13505=DIRECTION('',(0.,0.,1.));
#13506=DIRECTION('',(0.,1.,0.));
#13507=DIRECTION('',(0.,0.,-1.));
#13508=DIRECTION('',(-1.,0.,0.));
#13509=DIRECTION('',(0.,0.,1.));
#13510=DIRECTION('',(0.,1.,0.));
#13511=DIRECTION('',(0.,0.,1.));
#13512=DIRECTION('',(1.,0.,0.));
#13513=DIRECTION('',(0.5,0.866025403784439,0.));
#13514=DIRECTION('',(-0.5,0.866025403784439,0.));
#13515=DIRECTION('',(-1.,0.,0.));
#13516=DIRECTION('',(-0.5,-0.866025403784439,0.));
#13517=DIRECTION('',(0.5,-0.866025403784439,0.));
#13518=DIRECTION('',(1.,0.,0.));
#13519=DIRECTION('',(-0.5,0.86602540378444,0.));
#13520=DIRECTION('',(-1.,0.,0.));
#13521=DIRECTION('',(-0.5,-0.86602540378444,0.));
#13522=DIRECTION('',(0.5,-0.866025403784439,0.));
#13523=DIRECTION('',(1.,0.,0.));
#13524=DIRECTION('',(0.5,0.86602540378444,0.));
#13525=DIRECTION('',(0.,0.,-1.));
#13526=DIRECTION('',(1.,0.,0.));
#13527=DIRECTION('',(0.,0.,-1.));
#13528=DIRECTION('',(1.,0.,0.));
#13529=DIRECTION('',(0.,0.,1.));
#13530=DIRECTION('',(1.,0.,0.));
#13531=DIRECTION('',(0.,0.,1.));
#13532=DIRECTION('',(1.,0.,0.));
#13533=DIRECTION('',(0.,0.,1.));
#13534=DIRECTION('',(1.,0.,0.));
#13535=DIRECTION('',(0.,0.,-1.));
#13536=DIRECTION('',(1.,0.,0.));
#13537=DIRECTION('',(0.,0.,-1.));
#13538=DIRECTION('',(1.,0.,0.));
#13539=DIRECTION('',(0.,0.,-1.));
#13540=DIRECTION('',(1.,0.,0.));
#13541=DIRECTION('',(0.,0.,-1.));
#13542=DIRECTION('',(1.,0.,0.));
#13543=DIRECTION('',(0.,0.,1.));
#13544=DIRECTION('',(1.,0.,0.));
#13545=DIRECTION('',(0.,0.,1.));
#13546=DIRECTION('',(1.,0.,0.));
#13547=DIRECTION('',(0.,0.,1.));
#13548=DIRECTION('',(1.,0.,0.));
#13549=DIRECTION('',(0.,0.,-1.));
#13550=DIRECTION('',(1.,0.,0.));
#13551=DIRECTION('',(0.,0.,1.));
#13552=DIRECTION('',(1.,0.,0.));
#13553=DIRECTION('',(1.,0.,0.));
#13554=DIRECTION('',(0.,0.,-1.));
#13555=DIRECTION('',(1.,0.,0.));
#13556=DIRECTION('',(1.,0.,0.));
#13557=DIRECTION('',(0.,0.,-1.));
#13558=DIRECTION('',(1.,0.,0.));
#13559=DIRECTION('',(-1.,0.,0.));
#13560=DIRECTION('',(0.,0.,1.));
#13561=DIRECTION('',(1.,0.,0.));
#13562=DIRECTION('',(-1.,0.,0.));
#13563=DIRECTION('',(0.,0.,1.));
#13564=DIRECTION('',(1.,0.,0.));
#13565=DIRECTION('',(-1.,0.,0.));
#13566=DIRECTION('',(0.,0.,1.));
#13567=DIRECTION('',(1.,0.,0.));
#13568=DIRECTION('',(0.,0.,1.));
#13569=DIRECTION('',(1.,0.,0.));
#13570=DIRECTION('',(0.,0.,1.));
#13571=DIRECTION('',(1.,0.,0.));
#13572=DIRECTION('',(0.,1.,0.));
#13573=DIRECTION('',(0.,0.,1.));
#13574=DIRECTION('',(1.,0.,0.));
#13575=DIRECTION('',(0.,-1.,0.));
#13576=DIRECTION('',(0.,0.,1.));
#13577=DIRECTION('',(1.,0.,0.));
#13578=DIRECTION('',(0.,1.,0.));
#13579=DIRECTION('',(0.,0.,-1.));
#13580=DIRECTION('',(1.,0.,0.));
#13581=DIRECTION('',(0.,1.,0.));
#13582=DIRECTION('',(0.,0.,-1.));
#13583=DIRECTION('',(1.,0.,0.));
#13584=DIRECTION('',(0.,-1.,0.));
#13585=DIRECTION('',(0.,0.,1.));
#13586=DIRECTION('',(1.,0.,0.));
#13587=DIRECTION('',(0.,0.,-1.));
#13588=DIRECTION('',(1.,0.,0.));
#13589=DIRECTION('',(0.,0.,1.));
#13590=DIRECTION('',(1.,0.,0.));
#13591=DIRECTION('',(-1.,0.,0.));
#13592=DIRECTION('',(0.,0.,-1.));
#13593=DIRECTION('',(1.,0.,0.));
#13594=DIRECTION('',(-1.,0.,0.));
#13595=DIRECTION('',(0.,0.,-1.));
#13596=DIRECTION('',(1.,0.,0.));
#13597=DIRECTION('',(1.,0.,0.));
#13598=DIRECTION('',(0.,0.,1.));
#13599=DIRECTION('',(1.,0.,0.));
#13600=DIRECTION('',(1.,0.,0.));
#13601=DIRECTION('',(0.,0.,1.));
#13602=DIRECTION('',(1.,0.,0.));
#13603=DIRECTION('',(1.,0.,0.));
#13604=DIRECTION('',(0.,0.,1.));
#13605=DIRECTION('',(1.,0.,0.));
#13606=DIRECTION('',(0.,0.,1.));
#13607=DIRECTION('',(1.,0.,0.));
#13608=DIRECTION('',(0.,0.,1.));
#13609=DIRECTION('',(1.,0.,0.));
#13610=DIRECTION('',(0.,-1.,0.));
#13611=DIRECTION('',(0.,0.,1.));
#13612=DIRECTION('',(1.,0.,0.));
#13613=DIRECTION('',(0.,1.,0.));
#13614=DIRECTION('',(0.,0.,1.));
#13615=DIRECTION('',(1.,0.,0.));
#13616=DIRECTION('',(0.,-1.,0.));
#13617=DIRECTION('',(0.,0.,-1.));
#13618=DIRECTION('',(1.,0.,0.));
#13619=DIRECTION('',(0.,-1.,0.));
#13620=DIRECTION('',(0.,0.,-1.));
#13621=DIRECTION('',(1.,0.,0.));
#13622=DIRECTION('',(0.,1.,0.));
#13623=DIRECTION('',(0.,0.,1.));
#13624=DIRECTION('',(1.,0.,0.));
#13625=DIRECTION('',(0.5,0.866025403784439,0.));
#13626=DIRECTION('',(-0.5,0.866025403784439,0.));
#13627=DIRECTION('',(-1.,0.,0.));
#13628=DIRECTION('',(-0.5,-0.866025403784439,0.));
#13629=DIRECTION('',(0.5,-0.866025403784439,0.));
#13630=DIRECTION('',(1.,0.,0.));
#13631=DIRECTION('',(0.,0.,-1.));
#13632=DIRECTION('',(0.,-1.,0.));
#13633=DIRECTION('',(0.,0.,-1.));
#13634=DIRECTION('',(0.,-1.,0.));
#13635=DIRECTION('',(0.,0.,1.));
#13636=DIRECTION('',(1.,0.,0.));
#13637=DIRECTION('',(0.866025403784439,0.5,0.));
#13638=DIRECTION('',(0.5,-0.866025403784439,0.));
#13639=DIRECTION('',(0.,0.,1.));
#13640=DIRECTION('',(0.,0.,1.));
#13641=DIRECTION('',(0.866025403784439,-0.5,0.));
#13642=DIRECTION('',(-0.5,-0.866025403784439,0.));
#13643=DIRECTION('',(0.,0.,1.));
#13644=DIRECTION('',(0.,-1.,0.));
#13645=DIRECTION('',(0.,0.,1.));
#13646=DIRECTION('',(0.,0.,1.));
#13647=DIRECTION('',(-0.866025403784439,-0.5,0.));
#13648=DIRECTION('',(-0.5,0.866025403784439,0.));
#13649=DIRECTION('',(0.,0.,1.));
#13650=DIRECTION('',(-0.866025403784439,0.5,0.));
#13651=DIRECTION('',(0.5,0.866025403784439,0.));
#13652=DIRECTION('',(0.,0.,1.));
#13653=DIRECTION('',(0.,1.,0.));
#13654=DIRECTION('',(0.,0.,-1.));
#13655=DIRECTION('',(0.,0.,1.));
#13656=DIRECTION('',(0.,1.,0.));
#13657=DIRECTION('',(0.,0.,-1.));
#13658=DIRECTION('',(0.,-1.,0.));
#13659=DIRECTION('',(0.,0.,-1.));
#13660=DIRECTION('',(0.,-1.,0.));
#13661=DIRECTION('',(0.,0.,1.));
#13662=DIRECTION('',(1.,0.,0.));
#13663=DIRECTION('',(0.866025403784439,0.5,0.));
#13664=DIRECTION('',(0.5,-0.866025403784439,0.));
#13665=DIRECTION('',(0.,0.,1.));
#13666=DIRECTION('',(0.,0.,1.));
#13667=DIRECTION('',(0.866025403784439,-0.5,0.));
#13668=DIRECTION('',(-0.5,-0.866025403784439,0.));
#13669=DIRECTION('',(0.,0.,1.));
#13670=DIRECTION('',(0.,-1.,0.));
#13671=DIRECTION('',(0.,0.,1.));
#13672=DIRECTION('',(0.,0.,1.));
#13673=DIRECTION('',(-0.866025403784439,-0.5,0.));
#13674=DIRECTION('',(-0.5,0.866025403784439,0.));
#13675=DIRECTION('',(0.,0.,1.));
#13676=DIRECTION('',(-0.866025403784439,0.5,0.));
#13677=DIRECTION('',(0.5,0.866025403784439,0.));
#13678=DIRECTION('',(0.,0.,1.));
#13679=DIRECTION('',(0.,1.,0.));
#13680=DIRECTION('',(0.,0.,-1.));
#13681=DIRECTION('',(0.,0.,1.));
#13682=DIRECTION('',(0.,1.,0.));
#13683=DIRECTION('',(0.,0.,1.));
#13684=DIRECTION('',(1.,0.,0.));
#13685=DIRECTION('',(0.,0.,1.));
#13686=DIRECTION('',(1.,0.,0.));
#13687=DIRECTION('',(0.,0.,1.));
#13688=DIRECTION('',(1.,0.,0.));
#13689=DIRECTION('',(-0.5,-0.866025403784439,0.));
#13690=DIRECTION('',(0.866025403784439,-0.5,0.));
#13691=DIRECTION('',(0.,0.,-1.));
#13692=DIRECTION('',(0.,0.,-1.));
#13693=DIRECTION('',(0.5,-0.866025403784439,0.));
#13694=DIRECTION('',(0.866025403784439,0.5,0.));
#13695=DIRECTION('',(0.,0.,-1.));
#13696=DIRECTION('',(1.,0.,0.));
#13697=DIRECTION('',(0.,0.,-1.));
#13698=DIRECTION('',(0.,0.,-1.));
#13699=DIRECTION('',(0.5,0.866025403784438,0.));
#13700=DIRECTION('',(-0.866025403784438,0.5,0.));
#13701=DIRECTION('',(0.,0.,-1.));
#13702=DIRECTION('',(-0.5,0.866025403784438,0.));
#13703=DIRECTION('',(-0.866025403784439,-0.5,0.));
#13704=DIRECTION('',(0.,0.,-1.));
#13705=DIRECTION('',(-1.,0.,0.));
#13706=DIRECTION('',(0.,0.,1.));
#13707=DIRECTION('',(0.,0.,-1.));
#13708=DIRECTION('',(-1.,0.,0.));
#13709=DIRECTION('',(0.,0.,-1.));
#13710=DIRECTION('',(-1.,0.,0.));
#13711=DIRECTION('',(0.,0.,-1.));
#13712=DIRECTION('',(0.,0.,-1.));
#13713=DIRECTION('',(0.,0.,-1.));
#13714=DIRECTION('',(-1.,0.,0.));
#13715=DIRECTION('',(0.,0.,-1.));
#13716=DIRECTION('',(-1.,0.,0.));
#13717=DIRECTION('',(0.,0.,1.));
#13718=DIRECTION('',(0.,0.,-1.));
#13719=DIRECTION('',(0.,0.,-1.));
#13720=DIRECTION('',(-1.,0.,0.));
#13721=DIRECTION('',(0.,0.,-1.));
#13722=DIRECTION('',(1.,0.,0.));
#13723=DIRECTION('',(0.,0.,-1.));
#13724=DIRECTION('',(0.,0.,-1.));
#13725=DIRECTION('',(0.,0.,-1.));
#13726=DIRECTION('',(-1.,0.,0.));
#13727=DIRECTION('',(0.,0.,-1.));
#13728=DIRECTION('',(1.,0.,0.));
#13729=DIRECTION('',(0.,0.,-1.));
#13730=DIRECTION('',(0.,0.,-1.));
#13731=DIRECTION('',(0.,0.,-1.));
#13732=DIRECTION('',(-1.,0.,0.));
#13733=DIRECTION('',(0.,0.,-1.));
#13734=DIRECTION('',(-1.,0.,0.));
#13735=DIRECTION('',(0.,0.,1.));
#13736=DIRECTION('',(0.,0.,-1.));
#13737=DIRECTION('',(0.,0.,-1.));
#13738=DIRECTION('',(-1.,0.,0.));
#13739=DIRECTION('',(0.,0.,-1.));
#13740=DIRECTION('',(1.,0.,0.));
#13741=DIRECTION('',(0.,0.,-1.));
#13742=DIRECTION('',(0.,0.,-1.));
#13743=DIRECTION('',(0.,0.,-1.));
#13744=DIRECTION('',(-1.,0.,0.));
#13745=DIRECTION('',(0.,0.,-1.));
#13746=DIRECTION('',(0.,0.,-1.));
#13747=DIRECTION('',(-1.,0.,0.));
#13748=DIRECTION('',(0.,0.,-1.));
#13749=DIRECTION('',(0.,0.,-1.));
#13750=DIRECTION('',(-1.,0.,0.));
#13751=DIRECTION('',(0.,0.,-1.));
#13752=DIRECTION('',(0.,1.,0.));
#13753=DIRECTION('',(0.,0.,1.));
#13754=DIRECTION('',(0.,0.,-1.));
#13755=DIRECTION('',(0.,0.,-1.));
#13756=DIRECTION('',(-1.,0.,0.));
#13757=DIRECTION('',(0.,0.,-1.));
#13758=DIRECTION('',(0.,1.,0.));
#13759=DIRECTION('',(0.,0.,1.));
#13760=DIRECTION('',(0.,0.,-1.));
#13761=DIRECTION('',(0.,0.,-1.));
#13762=DIRECTION('',(-1.,0.,0.));
#13763=DIRECTION('',(0.,0.,-1.));
#13764=DIRECTION('',(0.,1.,0.));
#13765=DIRECTION('',(0.,0.,1.));
#13766=DIRECTION('',(0.,0.,-1.));
#13767=DIRECTION('',(0.,0.,-1.));
#13768=DIRECTION('',(-1.,0.,0.));
#13769=DIRECTION('',(0.,0.,-1.));
#13770=DIRECTION('',(0.,-1.,0.));
#13771=DIRECTION('',(0.,0.,-1.));
#13772=DIRECTION('',(0.,0.,-1.));
#13773=DIRECTION('',(0.,0.,-1.));
#13774=DIRECTION('',(-1.,0.,0.));
#13775=DIRECTION('',(0.,0.,-1.));
#13776=DIRECTION('',(0.,-1.,0.));
#13777=DIRECTION('',(0.,0.,-1.));
#13778=DIRECTION('',(0.,0.,-1.));
#13779=DIRECTION('',(0.,0.,-1.));
#13780=DIRECTION('',(-1.,0.,0.));
#13781=DIRECTION('',(0.,0.,-1.));
#13782=DIRECTION('',(0.,0.,-1.));
#13783=DIRECTION('',(-1.,0.,0.));
#13784=DIRECTION('',(0.,0.,-1.));
#13785=DIRECTION('',(0.,0.,-1.));
#13786=DIRECTION('',(-1.,0.,0.));
#13787=DIRECTION('',(0.,0.,-1.));
#13788=DIRECTION('',(1.,0.,0.));
#13789=DIRECTION('',(0.,0.,-1.));
#13790=DIRECTION('',(0.,0.,-1.));
#13791=DIRECTION('',(0.,0.,-1.));
#13792=DIRECTION('',(-1.,0.,0.));
#13793=DIRECTION('',(0.,0.,-1.));
#13794=DIRECTION('',(-1.,0.,0.));
#13795=DIRECTION('',(0.,0.,1.));
#13796=DIRECTION('',(0.,0.,-1.));
#13797=DIRECTION('',(0.,0.,-1.));
#13798=DIRECTION('',(-1.,0.,0.));
#13799=DIRECTION('',(0.,0.,-1.));
#13800=DIRECTION('',(-1.,0.,0.));
#13801=DIRECTION('',(0.,0.,1.));
#13802=DIRECTION('',(0.,0.,-1.));
#13803=DIRECTION('',(0.,0.,-1.));
#13804=DIRECTION('',(-1.,0.,0.));
#13805=DIRECTION('',(0.,0.,-1.));
#13806=DIRECTION('',(1.,0.,0.));
#13807=DIRECTION('',(0.,0.,-1.));
#13808=DIRECTION('',(0.,0.,-1.));
#13809=DIRECTION('',(0.,0.,-1.));
#13810=DIRECTION('',(-1.,0.,0.));
#13811=DIRECTION('',(0.,0.,-1.));
#13812=DIRECTION('',(-1.,0.,0.));
#13813=DIRECTION('',(0.,0.,1.));
#13814=DIRECTION('',(0.,0.,-1.));
#13815=DIRECTION('',(0.,0.,-1.));
#13816=DIRECTION('',(-1.,0.,0.));
#13817=DIRECTION('',(0.,0.,-1.));
#13818=DIRECTION('',(0.,0.,-1.));
#13819=DIRECTION('',(-1.,0.,0.));
#13820=DIRECTION('',(0.,0.,-1.));
#13821=DIRECTION('',(0.,0.,-1.));
#13822=DIRECTION('',(-1.,0.,0.));
#13823=DIRECTION('',(0.,0.,-1.));
#13824=DIRECTION('',(0.,-1.,0.));
#13825=DIRECTION('',(0.,0.,-1.));
#13826=DIRECTION('',(0.,0.,-1.));
#13827=DIRECTION('',(0.,0.,-1.));
#13828=DIRECTION('',(-1.,0.,0.));
#13829=DIRECTION('',(0.,0.,-1.));
#13830=DIRECTION('',(0.,-1.,0.));
#13831=DIRECTION('',(0.,0.,-1.));
#13832=DIRECTION('',(0.,0.,-1.));
#13833=DIRECTION('',(0.,0.,-1.));
#13834=DIRECTION('',(-1.,0.,0.));
#13835=DIRECTION('',(0.,0.,-1.));
#13836=DIRECTION('',(0.,-1.,0.));
#13837=DIRECTION('',(0.,0.,-1.));
#13838=DIRECTION('',(0.,0.,-1.));
#13839=DIRECTION('',(0.,0.,-1.));
#13840=DIRECTION('',(-1.,0.,0.));
#13841=DIRECTION('',(0.,0.,-1.));
#13842=DIRECTION('',(0.,1.,0.));
#13843=DIRECTION('',(0.,0.,1.));
#13844=DIRECTION('',(0.,0.,-1.));
#13845=DIRECTION('',(0.,0.,-1.));
#13846=DIRECTION('',(-1.,0.,0.));
#13847=DIRECTION('',(0.,0.,-1.));
#13848=DIRECTION('',(0.,1.,0.));
#13849=DIRECTION('',(0.,0.,1.));
#13850=DIRECTION('',(0.,0.,-1.));
#13851=DIRECTION('',(0.,0.,-1.));
#13852=DIRECTION('',(-1.,0.,0.));
#13853=DIRECTION('',(0.,0.,-1.));
#13854=DIRECTION('',(-1.,0.,0.));
#13855=DIRECTION('',(0.,0.,1.));
#13856=DIRECTION('',(1.,0.,0.));
#13857=DIRECTION('',(0.,0.,-1.));
#13858=DIRECTION('',(-1.,0.,0.));
#13859=DIRECTION('',(0.,0.,-1.));
#13860=DIRECTION('',(-1.,0.,0.));
#13861=DIRECTION('',(0.,0.,-1.));
#13862=DIRECTION('',(-1.,0.,0.));
#13863=DIRECTION('',(0.,0.,-1.));
#13864=DIRECTION('',(-1.,0.,0.));
#13865=DIRECTION('',(0.,0.,-1.));
#13866=DIRECTION('',(-1.,0.,0.));
#13867=DIRECTION('',(0.,0.,-1.));
#13868=DIRECTION('',(-1.,0.,0.));
#13869=DIRECTION('',(0.,0.,-1.));
#13870=DIRECTION('',(1.,0.,0.));
#13871=DIRECTION('',(0.,0.,-1.));
#13872=DIRECTION('',(-1.,0.,0.));
#13873=DIRECTION('',(0.,0.,-1.));
#13874=DIRECTION('',(-1.,0.,0.));
#13875=DIRECTION('',(0.,0.,1.));
#13876=DIRECTION('',(1.,0.,0.));
#13877=DIRECTION('',(0.,0.,-1.));
#13878=DIRECTION('',(-1.,0.,0.));
#13879=DIRECTION('',(0.,0.,-1.));
#13880=DIRECTION('',(-1.,0.,0.));
#13881=DIRECTION('',(0.,0.,-1.));
#13882=DIRECTION('',(-1.,0.,0.));
#13883=DIRECTION('',(0.,0.,-1.));
#13884=DIRECTION('',(-1.,0.,0.));
#13885=DIRECTION('',(0.,0.,-1.));
#13886=DIRECTION('',(-1.,0.,0.));
#13887=DIRECTION('',(0.,0.,-1.));
#13888=DIRECTION('',(-1.,0.,0.));
#13889=DIRECTION('',(0.,0.,-1.));
#13890=DIRECTION('',(-1.,0.,0.));
#13891=DIRECTION('',(0.,0.,-1.));
#13892=DIRECTION('',(-1.,0.,0.));
#13893=DIRECTION('',(0.,0.,1.));
#13894=DIRECTION('',(1.,0.,0.));
#13895=DIRECTION('',(0.,0.,1.));
#13896=DIRECTION('',(1.,0.,0.));
#13897=DIRECTION('',(-0.5,-0.866025403784439,0.));
#13898=DIRECTION('',(0.866025403784439,-0.5,0.));
#13899=DIRECTION('',(0.,0.,-1.));
#13900=DIRECTION('',(0.,0.,-1.));
#13901=DIRECTION('',(0.5,-0.866025403784439,0.));
#13902=DIRECTION('',(0.866025403784439,0.5,0.));
#13903=DIRECTION('',(0.,0.,-1.));
#13904=DIRECTION('',(1.,0.,0.));
#13905=DIRECTION('',(0.,0.,-1.));
#13906=DIRECTION('',(0.,0.,-1.));
#13907=DIRECTION('',(0.5,0.866025403784438,0.));
#13908=DIRECTION('',(-0.866025403784438,0.5,0.));
#13909=DIRECTION('',(0.,0.,-1.));
#13910=DIRECTION('',(-0.5,0.866025403784438,0.));
#13911=DIRECTION('',(-0.866025403784439,-0.5,0.));
#13912=DIRECTION('',(0.,0.,-1.));
#13913=DIRECTION('',(-1.,0.,0.));
#13914=DIRECTION('',(0.,0.,1.));
#13915=DIRECTION('',(0.,0.,-1.));
#13916=DIRECTION('',(-1.,0.,0.));
#13917=DIRECTION('',(0.,0.,-1.));
#13918=DIRECTION('',(0.,-1.,0.));
#13919=DIRECTION('',(0.,0.,-1.));
#13920=DIRECTION('',(0.,-1.,0.));
#13921=DIRECTION('',(0.86602540378444,0.5,0.));
#13922=DIRECTION('',(0.5,-0.86602540378444,0.));
#13923=DIRECTION('',(0.,0.,1.));
#13924=DIRECTION('',(0.,0.,1.));
#13925=DIRECTION('',(0.86602540378444,-0.5,0.));
#13926=DIRECTION('',(-0.5,-0.86602540378444,0.));
#13927=DIRECTION('',(0.,0.,1.));
#13928=DIRECTION('',(0.,-1.,0.));
#13929=DIRECTION('',(0.,0.,1.));
#13930=DIRECTION('',(0.,0.,1.));
#13931=DIRECTION('',(-0.866025403784439,-0.5,0.));
#13932=DIRECTION('',(-0.5,0.86602540378444,0.));
#13933=DIRECTION('',(0.,0.,1.));
#13934=DIRECTION('',(-0.86602540378444,0.5,0.));
#13935=DIRECTION('',(0.5,0.86602540378444,0.));
#13936=DIRECTION('',(0.,0.,1.));
#13937=DIRECTION('',(0.,1.,0.));
#13938=DIRECTION('',(0.,0.,-1.));
#13939=DIRECTION('',(0.,0.,1.));
#13940=DIRECTION('',(0.,1.,0.));
#13941=DIRECTION('',(0.,0.,1.));
#13942=DIRECTION('',(1.,0.,0.));
#13943=DIRECTION('',(0.,0.,1.));
#13944=DIRECTION('',(1.,0.,0.));
#13945=DIRECTION('',(-0.5,-0.866025403784439,0.));
#13946=DIRECTION('',(0.866025403784439,-0.5,0.));
#13947=DIRECTION('',(0.,0.,-1.));
#13948=DIRECTION('',(0.,0.,-1.));
#13949=DIRECTION('',(0.5,-0.866025403784439,0.));
#13950=DIRECTION('',(0.866025403784439,0.5,0.));
#13951=DIRECTION('',(0.,0.,-1.));
#13952=DIRECTION('',(1.,0.,0.));
#13953=DIRECTION('',(0.,0.,-1.));
#13954=DIRECTION('',(0.,0.,-1.));
#13955=DIRECTION('',(0.5,0.866025403784438,0.));
#13956=DIRECTION('',(-0.866025403784438,0.5,0.));
#13957=DIRECTION('',(0.,0.,-1.));
#13958=DIRECTION('',(-0.5,0.866025403784438,0.));
#13959=DIRECTION('',(-0.866025403784439,-0.5,0.));
#13960=DIRECTION('',(0.,0.,-1.));
#13961=DIRECTION('',(-1.,0.,0.));
#13962=DIRECTION('',(0.,0.,1.));
#13963=DIRECTION('',(0.,0.,-1.));
#13964=DIRECTION('',(-1.,0.,0.));
#13965=DIRECTION('',(0.,0.,1.));
#13966=DIRECTION('',(1.,0.,0.));
#13967=DIRECTION('',(0.,0.,1.));
#13968=DIRECTION('',(1.,0.,0.));
#13969=DIRECTION('',(-0.5,-0.866025403784439,0.));
#13970=DIRECTION('',(0.866025403784439,-0.5,0.));
#13971=DIRECTION('',(0.,0.,-1.));
#13972=DIRECTION('',(0.,0.,-1.));
#13973=DIRECTION('',(0.5,-0.866025403784439,0.));
#13974=DIRECTION('',(0.866025403784439,0.5,0.));
#13975=DIRECTION('',(0.,0.,-1.));
#13976=DIRECTION('',(1.,0.,0.));
#13977=DIRECTION('',(0.,0.,-1.));
#13978=DIRECTION('',(0.,0.,-1.));
#13979=DIRECTION('',(0.5,0.866025403784438,0.));
#13980=DIRECTION('',(-0.866025403784438,0.5,0.));
#13981=DIRECTION('',(0.,0.,-1.));
#13982=DIRECTION('',(-0.5,0.866025403784438,0.));
#13983=DIRECTION('',(-0.866025403784439,-0.5,0.));
#13984=DIRECTION('',(0.,0.,-1.));
#13985=DIRECTION('',(-1.,0.,0.));
#13986=DIRECTION('',(0.,0.,1.));
#13987=DIRECTION('',(0.,0.,-1.));
#13988=DIRECTION('',(-1.,0.,0.));
#13989=DIRECTION('',(-1.,0.,0.));
#13990=DIRECTION('',(0.,0.,1.));
#13991=DIRECTION('',(0.,0.,-1.));
#13992=DIRECTION('',(0.,0.,-1.));
#13993=DIRECTION('',(-0.5,0.866025403784438,0.));
#13994=DIRECTION('',(-0.866025403784439,-0.5,0.));
#13995=DIRECTION('',(0.,0.,-1.));
#13996=DIRECTION('',(0.5,0.866025403784438,0.));
#13997=DIRECTION('',(-0.866025403784438,0.5,0.));
#13998=DIRECTION('',(0.,0.,-1.));
#13999=DIRECTION('',(1.,0.,0.));
#14000=DIRECTION('',(0.,0.,-1.));
#14001=DIRECTION('',(0.,0.,-1.));
#14002=DIRECTION('',(0.5,-0.866025403784439,0.));
#14003=DIRECTION('',(0.866025403784439,0.5,0.));
#14004=DIRECTION('',(0.,0.,-1.));
#14005=DIRECTION('',(-0.5,-0.866025403784439,0.));
#14006=DIRECTION('',(0.866025403784439,-0.5,0.));
#14007=DIRECTION('',(-1.,0.,0.));
#14008=DIRECTION('',(0.,0.,1.));
#14009=DIRECTION('',(0.,0.,-1.));
#14010=DIRECTION('',(0.,0.,-1.));
#14011=DIRECTION('',(-0.5,0.866025403784439,0.));
#14012=DIRECTION('',(-0.866025403784439,-0.5,0.));
#14013=DIRECTION('',(0.,0.,-1.));
#14014=DIRECTION('',(0.5,0.866025403784438,0.));
#14015=DIRECTION('',(-0.866025403784438,0.5,0.));
#14016=DIRECTION('',(0.,0.,-1.));
#14017=DIRECTION('',(1.,0.,0.));
#14018=DIRECTION('',(0.,0.,-1.));
#14019=DIRECTION('',(0.,0.,-1.));
#14020=DIRECTION('',(0.5,-0.866025403784439,0.));
#14021=DIRECTION('',(0.866025403784439,0.5,0.));
#14022=DIRECTION('',(0.,0.,-1.));
#14023=DIRECTION('',(-0.5,-0.866025403784439,0.));
#14024=DIRECTION('',(0.866025403784439,-0.5,0.));
#14025=DIRECTION('',(-1.,0.,0.));
#14026=DIRECTION('',(0.,0.,1.));
#14027=DIRECTION('',(0.,0.,-1.));
#14028=DIRECTION('',(0.,0.,-1.));
#14029=DIRECTION('',(-0.5,0.866025403784438,0.));
#14030=DIRECTION('',(-0.866025403784439,-0.5,0.));
#14031=DIRECTION('',(0.,0.,-1.));
#14032=DIRECTION('',(0.5,0.866025403784438,0.));
#14033=DIRECTION('',(-0.866025403784438,0.5,0.));
#14034=DIRECTION('',(0.,0.,-1.));
#14035=DIRECTION('',(1.,0.,0.));
#14036=DIRECTION('',(0.,0.,-1.));
#14037=DIRECTION('',(0.,0.,-1.));
#14038=DIRECTION('',(0.5,-0.866025403784439,0.));
#14039=DIRECTION('',(0.866025403784439,0.5,0.));
#14040=DIRECTION('',(0.,0.,-1.));
#14041=DIRECTION('',(-0.5,-0.866025403784439,0.));
#14042=DIRECTION('',(0.866025403784439,-0.5,0.));
#14043=DIRECTION('',(-1.,0.,0.));
#14044=DIRECTION('',(0.,0.,1.));
#14045=DIRECTION('',(0.,0.,-1.));
#14046=DIRECTION('',(0.,0.,-1.));
#14047=DIRECTION('',(-0.5,0.866025403784439,0.));
#14048=DIRECTION('',(-0.866025403784439,-0.5,0.));
#14049=DIRECTION('',(0.,0.,-1.));
#14050=DIRECTION('',(0.5,0.866025403784438,0.));
#14051=DIRECTION('',(-0.866025403784438,0.5,0.));
#14052=DIRECTION('',(0.,0.,-1.));
#14053=DIRECTION('',(1.,0.,0.));
#14054=DIRECTION('',(0.,0.,-1.));
#14055=DIRECTION('',(0.,0.,-1.));
#14056=DIRECTION('',(0.5,-0.866025403784439,0.));
#14057=DIRECTION('',(0.866025403784439,0.5,0.));
#14058=DIRECTION('',(0.,0.,-1.));
#14059=DIRECTION('',(-0.5,-0.866025403784439,0.));
#14060=DIRECTION('',(0.866025403784439,-0.5,0.));
#14061=DIRECTION('',(-1.,0.,0.));
#14062=DIRECTION('',(0.,0.,1.));
#14063=DIRECTION('',(0.,0.,-1.));
#14064=DIRECTION('',(0.,0.,-1.));
#14065=DIRECTION('',(-0.5,0.866025403784439,0.));
#14066=DIRECTION('',(-0.866025403784439,-0.5,0.));
#14067=DIRECTION('',(0.,0.,-1.));
#14068=DIRECTION('',(0.5,0.866025403784438,0.));
#14069=DIRECTION('',(-0.866025403784438,0.5,0.));
#14070=DIRECTION('',(0.,0.,-1.));
#14071=DIRECTION('',(1.,0.,0.));
#14072=DIRECTION('',(0.,0.,-1.));
#14073=DIRECTION('',(0.,0.,-1.));
#14074=DIRECTION('',(0.5,-0.866025403784439,0.));
#14075=DIRECTION('',(0.866025403784439,0.5,0.));
#14076=DIRECTION('',(0.,0.,-1.));
#14077=DIRECTION('',(-0.5,-0.866025403784439,0.));
#14078=DIRECTION('',(0.866025403784439,-0.5,0.));
#14079=DIRECTION('',(-1.,0.,0.));
#14080=DIRECTION('',(0.,0.,1.));
#14081=DIRECTION('',(0.,0.,-1.));
#14082=DIRECTION('',(0.,0.,-1.));
#14083=DIRECTION('',(-0.5,0.866025403784439,0.));
#14084=DIRECTION('',(-0.866025403784439,-0.5,0.));
#14085=DIRECTION('',(0.,0.,-1.));
#14086=DIRECTION('',(0.5,0.866025403784438,0.));
#14087=DIRECTION('',(-0.866025403784438,0.5,0.));
#14088=DIRECTION('',(0.,0.,-1.));
#14089=DIRECTION('',(1.,0.,0.));
#14090=DIRECTION('',(0.,0.,-1.));
#14091=DIRECTION('',(0.,0.,-1.));
#14092=DIRECTION('',(0.5,-0.866025403784439,0.));
#14093=DIRECTION('',(0.866025403784439,0.5,0.));
#14094=DIRECTION('',(0.,0.,-1.));
#14095=DIRECTION('',(-0.5,-0.866025403784439,0.));
#14096=DIRECTION('',(0.866025403784439,-0.5,0.));
#14097=CARTESIAN_POINT('',(0.,0.,0.));
#14098=CARTESIAN_POINT('',(0.064,0.024,0.154));
#14099=CARTESIAN_POINT('',(0.064,0.024,0.154));
#14100=CARTESIAN_POINT('',(0.065,0.024,0.154));
#14101=CARTESIAN_POINT('',(0.064,0.024,0.154));
#14102=CARTESIAN_POINT('',(0.0655,0.024,0.154));
#14103=CARTESIAN_POINT('',(0.064,0.024,0.0949999999999985));
#14104=CARTESIAN_POINT('',(0.064,0.024,0.0949999999999985));
#14105=CARTESIAN_POINT('',(0.065,0.024,0.0949999999999985));
#14106=CARTESIAN_POINT('',(0.064,0.024,0.095));
#14107=CARTESIAN_POINT('',(0.0655,0.024,0.095));
#14108=CARTESIAN_POINT('',(0.064,0.024,0.154));
#14109=CARTESIAN_POINT('',(5.13478148889135E-16,0.,0.095));
#14110=CARTESIAN_POINT('',(0.06625,-0.0218349364905387,0.0949999999999985));
#14111=CARTESIAN_POINT('',(0.067,-0.0222679491924309,0.0949999999999985));
#14112=CARTESIAN_POINT('',(0.064,-0.0205358983848621,0.095));
#14113=CARTESIAN_POINT('',(0.067,-0.0231339745962154,0.0949999999999985));
#14114=CARTESIAN_POINT('',(0.067,-0.0257320508075687,0.095));
#14115=CARTESIAN_POINT('',(0.06475,-0.0270310889132453,0.0949999999999985));
#14116=CARTESIAN_POINT('',(0.064,-0.0274641016151375,0.095));
#14117=CARTESIAN_POINT('',(0.06175,-0.0261650635094609,0.0949999999999985));
#14118=CARTESIAN_POINT('',(0.061,-0.0257320508075687,0.095));
#14119=CARTESIAN_POINT('',(0.061,-0.0248660254037842,0.0949999999999985));
#14120=CARTESIAN_POINT('',(0.061,-0.0222679491924309,0.095));
#14121=CARTESIAN_POINT('',(0.06325,-0.0209689110867542,0.0949999999999985));
#14122=CARTESIAN_POINT('',(-0.064749999999999,-0.0209689110867542,0.0949999999999985));
#14123=CARTESIAN_POINT('',(-0.063999999999999,-0.0205358983848621,0.0949999999999985));
#14124=CARTESIAN_POINT('',(-0.066999999999999,-0.0222679491924309,0.0949999999999985));
#14125=CARTESIAN_POINT('',(-0.061749999999999,-0.0218349364905387,0.0949999999999985));
#14126=CARTESIAN_POINT('',(-0.060999999999999,-0.0222679491924309,0.0949999999999985));
#14127=CARTESIAN_POINT('',(-0.060999999999999,-0.0231339745962154,0.0949999999999985));
#14128=CARTESIAN_POINT('',(-0.060999999999999,-0.0257320508075687,0.095));
#14129=CARTESIAN_POINT('',(-0.063249999999999,-0.0270310889132453,0.0949999999999985));
#14130=CARTESIAN_POINT('',(-0.063999999999999,-0.0274641016151375,0.0949999999999985));
#14131=CARTESIAN_POINT('',(-0.066249999999999,-0.0261650635094609,0.0949999999999985));
#14132=CARTESIAN_POINT('',(-0.066999999999999,-0.0257320508075687,0.0949999999999985));
#14133=CARTESIAN_POINT('',(-0.066999999999999,-0.0248660254037842,0.0949999999999985));
#14134=CARTESIAN_POINT('',(-0.0247499999999993,0.067031088913245,0.0949999999999985));
#14135=CARTESIAN_POINT('',(-0.0239999999999993,0.0674641016151373,0.0949999999999985));
#14136=CARTESIAN_POINT('',(-0.0269999999999993,0.0657320508075684,0.0949999999999985));
#14137=CARTESIAN_POINT('',(-0.0217499999999993,0.0661650635094606,0.0949999999999985));
#14138=CARTESIAN_POINT('',(-0.0209999999999993,0.0657320508075684,0.0949999999999985));
#14139=CARTESIAN_POINT('',(-0.0209999999999993,0.0648660254037839,0.0949999999999985));
#14140=CARTESIAN_POINT('',(-0.0209999999999993,0.0622679491924306,0.095));
#14141=CARTESIAN_POINT('',(-0.0232499999999993,0.060968911086754,0.0949999999999985));
#14142=CARTESIAN_POINT('',(-0.0239999999999993,0.0605358983848617,0.0949999999999985));
#14143=CARTESIAN_POINT('',(-0.0262499999999993,0.0618349364905384,0.0949999999999985));
#14144=CARTESIAN_POINT('',(-0.0269999999999993,0.0622679491924306,0.0949999999999985));
#14145=CARTESIAN_POINT('',(-0.0269999999999993,0.0631339745962151,0.0949999999999985));
#14146=CARTESIAN_POINT('',(0.0120000000000005,-0.064,0.095));
#14147=CARTESIAN_POINT('',(0.0135000000000005,-0.064,0.095));
#14148=CARTESIAN_POINT('',(-0.0119999999999995,0.064,0.095));
#14149=CARTESIAN_POINT('',(-0.0104999999999995,0.064,0.095));
#14150=CARTESIAN_POINT('',(-0.0119999999999995,-0.064,0.095));
#14151=CARTESIAN_POINT('',(-0.0104999999999995,-0.064,0.095));
#14152=CARTESIAN_POINT('',(-0.064,-0.012,0.095));
#14153=CARTESIAN_POINT('',(-0.0625,-0.012,0.095));
#14154=CARTESIAN_POINT('',(-0.064,0.012,0.095));
#14155=CARTESIAN_POINT('',(-0.0625,0.012,0.095));
#14156=CARTESIAN_POINT('',(0.064,-0.012,0.095));
#14157=CARTESIAN_POINT('',(0.0655,-0.012,0.095));
#14158=CARTESIAN_POINT('',(0.0240000000000005,-0.064,0.095));
#14159=CARTESIAN_POINT('',(0.0255000000000005,-0.064,0.095));
#14160=CARTESIAN_POINT('',(0.064,0.012,0.095));
#14161=CARTESIAN_POINT('',(0.0655,0.012,0.095));
#14162=CARTESIAN_POINT('',(0.0240000000000005,0.064,0.095));
#14163=CARTESIAN_POINT('',(0.0255000000000005,0.064,0.095));
#14164=CARTESIAN_POINT('',(0.0120000000000005,0.064,0.095));
#14165=CARTESIAN_POINT('',(0.0135000000000005,0.064,0.095));
#14166=CARTESIAN_POINT('',(0.064,-0.064,0.095));
#14167=CARTESIAN_POINT('',(0.0494763124517227,-0.06025,0.095));
#14168=CARTESIAN_POINT('',(0.06025,-0.0494763124517222,0.095));
#14169=CARTESIAN_POINT('',(0.059,-0.0446350832689629,0.095));
#14170=CARTESIAN_POINT('',(0.064,-0.0446350832689629,0.095));
#14171=CARTESIAN_POINT('',(0.064,-0.0360675416344815,0.095));
#14172=CARTESIAN_POINT('',(0.064,-0.0275,0.095));
#14173=CARTESIAN_POINT('',(0.064,-0.024,0.095));
#14174=CARTESIAN_POINT('',(0.064,-0.0205,0.095));
#14175=CARTESIAN_POINT('',(0.064,-0.018,0.095));
#14176=CARTESIAN_POINT('',(0.064,-0.0155,0.095));
#14177=CARTESIAN_POINT('',(0.064,-0.012,0.095));
#14178=CARTESIAN_POINT('',(0.064,-0.0085,0.095));
#14179=CARTESIAN_POINT('',(0.064,-0.00425,0.095));
#14180=CARTESIAN_POINT('',(0.064,0.0085,0.095));
#14181=CARTESIAN_POINT('',(0.064,0.012,0.095));
#14182=CARTESIAN_POINT('',(0.064,0.0155,0.095));
#14183=CARTESIAN_POINT('',(0.064,0.018,0.095));
#14184=CARTESIAN_POINT('',(0.064,0.0205,0.095));
#14185=CARTESIAN_POINT('',(0.064,0.024,0.095));
#14186=CARTESIAN_POINT('',(0.064,0.0275,0.095));
#14187=CARTESIAN_POINT('',(0.064,0.0360675416344815,0.095));
#14188=CARTESIAN_POINT('',(0.064,0.0446350832689629,0.095));
#14189=CARTESIAN_POINT('',(0.059,0.0446350832689629,0.095));
#14190=CARTESIAN_POINT('',(0.06025,0.0494763124517222,0.095));
#14191=CARTESIAN_POINT('',(0.064,0.064,0.095));
#14192=CARTESIAN_POINT('',(0.0494763124517227,0.06025,0.095));
#14193=CARTESIAN_POINT('',(0.0446350832689634,0.059,0.095));
#14194=CARTESIAN_POINT('',(0.0446350832689634,0.064,0.095));
#14195=CARTESIAN_POINT('',(0.036067541634482,0.064,0.095));
#14196=CARTESIAN_POINT('',(0.0275000000000005,0.064,0.095));
#14197=CARTESIAN_POINT('',(0.0240000000000005,0.064,0.095));
#14198=CARTESIAN_POINT('',(0.0205000000000005,0.064,0.095));
#14199=CARTESIAN_POINT('',(0.0180000000000005,0.064,0.095));
#14200=CARTESIAN_POINT('',(0.0155000000000005,0.064,0.095));
#14201=CARTESIAN_POINT('',(0.0120000000000005,0.064,0.095));
#14202=CARTESIAN_POINT('',(0.00850000000000051,0.064,0.095));
#14203=CARTESIAN_POINT('',(0.00425000000000051,0.064,0.095));
#14204=CARTESIAN_POINT('',(-0.00849999999999948,0.064,0.095));
#14205=CARTESIAN_POINT('',(-0.0119999999999995,0.064,0.095));
#14206=CARTESIAN_POINT('',(-0.0154999999999995,0.064,0.095));
#14207=CARTESIAN_POINT('',(-0.0179999999999995,0.064,0.095));
#14208=CARTESIAN_POINT('',(-0.0204999999999995,0.064,0.095));
#14209=CARTESIAN_POINT('',(-0.0239999999999995,0.064,0.095));
#14210=CARTESIAN_POINT('',(-0.0274999999999995,0.064,0.095));
#14211=CARTESIAN_POINT('',(-0.036067541634481,0.064,0.095));
#14212=CARTESIAN_POINT('',(-0.0446350832689624,0.064,0.095));
#14213=CARTESIAN_POINT('',(-0.0446350832689624,0.059,0.095));
#14214=CARTESIAN_POINT('',(-0.0494763124517216,0.06025,0.095));
#14215=CARTESIAN_POINT('',(-0.064,0.064,0.095));
#14216=CARTESIAN_POINT('',(-0.06025,0.0494763124517222,0.095));
#14217=CARTESIAN_POINT('',(-0.059,0.0446350832689629,0.095));
#14218=CARTESIAN_POINT('',(-0.064,0.0446350832689629,0.095));
#14219=CARTESIAN_POINT('',(-0.064,0.0360675416344815,0.095));
#14220=CARTESIAN_POINT('',(-0.064,0.0275,0.095));
#14221=CARTESIAN_POINT('',(-0.064,0.024,0.095));
#14222=CARTESIAN_POINT('',(-0.064,0.0205,0.095));
#14223=CARTESIAN_POINT('',(-0.064,0.018,0.095));
#14224=CARTESIAN_POINT('',(-0.064,0.0155,0.095));
#14225=CARTESIAN_POINT('',(-0.064,0.012,0.095));
#14226=CARTESIAN_POINT('',(-0.064,0.0085,0.095));
#14227=CARTESIAN_POINT('',(-0.064,0.00425,0.095));
#14228=CARTESIAN_POINT('',(-0.064,-0.0085,0.095));
#14229=CARTESIAN_POINT('',(-0.064,-0.012,0.095));
#14230=CARTESIAN_POINT('',(-0.064,-0.0155,0.095));
#14231=CARTESIAN_POINT('',(-0.064,-0.018,0.095));
#14232=CARTESIAN_POINT('',(-0.064,-0.0205,0.095));
#14233=CARTESIAN_POINT('',(-0.064,-0.024,0.095));
#14234=CARTESIAN_POINT('',(-0.064,-0.0275,0.095));
#14235=CARTESIAN_POINT('',(-0.064,-0.0360675416344815,0.095));
#14236=CARTESIAN_POINT('',(-0.064,-0.0446350832689629,0.095));
#14237=CARTESIAN_POINT('',(-0.059,-0.0446350832689629,0.095));
#14238=CARTESIAN_POINT('',(-0.06025,-0.0494763124517222,0.095));
#14239=CARTESIAN_POINT('',(-0.064,-0.064,0.095));
#14240=CARTESIAN_POINT('',(-0.0494763124517217,-0.06025,0.095));
#14241=CARTESIAN_POINT('',(-0.0446350832689624,-0.059,0.095));
#14242=CARTESIAN_POINT('',(-0.0446350832689624,-0.064,0.095));
#14243=CARTESIAN_POINT('',(-0.036067541634481,-0.064,0.095));
#14244=CARTESIAN_POINT('',(-0.0274999999999995,-0.064,0.095));
#14245=CARTESIAN_POINT('',(-0.0239999999999995,-0.064,0.095));
#14246=CARTESIAN_POINT('',(-0.0204999999999995,-0.064,0.095));
#14247=CARTESIAN_POINT('',(-0.0179999999999995,-0.064,0.095));
#14248=CARTESIAN_POINT('',(-0.0154999999999995,-0.064,0.095));
#14249=CARTESIAN_POINT('',(-0.0119999999999995,-0.064,0.095));
#14250=CARTESIAN_POINT('',(-0.00849999999999948,-0.064,0.095));
#14251=CARTESIAN_POINT('',(-0.00424999999999949,-0.064,0.095));
#14252=CARTESIAN_POINT('',(0.00850000000000051,-0.064,0.095));
#14253=CARTESIAN_POINT('',(0.0120000000000005,-0.064,0.095));
#14254=CARTESIAN_POINT('',(0.0155000000000005,-0.064,0.095));
#14255=CARTESIAN_POINT('',(0.0180000000000005,-0.064,0.095));
#14256=CARTESIAN_POINT('',(0.0205000000000005,-0.064,0.095));
#14257=CARTESIAN_POINT('',(0.0240000000000005,-0.064,0.095));
#14258=CARTESIAN_POINT('',(0.0275000000000005,-0.064,0.095));
#14259=CARTESIAN_POINT('',(0.036067541634482,-0.064,0.095));
#14260=CARTESIAN_POINT('',(0.0446350832689635,-0.064,0.095));
#14261=CARTESIAN_POINT('',(0.0446350832689635,-0.059,0.095));
#14262=CARTESIAN_POINT('',(-0.06475,0.0270310889132459,0.095));
#14263=CARTESIAN_POINT('',(-0.064,0.0274641016151381,0.095));
#14264=CARTESIAN_POINT('',(-0.067,0.0257320508075691,0.095));
#14265=CARTESIAN_POINT('',(-0.06175,0.0261650635094614,0.095));
#14266=CARTESIAN_POINT('',(-0.061,0.0257320508075691,0.095));
#14267=CARTESIAN_POINT('',(-0.061,0.0248660254037846,0.095));
#14268=CARTESIAN_POINT('',(-0.061,0.0222679491924313,0.095));
#14269=CARTESIAN_POINT('',(-0.06325,0.0209689110867545,0.095));
#14270=CARTESIAN_POINT('',(-0.064,0.0205358983848623,0.095));
#14271=CARTESIAN_POINT('',(-0.06625,0.021834936490539,0.095));
#14272=CARTESIAN_POINT('',(-0.067,0.0222679491924313,0.095));
#14273=CARTESIAN_POINT('',(-0.067,0.0231339745962157,0.095));
#14274=CARTESIAN_POINT('',(-0.0217499999999993,-0.0618349364905384,0.0949999999999985));
#14275=CARTESIAN_POINT('',(-0.0209999999999993,-0.0622679491924306,0.0949999999999985));
#14276=CARTESIAN_POINT('',(-0.0239999999999993,-0.0605358983848617,0.095));
#14277=CARTESIAN_POINT('',(-0.0209999999999993,-0.0631339745962151,0.0949999999999985));
#14278=CARTESIAN_POINT('',(-0.0209999999999993,-0.0657320508075684,0.095));
#14279=CARTESIAN_POINT('',(-0.0232499999999993,-0.067031088913245,0.0949999999999985));
#14280=CARTESIAN_POINT('',(-0.0239999999999993,-0.0674641016151373,0.095));
#14281=CARTESIAN_POINT('',(-0.0262499999999993,-0.0661650635094606,0.0949999999999985));
#14282=CARTESIAN_POINT('',(-0.0269999999999993,-0.0657320508075684,0.095));
#14283=CARTESIAN_POINT('',(-0.0269999999999993,-0.0648660254037839,0.0949999999999985));
#14284=CARTESIAN_POINT('',(-0.0269999999999993,-0.0622679491924306,0.095));
#14285=CARTESIAN_POINT('',(-0.0247499999999993,-0.060968911086754,0.0949999999999985));
#14286=CARTESIAN_POINT('',(0.06625,0.0261650635094609,0.0949999999999985));
#14287=CARTESIAN_POINT('',(0.067,0.0257320508075687,0.0949999999999985));
#14288=CARTESIAN_POINT('',(0.064,0.0274641016151375,0.095));
#14289=CARTESIAN_POINT('',(0.067,0.0248660254037842,0.0949999999999985));
#14290=CARTESIAN_POINT('',(0.067,0.0222679491924309,0.095));
#14291=CARTESIAN_POINT('',(0.06475,0.0209689110867542,0.0949999999999985));
#14292=CARTESIAN_POINT('',(0.064,0.0205358983848621,0.095));
#14293=CARTESIAN_POINT('',(0.06175,0.0218349364905387,0.0949999999999985));
#14294=CARTESIAN_POINT('',(0.061,0.0222679491924309,0.095));
#14295=CARTESIAN_POINT('',(0.061,0.0231339745962154,0.0949999999999985));
#14296=CARTESIAN_POINT('',(0.061,0.0257320508075687,0.095));
#14297=CARTESIAN_POINT('',(0.06325,0.0270310889132453,0.0949999999999985));
#14298=CARTESIAN_POINT('',(0.,-1.90819582357449E-16,0.154));
#14299=CARTESIAN_POINT('',(0.067,-0.0231339745962154,0.154));
#14300=CARTESIAN_POINT('',(0.067,-0.0257320508075687,0.154));
#14301=CARTESIAN_POINT('',(0.067,-0.0222679491924309,0.154));
#14302=CARTESIAN_POINT('',(0.06625,-0.0218349364905387,0.154));
#14303=CARTESIAN_POINT('',(0.064,-0.0205358983848621,0.154));
#14304=CARTESIAN_POINT('',(0.06325,-0.0209689110867542,0.154));
#14305=CARTESIAN_POINT('',(0.061,-0.0222679491924309,0.154));
#14306=CARTESIAN_POINT('',(0.061,-0.0248660254037842,0.154));
#14307=CARTESIAN_POINT('',(0.061,-0.0257320508075687,0.154));
#14308=CARTESIAN_POINT('',(0.06175,-0.0261650635094609,0.154));
#14309=CARTESIAN_POINT('',(0.064,-0.0274641016151375,0.154));
#14310=CARTESIAN_POINT('',(0.06475,-0.0270310889132453,0.154));
#14311=CARTESIAN_POINT('',(-0.060999999999999,-0.0231339745962154,0.154));
#14312=CARTESIAN_POINT('',(-0.060999999999999,-0.0257320508075687,0.154));
#14313=CARTESIAN_POINT('',(-0.060999999999999,-0.0222679491924309,0.154));
#14314=CARTESIAN_POINT('',(-0.061749999999999,-0.0218349364905387,0.154));
#14315=CARTESIAN_POINT('',(-0.063999999999999,-0.0205358983848621,0.154));
#14316=CARTESIAN_POINT('',(-0.064749999999999,-0.0209689110867542,0.154));
#14317=CARTESIAN_POINT('',(-0.066999999999999,-0.0222679491924309,0.154));
#14318=CARTESIAN_POINT('',(-0.066999999999999,-0.0248660254037842,0.154));
#14319=CARTESIAN_POINT('',(-0.066999999999999,-0.0257320508075687,0.154));
#14320=CARTESIAN_POINT('',(-0.066249999999999,-0.0261650635094609,0.154));
#14321=CARTESIAN_POINT('',(-0.063999999999999,-0.0274641016151375,0.154));
#14322=CARTESIAN_POINT('',(-0.063249999999999,-0.0270310889132453,0.154));
#14323=CARTESIAN_POINT('',(-0.06175,0.0261650635094614,0.154));
#14324=CARTESIAN_POINT('',(-0.061,0.0257320508075691,0.154));
#14325=CARTESIAN_POINT('',(-0.064,0.0274641016151381,0.154));
#14326=CARTESIAN_POINT('',(-0.06475,0.0270310889132459,0.154));
#14327=CARTESIAN_POINT('',(-0.067,0.0257320508075691,0.154));
#14328=CARTESIAN_POINT('',(-0.067,0.0231339745962157,0.154));
#14329=CARTESIAN_POINT('',(-0.067,0.0222679491924312,0.154));
#14330=CARTESIAN_POINT('',(-0.06625,0.021834936490539,0.154));
#14331=CARTESIAN_POINT('',(-0.064,0.0205358983848623,0.154));
#14332=CARTESIAN_POINT('',(-0.06325,0.0209689110867545,0.154));
#14333=CARTESIAN_POINT('',(-0.061,0.0222679491924313,0.154));
#14334=CARTESIAN_POINT('',(-0.061,0.0248660254037846,0.154));
#14335=CARTESIAN_POINT('',(0.012,-0.064,0.154));
#14336=CARTESIAN_POINT('',(0.0135,-0.064,0.154));
#14337=CARTESIAN_POINT('',(-0.012,0.064,0.154));
#14338=CARTESIAN_POINT('',(-0.0105,0.064,0.154));
#14339=CARTESIAN_POINT('',(-0.012,-0.064,0.154));
#14340=CARTESIAN_POINT('',(-0.0105,-0.064,0.154));
#14341=CARTESIAN_POINT('',(-0.064,-0.0120000000000002,0.154));
#14342=CARTESIAN_POINT('',(-0.0625,-0.0120000000000002,0.154));
#14343=CARTESIAN_POINT('',(-0.064,0.0119999999999998,0.154));
#14344=CARTESIAN_POINT('',(-0.0625,0.0119999999999998,0.154));
#14345=CARTESIAN_POINT('',(0.064,-0.0120000000000002,0.154));
#14346=CARTESIAN_POINT('',(0.0655,-0.0120000000000002,0.154));
#14347=CARTESIAN_POINT('',(0.024,-0.064,0.154));
#14348=CARTESIAN_POINT('',(0.0255,-0.064,0.154));
#14349=CARTESIAN_POINT('',(0.064,0.0119999999999998,0.154));
#14350=CARTESIAN_POINT('',(0.0655,0.0119999999999998,0.154));
#14351=CARTESIAN_POINT('',(0.024,0.064,0.154));
#14352=CARTESIAN_POINT('',(0.0255,0.064,0.154));
#14353=CARTESIAN_POINT('',(0.012,0.064,0.154));
#14354=CARTESIAN_POINT('',(0.0135,0.064,0.154));
#14355=CARTESIAN_POINT('',(0.064,-0.064,0.154));
#14356=CARTESIAN_POINT('',(0.0494763124517222,-0.06025,0.154));
#14357=CARTESIAN_POINT('',(0.06025,-0.0494763124517224,0.154));
#14358=CARTESIAN_POINT('',(0.0446350832689629,-0.059,0.154));
#14359=CARTESIAN_POINT('',(0.0446350832689629,-0.064,0.154));
#14360=CARTESIAN_POINT('',(0.0360675416344815,-0.064,0.154));
#14361=CARTESIAN_POINT('',(0.0275,-0.064,0.154));
#14362=CARTESIAN_POINT('',(0.024,-0.064,0.154));
#14363=CARTESIAN_POINT('',(0.0205,-0.064,0.154));
#14364=CARTESIAN_POINT('',(0.018,-0.064,0.154));
#14365=CARTESIAN_POINT('',(0.0155,-0.064,0.154));
#14366=CARTESIAN_POINT('',(0.012,-0.064,0.154));
#14367=CARTESIAN_POINT('',(0.0085,-0.064,0.154));
#14368=CARTESIAN_POINT('',(-0.00425,-0.064,0.154));
#14369=CARTESIAN_POINT('',(-0.0085,-0.064,0.154));
#14370=CARTESIAN_POINT('',(-0.012,-0.064,0.154));
#14371=CARTESIAN_POINT('',(-0.0155,-0.064,0.154));
#14372=CARTESIAN_POINT('',(-0.018,-0.064,0.154));
#14373=CARTESIAN_POINT('',(-0.0205,-0.064,0.154));
#14374=CARTESIAN_POINT('',(-0.024,-0.064,0.154));
#14375=CARTESIAN_POINT('',(-0.0275,-0.064,0.154));
#14376=CARTESIAN_POINT('',(-0.0360675416344815,-0.064,0.154));
#14377=CARTESIAN_POINT('',(-0.0446350832689629,-0.064,0.154));
#14378=CARTESIAN_POINT('',(-0.0446350832689629,-0.059,0.154));
#14379=CARTESIAN_POINT('',(-0.0494763124517222,-0.06025,0.154));
#14380=CARTESIAN_POINT('',(-0.064,-0.064,0.154));
#14381=CARTESIAN_POINT('',(-0.06025,-0.0494763124517224,0.154));
#14382=CARTESIAN_POINT('',(-0.059,-0.0446350832689631,0.154));
#14383=CARTESIAN_POINT('',(-0.064,-0.0446350832689631,0.154));
#14384=CARTESIAN_POINT('',(-0.064,-0.0360675416344816,0.154));
#14385=CARTESIAN_POINT('',(-0.064,-0.0275,0.154));
#14386=CARTESIAN_POINT('',(-0.064,-0.024,0.154));
#14387=CARTESIAN_POINT('',(-0.064,-0.0205,0.154));
#14388=CARTESIAN_POINT('',(-0.064,-0.018,0.154));
#14389=CARTESIAN_POINT('',(-0.064,-0.0155,0.154));
#14390=CARTESIAN_POINT('',(-0.064,-0.0120000000000002,0.154));
#14391=CARTESIAN_POINT('',(-0.064,-0.00850000000000019,0.154));
#14392=CARTESIAN_POINT('',(-0.064,0.00424999999999981,0.154));
#14393=CARTESIAN_POINT('',(-0.064,0.00849999999999981,0.154));
#14394=CARTESIAN_POINT('',(-0.064,0.0119999999999998,0.154));
#14395=CARTESIAN_POINT('',(-0.064,0.0155,0.154));
#14396=CARTESIAN_POINT('',(-0.064,0.018,0.154));
#14397=CARTESIAN_POINT('',(-0.064,0.0205,0.154));
#14398=CARTESIAN_POINT('',(-0.064,0.024,0.154));
#14399=CARTESIAN_POINT('',(-0.064,0.0275,0.154));
#14400=CARTESIAN_POINT('',(-0.064,0.0360675416344813,0.154));
#14401=CARTESIAN_POINT('',(-0.064,0.0446350832689627,0.154));
#14402=CARTESIAN_POINT('',(-0.059,0.0446350832689627,0.154));
#14403=CARTESIAN_POINT('',(-0.06025,0.049476312451722,0.154));
#14404=CARTESIAN_POINT('',(-0.064,0.064,0.154));
#14405=CARTESIAN_POINT('',(-0.0494763124517222,0.06025,0.154));
#14406=CARTESIAN_POINT('',(-0.0446350832689629,0.059,0.154));
#14407=CARTESIAN_POINT('',(-0.0446350832689629,0.064,0.154));
#14408=CARTESIAN_POINT('',(-0.0360675416344815,0.064,0.154));
#14409=CARTESIAN_POINT('',(-0.0275,0.064,0.154));
#14410=CARTESIAN_POINT('',(-0.024,0.064,0.154));
#14411=CARTESIAN_POINT('',(-0.0205,0.064,0.154));
#14412=CARTESIAN_POINT('',(-0.018,0.064,0.154));
#14413=CARTESIAN_POINT('',(-0.0155,0.064,0.154));
#14414=CARTESIAN_POINT('',(-0.012,0.064,0.154));
#14415=CARTESIAN_POINT('',(-0.0085,0.064,0.154));
#14416=CARTESIAN_POINT('',(0.00425,0.064,0.154));
#14417=CARTESIAN_POINT('',(0.0085,0.064,0.154));
#14418=CARTESIAN_POINT('',(0.012,0.064,0.154));
#14419=CARTESIAN_POINT('',(0.0155,0.064,0.154));
#14420=CARTESIAN_POINT('',(0.018,0.064,0.154));
#14421=CARTESIAN_POINT('',(0.0205,0.064,0.154));
#14422=CARTESIAN_POINT('',(0.024,0.064,0.154));
#14423=CARTESIAN_POINT('',(0.0275,0.064,0.154));
#14424=CARTESIAN_POINT('',(0.0360675416344815,0.064,0.154));
#14425=CARTESIAN_POINT('',(0.0446350832689629,0.064,0.154));
#14426=CARTESIAN_POINT('',(0.0446350832689629,0.059,0.154));
#14427=CARTESIAN_POINT('',(0.0494763124517222,0.06025,0.154));
#14428=CARTESIAN_POINT('',(0.064,0.064,0.154));
#14429=CARTESIAN_POINT('',(0.06025,0.049476312451722,0.154));
#14430=CARTESIAN_POINT('',(0.059,0.0446350832689627,0.154));
#14431=CARTESIAN_POINT('',(0.064,0.0446350832689627,0.154));
#14432=CARTESIAN_POINT('',(0.064,0.0360675416344813,0.154));
#14433=CARTESIAN_POINT('',(0.064,0.0275,0.154));
#14434=CARTESIAN_POINT('',(0.064,0.024,0.154));
#14435=CARTESIAN_POINT('',(0.064,0.0205,0.154));
#14436=CARTESIAN_POINT('',(0.064,0.018,0.154));
#14437=CARTESIAN_POINT('',(0.064,0.0155,0.154));
#14438=CARTESIAN_POINT('',(0.064,0.0119999999999998,0.154));
#14439=CARTESIAN_POINT('',(0.064,0.00849999999999981,0.154));
#14440=CARTESIAN_POINT('',(0.064,-0.00425000000000019,0.154));
#14441=CARTESIAN_POINT('',(0.064,-0.00850000000000019,0.154));
#14442=CARTESIAN_POINT('',(0.064,-0.0120000000000002,0.154));
#14443=CARTESIAN_POINT('',(0.064,-0.0155,0.154));
#14444=CARTESIAN_POINT('',(0.064,-0.018,0.154));
#14445=CARTESIAN_POINT('',(0.064,-0.0205,0.154));
#14446=CARTESIAN_POINT('',(0.064,-0.024,0.154));
#14447=CARTESIAN_POINT('',(0.064,-0.0275,0.154));
#14448=CARTESIAN_POINT('',(0.064,-0.0360675416344816,0.154));
#14449=CARTESIAN_POINT('',(0.064,-0.0446350832689631,0.154));
#14450=CARTESIAN_POINT('',(0.059,-0.0446350832689631,0.154));
#14451=CARTESIAN_POINT('',(-0.0217499999999993,0.0661650635094606,0.154));
#14452=CARTESIAN_POINT('',(-0.0209999999999993,0.0657320508075684,0.154));
#14453=CARTESIAN_POINT('',(-0.0239999999999993,0.0674641016151373,0.154));
#14454=CARTESIAN_POINT('',(-0.0247499999999993,0.067031088913245,0.154));
#14455=CARTESIAN_POINT('',(-0.0269999999999993,0.0657320508075684,0.154));
#14456=CARTESIAN_POINT('',(-0.0269999999999993,0.0631339745962151,0.154));
#14457=CARTESIAN_POINT('',(-0.0269999999999993,0.0622679491924306,0.154));
#14458=CARTESIAN_POINT('',(-0.0262499999999993,0.0618349364905384,0.154));
#14459=CARTESIAN_POINT('',(-0.0239999999999993,0.0605358983848617,0.154));
#14460=CARTESIAN_POINT('',(-0.0232499999999993,0.060968911086754,0.154));
#14461=CARTESIAN_POINT('',(-0.0209999999999993,0.0622679491924306,0.154));
#14462=CARTESIAN_POINT('',(-0.0209999999999993,0.0648660254037839,0.154));
#14463=CARTESIAN_POINT('',(-0.0209999999999993,-0.0631339745962151,0.154));
#14464=CARTESIAN_POINT('',(-0.0209999999999993,-0.0657320508075684,0.154));
#14465=CARTESIAN_POINT('',(-0.0209999999999993,-0.0622679491924306,0.154));
#14466=CARTESIAN_POINT('',(-0.0217499999999993,-0.0618349364905384,0.154));
#14467=CARTESIAN_POINT('',(-0.0239999999999993,-0.0605358983848617,0.154));
#14468=CARTESIAN_POINT('',(-0.0247499999999993,-0.060968911086754,0.154));
#14469=CARTESIAN_POINT('',(-0.0269999999999993,-0.0622679491924306,0.154));
#14470=CARTESIAN_POINT('',(-0.0269999999999993,-0.0648660254037839,0.154));
#14471=CARTESIAN_POINT('',(-0.0269999999999993,-0.0657320508075684,0.154));
#14472=CARTESIAN_POINT('',(-0.0262499999999993,-0.0661650635094606,0.154));
#14473=CARTESIAN_POINT('',(-0.0239999999999993,-0.0674641016151373,0.154));
#14474=CARTESIAN_POINT('',(-0.0232499999999993,-0.067031088913245,0.154));
#14475=CARTESIAN_POINT('',(0.067,0.0248660254037842,0.154));
#14476=CARTESIAN_POINT('',(0.067,0.0222679491924309,0.154));
#14477=CARTESIAN_POINT('',(0.067,0.0257320508075687,0.154));
#14478=CARTESIAN_POINT('',(0.06625,0.0261650635094609,0.154));
#14479=CARTESIAN_POINT('',(0.064,0.0274641016151375,0.154));
#14480=CARTESIAN_POINT('',(0.06325,0.0270310889132453,0.154));
#14481=CARTESIAN_POINT('',(0.061,0.0257320508075687,0.154));
#14482=CARTESIAN_POINT('',(0.061,0.0231339745962154,0.154));
#14483=CARTESIAN_POINT('',(0.061,0.0222679491924309,0.154));
#14484=CARTESIAN_POINT('',(0.06175,0.0218349364905387,0.154));
#14485=CARTESIAN_POINT('',(0.064,0.0205358983848621,0.154));
#14486=CARTESIAN_POINT('',(0.06475,0.0209689110867542,0.154));
#14487=CARTESIAN_POINT('',(0.064,-0.024,0.154));
#14488=CARTESIAN_POINT('',(0.064,-0.024,0.154));
#14489=CARTESIAN_POINT('',(0.065,-0.024,0.154));
#14490=CARTESIAN_POINT('',(0.064,-0.024,0.154));
#14491=CARTESIAN_POINT('',(0.0655,-0.024,0.154));
#14492=CARTESIAN_POINT('',(0.064,-0.024,0.0949999999999985));
#14493=CARTESIAN_POINT('',(0.064,-0.024,0.0949999999999985));
#14494=CARTESIAN_POINT('',(0.065,-0.024,0.0949999999999985));
#14495=CARTESIAN_POINT('',(0.064,-0.024,0.0949999999999985));
#14496=CARTESIAN_POINT('',(0.0655,-0.024,0.0949999999999985));
#14497=CARTESIAN_POINT('',(0.064,-0.024,0.154));
#14498=CARTESIAN_POINT('',(-0.064,-0.0120000000000002,0.217));
#14499=CARTESIAN_POINT('',(-0.064,-0.0120000000000002,0.217));
#14500=CARTESIAN_POINT('',(-0.063,-0.0120000000000002,0.217));
#14501=CARTESIAN_POINT('',(-0.064,-0.0120000000000002,0.217));
#14502=CARTESIAN_POINT('',(-0.0625,-0.0120000000000002,0.217));
#14503=CARTESIAN_POINT('',(-0.064,-0.0120000000000002,0.163));
#14504=CARTESIAN_POINT('',(-0.064,-0.0120000000000002,0.163));
#14505=CARTESIAN_POINT('',(-0.063,-0.0120000000000002,0.163));
#14506=CARTESIAN_POINT('',(-0.064,-0.0120000000000002,0.163));
#14507=CARTESIAN_POINT('',(-0.0625,-0.0120000000000002,0.163));
#14508=CARTESIAN_POINT('',(-0.064,-0.0120000000000002,0.217));
#14509=CARTESIAN_POINT('',(0.,-1.94289029309402E-16,0.217));
#14510=CARTESIAN_POINT('',(0.015,-0.0631339745962158,0.217));
#14511=CARTESIAN_POINT('',(0.015,-0.0657320508075691,0.217));
#14512=CARTESIAN_POINT('',(0.015,-0.0622679491924313,0.217));
#14513=CARTESIAN_POINT('',(0.01425,-0.0618349364905391,0.217));
#14514=CARTESIAN_POINT('',(0.012,-0.0605358983848624,0.217));
#14515=CARTESIAN_POINT('',(0.01125,-0.0609689110867547,0.217));
#14516=CARTESIAN_POINT('',(0.009,-0.0622679491924313,0.217));
#14517=CARTESIAN_POINT('',(0.009,-0.0648660254037846,0.217));
#14518=CARTESIAN_POINT('',(0.009,-0.0657320508075691,0.217));
#14519=CARTESIAN_POINT('',(0.00975,-0.0661650635094613,0.217));
#14520=CARTESIAN_POINT('',(0.012,-0.067464101615138,0.217));
#14521=CARTESIAN_POINT('',(0.01275,-0.0670310889132457,0.217));
#14522=CARTESIAN_POINT('',(0.067,0.0128660254037842,0.217));
#14523=CARTESIAN_POINT('',(0.067,0.0102679491924309,0.217));
#14524=CARTESIAN_POINT('',(0.067,0.0137320508075687,0.217));
#14525=CARTESIAN_POINT('',(0.06625,0.0141650635094609,0.217));
#14526=CARTESIAN_POINT('',(0.064,0.0154641016151375,0.217));
#14527=CARTESIAN_POINT('',(0.06325,0.0150310889132454,0.217));
#14528=CARTESIAN_POINT('',(0.061,0.0137320508075687,0.217));
#14529=CARTESIAN_POINT('',(0.061,0.0111339745962154,0.217));
#14530=CARTESIAN_POINT('',(0.061,0.0102679491924309,0.217));
#14531=CARTESIAN_POINT('',(0.06175,0.00983493649053871,0.217));
#14532=CARTESIAN_POINT('',(0.064,0.00853589838486206,0.217));
#14533=CARTESIAN_POINT('',(0.06475,0.00896891108675427,0.217));
#14534=CARTESIAN_POINT('',(0.01425,0.0661650635094609,0.217));
#14535=CARTESIAN_POINT('',(0.015,0.0657320508075687,0.217));
#14536=CARTESIAN_POINT('',(0.012,0.0674641016151376,0.217));
#14537=CARTESIAN_POINT('',(0.01125,0.0670310889132453,0.217));
#14538=CARTESIAN_POINT('',(0.009,0.0657320508075687,0.217));
#14539=CARTESIAN_POINT('',(0.009,0.0631339745962154,0.217));
#14540=CARTESIAN_POINT('',(0.009,0.0622679491924309,0.217));
#14541=CARTESIAN_POINT('',(0.00975,0.0618349364905387,0.217));
#14542=CARTESIAN_POINT('',(0.012,0.0605358983848621,0.217));
#14543=CARTESIAN_POINT('',(0.01275,0.0609689110867543,0.217));
#14544=CARTESIAN_POINT('',(0.015,0.0622679491924309,0.217));
#14545=CARTESIAN_POINT('',(0.015,0.0648660254037843,0.217));
#14546=CARTESIAN_POINT('',(-0.00975,0.0661650635094609,0.217));
#14547=CARTESIAN_POINT('',(-0.009,0.0657320508075687,0.217));
#14548=CARTESIAN_POINT('',(-0.012,0.0674641016151376,0.217));
#14549=CARTESIAN_POINT('',(-0.01275,0.0670310889132453,0.217));
#14550=CARTESIAN_POINT('',(-0.015,0.0657320508075687,0.217));
#14551=CARTESIAN_POINT('',(-0.015,0.0631339745962154,0.217));
#14552=CARTESIAN_POINT('',(-0.015,0.0622679491924309,0.217));
#14553=CARTESIAN_POINT('',(-0.01425,0.0618349364905387,0.217));
#14554=CARTESIAN_POINT('',(-0.012,0.0605358983848621,0.217));
#14555=CARTESIAN_POINT('',(-0.01125,0.0609689110867543,0.217));
#14556=CARTESIAN_POINT('',(-0.009,0.0622679491924309,0.217));
#14557=CARTESIAN_POINT('',(-0.009,0.0648660254037843,0.217));
#14558=CARTESIAN_POINT('',(0.064,-0.024,0.217));
#14559=CARTESIAN_POINT('',(0.0655,-0.024,0.217));
#14560=CARTESIAN_POINT('',(-0.064,0.024,0.217));
#14561=CARTESIAN_POINT('',(-0.0625,0.024,0.217));
#14562=CARTESIAN_POINT('',(-0.064,-0.024,0.217));
#14563=CARTESIAN_POINT('',(-0.0625,-0.024,0.217));
#14564=CARTESIAN_POINT('',(-0.024,-0.064,0.217));
#14565=CARTESIAN_POINT('',(-0.0225,-0.064,0.217));
#14566=CARTESIAN_POINT('',(-0.024,0.064,0.217));
#14567=CARTESIAN_POINT('',(-0.0225,0.064,0.217));
#14568=CARTESIAN_POINT('',(0.024,-0.064,0.217));
#14569=CARTESIAN_POINT('',(0.0255,-0.064,0.217));
#14570=CARTESIAN_POINT('',(0.064,0.024,0.217));
#14571=CARTESIAN_POINT('',(0.0655,0.024,0.217));
#14572=CARTESIAN_POINT('',(0.024,0.064,0.217));
#14573=CARTESIAN_POINT('',(0.0255,0.064,0.217));
#14574=CARTESIAN_POINT('',(0.064,-0.064,0.217));
#14575=CARTESIAN_POINT('',(0.0494763124517222,-0.06025,0.217));
#14576=CARTESIAN_POINT('',(0.06025,-0.0494763124517224,0.217));
#14577=CARTESIAN_POINT('',(0.0446350832689629,-0.059,0.217));
#14578=CARTESIAN_POINT('',(0.0446350832689629,-0.064,0.217));
#14579=CARTESIAN_POINT('',(0.0360675416344815,-0.064,0.217));
#14580=CARTESIAN_POINT('',(0.0275,-0.064,0.217));
#14581=CARTESIAN_POINT('',(0.024,-0.064,0.217));
#14582=CARTESIAN_POINT('',(0.0205,-0.064,0.217));
#14583=CARTESIAN_POINT('',(0.018,-0.064,0.217));
#14584=CARTESIAN_POINT('',(0.0155,-0.064,0.217));
#14585=CARTESIAN_POINT('',(0.012,-0.064,0.217));
#14586=CARTESIAN_POINT('',(0.0085,-0.064,0.217));
#14587=CARTESIAN_POINT('',(-0.00425,-0.064,0.217));
#14588=CARTESIAN_POINT('',(-0.0085,-0.064,0.217));
#14589=CARTESIAN_POINT('',(-0.012,-0.064,0.217));
#14590=CARTESIAN_POINT('',(-0.0155,-0.064,0.217));
#14591=CARTESIAN_POINT('',(-0.018,-0.064,0.217));
#14592=CARTESIAN_POINT('',(-0.0205,-0.064,0.217));
#14593=CARTESIAN_POINT('',(-0.024,-0.064,0.217));
#14594=CARTESIAN_POINT('',(-0.0275,-0.064,0.217));
#14595=CARTESIAN_POINT('',(-0.0360675416344815,-0.064,0.217));
#14596=CARTESIAN_POINT('',(-0.0446350832689629,-0.064,0.217));
#14597=CARTESIAN_POINT('',(-0.0446350832689629,-0.059,0.217));
#14598=CARTESIAN_POINT('',(-0.0494763124517222,-0.06025,0.217));
#14599=CARTESIAN_POINT('',(-0.064,-0.064,0.217));
#14600=CARTESIAN_POINT('',(-0.06025,-0.0494763124517224,0.217));
#14601=CARTESIAN_POINT('',(-0.059,-0.0446350832689631,0.217));
#14602=CARTESIAN_POINT('',(-0.064,-0.0446350832689631,0.217));
#14603=CARTESIAN_POINT('',(-0.064,-0.0360675416344816,0.217));
#14604=CARTESIAN_POINT('',(-0.064,-0.0275,0.217));
#14605=CARTESIAN_POINT('',(-0.064,-0.024,0.217));
#14606=CARTESIAN_POINT('',(-0.064,-0.0205,0.217));
#14607=CARTESIAN_POINT('',(-0.064,-0.018,0.217));
#14608=CARTESIAN_POINT('',(-0.064,-0.0155,0.217));
#14609=CARTESIAN_POINT('',(-0.064,-0.0120000000000002,0.217));
#14610=CARTESIAN_POINT('',(-0.064,-0.0085000000000002,0.217));
#14611=CARTESIAN_POINT('',(-0.064,0.00424999999999981,0.217));
#14612=CARTESIAN_POINT('',(-0.064,0.00849999999999981,0.217));
#14613=CARTESIAN_POINT('',(-0.064,0.0119999999999998,0.217));
#14614=CARTESIAN_POINT('',(-0.064,0.0155,0.217));
#14615=CARTESIAN_POINT('',(-0.064,0.018,0.217));
#14616=CARTESIAN_POINT('',(-0.064,0.0205,0.217));
#14617=CARTESIAN_POINT('',(-0.064,0.024,0.217));
#14618=CARTESIAN_POINT('',(-0.064,0.0275,0.217));
#14619=CARTESIAN_POINT('',(-0.064,0.0360675416344813,0.217));
#14620=CARTESIAN_POINT('',(-0.064,0.0446350832689627,0.217));
#14621=CARTESIAN_POINT('',(-0.059,0.0446350832689627,0.217));
#14622=CARTESIAN_POINT('',(-0.06025,0.049476312451722,0.217));
#14623=CARTESIAN_POINT('',(-0.064,0.064,0.217));
#14624=CARTESIAN_POINT('',(-0.0494763124517222,0.06025,0.217));
#14625=CARTESIAN_POINT('',(-0.0446350832689629,0.059,0.217));
#14626=CARTESIAN_POINT('',(-0.0446350832689629,0.064,0.217));
#14627=CARTESIAN_POINT('',(-0.0360675416344815,0.064,0.217));
#14628=CARTESIAN_POINT('',(-0.0275,0.064,0.217));
#14629=CARTESIAN_POINT('',(-0.024,0.064,0.217));
#14630=CARTESIAN_POINT('',(-0.0205,0.064,0.217));
#14631=CARTESIAN_POINT('',(-0.018,0.064,0.217));
#14632=CARTESIAN_POINT('',(-0.0155,0.064,0.217));
#14633=CARTESIAN_POINT('',(-0.012,0.064,0.217));
#14634=CARTESIAN_POINT('',(-0.0085,0.064,0.217));
#14635=CARTESIAN_POINT('',(0.00425,0.064,0.217));
#14636=CARTESIAN_POINT('',(0.0085,0.064,0.217));
#14637=CARTESIAN_POINT('',(0.012,0.064,0.217));
#14638=CARTESIAN_POINT('',(0.0155,0.064,0.217));
#14639=CARTESIAN_POINT('',(0.018,0.064,0.217));
#14640=CARTESIAN_POINT('',(0.0205,0.064,0.217));
#14641=CARTESIAN_POINT('',(0.024,0.064,0.217));
#14642=CARTESIAN_POINT('',(0.0275,0.064,0.217));
#14643=CARTESIAN_POINT('',(0.0360675416344815,0.064,0.217));
#14644=CARTESIAN_POINT('',(0.0446350832689629,0.064,0.217));
#14645=CARTESIAN_POINT('',(0.0446350832689629,0.059,0.217));
#14646=CARTESIAN_POINT('',(0.0494763124517222,0.06025,0.217));
#14647=CARTESIAN_POINT('',(0.064,0.064,0.217));
#14648=CARTESIAN_POINT('',(0.06025,0.049476312451722,0.217));
#14649=CARTESIAN_POINT('',(0.059,0.0446350832689627,0.217));
#14650=CARTESIAN_POINT('',(0.064,0.0446350832689627,0.217));
#14651=CARTESIAN_POINT('',(0.064,0.0360675416344813,0.217));
#14652=CARTESIAN_POINT('',(0.064,0.0275,0.217));
#14653=CARTESIAN_POINT('',(0.064,0.024,0.217));
#14654=CARTESIAN_POINT('',(0.064,0.0205,0.217));
#14655=CARTESIAN_POINT('',(0.064,0.018,0.217));
#14656=CARTESIAN_POINT('',(0.064,0.0155,0.217));
#14657=CARTESIAN_POINT('',(0.064,0.0119999999999998,0.217));
#14658=CARTESIAN_POINT('',(0.064,0.00849999999999981,0.217));
#14659=CARTESIAN_POINT('',(0.064,-0.0042500000000002,0.217));
#14660=CARTESIAN_POINT('',(0.064,-0.0085000000000002,0.217));
#14661=CARTESIAN_POINT('',(0.064,-0.0120000000000002,0.217));
#14662=CARTESIAN_POINT('',(0.064,-0.0155,0.217));
#14663=CARTESIAN_POINT('',(0.064,-0.018,0.217));
#14664=CARTESIAN_POINT('',(0.064,-0.0205,0.217));
#14665=CARTESIAN_POINT('',(0.064,-0.024,0.217));
#14666=CARTESIAN_POINT('',(0.064,-0.0275,0.217));
#14667=CARTESIAN_POINT('',(0.064,-0.0360675416344816,0.217));
#14668=CARTESIAN_POINT('',(0.064,-0.0446350832689631,0.217));
#14669=CARTESIAN_POINT('',(0.059,-0.0446350832689631,0.217));
#14670=CARTESIAN_POINT('',(-0.06175,0.0141650635094609,0.217));
#14671=CARTESIAN_POINT('',(-0.061,0.0137320508075687,0.217));
#14672=CARTESIAN_POINT('',(-0.064,0.0154641016151375,0.217));
#14673=CARTESIAN_POINT('',(-0.06475,0.0150310889132454,0.217));
#14674=CARTESIAN_POINT('',(-0.067,0.0137320508075687,0.217));
#14675=CARTESIAN_POINT('',(-0.067,0.0111339745962154,0.217));
#14676=CARTESIAN_POINT('',(-0.067,0.0102679491924309,0.217));
#14677=CARTESIAN_POINT('',(-0.06625,0.00983493649053871,0.217));
#14678=CARTESIAN_POINT('',(-0.064,0.00853589838486206,0.217));
#14679=CARTESIAN_POINT('',(-0.06325,0.00896891108675427,0.217));
#14680=CARTESIAN_POINT('',(-0.061,0.0102679491924309,0.217));
#14681=CARTESIAN_POINT('',(-0.061,0.0128660254037842,0.217));
#14682=CARTESIAN_POINT('',(-0.009,-0.0631339745962158,0.217));
#14683=CARTESIAN_POINT('',(-0.009,-0.0657320508075691,0.217));
#14684=CARTESIAN_POINT('',(-0.009,-0.0622679491924313,0.217));
#14685=CARTESIAN_POINT('',(-0.00975,-0.0618349364905391,0.217));
#14686=CARTESIAN_POINT('',(-0.012,-0.0605358983848624,0.217));
#14687=CARTESIAN_POINT('',(-0.01275,-0.0609689110867547,0.217));
#14688=CARTESIAN_POINT('',(-0.015,-0.0622679491924313,0.217));
#14689=CARTESIAN_POINT('',(-0.015,-0.0648660254037846,0.217));
#14690=CARTESIAN_POINT('',(-0.015,-0.0657320508075691,0.217));
#14691=CARTESIAN_POINT('',(-0.01425,-0.0661650635094613,0.217));
#14692=CARTESIAN_POINT('',(-0.012,-0.067464101615138,0.217));
#14693=CARTESIAN_POINT('',(-0.01125,-0.0670310889132457,0.217));
#14694=CARTESIAN_POINT('',(0.067,-0.0111339745962157,0.217));
#14695=CARTESIAN_POINT('',(0.067,-0.0137320508075691,0.217));
#14696=CARTESIAN_POINT('',(0.067,-0.0102679491924313,0.217));
#14697=CARTESIAN_POINT('',(0.06625,-0.00983493649053909,0.217));
#14698=CARTESIAN_POINT('',(0.064,-0.00853589838486244,0.217));
#14699=CARTESIAN_POINT('',(0.06325,-0.00896891108675466,0.217));
#14700=CARTESIAN_POINT('',(0.061,-0.0102679491924313,0.217));
#14701=CARTESIAN_POINT('',(0.061,-0.0128660254037846,0.217));
#14702=CARTESIAN_POINT('',(0.061,-0.0137320508075691,0.217));
#14703=CARTESIAN_POINT('',(0.06175,-0.0141650635094613,0.217));
#14704=CARTESIAN_POINT('',(0.064,-0.015464101615138,0.217));
#14705=CARTESIAN_POINT('',(0.06475,-0.0150310889132457,0.217));
#14706=CARTESIAN_POINT('',(-0.061,-0.0111339745962157,0.217));
#14707=CARTESIAN_POINT('',(-0.061,-0.0137320508075691,0.217));
#14708=CARTESIAN_POINT('',(-0.061,-0.0102679491924313,0.217));
#14709=CARTESIAN_POINT('',(-0.06175,-0.00983493649053909,0.217));
#14710=CARTESIAN_POINT('',(-0.064,-0.00853589838486244,0.217));
#14711=CARTESIAN_POINT('',(-0.06475,-0.00896891108675466,0.217));
#14712=CARTESIAN_POINT('',(-0.067,-0.0102679491924313,0.217));
#14713=CARTESIAN_POINT('',(-0.067,-0.0128660254037846,0.217));
#14714=CARTESIAN_POINT('',(-0.067,-0.0137320508075691,0.217));
#14715=CARTESIAN_POINT('',(-0.06625,-0.0141650635094613,0.217));
#14716=CARTESIAN_POINT('',(-0.064,-0.015464101615138,0.217));
#14717=CARTESIAN_POINT('',(-0.06325,-0.0150310889132457,0.217));
#14718=CARTESIAN_POINT('',(0.,-1.90819582357449E-16,0.163));
#14719=CARTESIAN_POINT('',(0.01425,-0.0618349364905391,0.163));
#14720=CARTESIAN_POINT('',(0.015,-0.0622679491924313,0.163));
#14721=CARTESIAN_POINT('',(0.012,-0.0605358983848624,0.163));
#14722=CARTESIAN_POINT('',(0.015,-0.0631339745962158,0.163));
#14723=CARTESIAN_POINT('',(0.015,-0.0657320508075691,0.163));
#14724=CARTESIAN_POINT('',(0.01275,-0.0670310889132457,0.163));
#14725=CARTESIAN_POINT('',(0.012,-0.067464101615138,0.163));
#14726=CARTESIAN_POINT('',(0.00975,-0.0661650635094613,0.163));
#14727=CARTESIAN_POINT('',(0.009,-0.0657320508075691,0.163));
#14728=CARTESIAN_POINT('',(0.009,-0.0648660254037846,0.163));
#14729=CARTESIAN_POINT('',(0.009,-0.0622679491924313,0.163));
#14730=CARTESIAN_POINT('',(0.01125,-0.0609689110867547,0.163));
#14731=CARTESIAN_POINT('',(0.06625,0.0141650635094609,0.163));
#14732=CARTESIAN_POINT('',(0.067,0.0137320508075687,0.163));
#14733=CARTESIAN_POINT('',(0.064,0.0154641016151375,0.163));
#14734=CARTESIAN_POINT('',(0.067,0.0128660254037842,0.163));
#14735=CARTESIAN_POINT('',(0.067,0.0102679491924309,0.163));
#14736=CARTESIAN_POINT('',(0.06475,0.00896891108675427,0.163));
#14737=CARTESIAN_POINT('',(0.064,0.00853589838486205,0.163));
#14738=CARTESIAN_POINT('',(0.06175,0.00983493649053871,0.163));
#14739=CARTESIAN_POINT('',(0.061,0.0102679491924309,0.163));
#14740=CARTESIAN_POINT('',(0.061,0.0111339745962154,0.163));
#14741=CARTESIAN_POINT('',(0.061,0.0137320508075687,0.163));
#14742=CARTESIAN_POINT('',(0.06325,0.0150310889132454,0.163));
#14743=CARTESIAN_POINT('',(-0.01275,0.0670310889132453,0.163));
#14744=CARTESIAN_POINT('',(-0.012,0.0674641016151376,0.163));
#14745=CARTESIAN_POINT('',(-0.015,0.0657320508075687,0.163));
#14746=CARTESIAN_POINT('',(-0.00975,0.0661650635094609,0.163));
#14747=CARTESIAN_POINT('',(-0.009,0.0657320508075687,0.163));
#14748=CARTESIAN_POINT('',(-0.009,0.0648660254037843,0.163));
#14749=CARTESIAN_POINT('',(-0.009,0.0622679491924309,0.163));
#14750=CARTESIAN_POINT('',(-0.01125,0.0609689110867543,0.163));
#14751=CARTESIAN_POINT('',(-0.012,0.0605358983848621,0.163));
#14752=CARTESIAN_POINT('',(-0.01425,0.0618349364905387,0.163));
#14753=CARTESIAN_POINT('',(-0.015,0.0622679491924309,0.163));
#14754=CARTESIAN_POINT('',(-0.015,0.0631339745962154,0.163));
#14755=CARTESIAN_POINT('',(0.01125,0.0670310889132453,0.163));
#14756=CARTESIAN_POINT('',(0.012,0.0674641016151376,0.163));
#14757=CARTESIAN_POINT('',(0.009,0.0657320508075687,0.163));
#14758=CARTESIAN_POINT('',(0.01425,0.0661650635094609,0.163));
#14759=CARTESIAN_POINT('',(0.015,0.0657320508075687,0.163));
#14760=CARTESIAN_POINT('',(0.015,0.0648660254037843,0.163));
#14761=CARTESIAN_POINT('',(0.015,0.0622679491924309,0.163));
#14762=CARTESIAN_POINT('',(0.01275,0.0609689110867543,0.163));
#14763=CARTESIAN_POINT('',(0.012,0.0605358983848621,0.163));
#14764=CARTESIAN_POINT('',(0.00975,0.0618349364905387,0.163));
#14765=CARTESIAN_POINT('',(0.009,0.0622679491924309,0.163));
#14766=CARTESIAN_POINT('',(0.009,0.0631339745962154,0.163));
#14767=CARTESIAN_POINT('',(0.064,-0.024,0.163));
#14768=CARTESIAN_POINT('',(0.0655,-0.024,0.163));
#14769=CARTESIAN_POINT('',(-0.064,0.024,0.163));
#14770=CARTESIAN_POINT('',(-0.0625,0.024,0.163));
#14771=CARTESIAN_POINT('',(-0.064,-0.024,0.163));
#14772=CARTESIAN_POINT('',(-0.0625,-0.024,0.163));
#14773=CARTESIAN_POINT('',(-0.024,-0.064,0.163));
#14774=CARTESIAN_POINT('',(-0.0225,-0.064,0.163));
#14775=CARTESIAN_POINT('',(-0.024,0.064,0.163));
#14776=CARTESIAN_POINT('',(-0.0225,0.064,0.163));
#14777=CARTESIAN_POINT('',(0.024,-0.064,0.163));
#14778=CARTESIAN_POINT('',(0.0255,-0.064,0.163));
#14779=CARTESIAN_POINT('',(0.064,0.024,0.163));
#14780=CARTESIAN_POINT('',(0.0655,0.024,0.163));
#14781=CARTESIAN_POINT('',(0.024,0.064,0.163));
#14782=CARTESIAN_POINT('',(0.0255,0.064,0.163));
#14783=CARTESIAN_POINT('',(0.064,-0.064,0.163));
#14784=CARTESIAN_POINT('',(0.0494763124517222,-0.06025,0.163));
#14785=CARTESIAN_POINT('',(0.06025,-0.0494763124517224,0.163));
#14786=CARTESIAN_POINT('',(0.059,-0.0446350832689631,0.163));
#14787=CARTESIAN_POINT('',(0.064,-0.0446350832689631,0.163));
#14788=CARTESIAN_POINT('',(0.064,-0.0360675416344816,0.163));
#14789=CARTESIAN_POINT('',(0.064,-0.0275,0.163));
#14790=CARTESIAN_POINT('',(0.064,-0.024,0.163));
#14791=CARTESIAN_POINT('',(0.064,-0.0205,0.163));
#14792=CARTESIAN_POINT('',(0.064,-0.018,0.163));
#14793=CARTESIAN_POINT('',(0.064,-0.0155,0.163));
#14794=CARTESIAN_POINT('',(0.064,-0.0120000000000002,0.163));
#14795=CARTESIAN_POINT('',(0.064,-0.00850000000000019,0.163));
#14796=CARTESIAN_POINT('',(0.064,-0.00425000000000019,0.163));
#14797=CARTESIAN_POINT('',(0.064,0.00849999999999981,0.163));
#14798=CARTESIAN_POINT('',(0.064,0.0119999999999998,0.163));
#14799=CARTESIAN_POINT('',(0.064,0.0155,0.163));
#14800=CARTESIAN_POINT('',(0.064,0.018,0.163));
#14801=CARTESIAN_POINT('',(0.064,0.0205,0.163));
#14802=CARTESIAN_POINT('',(0.064,0.024,0.163));
#14803=CARTESIAN_POINT('',(0.064,0.0275,0.163));
#14804=CARTESIAN_POINT('',(0.064,0.0360675416344813,0.163));
#14805=CARTESIAN_POINT('',(0.064,0.0446350832689627,0.163));
#14806=CARTESIAN_POINT('',(0.059,0.0446350832689627,0.163));
#14807=CARTESIAN_POINT('',(0.06025,0.049476312451722,0.163));
#14808=CARTESIAN_POINT('',(0.064,0.064,0.163));
#14809=CARTESIAN_POINT('',(0.0494763124517222,0.06025,0.163));
#14810=CARTESIAN_POINT('',(0.0446350832689629,0.059,0.163));
#14811=CARTESIAN_POINT('',(0.0446350832689629,0.064,0.163));
#14812=CARTESIAN_POINT('',(0.0360675416344815,0.064,0.163));
#14813=CARTESIAN_POINT('',(0.0275,0.064,0.163));
#14814=CARTESIAN_POINT('',(0.024,0.064,0.163));
#14815=CARTESIAN_POINT('',(0.0205,0.064,0.163));
#14816=CARTESIAN_POINT('',(0.018,0.064,0.163));
#14817=CARTESIAN_POINT('',(0.0155,0.064,0.163));
#14818=CARTESIAN_POINT('',(0.012,0.064,0.163));
#14819=CARTESIAN_POINT('',(0.0085,0.064,0.163));
#14820=CARTESIAN_POINT('',(0.00425,0.064,0.163));
#14821=CARTESIAN_POINT('',(-0.0085,0.064,0.163));
#14822=CARTESIAN_POINT('',(-0.012,0.064,0.163));
#14823=CARTESIAN_POINT('',(-0.0155,0.064,0.163));
#14824=CARTESIAN_POINT('',(-0.018,0.064,0.163));
#14825=CARTESIAN_POINT('',(-0.0205,0.064,0.163));
#14826=CARTESIAN_POINT('',(-0.024,0.064,0.163));
#14827=CARTESIAN_POINT('',(-0.0275,0.064,0.163));
#14828=CARTESIAN_POINT('',(-0.0360675416344815,0.064,0.163));
#14829=CARTESIAN_POINT('',(-0.0446350832689629,0.064,0.163));
#14830=CARTESIAN_POINT('',(-0.0446350832689629,0.059,0.163));
#14831=CARTESIAN_POINT('',(-0.0494763124517222,0.06025,0.163));
#14832=CARTESIAN_POINT('',(-0.064,0.064,0.163));
#14833=CARTESIAN_POINT('',(-0.06025,0.049476312451722,0.163));
#14834=CARTESIAN_POINT('',(-0.059,0.0446350832689627,0.163));
#14835=CARTESIAN_POINT('',(-0.064,0.0446350832689627,0.163));
#14836=CARTESIAN_POINT('',(-0.064,0.0360675416344813,0.163));
#14837=CARTESIAN_POINT('',(-0.064,0.0275,0.163));
#14838=CARTESIAN_POINT('',(-0.064,0.024,0.163));
#14839=CARTESIAN_POINT('',(-0.064,0.0205,0.163));
#14840=CARTESIAN_POINT('',(-0.064,0.018,0.163));
#14841=CARTESIAN_POINT('',(-0.064,0.0155,0.163));
#14842=CARTESIAN_POINT('',(-0.064,0.0119999999999998,0.163));
#14843=CARTESIAN_POINT('',(-0.064,0.00849999999999981,0.163));
#14844=CARTESIAN_POINT('',(-0.064,0.00424999999999981,0.163));
#14845=CARTESIAN_POINT('',(-0.064,-0.00850000000000019,0.163));
#14846=CARTESIAN_POINT('',(-0.064,-0.0120000000000002,0.163));
#14847=CARTESIAN_POINT('',(-0.064,-0.0155,0.163));
#14848=CARTESIAN_POINT('',(-0.064,-0.018,0.163));
#14849=CARTESIAN_POINT('',(-0.064,-0.0205,0.163));
#14850=CARTESIAN_POINT('',(-0.064,-0.024,0.163));
#14851=CARTESIAN_POINT('',(-0.064,-0.0275,0.163));
#14852=CARTESIAN_POINT('',(-0.064,-0.0360675416344816,0.163));
#14853=CARTESIAN_POINT('',(-0.064,-0.0446350832689631,0.163));
#14854=CARTESIAN_POINT('',(-0.059,-0.0446350832689631,0.163));
#14855=CARTESIAN_POINT('',(-0.06025,-0.0494763124517224,0.163));
#14856=CARTESIAN_POINT('',(-0.064,-0.064,0.163));
#14857=CARTESIAN_POINT('',(-0.0494763124517222,-0.06025,0.163));
#14858=CARTESIAN_POINT('',(-0.0446350832689629,-0.059,0.163));
#14859=CARTESIAN_POINT('',(-0.0446350832689629,-0.064,0.163));
#14860=CARTESIAN_POINT('',(-0.0360675416344815,-0.064,0.163));
#14861=CARTESIAN_POINT('',(-0.0275,-0.064,0.163));
#14862=CARTESIAN_POINT('',(-0.024,-0.064,0.163));
#14863=CARTESIAN_POINT('',(-0.0205,-0.064,0.163));
#14864=CARTESIAN_POINT('',(-0.018,-0.064,0.163));
#14865=CARTESIAN_POINT('',(-0.0155,-0.064,0.163));
#14866=CARTESIAN_POINT('',(-0.012,-0.064,0.163));
#14867=CARTESIAN_POINT('',(-0.0085,-0.064,0.163));
#14868=CARTESIAN_POINT('',(-0.00425,-0.064,0.163));
#14869=CARTESIAN_POINT('',(0.0085,-0.064,0.163));
#14870=CARTESIAN_POINT('',(0.012,-0.064,0.163));
#14871=CARTESIAN_POINT('',(0.0155,-0.064,0.163));
#14872=CARTESIAN_POINT('',(0.018,-0.064,0.163));
#14873=CARTESIAN_POINT('',(0.0205,-0.064,0.163));
#14874=CARTESIAN_POINT('',(0.024,-0.064,0.163));
#14875=CARTESIAN_POINT('',(0.0275,-0.064,0.163));
#14876=CARTESIAN_POINT('',(0.0360675416344815,-0.064,0.163));
#14877=CARTESIAN_POINT('',(0.0446350832689629,-0.064,0.163));
#14878=CARTESIAN_POINT('',(0.0446350832689629,-0.059,0.163));
#14879=CARTESIAN_POINT('',(-0.06475,0.0150310889132454,0.163));
#14880=CARTESIAN_POINT('',(-0.064,0.0154641016151375,0.163));
#14881=CARTESIAN_POINT('',(-0.067,0.0137320508075687,0.163));
#14882=CARTESIAN_POINT('',(-0.06175,0.0141650635094609,0.163));
#14883=CARTESIAN_POINT('',(-0.061,0.0137320508075687,0.163));
#14884=CARTESIAN_POINT('',(-0.061,0.0128660254037842,0.163));
#14885=CARTESIAN_POINT('',(-0.061,0.0102679491924309,0.163));
#14886=CARTESIAN_POINT('',(-0.06325,0.00896891108675427,0.163));
#14887=CARTESIAN_POINT('',(-0.064,0.00853589838486206,0.163));
#14888=CARTESIAN_POINT('',(-0.06625,0.00983493649053871,0.163));
#14889=CARTESIAN_POINT('',(-0.067,0.0102679491924309,0.163));
#14890=CARTESIAN_POINT('',(-0.067,0.0111339745962154,0.163));
#14891=CARTESIAN_POINT('',(-0.00975,-0.0618349364905391,0.163));
#14892=CARTESIAN_POINT('',(-0.009,-0.0622679491924313,0.163));
#14893=CARTESIAN_POINT('',(-0.012,-0.0605358983848624,0.163));
#14894=CARTESIAN_POINT('',(-0.009,-0.0631339745962158,0.163));
#14895=CARTESIAN_POINT('',(-0.009,-0.0657320508075691,0.163));
#14896=CARTESIAN_POINT('',(-0.01125,-0.0670310889132457,0.163));
#14897=CARTESIAN_POINT('',(-0.012,-0.067464101615138,0.163));
#14898=CARTESIAN_POINT('',(-0.01425,-0.0661650635094613,0.163));
#14899=CARTESIAN_POINT('',(-0.015,-0.0657320508075691,0.163));
#14900=CARTESIAN_POINT('',(-0.015,-0.0648660254037846,0.163));
#14901=CARTESIAN_POINT('',(-0.015,-0.0622679491924313,0.163));
#14902=CARTESIAN_POINT('',(-0.01275,-0.0609689110867547,0.163));
#14903=CARTESIAN_POINT('',(0.06625,-0.00983493649053909,0.163));
#14904=CARTESIAN_POINT('',(0.067,-0.0102679491924313,0.163));
#14905=CARTESIAN_POINT('',(0.064,-0.00853589838486244,0.163));
#14906=CARTESIAN_POINT('',(0.067,-0.0111339745962157,0.163));
#14907=CARTESIAN_POINT('',(0.067,-0.0137320508075691,0.163));
#14908=CARTESIAN_POINT('',(0.06475,-0.0150310889132457,0.163));
#14909=CARTESIAN_POINT('',(0.064,-0.015464101615138,0.163));
#14910=CARTESIAN_POINT('',(0.06175,-0.0141650635094613,0.163));
#14911=CARTESIAN_POINT('',(0.061,-0.0137320508075691,0.163));
#14912=CARTESIAN_POINT('',(0.061,-0.0128660254037846,0.163));
#14913=CARTESIAN_POINT('',(0.061,-0.0102679491924313,0.163));
#14914=CARTESIAN_POINT('',(0.06325,-0.00896891108675466,0.163));
#14915=CARTESIAN_POINT('',(-0.06175,-0.00983493649053909,0.163));
#14916=CARTESIAN_POINT('',(-0.061,-0.0102679491924313,0.163));
#14917=CARTESIAN_POINT('',(-0.064,-0.00853589838486244,0.163));
#14918=CARTESIAN_POINT('',(-0.061,-0.0111339745962157,0.163));
#14919=CARTESIAN_POINT('',(-0.061,-0.0137320508075691,0.163));
#14920=CARTESIAN_POINT('',(-0.06325,-0.0150310889132457,0.163));
#14921=CARTESIAN_POINT('',(-0.064,-0.015464101615138,0.163));
#14922=CARTESIAN_POINT('',(-0.06625,-0.0141650635094613,0.163));
#14923=CARTESIAN_POINT('',(-0.067,-0.0137320508075691,0.163));
#14924=CARTESIAN_POINT('',(-0.067,-0.0128660254037846,0.163));
#14925=CARTESIAN_POINT('',(-0.067,-0.0102679491924313,0.163));
#14926=CARTESIAN_POINT('',(-0.06475,-0.00896891108675466,0.163));
#14927=CARTESIAN_POINT('',(0.0640000000000023,-0.0120000000000007,0.086));
#14928=CARTESIAN_POINT('',(0.0640000000000023,-0.0120000000000007,0.086));
#14929=CARTESIAN_POINT('',(0.0650000000000023,-0.0120000000000007,0.086));
#14930=CARTESIAN_POINT('',(0.064,-0.012,0.086));
#14931=CARTESIAN_POINT('',(0.0655,-0.012,0.086));
#14932=CARTESIAN_POINT('',(0.0640000000000023,-0.0120000000000007,0.0469999999999994));
#14933=CARTESIAN_POINT('',(0.0640000000000023,-0.0120000000000007,0.0469999999999994));
#14934=CARTESIAN_POINT('',(0.0650000000000023,-0.0120000000000007,0.0469999999999994));
#14935=CARTESIAN_POINT('',(0.0640000000000015,-0.0120000000000006,0.0469999999999994));
#14936=CARTESIAN_POINT('',(0.0655000000000015,-0.0120000000000006,0.0469999999999994));
#14937=CARTESIAN_POINT('',(0.0640000000000023,-0.0120000000000007,0.086));
#14938=CARTESIAN_POINT('',(5.13478148889135E-16,0.,0.086));
#14939=CARTESIAN_POINT('',(0.0670000000000031,0.0128660254037842,0.086));
#14940=CARTESIAN_POINT('',(0.0670000000000031,0.0102679491924308,0.086));
#14941=CARTESIAN_POINT('',(0.0670000000000031,0.0137320508075686,0.086));
#14942=CARTESIAN_POINT('',(0.0662500000000031,0.0141650635094608,0.086));
#14943=CARTESIAN_POINT('',(0.0640000000000031,0.0154641016151374,0.086));
#14944=CARTESIAN_POINT('',(0.0632500000000031,0.0150310889132452,0.086));
#14945=CARTESIAN_POINT('',(0.0610000000000031,0.0137320508075686,0.086));
#14946=CARTESIAN_POINT('',(0.0610000000000031,0.0111339745962153,0.086));
#14947=CARTESIAN_POINT('',(0.0610000000000031,0.0102679491924308,0.086));
#14948=CARTESIAN_POINT('',(0.0617500000000031,0.00983493649053862,0.086));
#14949=CARTESIAN_POINT('',(0.0640000000000031,0.00853589838486197,0.086));
#14950=CARTESIAN_POINT('',(0.0647500000000031,0.00896891108675418,0.086));
#14951=CARTESIAN_POINT('',(-0.061749999999999,0.0141650635094609,0.086));
#14952=CARTESIAN_POINT('',(-0.060999999999999,0.0137320508075686,0.086));
#14953=CARTESIAN_POINT('',(-0.063999999999999,0.0154641016151375,0.086));
#14954=CARTESIAN_POINT('',(-0.064749999999999,0.0150310889132453,0.086));
#14955=CARTESIAN_POINT('',(-0.066999999999999,0.0137320508075686,0.086));
#14956=CARTESIAN_POINT('',(-0.066999999999999,0.0111339745962153,0.086));
#14957=CARTESIAN_POINT('',(-0.066999999999999,0.0102679491924309,0.086));
#14958=CARTESIAN_POINT('',(-0.066249999999999,0.00983493649053868,0.086));
#14959=CARTESIAN_POINT('',(-0.063999999999999,0.00853589838486202,0.086));
#14960=CARTESIAN_POINT('',(-0.063249999999999,0.00896891108675424,0.086));
#14961=CARTESIAN_POINT('',(-0.060999999999999,0.0102679491924309,0.086));
#14962=CARTESIAN_POINT('',(-0.060999999999999,0.0128660254037842,0.086));
#14963=CARTESIAN_POINT('',(-0.061749999999999,-0.0098349364905388,0.086));
#14964=CARTESIAN_POINT('',(-0.060999999999999,-0.010267949192431,0.086));
#14965=CARTESIAN_POINT('',(-0.063999999999999,-0.00853589838486215,0.086));
#14966=CARTESIAN_POINT('',(-0.064749999999999,-0.00896891108675437,0.086));
#14967=CARTESIAN_POINT('',(-0.066999999999999,-0.010267949192431,0.086));
#14968=CARTESIAN_POINT('',(-0.066999999999999,-0.0128660254037843,0.086));
#14969=CARTESIAN_POINT('',(-0.066999999999999,-0.0137320508075688,0.086));
#14970=CARTESIAN_POINT('',(-0.066249999999999,-0.014165063509461,0.086));
#14971=CARTESIAN_POINT('',(-0.063999999999999,-0.0154641016151377,0.086));
#14972=CARTESIAN_POINT('',(-0.063249999999999,-0.0150310889132455,0.086));
#14973=CARTESIAN_POINT('',(-0.060999999999999,-0.0137320508075688,0.086));
#14974=CARTESIAN_POINT('',(-0.060999999999999,-0.0111339745962155,0.086));
#14975=CARTESIAN_POINT('',(0.0120000000000005,-0.064,0.086));
#14976=CARTESIAN_POINT('',(0.0135000000000005,-0.064,0.086));
#14977=CARTESIAN_POINT('',(0.064,-0.024,0.086));
#14978=CARTESIAN_POINT('',(0.0655,-0.024,0.086));
#14979=CARTESIAN_POINT('',(-0.0119999999999995,0.064,0.086));
#14980=CARTESIAN_POINT('',(-0.0104999999999995,0.064,0.086));
#14981=CARTESIAN_POINT('',(-0.0119999999999995,-0.064,0.086));
#14982=CARTESIAN_POINT('',(-0.0104999999999995,-0.064,0.086));
#14983=CARTESIAN_POINT('',(-0.064,0.024,0.086));
#14984=CARTESIAN_POINT('',(-0.0625,0.024,0.086));
#14985=CARTESIAN_POINT('',(-0.064,-0.024,0.086));
#14986=CARTESIAN_POINT('',(-0.0625,-0.024,0.086));
#14987=CARTESIAN_POINT('',(-0.0239999999999995,-0.064,0.086));
#14988=CARTESIAN_POINT('',(-0.0224999999999995,-0.064,0.086));
#14989=CARTESIAN_POINT('',(-0.0239999999999995,0.064,0.086));
#14990=CARTESIAN_POINT('',(-0.0224999999999995,0.064,0.086));
#14991=CARTESIAN_POINT('',(0.064,0.024,0.086));
#14992=CARTESIAN_POINT('',(0.0655,0.024,0.086));
#14993=CARTESIAN_POINT('',(0.0120000000000005,0.064,0.086));
#14994=CARTESIAN_POINT('',(0.0135000000000005,0.064,0.086));
#14995=CARTESIAN_POINT('',(0.064,-0.064,0.086));
#14996=CARTESIAN_POINT('',(0.0494763124517227,-0.06025,0.086));
#14997=CARTESIAN_POINT('',(0.06025,-0.0494763124517222,0.086));
#14998=CARTESIAN_POINT('',(0.0446350832689635,-0.059,0.086));
#14999=CARTESIAN_POINT('',(0.0446350832689635,-0.064,0.086));
#15000=CARTESIAN_POINT('',(0.036067541634482,-0.064,0.086));
#15001=CARTESIAN_POINT('',(0.0275000000000005,-0.064,0.086));
#15002=CARTESIAN_POINT('',(0.0240000000000005,-0.064,0.086));
#15003=CARTESIAN_POINT('',(0.0205000000000005,-0.064,0.086));
#15004=CARTESIAN_POINT('',(0.0180000000000005,-0.064,0.086));
#15005=CARTESIAN_POINT('',(0.0155000000000005,-0.064,0.086));
#15006=CARTESIAN_POINT('',(0.0120000000000005,-0.064,0.086));
#15007=CARTESIAN_POINT('',(0.00850000000000051,-0.064,0.086));
#15008=CARTESIAN_POINT('',(-0.00424999999999949,-0.064,0.086));
#15009=CARTESIAN_POINT('',(-0.00849999999999948,-0.064,0.086));
#15010=CARTESIAN_POINT('',(-0.0119999999999995,-0.064,0.086));
#15011=CARTESIAN_POINT('',(-0.0154999999999995,-0.064,0.086));
#15012=CARTESIAN_POINT('',(-0.0179999999999995,-0.064,0.086));
#15013=CARTESIAN_POINT('',(-0.0204999999999995,-0.064,0.086));
#15014=CARTESIAN_POINT('',(-0.0239999999999995,-0.064,0.086));
#15015=CARTESIAN_POINT('',(-0.0274999999999995,-0.064,0.086));
#15016=CARTESIAN_POINT('',(-0.036067541634481,-0.064,0.086));
#15017=CARTESIAN_POINT('',(-0.0446350832689624,-0.064,0.086));
#15018=CARTESIAN_POINT('',(-0.0446350832689624,-0.059,0.086));
#15019=CARTESIAN_POINT('',(-0.0494763124517217,-0.06025,0.086));
#15020=CARTESIAN_POINT('',(-0.064,-0.064,0.086));
#15021=CARTESIAN_POINT('',(-0.06025,-0.0494763124517222,0.086));
#15022=CARTESIAN_POINT('',(-0.059,-0.0446350832689629,0.086));
#15023=CARTESIAN_POINT('',(-0.064,-0.0446350832689629,0.086));
#15024=CARTESIAN_POINT('',(-0.064,-0.0360675416344815,0.086));
#15025=CARTESIAN_POINT('',(-0.064,-0.0275,0.086));
#15026=CARTESIAN_POINT('',(-0.064,-0.024,0.086));
#15027=CARTESIAN_POINT('',(-0.064,-0.0205,0.086));
#15028=CARTESIAN_POINT('',(-0.064,-0.018,0.086));
#15029=CARTESIAN_POINT('',(-0.064,-0.0155,0.086));
#15030=CARTESIAN_POINT('',(-0.064,-0.012,0.086));
#15031=CARTESIAN_POINT('',(-0.064,-0.0085,0.086));
#15032=CARTESIAN_POINT('',(-0.064,0.00425,0.086));
#15033=CARTESIAN_POINT('',(-0.064,0.0085,0.086));
#15034=CARTESIAN_POINT('',(-0.064,0.012,0.086));
#15035=CARTESIAN_POINT('',(-0.064,0.0155,0.086));
#15036=CARTESIAN_POINT('',(-0.064,0.018,0.086));
#15037=CARTESIAN_POINT('',(-0.064,0.0205,0.086));
#15038=CARTESIAN_POINT('',(-0.064,0.024,0.086));
#15039=CARTESIAN_POINT('',(-0.064,0.0275,0.086));
#15040=CARTESIAN_POINT('',(-0.064,0.0360675416344815,0.086));
#15041=CARTESIAN_POINT('',(-0.064,0.0446350832689629,0.086));
#15042=CARTESIAN_POINT('',(-0.059,0.0446350832689629,0.086));
#15043=CARTESIAN_POINT('',(-0.06025,0.0494763124517222,0.086));
#15044=CARTESIAN_POINT('',(-0.064,0.064,0.086));
#15045=CARTESIAN_POINT('',(-0.0494763124517216,0.06025,0.086));
#15046=CARTESIAN_POINT('',(-0.0446350832689624,0.059,0.086));
#15047=CARTESIAN_POINT('',(-0.0446350832689624,0.064,0.086));
#15048=CARTESIAN_POINT('',(-0.036067541634481,0.064,0.086));
#15049=CARTESIAN_POINT('',(-0.0274999999999995,0.064,0.086));
#15050=CARTESIAN_POINT('',(-0.0239999999999995,0.064,0.086));
#15051=CARTESIAN_POINT('',(-0.0204999999999995,0.064,0.086));
#15052=CARTESIAN_POINT('',(-0.0179999999999995,0.064,0.086));
#15053=CARTESIAN_POINT('',(-0.0154999999999995,0.064,0.086));
#15054=CARTESIAN_POINT('',(-0.0119999999999995,0.064,0.086));
#15055=CARTESIAN_POINT('',(-0.00849999999999948,0.064,0.086));
#15056=CARTESIAN_POINT('',(0.00425000000000051,0.064,0.086));
#15057=CARTESIAN_POINT('',(0.00850000000000051,0.064,0.086));
#15058=CARTESIAN_POINT('',(0.0120000000000005,0.064,0.086));
#15059=CARTESIAN_POINT('',(0.0155000000000005,0.064,0.086));
#15060=CARTESIAN_POINT('',(0.0180000000000005,0.064,0.086));
#15061=CARTESIAN_POINT('',(0.0205000000000005,0.064,0.086));
#15062=CARTESIAN_POINT('',(0.0240000000000005,0.064,0.086));
#15063=CARTESIAN_POINT('',(0.0275000000000005,0.064,0.086));
#15064=CARTESIAN_POINT('',(0.036067541634482,0.064,0.086));
#15065=CARTESIAN_POINT('',(0.0446350832689634,0.064,0.086));
#15066=CARTESIAN_POINT('',(0.0446350832689634,0.059,0.086));
#15067=CARTESIAN_POINT('',(0.0494763124517227,0.06025,0.086));
#15068=CARTESIAN_POINT('',(0.064,0.064,0.086));
#15069=CARTESIAN_POINT('',(0.06025,0.0494763124517222,0.086));
#15070=CARTESIAN_POINT('',(0.059,0.0446350832689629,0.086));
#15071=CARTESIAN_POINT('',(0.064,0.0446350832689629,0.086));
#15072=CARTESIAN_POINT('',(0.064,0.0360675416344815,0.086));
#15073=CARTESIAN_POINT('',(0.064,0.0275,0.086));
#15074=CARTESIAN_POINT('',(0.064,0.024,0.086));
#15075=CARTESIAN_POINT('',(0.064,0.0205,0.086));
#15076=CARTESIAN_POINT('',(0.064,0.018,0.086));
#15077=CARTESIAN_POINT('',(0.064,0.0155,0.086));
#15078=CARTESIAN_POINT('',(0.064,0.012,0.086));
#15079=CARTESIAN_POINT('',(0.064,0.0085,0.086));
#15080=CARTESIAN_POINT('',(0.064,-0.00425,0.086));
#15081=CARTESIAN_POINT('',(0.064,-0.0085,0.086));
#15082=CARTESIAN_POINT('',(0.064,-0.012,0.086));
#15083=CARTESIAN_POINT('',(0.064,-0.0155,0.086));
#15084=CARTESIAN_POINT('',(0.064,-0.018,0.086));
#15085=CARTESIAN_POINT('',(0.064,-0.0205,0.086));
#15086=CARTESIAN_POINT('',(0.064,-0.024,0.086));
#15087=CARTESIAN_POINT('',(0.064,-0.0275,0.086));
#15088=CARTESIAN_POINT('',(0.064,-0.0360675416344815,0.086));
#15089=CARTESIAN_POINT('',(0.064,-0.0446350832689629,0.086));
#15090=CARTESIAN_POINT('',(0.059,-0.0446350832689629,0.086));
#15091=CARTESIAN_POINT('',(0.0262500000000021,0.0661650635094621,0.086));
#15092=CARTESIAN_POINT('',(0.0270000000000021,0.0657320508075698,0.086));
#15093=CARTESIAN_POINT('',(0.0240000000000021,0.0674641016151387,0.086));
#15094=CARTESIAN_POINT('',(0.0232500000000021,0.0670310889132465,0.086));
#15095=CARTESIAN_POINT('',(0.0210000000000021,0.0657320508075698,0.086));
#15096=CARTESIAN_POINT('',(0.0210000000000021,0.0631339745962165,0.086));
#15097=CARTESIAN_POINT('',(0.0210000000000021,0.0622679491924321,0.086));
#15098=CARTESIAN_POINT('',(0.0217500000000021,0.0618349364905399,0.086));
#15099=CARTESIAN_POINT('',(0.0240000000000022,0.0605358983848632,0.086));
#15100=CARTESIAN_POINT('',(0.0247500000000021,0.0609689110867554,0.086));
#15101=CARTESIAN_POINT('',(0.0270000000000021,0.0622679491924321,0.086));
#15102=CARTESIAN_POINT('',(0.0270000000000021,0.0648660254037854,0.086));
#15103=CARTESIAN_POINT('',(0.0262500000000021,-0.061834936490541,0.086));
#15104=CARTESIAN_POINT('',(0.0270000000000021,-0.0622679491924332,0.086));
#15105=CARTESIAN_POINT('',(0.0240000000000022,-0.0605358983848644,0.086));
#15106=CARTESIAN_POINT('',(0.0232500000000021,-0.0609689110867566,0.086));
#15107=CARTESIAN_POINT('',(0.0210000000000021,-0.0622679491924332,0.086));
#15108=CARTESIAN_POINT('',(0.0210000000000021,-0.0648660254037866,0.086));
#15109=CARTESIAN_POINT('',(0.0210000000000022,-0.065732050807571,0.086));
#15110=CARTESIAN_POINT('',(0.0217500000000021,-0.0661650635094632,0.086));
#15111=CARTESIAN_POINT('',(0.0240000000000021,-0.0674641016151399,0.086));
#15112=CARTESIAN_POINT('',(0.0247500000000021,-0.0670310889132477,0.086));
#15113=CARTESIAN_POINT('',(0.0270000000000021,-0.065732050807571,0.086));
#15114=CARTESIAN_POINT('',(0.0270000000000021,-0.0631339745962177,0.086));
#15115=CARTESIAN_POINT('',(0.0670000000000023,-0.0111339745962163,0.086));
#15116=CARTESIAN_POINT('',(0.0670000000000023,-0.0137320508075696,0.086));
#15117=CARTESIAN_POINT('',(0.0670000000000023,-0.0102679491924318,0.086));
#15118=CARTESIAN_POINT('',(0.0662500000000023,-0.00983493649053961,0.086));
#15119=CARTESIAN_POINT('',(0.0640000000000023,-0.00853589838486295,0.086));
#15120=CARTESIAN_POINT('',(0.0632500000000023,-0.00896891108675517,0.086));
#15121=CARTESIAN_POINT('',(0.0610000000000023,-0.0102679491924318,0.086));
#15122=CARTESIAN_POINT('',(0.0610000000000023,-0.0128660254037851,0.086));
#15123=CARTESIAN_POINT('',(0.0610000000000023,-0.0137320508075696,0.086));
#15124=CARTESIAN_POINT('',(0.0617500000000023,-0.0141650635094618,0.086));
#15125=CARTESIAN_POINT('',(0.0640000000000023,-0.0154641016151384,0.086));
#15126=CARTESIAN_POINT('',(0.0647500000000023,-0.0150310889132463,0.086));
#15127=CARTESIAN_POINT('',(1.54043444666738E-15,-5.68989300120384E-16,0.0469999999999994));
#15128=CARTESIAN_POINT('',(0.0662500000000031,0.0141650635094608,0.047));
#15129=CARTESIAN_POINT('',(0.0670000000000031,0.0137320508075686,0.047));
#15130=CARTESIAN_POINT('',(0.0640000000000031,0.0154641016151375,0.0469999999999994));
#15131=CARTESIAN_POINT('',(0.0670000000000031,0.0128660254037842,0.047));
#15132=CARTESIAN_POINT('',(0.0670000000000031,0.0102679491924308,0.0469999999999994));
#15133=CARTESIAN_POINT('',(0.0647500000000031,0.00896891108675418,0.047));
#15134=CARTESIAN_POINT('',(0.0640000000000031,0.00853589838486196,0.0469999999999994));
#15135=CARTESIAN_POINT('',(0.0617500000000031,0.00983493649053862,0.047));
#15136=CARTESIAN_POINT('',(0.0610000000000031,0.0102679491924308,0.0469999999999994));
#15137=CARTESIAN_POINT('',(0.0610000000000031,0.0111339745962153,0.047));
#15138=CARTESIAN_POINT('',(0.0610000000000031,0.0137320508075686,0.0469999999999994));
#15139=CARTESIAN_POINT('',(0.0632500000000031,0.0150310889132452,0.047));
#15140=CARTESIAN_POINT('',(-0.064749999999999,-0.00896891108675437,0.0469999999999993));
#15141=CARTESIAN_POINT('',(-0.063999999999999,-0.00853589838486215,0.0469999999999993));
#15142=CARTESIAN_POINT('',(-0.066999999999999,-0.010267949192431,0.0469999999999993));
#15143=CARTESIAN_POINT('',(-0.061749999999999,-0.0098349364905388,0.0469999999999993));
#15144=CARTESIAN_POINT('',(-0.060999999999999,-0.010267949192431,0.0469999999999993));
#15145=CARTESIAN_POINT('',(-0.060999999999999,-0.0111339745962155,0.0469999999999993));
#15146=CARTESIAN_POINT('',(-0.060999999999999,-0.0137320508075688,0.0469999999999994));
#15147=CARTESIAN_POINT('',(-0.063249999999999,-0.0150310889132455,0.0469999999999993));
#15148=CARTESIAN_POINT('',(-0.063999999999999,-0.0154641016151377,0.0469999999999993));
#15149=CARTESIAN_POINT('',(-0.066249999999999,-0.014165063509461,0.0469999999999993));
#15150=CARTESIAN_POINT('',(-0.066999999999999,-0.0137320508075688,0.0469999999999993));
#15151=CARTESIAN_POINT('',(-0.066999999999999,-0.0128660254037843,0.0469999999999993));
#15152=CARTESIAN_POINT('',(-0.064749999999999,0.0150310889132453,0.0469999999999993));
#15153=CARTESIAN_POINT('',(-0.063999999999999,0.0154641016151375,0.0469999999999993));
#15154=CARTESIAN_POINT('',(-0.066999999999999,0.0137320508075686,0.0469999999999993));
#15155=CARTESIAN_POINT('',(-0.061749999999999,0.0141650635094609,0.0469999999999993));
#15156=CARTESIAN_POINT('',(-0.060999999999999,0.0137320508075686,0.0469999999999993));
#15157=CARTESIAN_POINT('',(-0.060999999999999,0.0128660254037842,0.0469999999999993));
#15158=CARTESIAN_POINT('',(-0.060999999999999,0.0102679491924309,0.0469999999999994));
#15159=CARTESIAN_POINT('',(-0.063249999999999,0.00896891108675424,0.0469999999999993));
#15160=CARTESIAN_POINT('',(-0.063999999999999,0.00853589838486202,0.0469999999999993));
#15161=CARTESIAN_POINT('',(-0.066249999999999,0.00983493649053868,0.0469999999999993));
#15162=CARTESIAN_POINT('',(-0.066999999999999,0.0102679491924309,0.0469999999999993));
#15163=CARTESIAN_POINT('',(-0.066999999999999,0.0111339745962153,0.0469999999999993));
#15164=CARTESIAN_POINT('',(0.0120000000000015,-0.064,0.0469999999999994));
#15165=CARTESIAN_POINT('',(0.0135000000000015,-0.064,0.0469999999999994));
#15166=CARTESIAN_POINT('',(0.0640000000000015,-0.0240000000000006,0.0469999999999994));
#15167=CARTESIAN_POINT('',(0.0655000000000015,-0.0240000000000006,0.0469999999999994));
#15168=CARTESIAN_POINT('',(-0.0119999999999985,0.064,0.0469999999999994));
#15169=CARTESIAN_POINT('',(-0.0104999999999985,0.064,0.0469999999999994));
#15170=CARTESIAN_POINT('',(-0.0119999999999985,-0.064,0.0469999999999994));
#15171=CARTESIAN_POINT('',(-0.0104999999999985,-0.064,0.0469999999999994));
#15172=CARTESIAN_POINT('',(-0.0639999999999985,0.0239999999999994,0.0469999999999994));
#15173=CARTESIAN_POINT('',(-0.0624999999999985,0.0239999999999994,0.0469999999999994));
#15174=CARTESIAN_POINT('',(-0.0639999999999985,-0.0240000000000006,0.0469999999999994));
#15175=CARTESIAN_POINT('',(-0.0624999999999985,-0.0240000000000006,0.0469999999999994));
#15176=CARTESIAN_POINT('',(-0.0239999999999984,-0.064,0.0469999999999994));
#15177=CARTESIAN_POINT('',(-0.0224999999999984,-0.064,0.0469999999999994));
#15178=CARTESIAN_POINT('',(-0.0239999999999984,0.064,0.0469999999999994));
#15179=CARTESIAN_POINT('',(-0.0224999999999984,0.064,0.0469999999999994));
#15180=CARTESIAN_POINT('',(0.0640000000000015,0.0239999999999994,0.0469999999999994));
#15181=CARTESIAN_POINT('',(0.0655000000000015,0.0239999999999994,0.0469999999999994));
#15182=CARTESIAN_POINT('',(0.0120000000000015,0.064,0.0469999999999994));
#15183=CARTESIAN_POINT('',(0.0135000000000015,0.064,0.0469999999999994));
#15184=CARTESIAN_POINT('',(0.0640000000000016,-0.064,0.0469999999999994));
#15185=CARTESIAN_POINT('',(0.0494763124517237,-0.06025,0.0469999999999994));
#15186=CARTESIAN_POINT('',(0.0602500000000016,-0.0494763124517228,0.0469999999999994));
#15187=CARTESIAN_POINT('',(0.0590000000000016,-0.0446350832689635,0.0469999999999994));
#15188=CARTESIAN_POINT('',(0.0640000000000015,-0.0446350832689635,0.0469999999999994));
#15189=CARTESIAN_POINT('',(0.0640000000000015,-0.0360675416344821,0.0469999999999994));
#15190=CARTESIAN_POINT('',(0.0640000000000015,-0.0275000000000006,0.0469999999999994));
#15191=CARTESIAN_POINT('',(0.0640000000000015,-0.0240000000000006,0.0469999999999994));
#15192=CARTESIAN_POINT('',(0.0640000000000015,-0.0205000000000006,0.0469999999999994));
#15193=CARTESIAN_POINT('',(0.0640000000000015,-0.0180000000000006,0.0469999999999994));
#15194=CARTESIAN_POINT('',(0.0640000000000015,-0.0155000000000005,0.0469999999999994));
#15195=CARTESIAN_POINT('',(0.0640000000000015,-0.0120000000000006,0.0469999999999994));
#15196=CARTESIAN_POINT('',(0.0640000000000015,-0.00850000000000057,0.0469999999999994));
#15197=CARTESIAN_POINT('',(0.0640000000000015,-0.00425000000000057,0.0469999999999994));
#15198=CARTESIAN_POINT('',(0.0640000000000015,0.00849999999999943,0.0469999999999994));
#15199=CARTESIAN_POINT('',(0.0640000000000015,0.0119999999999994,0.0469999999999994));
#15200=CARTESIAN_POINT('',(0.0640000000000015,0.0154999999999994,0.0469999999999994));
#15201=CARTESIAN_POINT('',(0.0640000000000015,0.0179999999999995,0.0469999999999994));
#15202=CARTESIAN_POINT('',(0.0640000000000015,0.0204999999999994,0.0469999999999994));
#15203=CARTESIAN_POINT('',(0.0640000000000015,0.0239999999999994,0.0469999999999994));
#15204=CARTESIAN_POINT('',(0.0640000000000015,0.0274999999999994,0.0469999999999994));
#15205=CARTESIAN_POINT('',(0.0640000000000015,0.0360675416344809,0.0469999999999994));
#15206=CARTESIAN_POINT('',(0.0640000000000015,0.0446350832689624,0.0469999999999994));
#15207=CARTESIAN_POINT('',(0.0590000000000016,0.0446350832689624,0.0469999999999994));
#15208=CARTESIAN_POINT('',(0.0602500000000016,0.0494763124517216,0.0469999999999994));
#15209=CARTESIAN_POINT('',(0.0640000000000015,0.064,0.0469999999999994));
#15210=CARTESIAN_POINT('',(0.0494763124517237,0.06025,0.0469999999999994));
#15211=CARTESIAN_POINT('',(0.0446350832689645,0.059,0.0469999999999994));
#15212=CARTESIAN_POINT('',(0.0446350832689645,0.064,0.0469999999999994));
#15213=CARTESIAN_POINT('',(0.036067541634483,0.064,0.0469999999999994));
#15214=CARTESIAN_POINT('',(0.0275000000000016,0.064,0.0469999999999994));
#15215=CARTESIAN_POINT('',(0.0240000000000016,0.064,0.0469999999999994));
#15216=CARTESIAN_POINT('',(0.0205000000000016,0.064,0.0469999999999994));
#15217=CARTESIAN_POINT('',(0.0180000000000015,0.064,0.0469999999999994));
#15218=CARTESIAN_POINT('',(0.0155000000000016,0.064,0.0469999999999994));
#15219=CARTESIAN_POINT('',(0.0120000000000015,0.064,0.0469999999999994));
#15220=CARTESIAN_POINT('',(0.00850000000000154,0.064,0.0469999999999994));
#15221=CARTESIAN_POINT('',(0.00425000000000154,0.064,0.0469999999999994));
#15222=CARTESIAN_POINT('',(-0.00849999999999846,0.064,0.0469999999999994));
#15223=CARTESIAN_POINT('',(-0.0119999999999985,0.064,0.0469999999999994));
#15224=CARTESIAN_POINT('',(-0.0154999999999985,0.064,0.0469999999999994));
#15225=CARTESIAN_POINT('',(-0.0179999999999985,0.064,0.0469999999999994));
#15226=CARTESIAN_POINT('',(-0.0204999999999985,0.064,0.0469999999999994));
#15227=CARTESIAN_POINT('',(-0.0239999999999984,0.064,0.0469999999999994));
#15228=CARTESIAN_POINT('',(-0.0274999999999984,0.064,0.0469999999999994));
#15229=CARTESIAN_POINT('',(-0.0360675416344799,0.064,0.0469999999999994));
#15230=CARTESIAN_POINT('',(-0.0446350832689614,0.064,0.0469999999999994));
#15231=CARTESIAN_POINT('',(-0.0446350832689614,0.059,0.0469999999999994));
#15232=CARTESIAN_POINT('',(-0.0494763124517206,0.06025,0.0469999999999994));
#15233=CARTESIAN_POINT('',(-0.0639999999999984,0.064,0.0469999999999994));
#15234=CARTESIAN_POINT('',(-0.0602499999999985,0.0494763124517216,0.0469999999999994));
#15235=CARTESIAN_POINT('',(-0.0589999999999985,0.0446350832689623,0.0469999999999994));
#15236=CARTESIAN_POINT('',(-0.0639999999999985,0.0446350832689623,0.0469999999999994));
#15237=CARTESIAN_POINT('',(-0.0639999999999985,0.0360675416344809,0.0469999999999994));
#15238=CARTESIAN_POINT('',(-0.0639999999999985,0.0274999999999994,0.0469999999999994));
#15239=CARTESIAN_POINT('',(-0.0639999999999985,0.0239999999999994,0.0469999999999994));
#15240=CARTESIAN_POINT('',(-0.0639999999999985,0.0204999999999994,0.0469999999999994));
#15241=CARTESIAN_POINT('',(-0.0639999999999985,0.0179999999999995,0.0469999999999994));
#15242=CARTESIAN_POINT('',(-0.0639999999999985,0.0154999999999994,0.0469999999999994));
#15243=CARTESIAN_POINT('',(-0.0639999999999985,0.0119999999999994,0.0469999999999994));
#15244=CARTESIAN_POINT('',(-0.0639999999999985,0.00849999999999943,0.0469999999999994));
#15245=CARTESIAN_POINT('',(-0.0639999999999985,0.00424999999999943,0.0469999999999994));
#15246=CARTESIAN_POINT('',(-0.0639999999999985,-0.00850000000000057,0.0469999999999994));
#15247=CARTESIAN_POINT('',(-0.0639999999999985,-0.0120000000000006,0.0469999999999994));
#15248=CARTESIAN_POINT('',(-0.0639999999999985,-0.0155000000000005,0.0469999999999994));
#15249=CARTESIAN_POINT('',(-0.0639999999999985,-0.0180000000000006,0.0469999999999994));
#15250=CARTESIAN_POINT('',(-0.0639999999999985,-0.0205000000000006,0.0469999999999994));
#15251=CARTESIAN_POINT('',(-0.0639999999999985,-0.0240000000000006,0.0469999999999994));
#15252=CARTESIAN_POINT('',(-0.0639999999999985,-0.0275000000000006,0.0469999999999994));
#15253=CARTESIAN_POINT('',(-0.0639999999999985,-0.0360675416344821,0.0469999999999994));
#15254=CARTESIAN_POINT('',(-0.0639999999999985,-0.0446350832689635,0.0469999999999994));
#15255=CARTESIAN_POINT('',(-0.0589999999999985,-0.0446350832689635,0.0469999999999994));
#15256=CARTESIAN_POINT('',(-0.0602499999999985,-0.0494763124517227,0.0469999999999994));
#15257=CARTESIAN_POINT('',(-0.0639999999999985,-0.064,0.0469999999999994));
#15258=CARTESIAN_POINT('',(-0.0494763124517206,-0.06025,0.0469999999999994));
#15259=CARTESIAN_POINT('',(-0.0446350832689614,-0.059,0.0469999999999994));
#15260=CARTESIAN_POINT('',(-0.0446350832689614,-0.064,0.0469999999999994));
#15261=CARTESIAN_POINT('',(-0.0360675416344799,-0.064,0.0469999999999994));
#15262=CARTESIAN_POINT('',(-0.0274999999999984,-0.064,0.0469999999999994));
#15263=CARTESIAN_POINT('',(-0.0239999999999984,-0.064,0.0469999999999994));
#15264=CARTESIAN_POINT('',(-0.0204999999999985,-0.064,0.0469999999999994));
#15265=CARTESIAN_POINT('',(-0.0179999999999985,-0.064,0.0469999999999994));
#15266=CARTESIAN_POINT('',(-0.0154999999999985,-0.064,0.0469999999999994));
#15267=CARTESIAN_POINT('',(-0.0119999999999985,-0.064,0.0469999999999994));
#15268=CARTESIAN_POINT('',(-0.00849999999999846,-0.064,0.0469999999999994));
#15269=CARTESIAN_POINT('',(-0.00424999999999846,-0.064,0.0469999999999994));
#15270=CARTESIAN_POINT('',(0.00850000000000154,-0.064,0.0469999999999994));
#15271=CARTESIAN_POINT('',(0.0120000000000015,-0.064,0.0469999999999994));
#15272=CARTESIAN_POINT('',(0.0155000000000016,-0.064,0.0469999999999994));
#15273=CARTESIAN_POINT('',(0.0180000000000015,-0.064,0.0469999999999994));
#15274=CARTESIAN_POINT('',(0.0205000000000016,-0.064,0.0469999999999994));
#15275=CARTESIAN_POINT('',(0.0240000000000016,-0.064,0.0469999999999994));
#15276=CARTESIAN_POINT('',(0.0275000000000016,-0.064,0.0469999999999994));
#15277=CARTESIAN_POINT('',(0.036067541634483,-0.064,0.0469999999999994));
#15278=CARTESIAN_POINT('',(0.0446350832689645,-0.064,0.0469999999999994));
#15279=CARTESIAN_POINT('',(0.0446350832689645,-0.059,0.0469999999999994));
#15280=CARTESIAN_POINT('',(0.0232500000000021,0.0670310889132465,0.047));
#15281=CARTESIAN_POINT('',(0.0240000000000021,0.0674641016151387,0.047));
#15282=CARTESIAN_POINT('',(0.0210000000000021,0.0657320508075698,0.047));
#15283=CARTESIAN_POINT('',(0.0262500000000021,0.0661650635094621,0.047));
#15284=CARTESIAN_POINT('',(0.0270000000000021,0.0657320508075698,0.047));
#15285=CARTESIAN_POINT('',(0.0270000000000021,0.0648660254037854,0.047));
#15286=CARTESIAN_POINT('',(0.0270000000000021,0.0622679491924321,0.0469999999999994));
#15287=CARTESIAN_POINT('',(0.0247500000000021,0.0609689110867554,0.047));
#15288=CARTESIAN_POINT('',(0.0240000000000021,0.0605358983848632,0.047));
#15289=CARTESIAN_POINT('',(0.0217500000000021,0.0618349364905399,0.047));
#15290=CARTESIAN_POINT('',(0.0210000000000021,0.0622679491924321,0.047));
#15291=CARTESIAN_POINT('',(0.0210000000000021,0.0631339745962165,0.047));
#15292=CARTESIAN_POINT('',(0.0262500000000021,-0.061834936490541,0.047));
#15293=CARTESIAN_POINT('',(0.0270000000000021,-0.0622679491924332,0.047));
#15294=CARTESIAN_POINT('',(0.0240000000000021,-0.0605358983848644,0.0469999999999994));
#15295=CARTESIAN_POINT('',(0.0270000000000021,-0.0631339745962177,0.047));
#15296=CARTESIAN_POINT('',(0.0270000000000021,-0.065732050807571,0.0469999999999994));
#15297=CARTESIAN_POINT('',(0.0247500000000021,-0.0670310889132477,0.047));
#15298=CARTESIAN_POINT('',(0.0240000000000021,-0.0674641016151399,0.0469999999999994));
#15299=CARTESIAN_POINT('',(0.0217500000000021,-0.0661650635094632,0.047));
#15300=CARTESIAN_POINT('',(0.0210000000000021,-0.065732050807571,0.0469999999999994));
#15301=CARTESIAN_POINT('',(0.0210000000000021,-0.0648660254037866,0.047));
#15302=CARTESIAN_POINT('',(0.0210000000000021,-0.0622679491924332,0.0469999999999994));
#15303=CARTESIAN_POINT('',(0.0232500000000021,-0.0609689110867566,0.047));
#15304=CARTESIAN_POINT('',(0.0662500000000023,-0.00983493649053961,0.0469999999999994));
#15305=CARTESIAN_POINT('',(0.0670000000000023,-0.0102679491924318,0.0469999999999994));
#15306=CARTESIAN_POINT('',(0.0640000000000023,-0.00853589838486295,0.0469999999999994));
#15307=CARTESIAN_POINT('',(0.0670000000000023,-0.0111339745962163,0.0469999999999994));
#15308=CARTESIAN_POINT('',(0.0670000000000023,-0.0137320508075696,0.0469999999999994));
#15309=CARTESIAN_POINT('',(0.0647500000000023,-0.0150310889132463,0.0469999999999994));
#15310=CARTESIAN_POINT('',(0.0640000000000023,-0.0154641016151384,0.0469999999999994));
#15311=CARTESIAN_POINT('',(0.0617500000000023,-0.0141650635094618,0.0469999999999994));
#15312=CARTESIAN_POINT('',(0.0610000000000023,-0.0137320508075696,0.0469999999999994));
#15313=CARTESIAN_POINT('',(0.0610000000000023,-0.0128660254037851,0.0469999999999994));
#15314=CARTESIAN_POINT('',(0.0610000000000023,-0.0102679491924318,0.0469999999999994));
#15315=CARTESIAN_POINT('',(0.0632500000000023,-0.00896891108675517,0.0469999999999994));
#15316=CARTESIAN_POINT('',(-0.0239999999999993,-0.064,0.154));
#15317=CARTESIAN_POINT('',(-0.0239999999999993,-0.064,0.154));
#15318=CARTESIAN_POINT('',(-0.0229999999999993,-0.064,0.154));
#15319=CARTESIAN_POINT('',(-0.024,-0.064,0.154));
#15320=CARTESIAN_POINT('',(-0.0225,-0.064,0.154));
#15321=CARTESIAN_POINT('',(-0.0239999999999993,-0.064,0.0949999999999985));
#15322=CARTESIAN_POINT('',(-0.0239999999999993,-0.064,0.0949999999999985));
#15323=CARTESIAN_POINT('',(-0.0229999999999993,-0.064,0.0949999999999985));
#15324=CARTESIAN_POINT('',(-0.0239999999999995,-0.064,0.095));
#15325=CARTESIAN_POINT('',(-0.0224999999999995,-0.064,0.095));
#15326=CARTESIAN_POINT('',(-0.0239999999999993,-0.064,0.154));
#15327=CARTESIAN_POINT('',(0.,0.,0.009));
#15328=CARTESIAN_POINT('',(0.0631339745962155,0.021,0.009));
#15329=CARTESIAN_POINT('',(0.0657320508075688,0.021,0.009));
#15330=CARTESIAN_POINT('',(0.0622679491924311,0.021,0.009));
#15331=CARTESIAN_POINT('',(0.0618349364905389,0.02175,0.009));
#15332=CARTESIAN_POINT('',(0.0605358983848622,0.024,0.009));
#15333=CARTESIAN_POINT('',(0.0609689110867544,0.02475,0.009));
#15334=CARTESIAN_POINT('',(0.0622679491924311,0.027,0.009));
#15335=CARTESIAN_POINT('',(0.0648660254037844,0.027,0.009));
#15336=CARTESIAN_POINT('',(0.0657320508075688,0.027,0.009));
#15337=CARTESIAN_POINT('',(0.0661650635094611,0.02625,0.009));
#15338=CARTESIAN_POINT('',(0.0674641016151377,0.024,0.009));
#15339=CARTESIAN_POINT('',(0.0670310889132455,0.02325,0.009));
#15340=CARTESIAN_POINT('',(-0.0648660254037843,0.021,0.009));
#15341=CARTESIAN_POINT('',(-0.062267949192431,0.021,0.009));
#15342=CARTESIAN_POINT('',(-0.0657320508075688,0.021,0.009));
#15343=CARTESIAN_POINT('',(-0.066165063509461,0.02175,0.009));
#15344=CARTESIAN_POINT('',(-0.0674641016151376,0.024,0.009));
#15345=CARTESIAN_POINT('',(-0.0670310889132454,0.02475,0.009));
#15346=CARTESIAN_POINT('',(-0.0657320508075688,0.027,0.009));
#15347=CARTESIAN_POINT('',(-0.0631339745962154,0.027,0.009));
#15348=CARTESIAN_POINT('',(-0.062267949192431,0.027,0.009));
#15349=CARTESIAN_POINT('',(-0.0618349364905388,0.02625,0.009));
#15350=CARTESIAN_POINT('',(-0.0605358983848621,0.024,0.009));
#15351=CARTESIAN_POINT('',(-0.0609689110867543,0.02325,0.009));
#15352=CARTESIAN_POINT('',(0.012,-0.064,0.009));
#15353=CARTESIAN_POINT('',(0.0135,-0.064,0.009));
#15354=CARTESIAN_POINT('',(-0.012,0.064,0.009));
#15355=CARTESIAN_POINT('',(-0.0105,0.064,0.009));
#15356=CARTESIAN_POINT('',(-0.012,-0.064,0.009));
#15357=CARTESIAN_POINT('',(-0.0105,-0.064,0.009));
#15358=CARTESIAN_POINT('',(-0.064,-0.012,0.009));
#15359=CARTESIAN_POINT('',(-0.0625,-0.012,0.009));
#15360=CARTESIAN_POINT('',(-0.024,-0.064,0.009));
#15361=CARTESIAN_POINT('',(-0.0225,-0.064,0.009));
#15362=CARTESIAN_POINT('',(-0.064,0.012,0.009));
#15363=CARTESIAN_POINT('',(-0.0625,0.012,0.009));
#15364=CARTESIAN_POINT('',(-0.024,0.064,0.009));
#15365=CARTESIAN_POINT('',(-0.0225,0.064,0.009));
#15366=CARTESIAN_POINT('',(0.064,-0.012,0.009));
#15367=CARTESIAN_POINT('',(0.0655,-0.012,0.009));
#15368=CARTESIAN_POINT('',(0.024,-0.064,0.009));
#15369=CARTESIAN_POINT('',(0.0255,-0.064,0.009));
#15370=CARTESIAN_POINT('',(0.064,0.012,0.009));
#15371=CARTESIAN_POINT('',(0.0655,0.012,0.009));
#15372=CARTESIAN_POINT('',(0.024,0.064,0.009));
#15373=CARTESIAN_POINT('',(0.0255,0.064,0.009));
#15374=CARTESIAN_POINT('',(0.012,0.064,0.009));
#15375=CARTESIAN_POINT('',(0.0135,0.064,0.009));
#15376=CARTESIAN_POINT('',(0.064,-0.064,0.009));
#15377=CARTESIAN_POINT('',(0.0494763124517222,-0.06025,0.009));
#15378=CARTESIAN_POINT('',(0.06025,-0.0494763124517222,0.009));
#15379=CARTESIAN_POINT('',(0.059,-0.0446350832689629,0.009));
#15380=CARTESIAN_POINT('',(0.064,-0.0446350832689629,0.009));
#15381=CARTESIAN_POINT('',(0.064,-0.0360675416344815,0.009));
#15382=CARTESIAN_POINT('',(0.064,-0.0275,0.009));
#15383=CARTESIAN_POINT('',(0.064,-0.024,0.009));
#15384=CARTESIAN_POINT('',(0.064,-0.0205,0.009));
#15385=CARTESIAN_POINT('',(0.064,-0.018,0.009));
#15386=CARTESIAN_POINT('',(0.064,-0.0155,0.009));
#15387=CARTESIAN_POINT('',(0.064,-0.012,0.009));
#15388=CARTESIAN_POINT('',(0.064,-0.0085,0.009));
#15389=CARTESIAN_POINT('',(0.064,-0.00425,0.009));
#15390=CARTESIAN_POINT('',(0.064,0.0085,0.009));
#15391=CARTESIAN_POINT('',(0.064,0.012,0.009));
#15392=CARTESIAN_POINT('',(0.064,0.0155,0.009));
#15393=CARTESIAN_POINT('',(0.064,0.018,0.009));
#15394=CARTESIAN_POINT('',(0.064,0.0205,0.009));
#15395=CARTESIAN_POINT('',(0.064,0.024,0.009));
#15396=CARTESIAN_POINT('',(0.064,0.0275,0.009));
#15397=CARTESIAN_POINT('',(0.064,0.0360675416344815,0.009));
#15398=CARTESIAN_POINT('',(0.064,0.0446350832689629,0.009));
#15399=CARTESIAN_POINT('',(0.059,0.0446350832689629,0.009));
#15400=CARTESIAN_POINT('',(0.06025,0.0494763124517222,0.009));
#15401=CARTESIAN_POINT('',(0.064,0.064,0.009));
#15402=CARTESIAN_POINT('',(0.0494763124517222,0.06025,0.009));
#15403=CARTESIAN_POINT('',(0.0446350832689629,0.059,0.009));
#15404=CARTESIAN_POINT('',(0.0446350832689629,0.064,0.009));
#15405=CARTESIAN_POINT('',(0.0360675416344815,0.064,0.009));
#15406=CARTESIAN_POINT('',(0.0275,0.064,0.009));
#15407=CARTESIAN_POINT('',(0.024,0.064,0.009));
#15408=CARTESIAN_POINT('',(0.0205,0.064,0.009));
#15409=CARTESIAN_POINT('',(0.018,0.064,0.009));
#15410=CARTESIAN_POINT('',(0.0155,0.064,0.009));
#15411=CARTESIAN_POINT('',(0.012,0.064,0.009));
#15412=CARTESIAN_POINT('',(0.0085,0.064,0.009));
#15413=CARTESIAN_POINT('',(0.00425,0.064,0.009));
#15414=CARTESIAN_POINT('',(-0.0085,0.064,0.009));
#15415=CARTESIAN_POINT('',(-0.012,0.064,0.009));
#15416=CARTESIAN_POINT('',(-0.0155,0.064,0.009));
#15417=CARTESIAN_POINT('',(-0.018,0.064,0.009));
#15418=CARTESIAN_POINT('',(-0.0205,0.064,0.009));
#15419=CARTESIAN_POINT('',(-0.024,0.064,0.009));
#15420=CARTESIAN_POINT('',(-0.0275,0.064,0.009));
#15421=CARTESIAN_POINT('',(-0.0360675416344815,0.064,0.009));
#15422=CARTESIAN_POINT('',(-0.0446350832689629,0.064,0.009));
#15423=CARTESIAN_POINT('',(-0.0446350832689629,0.059,0.009));
#15424=CARTESIAN_POINT('',(-0.0494763124517222,0.06025,0.009));
#15425=CARTESIAN_POINT('',(-0.064,0.064,0.009));
#15426=CARTESIAN_POINT('',(-0.06025,0.0494763124517222,0.009));
#15427=CARTESIAN_POINT('',(-0.059,0.0446350832689629,0.009));
#15428=CARTESIAN_POINT('',(-0.064,0.0446350832689629,0.009));
#15429=CARTESIAN_POINT('',(-0.064,0.0360675416344815,0.009));
#15430=CARTESIAN_POINT('',(-0.064,0.0275,0.009));
#15431=CARTESIAN_POINT('',(-0.064,0.024,0.009));
#15432=CARTESIAN_POINT('',(-0.064,0.0205,0.009));
#15433=CARTESIAN_POINT('',(-0.064,0.018,0.009));
#15434=CARTESIAN_POINT('',(-0.064,0.0155,0.009));
#15435=CARTESIAN_POINT('',(-0.064,0.012,0.009));
#15436=CARTESIAN_POINT('',(-0.064,0.0085,0.009));
#15437=CARTESIAN_POINT('',(-0.064,0.00425,0.009));
#15438=CARTESIAN_POINT('',(-0.064,-0.0085,0.009));
#15439=CARTESIAN_POINT('',(-0.064,-0.012,0.009));
#15440=CARTESIAN_POINT('',(-0.064,-0.0155,0.009));
#15441=CARTESIAN_POINT('',(-0.064,-0.018,0.009));
#15442=CARTESIAN_POINT('',(-0.064,-0.0205,0.009));
#15443=CARTESIAN_POINT('',(-0.064,-0.024,0.009));
#15444=CARTESIAN_POINT('',(-0.064,-0.0275,0.009));
#15445=CARTESIAN_POINT('',(-0.064,-0.0360675416344815,0.009));
#15446=CARTESIAN_POINT('',(-0.064,-0.0446350832689629,0.009));
#15447=CARTESIAN_POINT('',(-0.059,-0.0446350832689629,0.009));
#15448=CARTESIAN_POINT('',(-0.06025,-0.0494763124517222,0.009));
#15449=CARTESIAN_POINT('',(-0.064,-0.064,0.009));
#15450=CARTESIAN_POINT('',(-0.0494763124517222,-0.06025,0.009));
#15451=CARTESIAN_POINT('',(-0.0446350832689629,-0.059,0.009));
#15452=CARTESIAN_POINT('',(-0.0446350832689629,-0.064,0.009));
#15453=CARTESIAN_POINT('',(-0.0360675416344815,-0.064,0.009));
#15454=CARTESIAN_POINT('',(-0.0275,-0.064,0.009));
#15455=CARTESIAN_POINT('',(-0.024,-0.064,0.009));
#15456=CARTESIAN_POINT('',(-0.0205,-0.064,0.009));
#15457=CARTESIAN_POINT('',(-0.018,-0.064,0.009));
#15458=CARTESIAN_POINT('',(-0.0155,-0.064,0.009));
#15459=CARTESIAN_POINT('',(-0.012,-0.064,0.009));
#15460=CARTESIAN_POINT('',(-0.0085,-0.064,0.009));
#15461=CARTESIAN_POINT('',(-0.00425,-0.064,0.009));
#15462=CARTESIAN_POINT('',(0.0085,-0.064,0.009));
#15463=CARTESIAN_POINT('',(0.012,-0.064,0.009));
#15464=CARTESIAN_POINT('',(0.0155,-0.064,0.009));
#15465=CARTESIAN_POINT('',(0.018,-0.064,0.009));
#15466=CARTESIAN_POINT('',(0.0205,-0.064,0.009));
#15467=CARTESIAN_POINT('',(0.024,-0.064,0.009));
#15468=CARTESIAN_POINT('',(0.0275,-0.064,0.009));
#15469=CARTESIAN_POINT('',(0.0360675416344815,-0.064,0.009));
#15470=CARTESIAN_POINT('',(0.0446350832689629,-0.064,0.009));
#15471=CARTESIAN_POINT('',(0.0446350832689629,-0.059,0.009));
#15472=CARTESIAN_POINT('',(-0.0648660254037844,-0.027,0.009));
#15473=CARTESIAN_POINT('',(-0.0622679491924311,-0.027,0.009));
#15474=CARTESIAN_POINT('',(-0.0657320508075688,-0.027,0.009));
#15475=CARTESIAN_POINT('',(-0.0661650635094611,-0.02625,0.009));
#15476=CARTESIAN_POINT('',(-0.0674641016151377,-0.024,0.009));
#15477=CARTESIAN_POINT('',(-0.0670310889132455,-0.02325,0.009));
#15478=CARTESIAN_POINT('',(-0.0657320508075688,-0.021,0.009));
#15479=CARTESIAN_POINT('',(-0.0631339745962155,-0.021,0.009));
#15480=CARTESIAN_POINT('',(-0.0622679491924311,-0.021,0.009));
#15481=CARTESIAN_POINT('',(-0.0618349364905389,-0.02175,0.009));
#15482=CARTESIAN_POINT('',(-0.0605358983848622,-0.024,0.009));
#15483=CARTESIAN_POINT('',(-0.0609689110867544,-0.02475,0.009));
#15484=CARTESIAN_POINT('',(0.0631339745962155,-0.027,0.009));
#15485=CARTESIAN_POINT('',(0.0657320508075688,-0.027,0.009));
#15486=CARTESIAN_POINT('',(0.0622679491924311,-0.027,0.009));
#15487=CARTESIAN_POINT('',(0.0618349364905389,-0.02625,0.009));
#15488=CARTESIAN_POINT('',(0.0605358983848622,-0.024,0.009));
#15489=CARTESIAN_POINT('',(0.0609689110867544,-0.02325,0.009));
#15490=CARTESIAN_POINT('',(0.0622679491924311,-0.021,0.009));
#15491=CARTESIAN_POINT('',(0.0648660254037844,-0.021,0.009));
#15492=CARTESIAN_POINT('',(0.0657320508075688,-0.021,0.009));
#15493=CARTESIAN_POINT('',(0.0661650635094611,-0.02175,0.009));
#15494=CARTESIAN_POINT('',(0.0674641016151377,-0.024,0.009));
#15495=CARTESIAN_POINT('',(0.0670310889132455,-0.02475,0.009));
#15496=CARTESIAN_POINT('',(0.064,-0.064,0.009));
#15497=CARTESIAN_POINT('',(0.064,-0.064,0.));
#15498=CARTESIAN_POINT('',(0.0494763124517222,-0.06025,0.));
#15499=CARTESIAN_POINT('',(0.06025,-0.0494763124517222,0.));
#15500=CARTESIAN_POINT('',(0.06025,-0.0494763124517222,0.009));
#15501=CARTESIAN_POINT('',(0.0494763124517222,-0.06025,0.009));
#15502=CARTESIAN_POINT('',(0.059,-0.0446350832689629,0.009));
#15503=CARTESIAN_POINT('',(0.059,-0.0446350832689629,0.));
#15504=CARTESIAN_POINT('',(0.064,-0.0446350832689629,0.));
#15505=CARTESIAN_POINT('',(0.064,-0.0446350832689629,0.009));
#15506=CARTESIAN_POINT('',(0.064,-0.0360675416344815,0.009));
#15507=CARTESIAN_POINT('',(0.064,-0.0360675416344815,0.));
#15508=CARTESIAN_POINT('',(0.064,-0.0275,0.));
#15509=CARTESIAN_POINT('',(0.064,-0.0275,0.009));
#15510=CARTESIAN_POINT('',(0.064,-0.024,0.009));
#15511=CARTESIAN_POINT('',(0.064,-0.024,0.));
#15512=CARTESIAN_POINT('',(0.064,-0.0205,0.));
#15513=CARTESIAN_POINT('',(0.064,-0.0205,0.009));
#15514=CARTESIAN_POINT('',(0.064,-0.018,0.009));
#15515=CARTESIAN_POINT('',(0.064,-0.018,0.));
#15516=CARTESIAN_POINT('',(0.064,-0.0155,0.));
#15517=CARTESIAN_POINT('',(0.064,-0.0155,0.009));
#15518=CARTESIAN_POINT('',(0.064,-0.012,0.009));
#15519=CARTESIAN_POINT('',(0.064,-0.012,0.));
#15520=CARTESIAN_POINT('',(0.064,-0.0085,0.));
#15521=CARTESIAN_POINT('',(0.064,-0.0085,0.009));
#15522=CARTESIAN_POINT('',(0.064,-0.00425,0.009));
#15523=CARTESIAN_POINT('',(0.064,-0.00425,0.));
#15524=CARTESIAN_POINT('',(0.064,0.0085,0.));
#15525=CARTESIAN_POINT('',(0.064,0.0085,0.009));
#15526=CARTESIAN_POINT('',(0.064,0.012,0.009));
#15527=CARTESIAN_POINT('',(0.064,0.012,0.));
#15528=CARTESIAN_POINT('',(0.064,0.0155,0.));
#15529=CARTESIAN_POINT('',(0.064,0.0155,0.009));
#15530=CARTESIAN_POINT('',(0.064,0.018,0.009));
#15531=CARTESIAN_POINT('',(0.064,0.018,0.));
#15532=CARTESIAN_POINT('',(0.064,0.0205,0.));
#15533=CARTESIAN_POINT('',(0.064,0.0205,0.009));
#15534=CARTESIAN_POINT('',(0.064,0.024,0.009));
#15535=CARTESIAN_POINT('',(0.064,0.024,0.));
#15536=CARTESIAN_POINT('',(0.064,0.0275,0.));
#15537=CARTESIAN_POINT('',(0.064,0.0275,0.009));
#15538=CARTESIAN_POINT('',(0.064,0.0360675416344815,0.009));
#15539=CARTESIAN_POINT('',(0.064,0.0360675416344815,0.));
#15540=CARTESIAN_POINT('',(0.064,0.0446350832689629,0.));
#15541=CARTESIAN_POINT('',(0.064,0.0446350832689629,0.009));
#15542=CARTESIAN_POINT('',(0.059,0.0446350832689629,0.009));
#15543=CARTESIAN_POINT('',(0.059,0.0446350832689629,0.));
#15544=CARTESIAN_POINT('',(0.06025,0.0494763124517222,0.));
#15545=CARTESIAN_POINT('',(0.06025,0.0494763124517222,0.009));
#15546=CARTESIAN_POINT('',(0.064,0.064,0.009));
#15547=CARTESIAN_POINT('',(0.064,0.064,0.));
#15548=CARTESIAN_POINT('',(0.0494763124517222,0.06025,0.));
#15549=CARTESIAN_POINT('',(0.0494763124517222,0.06025,0.009));
#15550=CARTESIAN_POINT('',(0.0446350832689629,0.059,0.009));
#15551=CARTESIAN_POINT('',(0.0446350832689629,0.059,0.));
#15552=CARTESIAN_POINT('',(0.0446350832689629,0.064,0.));
#15553=CARTESIAN_POINT('',(0.0446350832689629,0.064,0.009));
#15554=CARTESIAN_POINT('',(0.0360675416344815,0.064,0.009));
#15555=CARTESIAN_POINT('',(0.0360675416344815,0.064,0.));
#15556=CARTESIAN_POINT('',(0.0275,0.064,0.));
#15557=CARTESIAN_POINT('',(0.0275,0.064,0.009));
#15558=CARTESIAN_POINT('',(0.024,0.064,0.009));
#15559=CARTESIAN_POINT('',(0.024,0.064,0.));
#15560=CARTESIAN_POINT('',(0.0205,0.064,0.));
#15561=CARTESIAN_POINT('',(0.0205,0.064,0.009));
#15562=CARTESIAN_POINT('',(0.018,0.064,0.009));
#15563=CARTESIAN_POINT('',(0.018,0.064,0.));
#15564=CARTESIAN_POINT('',(0.0155,0.064,0.));
#15565=CARTESIAN_POINT('',(0.0155,0.064,0.009));
#15566=CARTESIAN_POINT('',(0.012,0.064,0.009));
#15567=CARTESIAN_POINT('',(0.012,0.064,0.));
#15568=CARTESIAN_POINT('',(0.0085,0.064,0.));
#15569=CARTESIAN_POINT('',(0.0085,0.064,0.009));
#15570=CARTESIAN_POINT('',(0.00425,0.064,0.009));
#15571=CARTESIAN_POINT('',(0.00425,0.064,0.));
#15572=CARTESIAN_POINT('',(-0.0085,0.064,0.));
#15573=CARTESIAN_POINT('',(-0.0085,0.064,0.009));
#15574=CARTESIAN_POINT('',(-0.012,0.064,0.009));
#15575=CARTESIAN_POINT('',(-0.012,0.064,0.));
#15576=CARTESIAN_POINT('',(-0.0155,0.064,0.));
#15577=CARTESIAN_POINT('',(-0.0155,0.064,0.009));
#15578=CARTESIAN_POINT('',(-0.018,0.064,0.009));
#15579=CARTESIAN_POINT('',(-0.018,0.064,0.));
#15580=CARTESIAN_POINT('',(-0.0205,0.064,0.));
#15581=CARTESIAN_POINT('',(-0.0205,0.064,0.009));
#15582=CARTESIAN_POINT('',(-0.024,0.064,0.009));
#15583=CARTESIAN_POINT('',(-0.024,0.064,0.));
#15584=CARTESIAN_POINT('',(-0.0275,0.064,0.));
#15585=CARTESIAN_POINT('',(-0.0275,0.064,0.009));
#15586=CARTESIAN_POINT('',(-0.0360675416344815,0.064,0.009));
#15587=CARTESIAN_POINT('',(-0.0360675416344815,0.064,0.));
#15588=CARTESIAN_POINT('',(-0.0446350832689629,0.064,0.));
#15589=CARTESIAN_POINT('',(-0.0446350832689629,0.064,0.009));
#15590=CARTESIAN_POINT('',(-0.0446350832689629,0.059,0.009));
#15591=CARTESIAN_POINT('',(-0.0446350832689629,0.059,0.));
#15592=CARTESIAN_POINT('',(-0.0494763124517222,0.06025,0.));
#15593=CARTESIAN_POINT('',(-0.0494763124517222,0.06025,0.009));
#15594=CARTESIAN_POINT('',(-0.064,0.064,0.009));
#15595=CARTESIAN_POINT('',(-0.064,0.064,0.));
#15596=CARTESIAN_POINT('',(-0.06025,0.0494763124517222,0.));
#15597=CARTESIAN_POINT('',(-0.06025,0.0494763124517222,0.009));
#15598=CARTESIAN_POINT('',(-0.059,0.0446350832689629,0.009));
#15599=CARTESIAN_POINT('',(-0.059,0.0446350832689629,0.));
#15600=CARTESIAN_POINT('',(-0.064,0.0446350832689629,0.));
#15601=CARTESIAN_POINT('',(-0.064,0.0446350832689629,0.009));
#15602=CARTESIAN_POINT('',(-0.064,0.0360675416344815,0.009));
#15603=CARTESIAN_POINT('',(-0.064,0.0360675416344815,0.));
#15604=CARTESIAN_POINT('',(-0.064,0.0275,0.));
#15605=CARTESIAN_POINT('',(-0.064,0.0275,0.009));
#15606=CARTESIAN_POINT('',(-0.064,0.024,0.009));
#15607=CARTESIAN_POINT('',(-0.064,0.024,0.));
#15608=CARTESIAN_POINT('',(-0.064,0.0205,0.));
#15609=CARTESIAN_POINT('',(-0.064,0.0205,0.009));
#15610=CARTESIAN_POINT('',(-0.064,0.018,0.009));
#15611=CARTESIAN_POINT('',(-0.064,0.018,0.));
#15612=CARTESIAN_POINT('',(-0.064,0.0155,0.));
#15613=CARTESIAN_POINT('',(-0.064,0.0155,0.009));
#15614=CARTESIAN_POINT('',(-0.064,0.012,0.009));
#15615=CARTESIAN_POINT('',(-0.064,0.012,0.));
#15616=CARTESIAN_POINT('',(-0.064,0.0085,0.));
#15617=CARTESIAN_POINT('',(-0.064,0.0085,0.009));
#15618=CARTESIAN_POINT('',(-0.064,0.00425,0.009));
#15619=CARTESIAN_POINT('',(-0.064,0.00425,0.));
#15620=CARTESIAN_POINT('',(-0.064,-0.0085,0.));
#15621=CARTESIAN_POINT('',(-0.064,-0.0085,0.009));
#15622=CARTESIAN_POINT('',(-0.064,-0.012,0.009));
#15623=CARTESIAN_POINT('',(-0.064,-0.012,0.));
#15624=CARTESIAN_POINT('',(-0.064,-0.0155,0.));
#15625=CARTESIAN_POINT('',(-0.064,-0.0155,0.009));
#15626=CARTESIAN_POINT('',(-0.064,-0.018,0.009));
#15627=CARTESIAN_POINT('',(-0.064,-0.018,0.));
#15628=CARTESIAN_POINT('',(-0.064,-0.0205,0.));
#15629=CARTESIAN_POINT('',(-0.064,-0.0205,0.009));
#15630=CARTESIAN_POINT('',(-0.064,-0.024,0.009));
#15631=CARTESIAN_POINT('',(-0.064,-0.024,0.));
#15632=CARTESIAN_POINT('',(-0.064,-0.0275,0.));
#15633=CARTESIAN_POINT('',(-0.064,-0.0275,0.009));
#15634=CARTESIAN_POINT('',(-0.064,-0.0360675416344815,0.009));
#15635=CARTESIAN_POINT('',(-0.064,-0.0360675416344815,0.));
#15636=CARTESIAN_POINT('',(-0.064,-0.0446350832689629,0.));
#15637=CARTESIAN_POINT('',(-0.064,-0.0446350832689629,0.009));
#15638=CARTESIAN_POINT('',(-0.059,-0.0446350832689629,0.009));
#15639=CARTESIAN_POINT('',(-0.059,-0.0446350832689629,0.));
#15640=CARTESIAN_POINT('',(-0.06025,-0.0494763124517222,0.));
#15641=CARTESIAN_POINT('',(-0.06025,-0.0494763124517222,0.009));
#15642=CARTESIAN_POINT('',(-0.064,-0.064,0.009));
#15643=CARTESIAN_POINT('',(-0.064,-0.064,0.));
#15644=CARTESIAN_POINT('',(-0.0494763124517222,-0.06025,0.));
#15645=CARTESIAN_POINT('',(-0.0494763124517222,-0.06025,0.009));
#15646=CARTESIAN_POINT('',(-0.0446350832689629,-0.059,0.009));
#15647=CARTESIAN_POINT('',(-0.0446350832689629,-0.059,0.));
#15648=CARTESIAN_POINT('',(-0.0446350832689629,-0.064,0.));
#15649=CARTESIAN_POINT('',(-0.0446350832689629,-0.064,0.009));
#15650=CARTESIAN_POINT('',(-0.0360675416344815,-0.064,0.009));
#15651=CARTESIAN_POINT('',(-0.0360675416344815,-0.064,0.));
#15652=CARTESIAN_POINT('',(-0.0275,-0.064,0.));
#15653=CARTESIAN_POINT('',(-0.0275,-0.064,0.009));
#15654=CARTESIAN_POINT('',(-0.024,-0.064,0.009));
#15655=CARTESIAN_POINT('',(-0.024,-0.064,0.));
#15656=CARTESIAN_POINT('',(-0.0205,-0.064,0.));
#15657=CARTESIAN_POINT('',(-0.0205,-0.064,0.009));
#15658=CARTESIAN_POINT('',(-0.018,-0.064,0.009));
#15659=CARTESIAN_POINT('',(-0.018,-0.064,0.));
#15660=CARTESIAN_POINT('',(-0.0155,-0.064,0.));
#15661=CARTESIAN_POINT('',(-0.0155,-0.064,0.009));
#15662=CARTESIAN_POINT('',(-0.012,-0.064,0.009));
#15663=CARTESIAN_POINT('',(-0.012,-0.064,0.));
#15664=CARTESIAN_POINT('',(-0.0085,-0.064,0.));
#15665=CARTESIAN_POINT('',(-0.0085,-0.064,0.009));
#15666=CARTESIAN_POINT('',(-0.00425,-0.064,0.009));
#15667=CARTESIAN_POINT('',(-0.00425,-0.064,0.));
#15668=CARTESIAN_POINT('',(0.0085,-0.064,0.));
#15669=CARTESIAN_POINT('',(0.0085,-0.064,0.009));
#15670=CARTESIAN_POINT('',(0.012,-0.064,0.009));
#15671=CARTESIAN_POINT('',(0.012,-0.064,0.));
#15672=CARTESIAN_POINT('',(0.0155,-0.064,0.));
#15673=CARTESIAN_POINT('',(0.0155,-0.064,0.009));
#15674=CARTESIAN_POINT('',(0.018,-0.064,0.009));
#15675=CARTESIAN_POINT('',(0.018,-0.064,0.));
#15676=CARTESIAN_POINT('',(0.0205,-0.064,0.));
#15677=CARTESIAN_POINT('',(0.0205,-0.064,0.009));
#15678=CARTESIAN_POINT('',(0.024,-0.064,0.009));
#15679=CARTESIAN_POINT('',(0.024,-0.064,0.));
#15680=CARTESIAN_POINT('',(0.0275,-0.064,0.));
#15681=CARTESIAN_POINT('',(0.0275,-0.064,0.009));
#15682=CARTESIAN_POINT('',(0.0360675416344815,-0.064,0.009));
#15683=CARTESIAN_POINT('',(0.0360675416344815,-0.064,0.));
#15684=CARTESIAN_POINT('',(0.0446350832689629,-0.064,0.));
#15685=CARTESIAN_POINT('',(0.0446350832689629,-0.064,0.009));
#15686=CARTESIAN_POINT('',(0.012,0.064,0.009));
#15687=CARTESIAN_POINT('',(0.012,0.064,0.));
#15688=CARTESIAN_POINT('',(0.0135,0.064,0.));
#15689=CARTESIAN_POINT('',(0.024,0.064,0.009));
#15690=CARTESIAN_POINT('',(0.024,0.064,0.));
#15691=CARTESIAN_POINT('',(0.0255,0.064,0.));
#15692=CARTESIAN_POINT('',(0.064,0.024,0.009));
#15693=CARTESIAN_POINT('',(0.064,0.024,0.009));
#15694=CARTESIAN_POINT('',(0.0625,0.024,0.009));
#15695=CARTESIAN_POINT('',(0.064,0.024,0.));
#15696=CARTESIAN_POINT('',(0.0655,0.024,0.));
#15697=CARTESIAN_POINT('',(0.064,0.012,0.009));
#15698=CARTESIAN_POINT('',(0.064,0.012,0.));
#15699=CARTESIAN_POINT('',(0.0655,0.012,0.));
#15700=CARTESIAN_POINT('',(0.024,-0.064,0.009));
#15701=CARTESIAN_POINT('',(0.024,-0.064,0.));
#15702=CARTESIAN_POINT('',(0.0255,-0.064,0.));
#15703=CARTESIAN_POINT('',(0.064,-0.012,0.009));
#15704=CARTESIAN_POINT('',(0.064,-0.012,0.));
#15705=CARTESIAN_POINT('',(0.0655,-0.012,0.));
#15706=CARTESIAN_POINT('',(-0.024,0.064,0.009));
#15707=CARTESIAN_POINT('',(-0.024,0.064,0.));
#15708=CARTESIAN_POINT('',(-0.0225,0.064,0.));
#15709=CARTESIAN_POINT('',(-0.064,0.012,0.009));
#15710=CARTESIAN_POINT('',(-0.064,0.012,0.));
#15711=CARTESIAN_POINT('',(-0.0625,0.012,0.));
#15712=CARTESIAN_POINT('',(-0.024,-0.064,0.009));
#15713=CARTESIAN_POINT('',(-0.024,-0.064,0.));
#15714=CARTESIAN_POINT('',(-0.0225,-0.064,0.));
#15715=CARTESIAN_POINT('',(-0.064,-0.012,0.009));
#15716=CARTESIAN_POINT('',(-0.064,-0.012,0.));
#15717=CARTESIAN_POINT('',(-0.0625,-0.012,0.));
#15718=CARTESIAN_POINT('',(-0.064,-0.024,0.009));
#15719=CARTESIAN_POINT('',(-0.064,-0.024,0.009));
#15720=CARTESIAN_POINT('',(-0.0655,-0.024,0.009));
#15721=CARTESIAN_POINT('',(-0.064,-0.024,0.));
#15722=CARTESIAN_POINT('',(-0.0625,-0.024,0.));
#15723=CARTESIAN_POINT('',(-0.064,0.024,0.009));
#15724=CARTESIAN_POINT('',(-0.064,0.024,0.009));
#15725=CARTESIAN_POINT('',(-0.0625,0.024,0.009));
#15726=CARTESIAN_POINT('',(-0.064,0.024,0.));
#15727=CARTESIAN_POINT('',(-0.0625,0.024,0.));
#15728=CARTESIAN_POINT('',(-0.012,-0.064,0.009));
#15729=CARTESIAN_POINT('',(-0.012,-0.064,0.));
#15730=CARTESIAN_POINT('',(-0.0105,-0.064,0.));
#15731=CARTESIAN_POINT('',(-0.012,0.064,0.009));
#15732=CARTESIAN_POINT('',(-0.012,0.064,0.));
#15733=CARTESIAN_POINT('',(-0.0105,0.064,0.));
#15734=CARTESIAN_POINT('',(0.064,-0.024,0.009));
#15735=CARTESIAN_POINT('',(0.064,-0.024,0.009));
#15736=CARTESIAN_POINT('',(0.0655,-0.024,0.009));
#15737=CARTESIAN_POINT('',(0.064,-0.024,0.));
#15738=CARTESIAN_POINT('',(0.0655,-0.024,0.));
#15739=CARTESIAN_POINT('',(0.012,-0.064,0.009));
#15740=CARTESIAN_POINT('',(0.012,-0.064,0.));
#15741=CARTESIAN_POINT('',(0.0135,-0.064,0.));
#15742=CARTESIAN_POINT('',(0.0446350832689629,-0.059,0.009));
#15743=CARTESIAN_POINT('',(0.0446350832689629,-0.059,0.));
#15744=CARTESIAN_POINT('',(0.,0.,0.));
#15745=CARTESIAN_POINT('',(0.064,0.024,0.009));
#15746=CARTESIAN_POINT('',(0.064,0.024,0.009));
#15747=CARTESIAN_POINT('',(0.064,0.023,0.009));
#15748=CARTESIAN_POINT('',(-0.064,-0.024,0.009));
#15749=CARTESIAN_POINT('',(-0.064,-0.024,0.009));
#15750=CARTESIAN_POINT('',(-0.064,-0.025,0.009));
#15751=CARTESIAN_POINT('',(-0.064,0.024,0.009));
#15752=CARTESIAN_POINT('',(-0.064,0.024,0.009));
#15753=CARTESIAN_POINT('',(-0.064,0.023,0.009));
#15754=CARTESIAN_POINT('',(0.064,-0.024,0.009));
#15755=CARTESIAN_POINT('',(0.064,-0.024,0.009));
#15756=CARTESIAN_POINT('',(0.064,-0.025,0.009));
#15757=CARTESIAN_POINT('',(0.0640000000000031,0.0119999999999997,0.086));
#15758=CARTESIAN_POINT('',(0.0640000000000031,0.0119999999999997,0.086));
#15759=CARTESIAN_POINT('',(0.0650000000000031,0.0119999999999997,0.086));
#15760=CARTESIAN_POINT('',(0.064,0.012,0.086));
#15761=CARTESIAN_POINT('',(0.0655,0.012,0.086));
#15762=CARTESIAN_POINT('',(0.0640000000000031,0.0119999999999997,0.047));
#15763=CARTESIAN_POINT('',(0.0640000000000031,0.0119999999999997,0.047));
#15764=CARTESIAN_POINT('',(0.0650000000000031,0.0119999999999997,0.047));
#15765=CARTESIAN_POINT('',(0.0640000000000015,0.0119999999999994,0.0469999999999994));
#15766=CARTESIAN_POINT('',(0.0655000000000015,0.0119999999999994,0.0469999999999994));
#15767=CARTESIAN_POINT('',(0.0640000000000031,0.0119999999999997,0.086));
#15768=CARTESIAN_POINT('',(0.064,-0.064,0.095));
#15769=CARTESIAN_POINT('',(0.06025,-0.0494763124517222,0.095));
#15770=CARTESIAN_POINT('',(0.0494763124517227,-0.06025,0.095));
#15771=CARTESIAN_POINT('',(0.059,-0.0446350832689629,0.095));
#15772=CARTESIAN_POINT('',(0.064,-0.0446350832689629,0.095));
#15773=CARTESIAN_POINT('',(0.064,-0.0360675416344815,0.095));
#15774=CARTESIAN_POINT('',(0.064,-0.0275,0.095));
#15775=CARTESIAN_POINT('',(0.064,-0.024,0.095));
#15776=CARTESIAN_POINT('',(0.064,-0.0205,0.095));
#15777=CARTESIAN_POINT('',(0.064,-0.018,0.095));
#15778=CARTESIAN_POINT('',(0.064,-0.0155,0.095));
#15779=CARTESIAN_POINT('',(0.064,-0.012,0.095));
#15780=CARTESIAN_POINT('',(0.064,-0.0085,0.095));
#15781=CARTESIAN_POINT('',(0.064,-0.00425,0.095));
#15782=CARTESIAN_POINT('',(0.064,0.0085,0.095));
#15783=CARTESIAN_POINT('',(0.064,0.012,0.095));
#15784=CARTESIAN_POINT('',(0.064,0.0155,0.095));
#15785=CARTESIAN_POINT('',(0.064,0.018,0.095));
#15786=CARTESIAN_POINT('',(0.064,0.0205,0.095));
#15787=CARTESIAN_POINT('',(0.064,0.024,0.095));
#15788=CARTESIAN_POINT('',(0.064,0.0275,0.095));
#15789=CARTESIAN_POINT('',(0.064,0.0360675416344815,0.095));
#15790=CARTESIAN_POINT('',(0.064,0.0446350832689629,0.095));
#15791=CARTESIAN_POINT('',(0.059,0.0446350832689629,0.095));
#15792=CARTESIAN_POINT('',(0.06025,0.0494763124517222,0.095));
#15793=CARTESIAN_POINT('',(0.064,0.064,0.095));
#15794=CARTESIAN_POINT('',(0.0494763124517227,0.06025,0.095));
#15795=CARTESIAN_POINT('',(0.0446350832689634,0.059,0.095));
#15796=CARTESIAN_POINT('',(0.0446350832689634,0.064,0.095));
#15797=CARTESIAN_POINT('',(0.036067541634482,0.064,0.095));
#15798=CARTESIAN_POINT('',(0.0275000000000005,0.064,0.095));
#15799=CARTESIAN_POINT('',(0.0240000000000005,0.064,0.095));
#15800=CARTESIAN_POINT('',(0.0205000000000005,0.064,0.095));
#15801=CARTESIAN_POINT('',(0.0180000000000005,0.064,0.095));
#15802=CARTESIAN_POINT('',(0.0155000000000005,0.064,0.095));
#15803=CARTESIAN_POINT('',(0.0120000000000005,0.064,0.095));
#15804=CARTESIAN_POINT('',(0.00850000000000051,0.064,0.095));
#15805=CARTESIAN_POINT('',(0.00425000000000051,0.064,0.095));
#15806=CARTESIAN_POINT('',(-0.00849999999999948,0.064,0.095));
#15807=CARTESIAN_POINT('',(-0.0119999999999995,0.064,0.095));
#15808=CARTESIAN_POINT('',(-0.0154999999999995,0.064,0.095));
#15809=CARTESIAN_POINT('',(-0.0179999999999995,0.064,0.095));
#15810=CARTESIAN_POINT('',(-0.0204999999999995,0.064,0.095));
#15811=CARTESIAN_POINT('',(-0.0239999999999995,0.064,0.095));
#15812=CARTESIAN_POINT('',(-0.0274999999999995,0.064,0.095));
#15813=CARTESIAN_POINT('',(-0.036067541634481,0.064,0.095));
#15814=CARTESIAN_POINT('',(-0.0446350832689624,0.064,0.095));
#15815=CARTESIAN_POINT('',(-0.0446350832689624,0.059,0.095));
#15816=CARTESIAN_POINT('',(-0.0494763124517216,0.06025,0.095));
#15817=CARTESIAN_POINT('',(-0.064,0.064,0.095));
#15818=CARTESIAN_POINT('',(-0.06025,0.0494763124517222,0.095));
#15819=CARTESIAN_POINT('',(-0.059,0.0446350832689629,0.095));
#15820=CARTESIAN_POINT('',(-0.064,0.0446350832689629,0.095));
#15821=CARTESIAN_POINT('',(-0.064,0.0360675416344815,0.095));
#15822=CARTESIAN_POINT('',(-0.064,0.0275,0.095));
#15823=CARTESIAN_POINT('',(-0.064,0.024,0.095));
#15824=CARTESIAN_POINT('',(-0.064,0.0205,0.095));
#15825=CARTESIAN_POINT('',(-0.064,0.018,0.095));
#15826=CARTESIAN_POINT('',(-0.064,0.0155,0.095));
#15827=CARTESIAN_POINT('',(-0.064,0.012,0.095));
#15828=CARTESIAN_POINT('',(-0.064,0.0085,0.095));
#15829=CARTESIAN_POINT('',(-0.064,0.00425,0.095));
#15830=CARTESIAN_POINT('',(-0.064,-0.0085,0.095));
#15831=CARTESIAN_POINT('',(-0.064,-0.012,0.095));
#15832=CARTESIAN_POINT('',(-0.064,-0.0155,0.095));
#15833=CARTESIAN_POINT('',(-0.064,-0.018,0.095));
#15834=CARTESIAN_POINT('',(-0.064,-0.0205,0.095));
#15835=CARTESIAN_POINT('',(-0.064,-0.024,0.095));
#15836=CARTESIAN_POINT('',(-0.064,-0.0275,0.095));
#15837=CARTESIAN_POINT('',(-0.064,-0.0360675416344815,0.095));
#15838=CARTESIAN_POINT('',(-0.064,-0.0446350832689629,0.095));
#15839=CARTESIAN_POINT('',(-0.059,-0.0446350832689629,0.095));
#15840=CARTESIAN_POINT('',(-0.06025,-0.0494763124517222,0.095));
#15841=CARTESIAN_POINT('',(-0.064,-0.064,0.095));
#15842=CARTESIAN_POINT('',(-0.0494763124517217,-0.06025,0.095));
#15843=CARTESIAN_POINT('',(-0.0446350832689624,-0.059,0.095));
#15844=CARTESIAN_POINT('',(-0.0446350832689624,-0.064,0.095));
#15845=CARTESIAN_POINT('',(-0.036067541634481,-0.064,0.095));
#15846=CARTESIAN_POINT('',(-0.0274999999999995,-0.064,0.095));
#15847=CARTESIAN_POINT('',(-0.0239999999999995,-0.064,0.095));
#15848=CARTESIAN_POINT('',(-0.0204999999999995,-0.064,0.095));
#15849=CARTESIAN_POINT('',(-0.0179999999999995,-0.064,0.095));
#15850=CARTESIAN_POINT('',(-0.0154999999999995,-0.064,0.095));
#15851=CARTESIAN_POINT('',(-0.0119999999999995,-0.064,0.095));
#15852=CARTESIAN_POINT('',(-0.00849999999999948,-0.064,0.095));
#15853=CARTESIAN_POINT('',(-0.00424999999999949,-0.064,0.095));
#15854=CARTESIAN_POINT('',(0.00850000000000051,-0.064,0.095));
#15855=CARTESIAN_POINT('',(0.0120000000000005,-0.064,0.095));
#15856=CARTESIAN_POINT('',(0.0155000000000005,-0.064,0.095));
#15857=CARTESIAN_POINT('',(0.0180000000000005,-0.064,0.095));
#15858=CARTESIAN_POINT('',(0.0205000000000005,-0.064,0.095));
#15859=CARTESIAN_POINT('',(0.0240000000000005,-0.064,0.095));
#15860=CARTESIAN_POINT('',(0.0275000000000005,-0.064,0.095));
#15861=CARTESIAN_POINT('',(0.036067541634482,-0.064,0.095));
#15862=CARTESIAN_POINT('',(0.0446350832689635,-0.064,0.095));
#15863=CARTESIAN_POINT('',(0.0120000000000005,0.064,0.095));
#15864=CARTESIAN_POINT('',(0.0240000000000005,0.064,0.095));
#15865=CARTESIAN_POINT('',(0.0240000000000005,0.064,0.086));
#15866=CARTESIAN_POINT('',(0.0255000000000005,0.064,0.086));
#15867=CARTESIAN_POINT('',(0.064,0.024,0.095));
#15868=CARTESIAN_POINT('',(0.064,0.012,0.095));
#15869=CARTESIAN_POINT('',(0.0240000000000005,-0.064,0.095));
#15870=CARTESIAN_POINT('',(0.0240000000000005,-0.064,0.086));
#15871=CARTESIAN_POINT('',(0.0255000000000005,-0.064,0.086));
#15872=CARTESIAN_POINT('',(0.064,-0.012,0.095));
#15873=CARTESIAN_POINT('',(-0.0239999999999995,0.064,0.095));
#15874=CARTESIAN_POINT('',(-0.0239999999999995,0.064,0.095));
#15875=CARTESIAN_POINT('',(-0.0224999999999995,0.064,0.095));
#15876=CARTESIAN_POINT('',(-0.064,0.012,0.095));
#15877=CARTESIAN_POINT('',(-0.064,0.012,0.086));
#15878=CARTESIAN_POINT('',(-0.0625,0.012,0.086));
#15879=CARTESIAN_POINT('',(-0.0239999999999995,-0.064,0.095));
#15880=CARTESIAN_POINT('',(-0.064,-0.012,0.095));
#15881=CARTESIAN_POINT('',(-0.064,-0.012,0.086));
#15882=CARTESIAN_POINT('',(-0.0625,-0.012,0.086));
#15883=CARTESIAN_POINT('',(-0.064,-0.024,0.095));
#15884=CARTESIAN_POINT('',(-0.064,-0.024,0.0949999999999985));
#15885=CARTESIAN_POINT('',(-0.0625,-0.024,0.0949999999999985));
#15886=CARTESIAN_POINT('',(-0.064,0.024,0.095));
#15887=CARTESIAN_POINT('',(-0.064,0.024,0.095));
#15888=CARTESIAN_POINT('',(-0.0625,0.024,0.095));
#15889=CARTESIAN_POINT('',(-0.0119999999999995,-0.064,0.095));
#15890=CARTESIAN_POINT('',(-0.0119999999999995,0.064,0.095));
#15891=CARTESIAN_POINT('',(0.064,-0.024,0.095));
#15892=CARTESIAN_POINT('',(0.0120000000000005,-0.064,0.095));
#15893=CARTESIAN_POINT('',(0.0446350832689635,-0.059,0.095));
#15894=CARTESIAN_POINT('',(-0.0239999999999993,0.064,0.0949999999999985));
#15895=CARTESIAN_POINT('',(-0.0239999999999993,0.064,0.0949999999999985));
#15896=CARTESIAN_POINT('',(-0.0229999999999993,0.064,0.0949999999999985));
#15897=CARTESIAN_POINT('',(-0.063999999999999,-0.024,0.0949999999999985));
#15898=CARTESIAN_POINT('',(-0.063999999999999,-0.024,0.0949999999999985));
#15899=CARTESIAN_POINT('',(-0.062999999999999,-0.024,0.0949999999999985));
#15900=CARTESIAN_POINT('',(-0.064,0.024,0.095));
#15901=CARTESIAN_POINT('',(-0.064,0.024,0.095));
#15902=CARTESIAN_POINT('',(-0.063,0.024,0.095));
#15903=CARTESIAN_POINT('',(-0.063999999999999,-0.024,0.154));
#15904=CARTESIAN_POINT('',(-0.063999999999999,-0.024,0.154));
#15905=CARTESIAN_POINT('',(-0.062999999999999,-0.024,0.154));
#15906=CARTESIAN_POINT('',(-0.064,-0.024,0.154));
#15907=CARTESIAN_POINT('',(-0.0625,-0.024,0.154));
#15908=CARTESIAN_POINT('',(-0.061749999999999,-0.0218349364905387,0.154));
#15909=CARTESIAN_POINT('',(-0.063999999999999,-0.0205358983848621,0.154));
#15910=CARTESIAN_POINT('',(-0.060999999999999,-0.0222679491924309,0.154));
#15911=CARTESIAN_POINT('',(-0.064749999999999,-0.0209689110867542,0.154));
#15912=CARTESIAN_POINT('',(-0.066999999999999,-0.0222679491924309,0.154));
#15913=CARTESIAN_POINT('',(-0.066999999999999,-0.0248660254037842,0.154));
#15914=CARTESIAN_POINT('',(-0.066999999999999,-0.0257320508075687,0.154));
#15915=CARTESIAN_POINT('',(-0.066249999999999,-0.0261650635094609,0.154));
#15916=CARTESIAN_POINT('',(-0.063999999999999,-0.0274641016151375,0.154));
#15917=CARTESIAN_POINT('',(-0.063249999999999,-0.0270310889132453,0.154));
#15918=CARTESIAN_POINT('',(-0.060999999999999,-0.0257320508075687,0.154));
#15919=CARTESIAN_POINT('',(-0.060999999999999,-0.0231339745962154,0.154));
#15920=CARTESIAN_POINT('',(-0.063999999999999,-0.024,0.154));
#15921=CARTESIAN_POINT('',(0.012,-0.064,0.217));
#15922=CARTESIAN_POINT('',(0.012,-0.064,0.217));
#15923=CARTESIAN_POINT('',(0.013,-0.064,0.217));
#15924=CARTESIAN_POINT('',(0.012,-0.064,0.217));
#15925=CARTESIAN_POINT('',(0.0135,-0.064,0.217));
#15926=CARTESIAN_POINT('',(0.012,-0.064,0.163));
#15927=CARTESIAN_POINT('',(0.012,-0.064,0.163));
#15928=CARTESIAN_POINT('',(0.013,-0.064,0.163));
#15929=CARTESIAN_POINT('',(0.012,-0.064,0.163));
#15930=CARTESIAN_POINT('',(0.0135,-0.064,0.163));
#15931=CARTESIAN_POINT('',(0.012,-0.064,0.217));
#15932=CARTESIAN_POINT('',(0.064,-0.0120000000000002,0.217));
#15933=CARTESIAN_POINT('',(0.064,-0.0120000000000002,0.217));
#15934=CARTESIAN_POINT('',(0.065,-0.0120000000000002,0.217));
#15935=CARTESIAN_POINT('',(0.064,-0.0120000000000002,0.217));
#15936=CARTESIAN_POINT('',(0.0655,-0.0120000000000002,0.217));
#15937=CARTESIAN_POINT('',(0.064,-0.0120000000000002,0.163));
#15938=CARTESIAN_POINT('',(0.064,-0.0120000000000002,0.163));
#15939=CARTESIAN_POINT('',(0.065,-0.0120000000000002,0.163));
#15940=CARTESIAN_POINT('',(0.064,-0.0120000000000002,0.163));
#15941=CARTESIAN_POINT('',(0.0655,-0.0120000000000002,0.163));
#15942=CARTESIAN_POINT('',(0.064,-0.0120000000000002,0.217));
#15943=CARTESIAN_POINT('',(0.064,0.0119999999999998,0.217));
#15944=CARTESIAN_POINT('',(0.064,0.0119999999999998,0.217));
#15945=CARTESIAN_POINT('',(0.065,0.0119999999999998,0.217));
#15946=CARTESIAN_POINT('',(0.064,0.0119999999999998,0.217));
#15947=CARTESIAN_POINT('',(0.0655,0.0119999999999998,0.217));
#15948=CARTESIAN_POINT('',(0.064,0.0119999999999998,0.163));
#15949=CARTESIAN_POINT('',(0.064,0.0119999999999998,0.163));
#15950=CARTESIAN_POINT('',(0.065,0.0119999999999998,0.163));
#15951=CARTESIAN_POINT('',(0.064,0.0119999999999998,0.163));
#15952=CARTESIAN_POINT('',(0.0655,0.0119999999999998,0.163));
#15953=CARTESIAN_POINT('',(0.064,0.0119999999999998,0.217));
#15954=CARTESIAN_POINT('',(-0.012,-0.064,0.217));
#15955=CARTESIAN_POINT('',(-0.012,-0.064,0.217));
#15956=CARTESIAN_POINT('',(-0.011,-0.064,0.217));
#15957=CARTESIAN_POINT('',(-0.012,-0.064,0.217));
#15958=CARTESIAN_POINT('',(-0.0105,-0.064,0.217));
#15959=CARTESIAN_POINT('',(-0.012,-0.064,0.163));
#15960=CARTESIAN_POINT('',(-0.012,-0.064,0.163));
#15961=CARTESIAN_POINT('',(-0.011,-0.064,0.163));
#15962=CARTESIAN_POINT('',(-0.012,-0.064,0.163));
#15963=CARTESIAN_POINT('',(-0.0105,-0.064,0.163));
#15964=CARTESIAN_POINT('',(-0.012,-0.064,0.217));
#15965=CARTESIAN_POINT('',(0.064,-0.064,0.226));
#15966=CARTESIAN_POINT('',(0.06025,-0.0494763124517224,0.226));
#15967=CARTESIAN_POINT('',(0.06025,-0.0494763124517224,0.226));
#15968=CARTESIAN_POINT('',(0.064,-0.064,0.226));
#15969=CARTESIAN_POINT('',(0.0494763124517222,-0.06025,0.226));
#15970=CARTESIAN_POINT('',(0.0494763124517222,-0.06025,0.226));
#15971=CARTESIAN_POINT('',(0.059,-0.0446350832689631,0.226));
#15972=CARTESIAN_POINT('',(0.064,-0.0446350832689631,0.226));
#15973=CARTESIAN_POINT('',(0.064,-0.0446350832689631,0.226));
#15974=CARTESIAN_POINT('',(0.059,-0.0446350832689631,0.226));
#15975=CARTESIAN_POINT('',(0.064,-0.0360675416344816,0.226));
#15976=CARTESIAN_POINT('',(0.064,-0.0275,0.226));
#15977=CARTESIAN_POINT('',(0.064,-0.0275,0.226));
#15978=CARTESIAN_POINT('',(0.064,-0.0360675416344816,0.226));
#15979=CARTESIAN_POINT('',(0.064,-0.024,0.226));
#15980=CARTESIAN_POINT('',(0.064,-0.0205,0.226));
#15981=CARTESIAN_POINT('',(0.064,-0.0205,0.226));
#15982=CARTESIAN_POINT('',(0.064,-0.024,0.226));
#15983=CARTESIAN_POINT('',(0.064,-0.018,0.226));
#15984=CARTESIAN_POINT('',(0.064,-0.0155,0.226));
#15985=CARTESIAN_POINT('',(0.064,-0.0155,0.226));
#15986=CARTESIAN_POINT('',(0.064,-0.018,0.226));
#15987=CARTESIAN_POINT('',(0.064,-0.0120000000000002,0.226));
#15988=CARTESIAN_POINT('',(0.064,-0.0085000000000002,0.226));
#15989=CARTESIAN_POINT('',(0.064,-0.0085000000000002,0.226));
#15990=CARTESIAN_POINT('',(0.064,-0.0120000000000002,0.226));
#15991=CARTESIAN_POINT('',(0.064,-0.0042500000000002,0.226));
#15992=CARTESIAN_POINT('',(0.064,0.00849999999999981,0.226));
#15993=CARTESIAN_POINT('',(0.064,0.00849999999999981,0.226));
#15994=CARTESIAN_POINT('',(0.064,-0.0042500000000002,0.226));
#15995=CARTESIAN_POINT('',(0.064,0.0119999999999998,0.226));
#15996=CARTESIAN_POINT('',(0.064,0.0155,0.226));
#15997=CARTESIAN_POINT('',(0.064,0.0155,0.226));
#15998=CARTESIAN_POINT('',(0.064,0.0119999999999998,0.226));
#15999=CARTESIAN_POINT('',(0.064,0.018,0.226));
#16000=CARTESIAN_POINT('',(0.064,0.0205,0.226));
#16001=CARTESIAN_POINT('',(0.064,0.0205,0.226));
#16002=CARTESIAN_POINT('',(0.064,0.018,0.226));
#16003=CARTESIAN_POINT('',(0.064,0.024,0.226));
#16004=CARTESIAN_POINT('',(0.064,0.0275,0.226));
#16005=CARTESIAN_POINT('',(0.064,0.0275,0.226));
#16006=CARTESIAN_POINT('',(0.064,0.024,0.226));
#16007=CARTESIAN_POINT('',(0.064,0.0360675416344813,0.226));
#16008=CARTESIAN_POINT('',(0.064,0.0446350832689627,0.226));
#16009=CARTESIAN_POINT('',(0.064,0.0446350832689627,0.226));
#16010=CARTESIAN_POINT('',(0.064,0.0360675416344813,0.226));
#16011=CARTESIAN_POINT('',(0.059,0.0446350832689627,0.226));
#16012=CARTESIAN_POINT('',(0.06025,0.049476312451722,0.226));
#16013=CARTESIAN_POINT('',(0.06025,0.049476312451722,0.226));
#16014=CARTESIAN_POINT('',(0.059,0.0446350832689627,0.226));
#16015=CARTESIAN_POINT('',(0.064,0.064,0.226));
#16016=CARTESIAN_POINT('',(0.0494763124517222,0.06025,0.226));
#16017=CARTESIAN_POINT('',(0.0494763124517222,0.06025,0.226));
#16018=CARTESIAN_POINT('',(0.064,0.064,0.226));
#16019=CARTESIAN_POINT('',(0.0446350832689629,0.059,0.226));
#16020=CARTESIAN_POINT('',(0.0446350832689629,0.064,0.226));
#16021=CARTESIAN_POINT('',(0.0446350832689629,0.064,0.226));
#16022=CARTESIAN_POINT('',(0.0446350832689629,0.059,0.226));
#16023=CARTESIAN_POINT('',(0.0360675416344815,0.064,0.226));
#16024=CARTESIAN_POINT('',(0.0275,0.064,0.226));
#16025=CARTESIAN_POINT('',(0.0275,0.064,0.226));
#16026=CARTESIAN_POINT('',(0.0360675416344815,0.064,0.226));
#16027=CARTESIAN_POINT('',(0.024,0.064,0.226));
#16028=CARTESIAN_POINT('',(0.0205,0.064,0.226));
#16029=CARTESIAN_POINT('',(0.0205,0.064,0.226));
#16030=CARTESIAN_POINT('',(0.024,0.064,0.226));
#16031=CARTESIAN_POINT('',(0.018,0.064,0.226));
#16032=CARTESIAN_POINT('',(0.0155,0.064,0.226));
#16033=CARTESIAN_POINT('',(0.0155,0.064,0.226));
#16034=CARTESIAN_POINT('',(0.018,0.064,0.226));
#16035=CARTESIAN_POINT('',(0.012,0.064,0.226));
#16036=CARTESIAN_POINT('',(0.0085,0.064,0.226));
#16037=CARTESIAN_POINT('',(0.0085,0.064,0.226));
#16038=CARTESIAN_POINT('',(0.012,0.064,0.226));
#16039=CARTESIAN_POINT('',(0.00425,0.064,0.226));
#16040=CARTESIAN_POINT('',(-0.0085,0.064,0.226));
#16041=CARTESIAN_POINT('',(-0.0085,0.064,0.226));
#16042=CARTESIAN_POINT('',(0.00425,0.064,0.226));
#16043=CARTESIAN_POINT('',(-0.012,0.064,0.226));
#16044=CARTESIAN_POINT('',(-0.0155,0.064,0.226));
#16045=CARTESIAN_POINT('',(-0.0155,0.064,0.226));
#16046=CARTESIAN_POINT('',(-0.012,0.064,0.226));
#16047=CARTESIAN_POINT('',(-0.018,0.064,0.226));
#16048=CARTESIAN_POINT('',(-0.0205,0.064,0.226));
#16049=CARTESIAN_POINT('',(-0.0205,0.064,0.226));
#16050=CARTESIAN_POINT('',(-0.018,0.064,0.226));
#16051=CARTESIAN_POINT('',(-0.024,0.064,0.226));
#16052=CARTESIAN_POINT('',(-0.0275,0.064,0.226));
#16053=CARTESIAN_POINT('',(-0.0275,0.064,0.226));
#16054=CARTESIAN_POINT('',(-0.024,0.064,0.226));
#16055=CARTESIAN_POINT('',(-0.0360675416344815,0.064,0.226));
#16056=CARTESIAN_POINT('',(-0.0446350832689629,0.064,0.226));
#16057=CARTESIAN_POINT('',(-0.0446350832689629,0.064,0.226));
#16058=CARTESIAN_POINT('',(-0.0360675416344815,0.064,0.226));
#16059=CARTESIAN_POINT('',(-0.0446350832689629,0.059,0.226));
#16060=CARTESIAN_POINT('',(-0.0494763124517222,0.06025,0.226));
#16061=CARTESIAN_POINT('',(-0.0494763124517222,0.06025,0.226));
#16062=CARTESIAN_POINT('',(-0.0446350832689629,0.059,0.226));
#16063=CARTESIAN_POINT('',(-0.064,0.064,0.226));
#16064=CARTESIAN_POINT('',(-0.06025,0.049476312451722,0.226));
#16065=CARTESIAN_POINT('',(-0.06025,0.049476312451722,0.226));
#16066=CARTESIAN_POINT('',(-0.064,0.064,0.226));
#16067=CARTESIAN_POINT('',(-0.059,0.0446350832689627,0.226));
#16068=CARTESIAN_POINT('',(-0.064,0.0446350832689627,0.226));
#16069=CARTESIAN_POINT('',(-0.064,0.0446350832689627,0.226));
#16070=CARTESIAN_POINT('',(-0.059,0.0446350832689627,0.226));
#16071=CARTESIAN_POINT('',(-0.064,0.0360675416344813,0.226));
#16072=CARTESIAN_POINT('',(-0.064,0.0275,0.226));
#16073=CARTESIAN_POINT('',(-0.064,0.0275,0.226));
#16074=CARTESIAN_POINT('',(-0.064,0.0360675416344813,0.226));
#16075=CARTESIAN_POINT('',(-0.064,0.024,0.226));
#16076=CARTESIAN_POINT('',(-0.064,0.0205,0.226));
#16077=CARTESIAN_POINT('',(-0.064,0.0205,0.226));
#16078=CARTESIAN_POINT('',(-0.064,0.024,0.226));
#16079=CARTESIAN_POINT('',(-0.064,0.018,0.226));
#16080=CARTESIAN_POINT('',(-0.064,0.0155,0.226));
#16081=CARTESIAN_POINT('',(-0.064,0.0155,0.226));
#16082=CARTESIAN_POINT('',(-0.064,0.018,0.226));
#16083=CARTESIAN_POINT('',(-0.064,0.0119999999999998,0.226));
#16084=CARTESIAN_POINT('',(-0.064,0.00849999999999981,0.226));
#16085=CARTESIAN_POINT('',(-0.064,0.00849999999999981,0.226));
#16086=CARTESIAN_POINT('',(-0.064,0.0119999999999998,0.226));
#16087=CARTESIAN_POINT('',(-0.064,0.00424999999999981,0.226));
#16088=CARTESIAN_POINT('',(-0.064,-0.0085000000000002,0.226));
#16089=CARTESIAN_POINT('',(-0.064,-0.0085000000000002,0.226));
#16090=CARTESIAN_POINT('',(-0.064,0.00424999999999981,0.226));
#16091=CARTESIAN_POINT('',(-0.064,-0.0120000000000002,0.226));
#16092=CARTESIAN_POINT('',(-0.064,-0.0155,0.226));
#16093=CARTESIAN_POINT('',(-0.064,-0.0155,0.226));
#16094=CARTESIAN_POINT('',(-0.064,-0.0120000000000002,0.226));
#16095=CARTESIAN_POINT('',(-0.064,-0.018,0.226));
#16096=CARTESIAN_POINT('',(-0.064,-0.0205,0.226));
#16097=CARTESIAN_POINT('',(-0.064,-0.0205,0.226));
#16098=CARTESIAN_POINT('',(-0.064,-0.018,0.226));
#16099=CARTESIAN_POINT('',(-0.064,-0.024,0.226));
#16100=CARTESIAN_POINT('',(-0.064,-0.0275,0.226));
#16101=CARTESIAN_POINT('',(-0.064,-0.0275,0.226));
#16102=CARTESIAN_POINT('',(-0.064,-0.024,0.226));
#16103=CARTESIAN_POINT('',(-0.064,-0.0360675416344816,0.226));
#16104=CARTESIAN_POINT('',(-0.064,-0.0446350832689631,0.226));
#16105=CARTESIAN_POINT('',(-0.064,-0.0446350832689631,0.226));
#16106=CARTESIAN_POINT('',(-0.064,-0.0360675416344816,0.226));
#16107=CARTESIAN_POINT('',(-0.059,-0.0446350832689631,0.226));
#16108=CARTESIAN_POINT('',(-0.06025,-0.0494763124517224,0.226));
#16109=CARTESIAN_POINT('',(-0.06025,-0.0494763124517224,0.226));
#16110=CARTESIAN_POINT('',(-0.059,-0.0446350832689631,0.226));
#16111=CARTESIAN_POINT('',(-0.064,-0.064,0.226));
#16112=CARTESIAN_POINT('',(-0.0494763124517222,-0.06025,0.226));
#16113=CARTESIAN_POINT('',(-0.0494763124517222,-0.06025,0.226));
#16114=CARTESIAN_POINT('',(-0.064,-0.064,0.226));
#16115=CARTESIAN_POINT('',(-0.0446350832689629,-0.059,0.226));
#16116=CARTESIAN_POINT('',(-0.0446350832689629,-0.064,0.226));
#16117=CARTESIAN_POINT('',(-0.0446350832689629,-0.064,0.226));
#16118=CARTESIAN_POINT('',(-0.0446350832689629,-0.059,0.226));
#16119=CARTESIAN_POINT('',(-0.0360675416344815,-0.064,0.226));
#16120=CARTESIAN_POINT('',(-0.0275,-0.064,0.226));
#16121=CARTESIAN_POINT('',(-0.0275,-0.064,0.226));
#16122=CARTESIAN_POINT('',(-0.0360675416344815,-0.064,0.226));
#16123=CARTESIAN_POINT('',(-0.024,-0.064,0.226));
#16124=CARTESIAN_POINT('',(-0.0205,-0.064,0.226));
#16125=CARTESIAN_POINT('',(-0.0205,-0.064,0.226));
#16126=CARTESIAN_POINT('',(-0.024,-0.064,0.226));
#16127=CARTESIAN_POINT('',(-0.018,-0.064,0.226));
#16128=CARTESIAN_POINT('',(-0.0155,-0.064,0.226));
#16129=CARTESIAN_POINT('',(-0.0155,-0.064,0.226));
#16130=CARTESIAN_POINT('',(-0.018,-0.064,0.226));
#16131=CARTESIAN_POINT('',(-0.012,-0.064,0.226));
#16132=CARTESIAN_POINT('',(-0.0085,-0.064,0.226));
#16133=CARTESIAN_POINT('',(-0.0085,-0.064,0.226));
#16134=CARTESIAN_POINT('',(-0.012,-0.064,0.226));
#16135=CARTESIAN_POINT('',(-0.00425,-0.064,0.226));
#16136=CARTESIAN_POINT('',(0.0085,-0.064,0.226));
#16137=CARTESIAN_POINT('',(0.0085,-0.064,0.226));
#16138=CARTESIAN_POINT('',(-0.00425,-0.064,0.226));
#16139=CARTESIAN_POINT('',(0.012,-0.064,0.226));
#16140=CARTESIAN_POINT('',(0.0155,-0.064,0.226));
#16141=CARTESIAN_POINT('',(0.0155,-0.064,0.226));
#16142=CARTESIAN_POINT('',(0.012,-0.064,0.226));
#16143=CARTESIAN_POINT('',(0.018,-0.064,0.226));
#16144=CARTESIAN_POINT('',(0.0205,-0.064,0.226));
#16145=CARTESIAN_POINT('',(0.0205,-0.064,0.226));
#16146=CARTESIAN_POINT('',(0.018,-0.064,0.226));
#16147=CARTESIAN_POINT('',(0.024,-0.064,0.226));
#16148=CARTESIAN_POINT('',(0.0275,-0.064,0.226));
#16149=CARTESIAN_POINT('',(0.0275,-0.064,0.226));
#16150=CARTESIAN_POINT('',(0.024,-0.064,0.226));
#16151=CARTESIAN_POINT('',(0.0360675416344815,-0.064,0.226));
#16152=CARTESIAN_POINT('',(0.0446350832689629,-0.064,0.226));
#16153=CARTESIAN_POINT('',(0.0446350832689629,-0.064,0.226));
#16154=CARTESIAN_POINT('',(0.0360675416344815,-0.064,0.226));
#16155=CARTESIAN_POINT('',(0.012,0.064,0.226));
#16156=CARTESIAN_POINT('',(0.012,0.064,0.226));
#16157=CARTESIAN_POINT('',(0.0135,0.064,0.226));
#16158=CARTESIAN_POINT('',(0.012,0.064,0.217));
#16159=CARTESIAN_POINT('',(0.0135,0.064,0.217));
#16160=CARTESIAN_POINT('',(0.024,0.064,0.226));
#16161=CARTESIAN_POINT('',(0.024,0.064,0.226));
#16162=CARTESIAN_POINT('',(0.0255,0.064,0.226));
#16163=CARTESIAN_POINT('',(0.064,0.024,0.226));
#16164=CARTESIAN_POINT('',(0.064,0.024,0.226));
#16165=CARTESIAN_POINT('',(0.0655,0.024,0.226));
#16166=CARTESIAN_POINT('',(0.064,0.0119999999999998,0.226));
#16167=CARTESIAN_POINT('',(0.064,0.0119999999999998,0.226));
#16168=CARTESIAN_POINT('',(0.0655,0.0119999999999998,0.226));
#16169=CARTESIAN_POINT('',(0.024,-0.064,0.226));
#16170=CARTESIAN_POINT('',(0.024,-0.064,0.226));
#16171=CARTESIAN_POINT('',(0.0255,-0.064,0.226));
#16172=CARTESIAN_POINT('',(0.064,-0.0120000000000002,0.226));
#16173=CARTESIAN_POINT('',(0.064,-0.0120000000000002,0.226));
#16174=CARTESIAN_POINT('',(0.0655,-0.0120000000000002,0.226));
#16175=CARTESIAN_POINT('',(-0.024,0.064,0.226));
#16176=CARTESIAN_POINT('',(-0.024,0.064,0.226));
#16177=CARTESIAN_POINT('',(-0.0225,0.064,0.226));
#16178=CARTESIAN_POINT('',(-0.064,0.0119999999999998,0.226));
#16179=CARTESIAN_POINT('',(-0.064,0.0119999999999998,0.226));
#16180=CARTESIAN_POINT('',(-0.0625,0.0119999999999998,0.226));
#16181=CARTESIAN_POINT('',(-0.064,0.0119999999999998,0.217));
#16182=CARTESIAN_POINT('',(-0.0625,0.0119999999999998,0.217));
#16183=CARTESIAN_POINT('',(-0.024,-0.064,0.226));
#16184=CARTESIAN_POINT('',(-0.024,-0.064,0.226));
#16185=CARTESIAN_POINT('',(-0.0225,-0.064,0.226));
#16186=CARTESIAN_POINT('',(-0.064,-0.0120000000000002,0.226));
#16187=CARTESIAN_POINT('',(-0.064,-0.0120000000000002,0.226));
#16188=CARTESIAN_POINT('',(-0.0625,-0.0120000000000002,0.226));
#16189=CARTESIAN_POINT('',(-0.064,-0.024,0.226));
#16190=CARTESIAN_POINT('',(-0.064,-0.024,0.226));
#16191=CARTESIAN_POINT('',(-0.0625,-0.024,0.226));
#16192=CARTESIAN_POINT('',(-0.064,0.024,0.226));
#16193=CARTESIAN_POINT('',(-0.064,0.024,0.226));
#16194=CARTESIAN_POINT('',(-0.0625,0.024,0.226));
#16195=CARTESIAN_POINT('',(-0.012,-0.064,0.226));
#16196=CARTESIAN_POINT('',(-0.012,-0.064,0.226));
#16197=CARTESIAN_POINT('',(-0.0105,-0.064,0.226));
#16198=CARTESIAN_POINT('',(-0.012,0.064,0.226));
#16199=CARTESIAN_POINT('',(-0.012,0.064,0.226));
#16200=CARTESIAN_POINT('',(-0.0105,0.064,0.226));
#16201=CARTESIAN_POINT('',(-0.012,0.064,0.217));
#16202=CARTESIAN_POINT('',(-0.0105,0.064,0.217));
#16203=CARTESIAN_POINT('',(0.064,-0.024,0.226));
#16204=CARTESIAN_POINT('',(0.064,-0.024,0.226));
#16205=CARTESIAN_POINT('',(0.0655,-0.024,0.226));
#16206=CARTESIAN_POINT('',(0.012,-0.064,0.226));
#16207=CARTESIAN_POINT('',(0.012,-0.064,0.226));
#16208=CARTESIAN_POINT('',(0.0135,-0.064,0.226));
#16209=CARTESIAN_POINT('',(0.0446350832689629,-0.059,0.226));
#16210=CARTESIAN_POINT('',(0.0446350832689629,-0.059,0.226));
#16211=CARTESIAN_POINT('',(0.,-1.94289029309402E-16,0.226));
#16212=CARTESIAN_POINT('',(0.012,0.064,0.217));
#16213=CARTESIAN_POINT('',(0.012,0.064,0.217));
#16214=CARTESIAN_POINT('',(0.013,0.064,0.217));
#16215=CARTESIAN_POINT('',(-0.064,0.0119999999999998,0.217));
#16216=CARTESIAN_POINT('',(-0.064,0.0119999999999998,0.217));
#16217=CARTESIAN_POINT('',(-0.063,0.0119999999999998,0.217));
#16218=CARTESIAN_POINT('',(-0.012,0.064,0.217));
#16219=CARTESIAN_POINT('',(-0.012,0.064,0.217));
#16220=CARTESIAN_POINT('',(-0.011,0.064,0.217));
#16221=CARTESIAN_POINT('',(0.064,-0.064,0.163));
#16222=CARTESIAN_POINT('',(0.06025,-0.0494763124517224,0.163));
#16223=CARTESIAN_POINT('',(0.0494763124517222,-0.06025,0.163));
#16224=CARTESIAN_POINT('',(0.059,-0.0446350832689631,0.163));
#16225=CARTESIAN_POINT('',(0.064,-0.0446350832689631,0.163));
#16226=CARTESIAN_POINT('',(0.064,-0.0360675416344816,0.163));
#16227=CARTESIAN_POINT('',(0.064,-0.0275,0.163));
#16228=CARTESIAN_POINT('',(0.064,-0.024,0.163));
#16229=CARTESIAN_POINT('',(0.064,-0.0205,0.163));
#16230=CARTESIAN_POINT('',(0.064,-0.018,0.163));
#16231=CARTESIAN_POINT('',(0.064,-0.0155,0.163));
#16232=CARTESIAN_POINT('',(0.064,-0.0120000000000002,0.163));
#16233=CARTESIAN_POINT('',(0.064,-0.00850000000000019,0.163));
#16234=CARTESIAN_POINT('',(0.064,-0.00425000000000019,0.163));
#16235=CARTESIAN_POINT('',(0.064,0.00849999999999981,0.163));
#16236=CARTESIAN_POINT('',(0.064,0.0119999999999998,0.163));
#16237=CARTESIAN_POINT('',(0.064,0.0155,0.163));
#16238=CARTESIAN_POINT('',(0.064,0.018,0.163));
#16239=CARTESIAN_POINT('',(0.064,0.0205,0.163));
#16240=CARTESIAN_POINT('',(0.064,0.024,0.163));
#16241=CARTESIAN_POINT('',(0.064,0.0275,0.163));
#16242=CARTESIAN_POINT('',(0.064,0.0360675416344813,0.163));
#16243=CARTESIAN_POINT('',(0.064,0.0446350832689627,0.163));
#16244=CARTESIAN_POINT('',(0.059,0.0446350832689627,0.163));
#16245=CARTESIAN_POINT('',(0.06025,0.049476312451722,0.163));
#16246=CARTESIAN_POINT('',(0.064,0.064,0.163));
#16247=CARTESIAN_POINT('',(0.0494763124517222,0.06025,0.163));
#16248=CARTESIAN_POINT('',(0.0446350832689629,0.059,0.163));
#16249=CARTESIAN_POINT('',(0.0446350832689629,0.064,0.163));
#16250=CARTESIAN_POINT('',(0.0360675416344815,0.064,0.163));
#16251=CARTESIAN_POINT('',(0.0275,0.064,0.163));
#16252=CARTESIAN_POINT('',(0.024,0.064,0.163));
#16253=CARTESIAN_POINT('',(0.0205,0.064,0.163));
#16254=CARTESIAN_POINT('',(0.018,0.064,0.163));
#16255=CARTESIAN_POINT('',(0.0155,0.064,0.163));
#16256=CARTESIAN_POINT('',(0.012,0.064,0.163));
#16257=CARTESIAN_POINT('',(0.0085,0.064,0.163));
#16258=CARTESIAN_POINT('',(0.00425,0.064,0.163));
#16259=CARTESIAN_POINT('',(-0.0085,0.064,0.163));
#16260=CARTESIAN_POINT('',(-0.012,0.064,0.163));
#16261=CARTESIAN_POINT('',(-0.0155,0.064,0.163));
#16262=CARTESIAN_POINT('',(-0.018,0.064,0.163));
#16263=CARTESIAN_POINT('',(-0.0205,0.064,0.163));
#16264=CARTESIAN_POINT('',(-0.024,0.064,0.163));
#16265=CARTESIAN_POINT('',(-0.0275,0.064,0.163));
#16266=CARTESIAN_POINT('',(-0.0360675416344815,0.064,0.163));
#16267=CARTESIAN_POINT('',(-0.0446350832689629,0.064,0.163));
#16268=CARTESIAN_POINT('',(-0.0446350832689629,0.059,0.163));
#16269=CARTESIAN_POINT('',(-0.0494763124517222,0.06025,0.163));
#16270=CARTESIAN_POINT('',(-0.064,0.064,0.163));
#16271=CARTESIAN_POINT('',(-0.06025,0.049476312451722,0.163));
#16272=CARTESIAN_POINT('',(-0.059,0.0446350832689627,0.163));
#16273=CARTESIAN_POINT('',(-0.064,0.0446350832689627,0.163));
#16274=CARTESIAN_POINT('',(-0.064,0.0360675416344813,0.163));
#16275=CARTESIAN_POINT('',(-0.064,0.0275,0.163));
#16276=CARTESIAN_POINT('',(-0.064,0.024,0.163));
#16277=CARTESIAN_POINT('',(-0.064,0.0205,0.163));
#16278=CARTESIAN_POINT('',(-0.064,0.018,0.163));
#16279=CARTESIAN_POINT('',(-0.064,0.0155,0.163));
#16280=CARTESIAN_POINT('',(-0.064,0.0119999999999998,0.163));
#16281=CARTESIAN_POINT('',(-0.064,0.00849999999999981,0.163));
#16282=CARTESIAN_POINT('',(-0.064,0.00424999999999981,0.163));
#16283=CARTESIAN_POINT('',(-0.064,-0.00850000000000019,0.163));
#16284=CARTESIAN_POINT('',(-0.064,-0.0120000000000002,0.163));
#16285=CARTESIAN_POINT('',(-0.064,-0.0155,0.163));
#16286=CARTESIAN_POINT('',(-0.064,-0.018,0.163));
#16287=CARTESIAN_POINT('',(-0.064,-0.0205,0.163));
#16288=CARTESIAN_POINT('',(-0.064,-0.024,0.163));
#16289=CARTESIAN_POINT('',(-0.064,-0.0275,0.163));
#16290=CARTESIAN_POINT('',(-0.064,-0.0360675416344816,0.163));
#16291=CARTESIAN_POINT('',(-0.064,-0.0446350832689631,0.163));
#16292=CARTESIAN_POINT('',(-0.059,-0.0446350832689631,0.163));
#16293=CARTESIAN_POINT('',(-0.06025,-0.0494763124517224,0.163));
#16294=CARTESIAN_POINT('',(-0.064,-0.064,0.163));
#16295=CARTESIAN_POINT('',(-0.0494763124517222,-0.06025,0.163));
#16296=CARTESIAN_POINT('',(-0.0446350832689629,-0.059,0.163));
#16297=CARTESIAN_POINT('',(-0.0446350832689629,-0.064,0.163));
#16298=CARTESIAN_POINT('',(-0.0360675416344815,-0.064,0.163));
#16299=CARTESIAN_POINT('',(-0.0275,-0.064,0.163));
#16300=CARTESIAN_POINT('',(-0.024,-0.064,0.163));
#16301=CARTESIAN_POINT('',(-0.0205,-0.064,0.163));
#16302=CARTESIAN_POINT('',(-0.018,-0.064,0.163));
#16303=CARTESIAN_POINT('',(-0.0155,-0.064,0.163));
#16304=CARTESIAN_POINT('',(-0.012,-0.064,0.163));
#16305=CARTESIAN_POINT('',(-0.0085,-0.064,0.163));
#16306=CARTESIAN_POINT('',(-0.00425,-0.064,0.163));
#16307=CARTESIAN_POINT('',(0.0085,-0.064,0.163));
#16308=CARTESIAN_POINT('',(0.012,-0.064,0.163));
#16309=CARTESIAN_POINT('',(0.0155,-0.064,0.163));
#16310=CARTESIAN_POINT('',(0.018,-0.064,0.163));
#16311=CARTESIAN_POINT('',(0.0205,-0.064,0.163));
#16312=CARTESIAN_POINT('',(0.024,-0.064,0.163));
#16313=CARTESIAN_POINT('',(0.0275,-0.064,0.163));
#16314=CARTESIAN_POINT('',(0.0360675416344815,-0.064,0.163));
#16315=CARTESIAN_POINT('',(0.0446350832689629,-0.064,0.163));
#16316=CARTESIAN_POINT('',(0.012,0.064,0.163));
#16317=CARTESIAN_POINT('',(0.012,0.064,0.163));
#16318=CARTESIAN_POINT('',(0.0135,0.064,0.163));
#16319=CARTESIAN_POINT('',(0.024,0.064,0.163));
#16320=CARTESIAN_POINT('',(0.064,0.024,0.163));
#16321=CARTESIAN_POINT('',(0.064,0.0119999999999998,0.163));
#16322=CARTESIAN_POINT('',(0.024,-0.064,0.163));
#16323=CARTESIAN_POINT('',(0.064,-0.0120000000000002,0.163));
#16324=CARTESIAN_POINT('',(-0.024,0.064,0.163));
#16325=CARTESIAN_POINT('',(-0.024,0.064,0.154));
#16326=CARTESIAN_POINT('',(-0.0225,0.064,0.154));
#16327=CARTESIAN_POINT('',(-0.064,0.0119999999999998,0.163));
#16328=CARTESIAN_POINT('',(-0.064,0.0119999999999998,0.163));
#16329=CARTESIAN_POINT('',(-0.0625,0.0119999999999998,0.163));
#16330=CARTESIAN_POINT('',(-0.024,-0.064,0.163));
#16331=CARTESIAN_POINT('',(-0.064,-0.0120000000000002,0.163));
#16332=CARTESIAN_POINT('',(-0.064,-0.024,0.163));
#16333=CARTESIAN_POINT('',(-0.064,0.024,0.163));
#16334=CARTESIAN_POINT('',(-0.064,0.024,0.154));
#16335=CARTESIAN_POINT('',(-0.0625,0.024,0.154));
#16336=CARTESIAN_POINT('',(-0.012,-0.064,0.163));
#16337=CARTESIAN_POINT('',(-0.012,0.064,0.163));
#16338=CARTESIAN_POINT('',(-0.012,0.064,0.163));
#16339=CARTESIAN_POINT('',(-0.0105,0.064,0.163));
#16340=CARTESIAN_POINT('',(0.064,-0.024,0.163));
#16341=CARTESIAN_POINT('',(0.012,-0.064,0.163));
#16342=CARTESIAN_POINT('',(0.0446350832689629,-0.059,0.163));
#16343=CARTESIAN_POINT('',(-0.064,0.024,0.154));
#16344=CARTESIAN_POINT('',(-0.064,0.024,0.154));
#16345=CARTESIAN_POINT('',(-0.063,0.024,0.154));
#16346=CARTESIAN_POINT('',(-0.06175,0.0261650635094614,0.154));
#16347=CARTESIAN_POINT('',(-0.064,0.0274641016151381,0.154));
#16348=CARTESIAN_POINT('',(-0.061,0.0257320508075691,0.154));
#16349=CARTESIAN_POINT('',(-0.06475,0.0270310889132459,0.154));
#16350=CARTESIAN_POINT('',(-0.067,0.0257320508075691,0.154));
#16351=CARTESIAN_POINT('',(-0.067,0.0231339745962157,0.154));
#16352=CARTESIAN_POINT('',(-0.067,0.0222679491924313,0.154));
#16353=CARTESIAN_POINT('',(-0.06625,0.021834936490539,0.154));
#16354=CARTESIAN_POINT('',(-0.064,0.0205358983848623,0.154));
#16355=CARTESIAN_POINT('',(-0.06325,0.0209689110867545,0.154));
#16356=CARTESIAN_POINT('',(-0.061,0.0222679491924313,0.154));
#16357=CARTESIAN_POINT('',(-0.061,0.0248660254037846,0.154));
#16358=CARTESIAN_POINT('',(-0.064,0.024,0.154));
#16359=CARTESIAN_POINT('',(0.012,0.064,0.163));
#16360=CARTESIAN_POINT('',(0.012,0.064,0.163));
#16361=CARTESIAN_POINT('',(0.013,0.064,0.163));
#16362=CARTESIAN_POINT('',(0.01425,0.0661650635094609,0.217));
#16363=CARTESIAN_POINT('',(0.012,0.0674641016151376,0.217));
#16364=CARTESIAN_POINT('',(0.015,0.0657320508075687,0.217));
#16365=CARTESIAN_POINT('',(0.01125,0.0670310889132453,0.217));
#16366=CARTESIAN_POINT('',(0.009,0.0657320508075687,0.217));
#16367=CARTESIAN_POINT('',(0.009,0.0631339745962154,0.217));
#16368=CARTESIAN_POINT('',(0.009,0.0622679491924309,0.217));
#16369=CARTESIAN_POINT('',(0.00975,0.0618349364905387,0.217));
#16370=CARTESIAN_POINT('',(0.012,0.0605358983848621,0.217));
#16371=CARTESIAN_POINT('',(0.01275,0.0609689110867543,0.217));
#16372=CARTESIAN_POINT('',(0.015,0.0622679491924309,0.217));
#16373=CARTESIAN_POINT('',(0.015,0.0648660254037843,0.217));
#16374=CARTESIAN_POINT('',(0.012,0.064,0.217));
#16375=CARTESIAN_POINT('',(-0.064,0.0119999999999998,0.163));
#16376=CARTESIAN_POINT('',(-0.064,0.0119999999999998,0.163));
#16377=CARTESIAN_POINT('',(-0.063,0.0119999999999998,0.163));
#16378=CARTESIAN_POINT('',(-0.06175,0.0141650635094609,0.217));
#16379=CARTESIAN_POINT('',(-0.064,0.0154641016151375,0.217));
#16380=CARTESIAN_POINT('',(-0.061,0.0137320508075687,0.217));
#16381=CARTESIAN_POINT('',(-0.06475,0.0150310889132454,0.217));
#16382=CARTESIAN_POINT('',(-0.067,0.0137320508075687,0.217));
#16383=CARTESIAN_POINT('',(-0.067,0.0111339745962154,0.217));
#16384=CARTESIAN_POINT('',(-0.067,0.0102679491924309,0.217));
#16385=CARTESIAN_POINT('',(-0.06625,0.00983493649053871,0.217));
#16386=CARTESIAN_POINT('',(-0.064,0.00853589838486206,0.217));
#16387=CARTESIAN_POINT('',(-0.06325,0.00896891108675427,0.217));
#16388=CARTESIAN_POINT('',(-0.061,0.0102679491924309,0.217));
#16389=CARTESIAN_POINT('',(-0.061,0.0128660254037842,0.217));
#16390=CARTESIAN_POINT('',(-0.064,0.0119999999999998,0.217));
#16391=CARTESIAN_POINT('',(-0.0239999999999993,0.064,0.154));
#16392=CARTESIAN_POINT('',(-0.0239999999999993,0.064,0.154));
#16393=CARTESIAN_POINT('',(-0.0229999999999993,0.064,0.154));
#16394=CARTESIAN_POINT('',(-0.0217499999999993,0.0661650635094606,0.154));
#16395=CARTESIAN_POINT('',(-0.0239999999999993,0.0674641016151373,0.154));
#16396=CARTESIAN_POINT('',(-0.0209999999999993,0.0657320508075684,0.154));
#16397=CARTESIAN_POINT('',(-0.0247499999999993,0.067031088913245,0.154));
#16398=CARTESIAN_POINT('',(-0.0269999999999993,0.0657320508075684,0.154));
#16399=CARTESIAN_POINT('',(-0.0269999999999993,0.0631339745962151,0.154));
#16400=CARTESIAN_POINT('',(-0.0269999999999993,0.0622679491924306,0.154));
#16401=CARTESIAN_POINT('',(-0.0262499999999993,0.0618349364905384,0.154));
#16402=CARTESIAN_POINT('',(-0.0239999999999993,0.0605358983848617,0.154));
#16403=CARTESIAN_POINT('',(-0.0232499999999993,0.060968911086754,0.154));
#16404=CARTESIAN_POINT('',(-0.0209999999999993,0.0622679491924306,0.154));
#16405=CARTESIAN_POINT('',(-0.0209999999999993,0.0648660254037839,0.154));
#16406=CARTESIAN_POINT('',(-0.0239999999999993,0.064,0.154));
#16407=CARTESIAN_POINT('',(-0.012,0.064,0.163));
#16408=CARTESIAN_POINT('',(-0.012,0.064,0.163));
#16409=CARTESIAN_POINT('',(-0.011,0.064,0.163));
#16410=CARTESIAN_POINT('',(-0.00975,0.0661650635094609,0.217));
#16411=CARTESIAN_POINT('',(-0.012,0.0674641016151376,0.217));
#16412=CARTESIAN_POINT('',(-0.009,0.0657320508075687,0.217));
#16413=CARTESIAN_POINT('',(-0.01275,0.0670310889132453,0.217));
#16414=CARTESIAN_POINT('',(-0.015,0.0657320508075687,0.217));
#16415=CARTESIAN_POINT('',(-0.015,0.0631339745962154,0.217));
#16416=CARTESIAN_POINT('',(-0.015,0.0622679491924309,0.217));
#16417=CARTESIAN_POINT('',(-0.01425,0.0618349364905387,0.217));
#16418=CARTESIAN_POINT('',(-0.012,0.0605358983848621,0.217));
#16419=CARTESIAN_POINT('',(-0.01125,0.0609689110867543,0.217));
#16420=CARTESIAN_POINT('',(-0.009,0.0622679491924309,0.217));
#16421=CARTESIAN_POINT('',(-0.009,0.0648660254037843,0.217));
#16422=CARTESIAN_POINT('',(-0.012,0.064,0.217));
#16423=CARTESIAN_POINT('',(-0.009,-0.0631339745962158,0.217));
#16424=CARTESIAN_POINT('',(-0.009,-0.0622679491924313,0.217));
#16425=CARTESIAN_POINT('',(-0.009,-0.0657320508075691,0.217));
#16426=CARTESIAN_POINT('',(-0.01125,-0.0670310889132457,0.217));
#16427=CARTESIAN_POINT('',(-0.012,-0.067464101615138,0.217));
#16428=CARTESIAN_POINT('',(-0.01425,-0.0661650635094613,0.217));
#16429=CARTESIAN_POINT('',(-0.015,-0.0657320508075691,0.217));
#16430=CARTESIAN_POINT('',(-0.015,-0.0648660254037846,0.217));
#16431=CARTESIAN_POINT('',(-0.015,-0.0622679491924313,0.217));
#16432=CARTESIAN_POINT('',(-0.01275,-0.0609689110867547,0.217));
#16433=CARTESIAN_POINT('',(-0.012,-0.0605358983848624,0.217));
#16434=CARTESIAN_POINT('',(-0.00975,-0.0618349364905391,0.217));
#16435=CARTESIAN_POINT('',(0.067,0.0128660254037842,0.217));
#16436=CARTESIAN_POINT('',(0.067,0.0137320508075687,0.217));
#16437=CARTESIAN_POINT('',(0.067,0.0102679491924309,0.217));
#16438=CARTESIAN_POINT('',(0.06475,0.00896891108675427,0.217));
#16439=CARTESIAN_POINT('',(0.064,0.00853589838486206,0.217));
#16440=CARTESIAN_POINT('',(0.06175,0.00983493649053871,0.217));
#16441=CARTESIAN_POINT('',(0.061,0.0102679491924309,0.217));
#16442=CARTESIAN_POINT('',(0.061,0.0111339745962154,0.217));
#16443=CARTESIAN_POINT('',(0.061,0.0137320508075687,0.217));
#16444=CARTESIAN_POINT('',(0.06325,0.0150310889132454,0.217));
#16445=CARTESIAN_POINT('',(0.064,0.0154641016151375,0.217));
#16446=CARTESIAN_POINT('',(0.06625,0.0141650635094609,0.217));
#16447=CARTESIAN_POINT('',(0.067,-0.0111339745962157,0.217));
#16448=CARTESIAN_POINT('',(0.067,-0.0102679491924313,0.217));
#16449=CARTESIAN_POINT('',(0.067,-0.0137320508075691,0.217));
#16450=CARTESIAN_POINT('',(0.06475,-0.0150310889132457,0.217));
#16451=CARTESIAN_POINT('',(0.064,-0.015464101615138,0.217));
#16452=CARTESIAN_POINT('',(0.06175,-0.0141650635094613,0.217));
#16453=CARTESIAN_POINT('',(0.061,-0.0137320508075691,0.217));
#16454=CARTESIAN_POINT('',(0.061,-0.0128660254037846,0.217));
#16455=CARTESIAN_POINT('',(0.061,-0.0102679491924313,0.217));
#16456=CARTESIAN_POINT('',(0.06325,-0.00896891108675466,0.217));
#16457=CARTESIAN_POINT('',(0.064,-0.00853589838486244,0.217));
#16458=CARTESIAN_POINT('',(0.06625,-0.00983493649053909,0.217));
#16459=CARTESIAN_POINT('',(0.015,-0.0631339745962158,0.217));
#16460=CARTESIAN_POINT('',(0.015,-0.0622679491924313,0.217));
#16461=CARTESIAN_POINT('',(0.015,-0.0657320508075691,0.217));
#16462=CARTESIAN_POINT('',(0.01275,-0.0670310889132457,0.217));
#16463=CARTESIAN_POINT('',(0.012,-0.067464101615138,0.217));
#16464=CARTESIAN_POINT('',(0.00975,-0.0661650635094613,0.217));
#16465=CARTESIAN_POINT('',(0.009,-0.0657320508075691,0.217));
#16466=CARTESIAN_POINT('',(0.009,-0.0648660254037846,0.217));
#16467=CARTESIAN_POINT('',(0.009,-0.0622679491924313,0.217));
#16468=CARTESIAN_POINT('',(0.01125,-0.0609689110867547,0.217));
#16469=CARTESIAN_POINT('',(0.012,-0.0605358983848624,0.217));
#16470=CARTESIAN_POINT('',(0.01425,-0.0618349364905391,0.217));
#16471=CARTESIAN_POINT('',(0.0240000000000021,0.064000000000001,0.086));
#16472=CARTESIAN_POINT('',(0.0240000000000021,0.064000000000001,0.086));
#16473=CARTESIAN_POINT('',(0.0250000000000021,0.064000000000001,0.086));
#16474=CARTESIAN_POINT('',(0.0240000000000021,-0.0640000000000021,0.086));
#16475=CARTESIAN_POINT('',(0.0240000000000021,-0.0640000000000021,0.086));
#16476=CARTESIAN_POINT('',(0.0250000000000021,-0.0640000000000021,0.086));
#16477=CARTESIAN_POINT('',(-0.063999999999999,0.0119999999999998,0.086));
#16478=CARTESIAN_POINT('',(-0.063999999999999,0.0119999999999998,0.086));
#16479=CARTESIAN_POINT('',(-0.062999999999999,0.0119999999999998,0.086));
#16480=CARTESIAN_POINT('',(-0.063999999999999,-0.012,0.086));
#16481=CARTESIAN_POINT('',(-0.063999999999999,-0.012,0.086));
#16482=CARTESIAN_POINT('',(-0.062999999999999,-0.012,0.086));
#16483=CARTESIAN_POINT('',(0.064,-0.024,0.038));
#16484=CARTESIAN_POINT('',(0.064,-0.024,0.038));
#16485=CARTESIAN_POINT('',(0.064,-0.025,0.038));
#16486=CARTESIAN_POINT('',(0.0640000000000015,-0.0240000000000006,0.038));
#16487=CARTESIAN_POINT('',(0.0625000000000015,-0.0240000000000006,0.038));
#16488=CARTESIAN_POINT('',(0.0618349364905389,-0.02625,0.009));
#16489=CARTESIAN_POINT('',(0.0618349364905389,-0.02625,0.038));
#16490=CARTESIAN_POINT('',(0.0622679491924311,-0.027,0.038));
#16491=CARTESIAN_POINT('',(0.0605358983848622,-0.024,0.0379999999999994));
#16492=CARTESIAN_POINT('',(0.0605358983848622,-0.024,0.009));
#16493=CARTESIAN_POINT('',(0.0622679491924311,-0.027,0.009));
#16494=CARTESIAN_POINT('',(0.0609689110867544,-0.02325,0.009));
#16495=CARTESIAN_POINT('',(0.0609689110867544,-0.02325,0.038));
#16496=CARTESIAN_POINT('',(0.0622679491924311,-0.021,0.0379999999999994));
#16497=CARTESIAN_POINT('',(0.0622679491924311,-0.021,0.009));
#16498=CARTESIAN_POINT('',(0.0648660254037844,-0.021,0.009));
#16499=CARTESIAN_POINT('',(0.0648660254037844,-0.021,0.038));
#16500=CARTESIAN_POINT('',(0.0657320508075688,-0.021,0.0379999999999994));
#16501=CARTESIAN_POINT('',(0.0657320508075688,-0.021,0.009));
#16502=CARTESIAN_POINT('',(0.0661650635094611,-0.02175,0.009));
#16503=CARTESIAN_POINT('',(0.0661650635094611,-0.02175,0.038));
#16504=CARTESIAN_POINT('',(0.0674641016151377,-0.024,0.0379999999999994));
#16505=CARTESIAN_POINT('',(0.0674641016151377,-0.024,0.009));
#16506=CARTESIAN_POINT('',(0.0670310889132455,-0.02475,0.009));
#16507=CARTESIAN_POINT('',(0.0670310889132455,-0.02475,0.038));
#16508=CARTESIAN_POINT('',(0.0657320508075688,-0.027,0.0379999999999994));
#16509=CARTESIAN_POINT('',(0.0657320508075688,-0.027,0.009));
#16510=CARTESIAN_POINT('',(0.0631339745962155,-0.027,0.009));
#16511=CARTESIAN_POINT('',(0.0631339745962155,-0.027,0.038));
#16512=CARTESIAN_POINT('',(0.064,-0.024,0.009));
#16513=CARTESIAN_POINT('',(1.54043444666738E-15,-5.68989300120384E-16,0.0379999999999994));
#16514=CARTESIAN_POINT('',(0.0609689110867544,0.02475,0.038));
#16515=CARTESIAN_POINT('',(0.0605358983848622,0.024,0.0379999999999994));
#16516=CARTESIAN_POINT('',(0.0622679491924311,0.027,0.0379999999999994));
#16517=CARTESIAN_POINT('',(0.0618349364905389,0.02175,0.038));
#16518=CARTESIAN_POINT('',(0.0622679491924311,0.021,0.038));
#16519=CARTESIAN_POINT('',(0.0631339745962155,0.021,0.038));
#16520=CARTESIAN_POINT('',(0.0657320508075688,0.021,0.0379999999999994));
#16521=CARTESIAN_POINT('',(0.0670310889132455,0.02325,0.038));
#16522=CARTESIAN_POINT('',(0.0674641016151377,0.024,0.0379999999999994));
#16523=CARTESIAN_POINT('',(0.0661650635094611,0.02625,0.038));
#16524=CARTESIAN_POINT('',(0.0657320508075688,0.027,0.0379999999999994));
#16525=CARTESIAN_POINT('',(0.0648660254037844,0.027,0.038));
#16526=CARTESIAN_POINT('',(-0.066165063509461,0.02175,0.038));
#16527=CARTESIAN_POINT('',(-0.0657320508075688,0.021,0.038));
#16528=CARTESIAN_POINT('',(-0.0674641016151376,0.024,0.0379999999999994));
#16529=CARTESIAN_POINT('',(-0.0648660254037843,0.021,0.038));
#16530=CARTESIAN_POINT('',(-0.062267949192431,0.021,0.0379999999999994));
#16531=CARTESIAN_POINT('',(-0.0609689110867543,0.02325,0.038));
#16532=CARTESIAN_POINT('',(-0.0605358983848621,0.024,0.0379999999999994));
#16533=CARTESIAN_POINT('',(-0.0618349364905388,0.02625,0.038));
#16534=CARTESIAN_POINT('',(-0.062267949192431,0.027,0.0379999999999994));
#16535=CARTESIAN_POINT('',(-0.0631339745962154,0.027,0.038));
#16536=CARTESIAN_POINT('',(-0.0657320508075688,0.027,0.0379999999999994));
#16537=CARTESIAN_POINT('',(-0.0670310889132454,0.02475,0.038));
#16538=CARTESIAN_POINT('',(0.0120000000000015,-0.064,0.0379999999999994));
#16539=CARTESIAN_POINT('',(0.0135000000000015,-0.064,0.0379999999999994));
#16540=CARTESIAN_POINT('',(-0.0119999999999985,0.064,0.0379999999999994));
#16541=CARTESIAN_POINT('',(-0.0104999999999985,0.064,0.0379999999999994));
#16542=CARTESIAN_POINT('',(-0.0119999999999985,-0.064,0.0379999999999994));
#16543=CARTESIAN_POINT('',(-0.0104999999999985,-0.064,0.0379999999999994));
#16544=CARTESIAN_POINT('',(-0.0639999999999985,-0.0120000000000006,0.0379999999999994));
#16545=CARTESIAN_POINT('',(-0.0624999999999985,-0.0120000000000006,0.0379999999999994));
#16546=CARTESIAN_POINT('',(-0.0239999999999984,-0.064,0.0379999999999994));
#16547=CARTESIAN_POINT('',(-0.0224999999999984,-0.064,0.0379999999999994));
#16548=CARTESIAN_POINT('',(-0.0639999999999985,0.0119999999999994,0.0379999999999994));
#16549=CARTESIAN_POINT('',(-0.0624999999999985,0.0119999999999994,0.0379999999999994));
#16550=CARTESIAN_POINT('',(-0.0239999999999984,0.064,0.0379999999999994));
#16551=CARTESIAN_POINT('',(-0.0224999999999984,0.064,0.0379999999999994));
#16552=CARTESIAN_POINT('',(0.0640000000000015,-0.0120000000000006,0.0379999999999994));
#16553=CARTESIAN_POINT('',(0.0655000000000015,-0.0120000000000006,0.0379999999999994));
#16554=CARTESIAN_POINT('',(0.0240000000000016,-0.064,0.0379999999999994));
#16555=CARTESIAN_POINT('',(0.0255000000000016,-0.064,0.0379999999999994));
#16556=CARTESIAN_POINT('',(0.0640000000000015,0.0119999999999994,0.0379999999999994));
#16557=CARTESIAN_POINT('',(0.0655000000000015,0.0119999999999994,0.0379999999999994));
#16558=CARTESIAN_POINT('',(0.0240000000000016,0.064,0.0379999999999994));
#16559=CARTESIAN_POINT('',(0.0255000000000016,0.064,0.0379999999999994));
#16560=CARTESIAN_POINT('',(0.0120000000000015,0.064,0.0379999999999994));
#16561=CARTESIAN_POINT('',(0.0135000000000015,0.064,0.0379999999999994));
#16562=CARTESIAN_POINT('',(0.0640000000000016,-0.064,0.0379999999999994));
#16563=CARTESIAN_POINT('',(0.0494763124517237,-0.06025,0.0379999999999994));
#16564=CARTESIAN_POINT('',(0.0602500000000016,-0.0494763124517228,0.0379999999999994));
#16565=CARTESIAN_POINT('',(0.0446350832689645,-0.059,0.0379999999999994));
#16566=CARTESIAN_POINT('',(0.0446350832689645,-0.064,0.0379999999999994));
#16567=CARTESIAN_POINT('',(0.036067541634483,-0.064,0.0379999999999994));
#16568=CARTESIAN_POINT('',(0.0275000000000016,-0.064,0.0379999999999994));
#16569=CARTESIAN_POINT('',(0.0240000000000016,-0.064,0.0379999999999994));
#16570=CARTESIAN_POINT('',(0.0205000000000016,-0.064,0.0379999999999994));
#16571=CARTESIAN_POINT('',(0.0180000000000015,-0.064,0.0379999999999994));
#16572=CARTESIAN_POINT('',(0.0155000000000016,-0.064,0.0379999999999994));
#16573=CARTESIAN_POINT('',(0.0120000000000015,-0.064,0.0379999999999994));
#16574=CARTESIAN_POINT('',(0.00850000000000154,-0.064,0.0379999999999994));
#16575=CARTESIAN_POINT('',(-0.00424999999999846,-0.064,0.0379999999999994));
#16576=CARTESIAN_POINT('',(-0.00849999999999846,-0.064,0.0379999999999994));
#16577=CARTESIAN_POINT('',(-0.0119999999999985,-0.064,0.0379999999999994));
#16578=CARTESIAN_POINT('',(-0.0154999999999985,-0.064,0.0379999999999994));
#16579=CARTESIAN_POINT('',(-0.0179999999999985,-0.064,0.0379999999999994));
#16580=CARTESIAN_POINT('',(-0.0204999999999985,-0.064,0.0379999999999994));
#16581=CARTESIAN_POINT('',(-0.0239999999999984,-0.064,0.0379999999999994));
#16582=CARTESIAN_POINT('',(-0.0274999999999984,-0.064,0.0379999999999994));
#16583=CARTESIAN_POINT('',(-0.0360675416344799,-0.064,0.0379999999999994));
#16584=CARTESIAN_POINT('',(-0.0446350832689614,-0.064,0.0379999999999994));
#16585=CARTESIAN_POINT('',(-0.0446350832689614,-0.059,0.0379999999999994));
#16586=CARTESIAN_POINT('',(-0.0494763124517206,-0.06025,0.0379999999999994));
#16587=CARTESIAN_POINT('',(-0.0639999999999985,-0.064,0.0379999999999994));
#16588=CARTESIAN_POINT('',(-0.0602499999999985,-0.0494763124517227,0.0379999999999994));
#16589=CARTESIAN_POINT('',(-0.0589999999999985,-0.0446350832689635,0.0379999999999994));
#16590=CARTESIAN_POINT('',(-0.0639999999999985,-0.0446350832689635,0.0379999999999994));
#16591=CARTESIAN_POINT('',(-0.0639999999999985,-0.0360675416344821,0.0379999999999994));
#16592=CARTESIAN_POINT('',(-0.0639999999999985,-0.0275000000000006,0.0379999999999994));
#16593=CARTESIAN_POINT('',(-0.0639999999999985,-0.0240000000000006,0.0379999999999994));
#16594=CARTESIAN_POINT('',(-0.0639999999999985,-0.0205000000000006,0.0379999999999994));
#16595=CARTESIAN_POINT('',(-0.0639999999999985,-0.0180000000000006,0.0379999999999994));
#16596=CARTESIAN_POINT('',(-0.0639999999999985,-0.0155000000000005,0.0379999999999994));
#16597=CARTESIAN_POINT('',(-0.0639999999999985,-0.0120000000000006,0.0379999999999994));
#16598=CARTESIAN_POINT('',(-0.0639999999999985,-0.00850000000000057,0.0379999999999994));
#16599=CARTESIAN_POINT('',(-0.0639999999999985,0.00424999999999943,0.0379999999999994));
#16600=CARTESIAN_POINT('',(-0.0639999999999985,0.00849999999999943,0.0379999999999994));
#16601=CARTESIAN_POINT('',(-0.0639999999999985,0.0119999999999994,0.0379999999999994));
#16602=CARTESIAN_POINT('',(-0.0639999999999985,0.0154999999999994,0.0379999999999994));
#16603=CARTESIAN_POINT('',(-0.0639999999999985,0.0179999999999995,0.0379999999999994));
#16604=CARTESIAN_POINT('',(-0.0639999999999985,0.0204999999999994,0.0379999999999994));
#16605=CARTESIAN_POINT('',(-0.0639999999999985,0.0239999999999994,0.0379999999999994));
#16606=CARTESIAN_POINT('',(-0.0639999999999985,0.0274999999999994,0.0379999999999994));
#16607=CARTESIAN_POINT('',(-0.0639999999999985,0.0360675416344809,0.0379999999999994));
#16608=CARTESIAN_POINT('',(-0.0639999999999985,0.0446350832689623,0.0379999999999994));
#16609=CARTESIAN_POINT('',(-0.0589999999999985,0.0446350832689623,0.0379999999999994));
#16610=CARTESIAN_POINT('',(-0.0602499999999985,0.0494763124517216,0.0379999999999994));
#16611=CARTESIAN_POINT('',(-0.0639999999999984,0.064,0.0379999999999994));
#16612=CARTESIAN_POINT('',(-0.0494763124517206,0.06025,0.0379999999999994));
#16613=CARTESIAN_POINT('',(-0.0446350832689614,0.059,0.0379999999999994));
#16614=CARTESIAN_POINT('',(-0.0446350832689614,0.064,0.0379999999999994));
#16615=CARTESIAN_POINT('',(-0.0360675416344799,0.064,0.0379999999999994));
#16616=CARTESIAN_POINT('',(-0.0274999999999984,0.064,0.0379999999999994));
#16617=CARTESIAN_POINT('',(-0.0239999999999984,0.064,0.0379999999999994));
#16618=CARTESIAN_POINT('',(-0.0204999999999985,0.064,0.0379999999999994));
#16619=CARTESIAN_POINT('',(-0.0179999999999985,0.064,0.0379999999999994));
#16620=CARTESIAN_POINT('',(-0.0154999999999985,0.064,0.0379999999999994));
#16621=CARTESIAN_POINT('',(-0.0119999999999985,0.064,0.0379999999999994));
#16622=CARTESIAN_POINT('',(-0.00849999999999846,0.064,0.0379999999999994));
#16623=CARTESIAN_POINT('',(0.00425000000000154,0.064,0.0379999999999994));
#16624=CARTESIAN_POINT('',(0.00850000000000154,0.064,0.0379999999999994));
#16625=CARTESIAN_POINT('',(0.0120000000000015,0.064,0.0379999999999994));
#16626=CARTESIAN_POINT('',(0.0155000000000016,0.064,0.0379999999999994));
#16627=CARTESIAN_POINT('',(0.0180000000000015,0.064,0.0379999999999994));
#16628=CARTESIAN_POINT('',(0.0205000000000016,0.064,0.0379999999999994));
#16629=CARTESIAN_POINT('',(0.0240000000000016,0.064,0.0379999999999994));
#16630=CARTESIAN_POINT('',(0.0275000000000016,0.064,0.0379999999999994));
#16631=CARTESIAN_POINT('',(0.036067541634483,0.064,0.0379999999999994));
#16632=CARTESIAN_POINT('',(0.0446350832689645,0.064,0.0379999999999994));
#16633=CARTESIAN_POINT('',(0.0446350832689645,0.059,0.0379999999999994));
#16634=CARTESIAN_POINT('',(0.0494763124517237,0.06025,0.0379999999999994));
#16635=CARTESIAN_POINT('',(0.0640000000000015,0.064,0.0379999999999994));
#16636=CARTESIAN_POINT('',(0.0602500000000016,0.0494763124517216,0.0379999999999994));
#16637=CARTESIAN_POINT('',(0.0590000000000016,0.0446350832689624,0.0379999999999994));
#16638=CARTESIAN_POINT('',(0.0640000000000015,0.0446350832689624,0.0379999999999994));
#16639=CARTESIAN_POINT('',(0.0640000000000015,0.0360675416344809,0.0379999999999994));
#16640=CARTESIAN_POINT('',(0.0640000000000015,0.0274999999999994,0.0379999999999994));
#16641=CARTESIAN_POINT('',(0.0640000000000015,0.0239999999999994,0.0379999999999994));
#16642=CARTESIAN_POINT('',(0.0640000000000015,0.0204999999999994,0.0379999999999994));
#16643=CARTESIAN_POINT('',(0.0640000000000015,0.0179999999999995,0.0379999999999994));
#16644=CARTESIAN_POINT('',(0.0640000000000015,0.0154999999999994,0.0379999999999994));
#16645=CARTESIAN_POINT('',(0.0640000000000015,0.0119999999999994,0.0379999999999994));
#16646=CARTESIAN_POINT('',(0.0640000000000015,0.00849999999999943,0.0379999999999994));
#16647=CARTESIAN_POINT('',(0.0640000000000015,-0.00425000000000057,0.0379999999999994));
#16648=CARTESIAN_POINT('',(0.0640000000000015,-0.00850000000000057,0.0379999999999994));
#16649=CARTESIAN_POINT('',(0.0640000000000015,-0.0120000000000006,0.0379999999999994));
#16650=CARTESIAN_POINT('',(0.0640000000000015,-0.0155000000000005,0.0379999999999994));
#16651=CARTESIAN_POINT('',(0.0640000000000015,-0.0180000000000006,0.0379999999999994));
#16652=CARTESIAN_POINT('',(0.0640000000000015,-0.0205000000000006,0.0379999999999994));
#16653=CARTESIAN_POINT('',(0.0640000000000015,-0.0240000000000006,0.0379999999999994));
#16654=CARTESIAN_POINT('',(0.0640000000000015,-0.0275000000000006,0.0379999999999994));
#16655=CARTESIAN_POINT('',(0.0640000000000015,-0.0360675416344821,0.0379999999999994));
#16656=CARTESIAN_POINT('',(0.0640000000000015,-0.0446350832689635,0.0379999999999994));
#16657=CARTESIAN_POINT('',(0.0590000000000016,-0.0446350832689635,0.0379999999999994));
#16658=CARTESIAN_POINT('',(-0.0670310889132455,-0.02325,0.038));
#16659=CARTESIAN_POINT('',(-0.0674641016151377,-0.024,0.0379999999999994));
#16660=CARTESIAN_POINT('',(-0.0657320508075688,-0.021,0.0379999999999994));
#16661=CARTESIAN_POINT('',(-0.0661650635094611,-0.02625,0.038));
#16662=CARTESIAN_POINT('',(-0.0657320508075688,-0.027,0.038));
#16663=CARTESIAN_POINT('',(-0.0648660254037844,-0.027,0.038));
#16664=CARTESIAN_POINT('',(-0.0622679491924311,-0.027,0.0379999999999994));
#16665=CARTESIAN_POINT('',(-0.0609689110867544,-0.02475,0.038));
#16666=CARTESIAN_POINT('',(-0.0605358983848622,-0.024,0.0379999999999994));
#16667=CARTESIAN_POINT('',(-0.0618349364905389,-0.02175,0.038));
#16668=CARTESIAN_POINT('',(-0.0622679491924311,-0.021,0.0379999999999994));
#16669=CARTESIAN_POINT('',(-0.0631339745962155,-0.021,0.038));
#16670=CARTESIAN_POINT('',(0.064,0.024,0.038));
#16671=CARTESIAN_POINT('',(0.064,0.024,0.038));
#16672=CARTESIAN_POINT('',(0.064,0.023,0.038));
#16673=CARTESIAN_POINT('',(0.0640000000000015,0.0239999999999994,0.0379999999999994));
#16674=CARTESIAN_POINT('',(0.0655000000000015,0.0239999999999994,0.0379999999999994));
#16675=CARTESIAN_POINT('',(0.0618349364905389,0.02175,0.009));
#16676=CARTESIAN_POINT('',(0.0605358983848622,0.024,0.009));
#16677=CARTESIAN_POINT('',(0.0622679491924311,0.021,0.009));
#16678=CARTESIAN_POINT('',(0.0609689110867544,0.02475,0.009));
#16679=CARTESIAN_POINT('',(0.0622679491924311,0.027,0.009));
#16680=CARTESIAN_POINT('',(0.0648660254037844,0.027,0.009));
#16681=CARTESIAN_POINT('',(0.0657320508075688,0.027,0.009));
#16682=CARTESIAN_POINT('',(0.0661650635094611,0.02625,0.009));
#16683=CARTESIAN_POINT('',(0.0674641016151377,0.024,0.009));
#16684=CARTESIAN_POINT('',(0.0670310889132455,0.02325,0.009));
#16685=CARTESIAN_POINT('',(0.0657320508075688,0.021,0.009));
#16686=CARTESIAN_POINT('',(0.0631339745962155,0.021,0.009));
#16687=CARTESIAN_POINT('',(0.064,0.024,0.009));
#16688=CARTESIAN_POINT('',(-0.064,-0.024,0.038));
#16689=CARTESIAN_POINT('',(-0.064,-0.024,0.038));
#16690=CARTESIAN_POINT('',(-0.064,-0.025,0.038));
#16691=CARTESIAN_POINT('',(-0.0639999999999985,-0.0240000000000006,0.0379999999999994));
#16692=CARTESIAN_POINT('',(-0.0624999999999985,-0.0240000000000006,0.0379999999999994));
#16693=CARTESIAN_POINT('',(-0.0661650635094611,-0.02625,0.009));
#16694=CARTESIAN_POINT('',(-0.0674641016151377,-0.024,0.009));
#16695=CARTESIAN_POINT('',(-0.0657320508075688,-0.027,0.009));
#16696=CARTESIAN_POINT('',(-0.0670310889132455,-0.02325,0.009));
#16697=CARTESIAN_POINT('',(-0.0657320508075688,-0.021,0.009));
#16698=CARTESIAN_POINT('',(-0.0631339745962155,-0.021,0.009));
#16699=CARTESIAN_POINT('',(-0.0622679491924311,-0.021,0.009));
#16700=CARTESIAN_POINT('',(-0.0618349364905389,-0.02175,0.009));
#16701=CARTESIAN_POINT('',(-0.0605358983848622,-0.024,0.009));
#16702=CARTESIAN_POINT('',(-0.0609689110867544,-0.02475,0.009));
#16703=CARTESIAN_POINT('',(-0.0622679491924311,-0.027,0.009));
#16704=CARTESIAN_POINT('',(-0.0648660254037844,-0.027,0.009));
#16705=CARTESIAN_POINT('',(-0.064,-0.024,0.009));
#16706=CARTESIAN_POINT('',(0.0240000000000021,-0.0640000000000021,0.047));
#16707=CARTESIAN_POINT('',(0.0240000000000021,-0.0640000000000021,0.047));
#16708=CARTESIAN_POINT('',(0.0250000000000021,-0.0640000000000021,0.047));
#16709=CARTESIAN_POINT('',(0.0240000000000016,-0.064,0.047));
#16710=CARTESIAN_POINT('',(0.0255000000000016,-0.064,0.047));
#16711=CARTESIAN_POINT('',(0.0262500000000021,-0.061834936490541,0.086));
#16712=CARTESIAN_POINT('',(0.0240000000000021,-0.0605358983848644,0.086));
#16713=CARTESIAN_POINT('',(0.0270000000000021,-0.0622679491924332,0.086));
#16714=CARTESIAN_POINT('',(0.0232500000000021,-0.0609689110867566,0.086));
#16715=CARTESIAN_POINT('',(0.0210000000000021,-0.0622679491924332,0.086));
#16716=CARTESIAN_POINT('',(0.0210000000000021,-0.0648660254037866,0.086));
#16717=CARTESIAN_POINT('',(0.0210000000000021,-0.065732050807571,0.086));
#16718=CARTESIAN_POINT('',(0.0217500000000021,-0.0661650635094632,0.086));
#16719=CARTESIAN_POINT('',(0.0240000000000021,-0.0674641016151399,0.086));
#16720=CARTESIAN_POINT('',(0.0247500000000021,-0.0670310889132477,0.086));
#16721=CARTESIAN_POINT('',(0.0270000000000021,-0.065732050807571,0.086));
#16722=CARTESIAN_POINT('',(0.0270000000000021,-0.0631339745962177,0.086));
#16723=CARTESIAN_POINT('',(0.0240000000000021,-0.0640000000000021,0.086));
#16724=CARTESIAN_POINT('',(0.0640000000000016,-0.064,0.0469999999999994));
#16725=CARTESIAN_POINT('',(0.0602500000000016,-0.0494763124517228,0.0469999999999994));
#16726=CARTESIAN_POINT('',(0.0494763124517237,-0.06025,0.0469999999999994));
#16727=CARTESIAN_POINT('',(0.0590000000000016,-0.0446350832689635,0.0469999999999994));
#16728=CARTESIAN_POINT('',(0.0640000000000015,-0.0446350832689635,0.0469999999999994));
#16729=CARTESIAN_POINT('',(0.0640000000000015,-0.0360675416344821,0.0469999999999994));
#16730=CARTESIAN_POINT('',(0.0640000000000015,-0.0275000000000006,0.0469999999999994));
#16731=CARTESIAN_POINT('',(0.0640000000000015,-0.0240000000000006,0.0469999999999994));
#16732=CARTESIAN_POINT('',(0.0640000000000015,-0.0205000000000006,0.0469999999999994));
#16733=CARTESIAN_POINT('',(0.0640000000000015,-0.0180000000000006,0.0469999999999994));
#16734=CARTESIAN_POINT('',(0.0640000000000015,-0.0155000000000005,0.0469999999999994));
#16735=CARTESIAN_POINT('',(0.0640000000000015,-0.0120000000000006,0.0469999999999994));
#16736=CARTESIAN_POINT('',(0.0640000000000015,-0.00850000000000057,0.0469999999999994));
#16737=CARTESIAN_POINT('',(0.0640000000000015,-0.00425000000000057,0.0469999999999994));
#16738=CARTESIAN_POINT('',(0.0640000000000015,0.00849999999999943,0.0469999999999994));
#16739=CARTESIAN_POINT('',(0.0640000000000015,0.0119999999999994,0.0469999999999994));
#16740=CARTESIAN_POINT('',(0.0640000000000015,0.0154999999999994,0.0469999999999994));
#16741=CARTESIAN_POINT('',(0.0640000000000015,0.0179999999999995,0.0469999999999994));
#16742=CARTESIAN_POINT('',(0.0640000000000015,0.0204999999999994,0.0469999999999994));
#16743=CARTESIAN_POINT('',(0.0640000000000015,0.0239999999999994,0.0469999999999994));
#16744=CARTESIAN_POINT('',(0.0640000000000015,0.0274999999999994,0.0469999999999994));
#16745=CARTESIAN_POINT('',(0.0640000000000015,0.0360675416344809,0.0469999999999994));
#16746=CARTESIAN_POINT('',(0.0640000000000015,0.0446350832689624,0.0469999999999994));
#16747=CARTESIAN_POINT('',(0.0590000000000016,0.0446350832689624,0.0469999999999994));
#16748=CARTESIAN_POINT('',(0.0602500000000016,0.0494763124517216,0.0469999999999994));
#16749=CARTESIAN_POINT('',(0.0640000000000015,0.064,0.0469999999999994));
#16750=CARTESIAN_POINT('',(0.0494763124517237,0.06025,0.0469999999999994));
#16751=CARTESIAN_POINT('',(0.0446350832689645,0.059,0.0469999999999994));
#16752=CARTESIAN_POINT('',(0.0446350832689645,0.064,0.0469999999999994));
#16753=CARTESIAN_POINT('',(0.036067541634483,0.064,0.0469999999999994));
#16754=CARTESIAN_POINT('',(0.0275000000000016,0.064,0.0469999999999994));
#16755=CARTESIAN_POINT('',(0.0240000000000016,0.064,0.0469999999999994));
#16756=CARTESIAN_POINT('',(0.0205000000000016,0.064,0.0469999999999994));
#16757=CARTESIAN_POINT('',(0.0180000000000015,0.064,0.0469999999999994));
#16758=CARTESIAN_POINT('',(0.0155000000000016,0.064,0.0469999999999994));
#16759=CARTESIAN_POINT('',(0.0120000000000015,0.064,0.0469999999999994));
#16760=CARTESIAN_POINT('',(0.00850000000000154,0.064,0.0469999999999994));
#16761=CARTESIAN_POINT('',(0.00425000000000154,0.064,0.0469999999999994));
#16762=CARTESIAN_POINT('',(-0.00849999999999846,0.064,0.0469999999999994));
#16763=CARTESIAN_POINT('',(-0.0119999999999985,0.064,0.0469999999999994));
#16764=CARTESIAN_POINT('',(-0.0154999999999985,0.064,0.0469999999999994));
#16765=CARTESIAN_POINT('',(-0.0179999999999985,0.064,0.0469999999999994));
#16766=CARTESIAN_POINT('',(-0.0204999999999985,0.064,0.0469999999999994));
#16767=CARTESIAN_POINT('',(-0.0239999999999984,0.064,0.0469999999999994));
#16768=CARTESIAN_POINT('',(-0.0274999999999984,0.064,0.0469999999999994));
#16769=CARTESIAN_POINT('',(-0.0360675416344799,0.064,0.0469999999999994));
#16770=CARTESIAN_POINT('',(-0.0446350832689614,0.064,0.0469999999999994));
#16771=CARTESIAN_POINT('',(-0.0446350832689614,0.059,0.0469999999999994));
#16772=CARTESIAN_POINT('',(-0.0494763124517206,0.06025,0.0469999999999994));
#16773=CARTESIAN_POINT('',(-0.0639999999999984,0.064,0.0469999999999994));
#16774=CARTESIAN_POINT('',(-0.0602499999999985,0.0494763124517216,0.0469999999999994));
#16775=CARTESIAN_POINT('',(-0.0589999999999985,0.0446350832689623,0.0469999999999994));
#16776=CARTESIAN_POINT('',(-0.0639999999999985,0.0446350832689623,0.0469999999999994));
#16777=CARTESIAN_POINT('',(-0.0639999999999985,0.0360675416344809,0.0469999999999994));
#16778=CARTESIAN_POINT('',(-0.0639999999999985,0.0274999999999994,0.0469999999999994));
#16779=CARTESIAN_POINT('',(-0.0639999999999985,0.0239999999999994,0.0469999999999994));
#16780=CARTESIAN_POINT('',(-0.0639999999999985,0.0204999999999994,0.0469999999999994));
#16781=CARTESIAN_POINT('',(-0.0639999999999985,0.0179999999999995,0.0469999999999994));
#16782=CARTESIAN_POINT('',(-0.0639999999999985,0.0154999999999994,0.0469999999999994));
#16783=CARTESIAN_POINT('',(-0.0639999999999985,0.0119999999999994,0.0469999999999994));
#16784=CARTESIAN_POINT('',(-0.0639999999999985,0.00849999999999943,0.0469999999999994));
#16785=CARTESIAN_POINT('',(-0.0639999999999985,0.00424999999999943,0.0469999999999994));
#16786=CARTESIAN_POINT('',(-0.0639999999999985,-0.00850000000000057,0.0469999999999994));
#16787=CARTESIAN_POINT('',(-0.0639999999999985,-0.0120000000000006,0.0469999999999994));
#16788=CARTESIAN_POINT('',(-0.0639999999999985,-0.0155000000000005,0.0469999999999994));
#16789=CARTESIAN_POINT('',(-0.0639999999999985,-0.0180000000000006,0.0469999999999994));
#16790=CARTESIAN_POINT('',(-0.0639999999999985,-0.0205000000000006,0.0469999999999994));
#16791=CARTESIAN_POINT('',(-0.0639999999999985,-0.0240000000000006,0.0469999999999994));
#16792=CARTESIAN_POINT('',(-0.0639999999999985,-0.0275000000000006,0.0469999999999994));
#16793=CARTESIAN_POINT('',(-0.0639999999999985,-0.0360675416344821,0.0469999999999994));
#16794=CARTESIAN_POINT('',(-0.0639999999999985,-0.0446350832689635,0.0469999999999994));
#16795=CARTESIAN_POINT('',(-0.0589999999999985,-0.0446350832689635,0.0469999999999994));
#16796=CARTESIAN_POINT('',(-0.0602499999999985,-0.0494763124517227,0.0469999999999994));
#16797=CARTESIAN_POINT('',(-0.0639999999999985,-0.064,0.0469999999999994));
#16798=CARTESIAN_POINT('',(-0.0494763124517206,-0.06025,0.0469999999999994));
#16799=CARTESIAN_POINT('',(-0.0446350832689614,-0.059,0.0469999999999994));
#16800=CARTESIAN_POINT('',(-0.0446350832689614,-0.064,0.0469999999999994));
#16801=CARTESIAN_POINT('',(-0.0360675416344799,-0.064,0.0469999999999994));
#16802=CARTESIAN_POINT('',(-0.0274999999999984,-0.064,0.0469999999999994));
#16803=CARTESIAN_POINT('',(-0.0239999999999984,-0.064,0.0469999999999994));
#16804=CARTESIAN_POINT('',(-0.0204999999999985,-0.064,0.0469999999999994));
#16805=CARTESIAN_POINT('',(-0.0179999999999985,-0.064,0.0469999999999994));
#16806=CARTESIAN_POINT('',(-0.0154999999999985,-0.064,0.0469999999999994));
#16807=CARTESIAN_POINT('',(-0.0119999999999985,-0.064,0.0469999999999994));
#16808=CARTESIAN_POINT('',(-0.00849999999999846,-0.064,0.0469999999999994));
#16809=CARTESIAN_POINT('',(-0.00424999999999846,-0.064,0.0469999999999994));
#16810=CARTESIAN_POINT('',(0.00850000000000154,-0.064,0.0469999999999994));
#16811=CARTESIAN_POINT('',(0.0120000000000015,-0.064,0.0469999999999994));
#16812=CARTESIAN_POINT('',(0.0155000000000016,-0.064,0.0469999999999994));
#16813=CARTESIAN_POINT('',(0.0180000000000015,-0.064,0.0469999999999994));
#16814=CARTESIAN_POINT('',(0.0205000000000016,-0.064,0.0469999999999994));
#16815=CARTESIAN_POINT('',(0.0240000000000016,-0.064,0.0469999999999994));
#16816=CARTESIAN_POINT('',(0.0275000000000016,-0.064,0.0469999999999994));
#16817=CARTESIAN_POINT('',(0.036067541634483,-0.064,0.0469999999999994));
#16818=CARTESIAN_POINT('',(0.0446350832689645,-0.064,0.0469999999999994));
#16819=CARTESIAN_POINT('',(0.0120000000000015,0.064,0.0469999999999994));
#16820=CARTESIAN_POINT('',(0.0240000000000016,0.064,0.0469999999999994));
#16821=CARTESIAN_POINT('',(0.0240000000000016,0.064,0.047));
#16822=CARTESIAN_POINT('',(0.0255000000000016,0.064,0.047));
#16823=CARTESIAN_POINT('',(0.0640000000000015,0.0239999999999994,0.0469999999999994));
#16824=CARTESIAN_POINT('',(0.0640000000000015,0.0119999999999994,0.0469999999999994));
#16825=CARTESIAN_POINT('',(0.0240000000000016,-0.064,0.0469999999999994));
#16826=CARTESIAN_POINT('',(0.0640000000000015,-0.0120000000000006,0.0469999999999994));
#16827=CARTESIAN_POINT('',(-0.0239999999999984,0.064,0.0469999999999994));
#16828=CARTESIAN_POINT('',(-0.0639999999999985,0.0119999999999994,0.0469999999999994));
#16829=CARTESIAN_POINT('',(-0.0639999999999985,0.0119999999999994,0.0469999999999994));
#16830=CARTESIAN_POINT('',(-0.0624999999999985,0.0119999999999994,0.0469999999999994));
#16831=CARTESIAN_POINT('',(-0.0239999999999984,-0.064,0.0469999999999994));
#16832=CARTESIAN_POINT('',(-0.0639999999999985,-0.0120000000000006,0.0469999999999994));
#16833=CARTESIAN_POINT('',(-0.0639999999999985,-0.0120000000000006,0.0469999999999993));
#16834=CARTESIAN_POINT('',(-0.0624999999999985,-0.0120000000000006,0.0469999999999993));
#16835=CARTESIAN_POINT('',(-0.0639999999999985,-0.0240000000000006,0.0469999999999994));
#16836=CARTESIAN_POINT('',(-0.0639999999999985,0.0239999999999994,0.0469999999999994));
#16837=CARTESIAN_POINT('',(-0.0639999999999985,0.0239999999999994,0.038));
#16838=CARTESIAN_POINT('',(-0.0654999999999985,0.0239999999999994,0.038));
#16839=CARTESIAN_POINT('',(-0.0119999999999985,-0.064,0.0469999999999994));
#16840=CARTESIAN_POINT('',(-0.0119999999999985,0.064,0.0469999999999994));
#16841=CARTESIAN_POINT('',(0.0640000000000015,-0.0240000000000006,0.0469999999999994));
#16842=CARTESIAN_POINT('',(0.0120000000000015,-0.064,0.0469999999999994));
#16843=CARTESIAN_POINT('',(0.0446350832689645,-0.059,0.0469999999999994));
#16844=CARTESIAN_POINT('',(-0.063999999999999,0.0119999999999998,0.0469999999999993));
#16845=CARTESIAN_POINT('',(-0.063999999999999,0.0119999999999998,0.0469999999999993));
#16846=CARTESIAN_POINT('',(-0.062999999999999,0.0119999999999998,0.0469999999999993));
#16847=CARTESIAN_POINT('',(-0.061749999999999,0.0141650635094609,0.086));
#16848=CARTESIAN_POINT('',(-0.063999999999999,0.0154641016151375,0.086));
#16849=CARTESIAN_POINT('',(-0.060999999999999,0.0137320508075686,0.086));
#16850=CARTESIAN_POINT('',(-0.064749999999999,0.0150310889132453,0.086));
#16851=CARTESIAN_POINT('',(-0.066999999999999,0.0137320508075686,0.086));
#16852=CARTESIAN_POINT('',(-0.066999999999999,0.0111339745962153,0.086));
#16853=CARTESIAN_POINT('',(-0.066999999999999,0.0102679491924309,0.086));
#16854=CARTESIAN_POINT('',(-0.066249999999999,0.00983493649053868,0.086));
#16855=CARTESIAN_POINT('',(-0.063999999999999,0.00853589838486202,0.086));
#16856=CARTESIAN_POINT('',(-0.063249999999999,0.00896891108675424,0.086));
#16857=CARTESIAN_POINT('',(-0.060999999999999,0.0102679491924309,0.086));
#16858=CARTESIAN_POINT('',(-0.060999999999999,0.0128660254037842,0.086));
#16859=CARTESIAN_POINT('',(-0.063999999999999,0.0119999999999998,0.086));
#16860=CARTESIAN_POINT('',(-0.064,0.024,0.038));
#16861=CARTESIAN_POINT('',(-0.064,0.024,0.038));
#16862=CARTESIAN_POINT('',(-0.064,0.023,0.038));
#16863=CARTESIAN_POINT('',(-0.066165063509461,0.02175,0.009));
#16864=CARTESIAN_POINT('',(-0.0674641016151376,0.024,0.009));
#16865=CARTESIAN_POINT('',(-0.0657320508075688,0.021,0.009));
#16866=CARTESIAN_POINT('',(-0.0670310889132454,0.02475,0.009));
#16867=CARTESIAN_POINT('',(-0.0657320508075688,0.027,0.009));
#16868=CARTESIAN_POINT('',(-0.0631339745962154,0.027,0.009));
#16869=CARTESIAN_POINT('',(-0.062267949192431,0.027,0.009));
#16870=CARTESIAN_POINT('',(-0.0618349364905388,0.02625,0.009));
#16871=CARTESIAN_POINT('',(-0.0605358983848621,0.024,0.009));
#16872=CARTESIAN_POINT('',(-0.0609689110867543,0.02325,0.009));
#16873=CARTESIAN_POINT('',(-0.062267949192431,0.021,0.009));
#16874=CARTESIAN_POINT('',(-0.0648660254037843,0.021,0.009));
#16875=CARTESIAN_POINT('',(-0.064,0.024,0.009));
#16876=CARTESIAN_POINT('',(0.0240000000000021,0.064000000000001,0.047));
#16877=CARTESIAN_POINT('',(0.0240000000000021,0.064000000000001,0.047));
#16878=CARTESIAN_POINT('',(0.0250000000000021,0.064000000000001,0.047));
#16879=CARTESIAN_POINT('',(0.0262500000000021,0.0661650635094621,0.086));
#16880=CARTESIAN_POINT('',(0.0240000000000021,0.0674641016151387,0.086));
#16881=CARTESIAN_POINT('',(0.0270000000000021,0.0657320508075698,0.086));
#16882=CARTESIAN_POINT('',(0.0232500000000021,0.0670310889132465,0.086));
#16883=CARTESIAN_POINT('',(0.0210000000000021,0.0657320508075698,0.086));
#16884=CARTESIAN_POINT('',(0.0210000000000021,0.0631339745962165,0.086));
#16885=CARTESIAN_POINT('',(0.0210000000000021,0.0622679491924321,0.086));
#16886=CARTESIAN_POINT('',(0.0217500000000021,0.0618349364905399,0.086));
#16887=CARTESIAN_POINT('',(0.0240000000000021,0.0605358983848632,0.086));
#16888=CARTESIAN_POINT('',(0.0247500000000021,0.0609689110867554,0.086));
#16889=CARTESIAN_POINT('',(0.0270000000000021,0.0622679491924321,0.086));
#16890=CARTESIAN_POINT('',(0.0270000000000021,0.0648660254037854,0.086));
#16891=CARTESIAN_POINT('',(0.0240000000000021,0.064000000000001,0.086));
#16892=CARTESIAN_POINT('',(-0.063999999999999,-0.012,0.0469999999999993));
#16893=CARTESIAN_POINT('',(-0.063999999999999,-0.012,0.0469999999999993));
#16894=CARTESIAN_POINT('',(-0.062999999999999,-0.012,0.0469999999999993));
#16895=CARTESIAN_POINT('',(-0.061749999999999,-0.0098349364905388,0.086));
#16896=CARTESIAN_POINT('',(-0.063999999999999,-0.00853589838486215,0.086));
#16897=CARTESIAN_POINT('',(-0.060999999999999,-0.010267949192431,0.086));
#16898=CARTESIAN_POINT('',(-0.064749999999999,-0.00896891108675437,0.086));
#16899=CARTESIAN_POINT('',(-0.066999999999999,-0.010267949192431,0.086));
#16900=CARTESIAN_POINT('',(-0.066999999999999,-0.0128660254037843,0.086));
#16901=CARTESIAN_POINT('',(-0.066999999999999,-0.0137320508075688,0.086));
#16902=CARTESIAN_POINT('',(-0.066249999999999,-0.014165063509461,0.086));
#16903=CARTESIAN_POINT('',(-0.063999999999999,-0.0154641016151377,0.086));
#16904=CARTESIAN_POINT('',(-0.063249999999999,-0.0150310889132455,0.086));
#16905=CARTESIAN_POINT('',(-0.060999999999999,-0.0137320508075688,0.086));
#16906=CARTESIAN_POINT('',(-0.060999999999999,-0.0111339745962155,0.086));
#16907=CARTESIAN_POINT('',(-0.063999999999999,-0.012,0.086));
#16908=CARTESIAN_POINT('',(0.0670000000000031,0.0128660254037842,0.086));
#16909=CARTESIAN_POINT('',(0.0670000000000031,0.0137320508075686,0.086));
#16910=CARTESIAN_POINT('',(0.0670000000000031,0.0102679491924308,0.086));
#16911=CARTESIAN_POINT('',(0.0647500000000031,0.00896891108675418,0.086));
#16912=CARTESIAN_POINT('',(0.0640000000000031,0.00853589838486197,0.086));
#16913=CARTESIAN_POINT('',(0.0617500000000031,0.00983493649053862,0.086));
#16914=CARTESIAN_POINT('',(0.0610000000000031,0.0102679491924308,0.086));
#16915=CARTESIAN_POINT('',(0.0610000000000031,0.0111339745962153,0.086));
#16916=CARTESIAN_POINT('',(0.0610000000000031,0.0137320508075686,0.086));
#16917=CARTESIAN_POINT('',(0.0632500000000031,0.0150310889132452,0.086));
#16918=CARTESIAN_POINT('',(0.0640000000000031,0.0154641016151374,0.086));
#16919=CARTESIAN_POINT('',(0.0662500000000031,0.0141650635094608,0.086));
#16920=CARTESIAN_POINT('',(-0.0209999999999993,-0.0631339745962151,0.154));
#16921=CARTESIAN_POINT('',(-0.0209999999999993,-0.0622679491924306,0.154));
#16922=CARTESIAN_POINT('',(-0.0209999999999993,-0.0657320508075684,0.154));
#16923=CARTESIAN_POINT('',(-0.0232499999999993,-0.067031088913245,0.154));
#16924=CARTESIAN_POINT('',(-0.0239999999999993,-0.0674641016151373,0.154));
#16925=CARTESIAN_POINT('',(-0.0262499999999993,-0.0661650635094606,0.154));
#16926=CARTESIAN_POINT('',(-0.0269999999999993,-0.0657320508075684,0.154));
#16927=CARTESIAN_POINT('',(-0.0269999999999993,-0.0648660254037839,0.154));
#16928=CARTESIAN_POINT('',(-0.0269999999999993,-0.0622679491924306,0.154));
#16929=CARTESIAN_POINT('',(-0.0247499999999993,-0.060968911086754,0.154));
#16930=CARTESIAN_POINT('',(-0.0239999999999993,-0.0605358983848617,0.154));
#16931=CARTESIAN_POINT('',(-0.0217499999999993,-0.0618349364905384,0.154));
#16932=CARTESIAN_POINT('',(0.0670000000000023,-0.0111339745962163,0.086));
#16933=CARTESIAN_POINT('',(0.0670000000000023,-0.0102679491924318,0.086));
#16934=CARTESIAN_POINT('',(0.0670000000000023,-0.0137320508075696,0.086));
#16935=CARTESIAN_POINT('',(0.0647500000000023,-0.0150310889132463,0.086));
#16936=CARTESIAN_POINT('',(0.0640000000000023,-0.0154641016151384,0.086));
#16937=CARTESIAN_POINT('',(0.0617500000000023,-0.0141650635094618,0.086));
#16938=CARTESIAN_POINT('',(0.0610000000000023,-0.0137320508075696,0.086));
#16939=CARTESIAN_POINT('',(0.0610000000000023,-0.0128660254037851,0.086));
#16940=CARTESIAN_POINT('',(0.0610000000000023,-0.0102679491924318,0.086));
#16941=CARTESIAN_POINT('',(0.0632500000000023,-0.00896891108675517,0.086));
#16942=CARTESIAN_POINT('',(0.0640000000000023,-0.00853589838486295,0.086));
#16943=CARTESIAN_POINT('',(0.0662500000000023,-0.00983493649053961,0.086));
#16944=CARTESIAN_POINT('',(-0.061,-0.0111339745962157,0.217));
#16945=CARTESIAN_POINT('',(-0.061,-0.0102679491924313,0.217));
#16946=CARTESIAN_POINT('',(-0.061,-0.0137320508075691,0.217));
#16947=CARTESIAN_POINT('',(-0.06325,-0.0150310889132457,0.217));
#16948=CARTESIAN_POINT('',(-0.064,-0.015464101615138,0.217));
#16949=CARTESIAN_POINT('',(-0.06625,-0.0141650635094613,0.217));
#16950=CARTESIAN_POINT('',(-0.067,-0.0137320508075691,0.217));
#16951=CARTESIAN_POINT('',(-0.067,-0.0128660254037846,0.217));
#16952=CARTESIAN_POINT('',(-0.067,-0.0102679491924313,0.217));
#16953=CARTESIAN_POINT('',(-0.06475,-0.00896891108675466,0.217));
#16954=CARTESIAN_POINT('',(-0.064,-0.00853589838486244,0.217));
#16955=CARTESIAN_POINT('',(-0.06175,-0.00983493649053909,0.217));
#16956=CARTESIAN_POINT('',(0.067,-0.0231339745962154,0.154));
#16957=CARTESIAN_POINT('',(0.067,-0.0222679491924309,0.154));
#16958=CARTESIAN_POINT('',(0.067,-0.0257320508075687,0.154));
#16959=CARTESIAN_POINT('',(0.06475,-0.0270310889132453,0.154));
#16960=CARTESIAN_POINT('',(0.064,-0.0274641016151375,0.154));
#16961=CARTESIAN_POINT('',(0.06175,-0.0261650635094609,0.154));
#16962=CARTESIAN_POINT('',(0.061,-0.0257320508075687,0.154));
#16963=CARTESIAN_POINT('',(0.061,-0.0248660254037842,0.154));
#16964=CARTESIAN_POINT('',(0.061,-0.0222679491924309,0.154));
#16965=CARTESIAN_POINT('',(0.06325,-0.0209689110867542,0.154));
#16966=CARTESIAN_POINT('',(0.064,-0.0205358983848621,0.154));
#16967=CARTESIAN_POINT('',(0.06625,-0.0218349364905387,0.154));
#16968=CARTESIAN_POINT('',(0.067,0.0248660254037842,0.154));
#16969=CARTESIAN_POINT('',(0.067,0.0257320508075687,0.154));
#16970=CARTESIAN_POINT('',(0.067,0.0222679491924309,0.154));
#16971=CARTESIAN_POINT('',(0.06475,0.0209689110867542,0.154));
#16972=CARTESIAN_POINT('',(0.064,0.0205358983848621,0.154));
#16973=CARTESIAN_POINT('',(0.06175,0.0218349364905387,0.154));
#16974=CARTESIAN_POINT('',(0.061,0.0222679491924309,0.154));
#16975=CARTESIAN_POINT('',(0.061,0.0231339745962154,0.154));
#16976=CARTESIAN_POINT('',(0.061,0.0257320508075687,0.154));
#16977=CARTESIAN_POINT('',(0.06325,0.0270310889132453,0.154));
#16978=CARTESIAN_POINT('',(0.064,0.0274641016151375,0.154));
#16979=CARTESIAN_POINT('',(0.06625,0.0261650635094609,0.154));
#16980=MECHANICAL_DESIGN_GEOMETRIC_PRESENTATION_REPRESENTATION('',(#10109),
#16981);
#16981=(
GEOMETRIC_REPRESENTATION_CONTEXT(3)
GLOBAL_UNCERTAINTY_ASSIGNED_CONTEXT((#16982))
GLOBAL_UNIT_ASSIGNED_CONTEXT((#16985,#16984,#16983))
REPRESENTATION_CONTEXT('Part 1','TOP_LEVEL_ASSEMBLY_PART')
);
#16982=UNCERTAINTY_MEASURE_WITH_UNIT(LENGTH_MEASURE(1.E-8),#16985,
'DISTANCE_ACCURACY_VALUE','Maximum Tolerance applied to model');
#16983=(
NAMED_UNIT(*)
SI_UNIT($,.STERADIAN.)
SOLID_ANGLE_UNIT()
);
#16984=(
NAMED_UNIT(*)
PLANE_ANGLE_UNIT()
SI_UNIT($,.RADIAN.)
);
#16985=(
LENGTH_UNIT()
NAMED_UNIT(*)
SI_UNIT($,.METRE.)
);
#16986=PRODUCT_DEFINITION_SHAPE('','',#16987);
#16987=PRODUCT_DEFINITION('','',#16989,#16988);
#16988=PRODUCT_DEFINITION_CONTEXT('',#16995,'design');
#16989=PRODUCT_DEFINITION_FORMATION_WITH_SPECIFIED_SOURCE('','',#16991,
 .NOT_KNOWN.);
#16990=PRODUCT_RELATED_PRODUCT_CATEGORY('','',(#16991));
#16991=PRODUCT('Part 1','Part 1','Part 1',(#16993));
#16992=PRODUCT_CATEGORY('','');
#16993=PRODUCT_CONTEXT('',#16995,'mechanical');
#16994=APPLICATION_PROTOCOL_DEFINITION('international standard',
'ap242_managed_model_based_3d_engineering',2011,#16995);
#16995=APPLICATION_CONTEXT('managed model based 3d engineering');
ENDSEC;
END-ISO-10303-21;
