[0.000000] (-) TimerEvent: {}
[0.000110] (ros_esc) JobQueued: {'identifier': 'ros_esc', 'dependencies': OrderedDict()}
[0.000157] (ros_esc_interfaces) JobQueued: {'identifier': 'ros_esc_interfaces', 'dependencies': OrderedDict()}
[0.000175] (turtlebot3_rotating_sensor) JobQueued: {'identifier': 'turtlebot3_rotating_sensor', 'dependencies': OrderedDict()}
[0.000217] (ros_esc) JobStarted: {'identifier': 'ros_esc'}
[0.006524] (ros_esc_interfaces) JobStarted: {'identifier': 'ros_esc_interfaces'}
[0.009638] (turtlebot3_rotating_sensor) JobStarted: {'identifier': 'turtlebot3_rotating_sensor'}
[0.099429] (-) TimerEvent: {}
[0.199692] (-) TimerEvent: {}
[0.244603] (ros_esc_interfaces) JobProgress: {'identifier': 'ros_esc_interfaces', 'progress': 'cmake'}
[0.245620] (ros_esc_interfaces) JobProgress: {'identifier': 'ros_esc_interfaces', 'progress': 'build'}
[0.245891] (ros_esc_interfaces) Command: {'cmd': ['/usr/bin/cmake', '--build', '/home/mattb/ros2_ws/build/ros_esc_interfaces', '--', '-j12', '-l12'], 'cwd': '/home/mattb/ros2_ws/build/ros_esc_interfaces', 'env': OrderedDict([('LESSOPEN', '| /usr/bin/lesspipe %s'), ('USER', 'mattb'), ('XDG_SESSION_TYPE', 'wayland'), ('GIT_ASKPASS', '/usr/share/code/resources/app/extensions/git/dist/askpass.sh'), ('SHLVL', '2'), ('LD_LIBRARY_PATH', '/home/mattb/ros2_ws/install/ros_esc_interfaces/lib:/usr/lib/x86_64-linux-gnu/gazebo-11/plugins:/opt/ros/humble/opt/rviz_ogre_vendor/lib:/opt/ros/humble/lib/x86_64-linux-gnu:/opt/ros/humble/lib'), ('HOME', '/home/mattb'), ('CHROME_DESKTOP', 'code.desktop'), ('OLDPWD', '/home/mattb/ros2_ws/src/ros_esc_interfaces'), ('TERM_PROGRAM_VERSION', '1.105.1'), ('DESKTOP_SESSION', 'ubuntu'), ('ROS_PYTHON_VERSION', '3'), ('GNOME_SHELL_SESSION_MODE', 'ubuntu'), ('GTK_MODULES', 'gail:atk-bridge'), ('VSCODE_GIT_ASKPASS_MAIN', '/usr/share/code/resources/app/extensions/git/dist/askpass-main.js'), ('VSCODE_GIT_ASKPASS_NODE', '/usr/share/code/code'), ('SYSTEMD_EXEC_PID', '1500'), ('VSCODE_PYTHON_AUTOACTIVATE_GUARD', '1'), ('DBUS_SESSION_BUS_ADDRESS', 'unix:path=/run/user/1000/bus'), ('COLORTERM', 'truecolor'), ('IM_CONFIG_PHASE', '1'), ('WAYLAND_DISPLAY', 'wayland-0'), ('COLCON_PREFIX_PATH', '/home/mattb/ros2_ws/install'), ('ROS_DISTRO', 'humble'), ('LOGNAME', 'mattb'), ('_', '/usr/bin/colcon'), ('ROS_VERSION', '2'), ('XDG_SESSION_CLASS', 'user'), ('USERNAME', 'mattb'), ('TERM', 'xterm-256color'), ('GNOME_DESKTOP_SESSION_ID', 'this-is-deprecated'), ('ROS_LOCALHOST_ONLY', '0'), ('PATH', '/opt/ros/humble/bin:/home/mattb/.local/bin:/usr/local/sbin:/usr/local/bin:/usr/sbin:/usr/bin:/sbin:/bin:/usr/games:/usr/local/games:/snap/bin:/snap/bin:/home/mattb/.config/Code/User/globalStorage/github.copilot-chat/debugCommand'), ('SESSION_MANAGER', 'local/ubuntu-ssd:@/tmp/.ICE-unix/1263,unix/ubuntu-ssd:/tmp/.ICE-unix/1263'), ('XDG_MENU_PREFIX', 'gnome-'), ('GNOME_TERMINAL_SCREEN', '/org/gnome/Terminal/screen/70be42ff_c0b0_4e81_b165_31b5cabb27e8'), ('GNOME_SETUP_DISPLAY', ':1'), ('XDG_RUNTIME_DIR', '/run/user/1000'), ('GDK_BACKEND', 'x11'), ('DISPLAY', ':0'), ('LANG', 'en_US.UTF-8'), ('XDG_CURRENT_DESKTOP', 'Unity'), ('XMODIFIERS', '@im=ibus'), ('XDG_SESSION_DESKTOP', 'ubuntu'), ('XAUTHORITY', '/run/user/1000/.mutter-Xwaylandauth.MOVYF3'), ('LS_COLORS', 'rs=0:di=01;34:ln=01;36:mh=00:pi=40;33:so=01;35:do=01;35:bd=40;33;01:cd=40;33;01:or=40;31;01:mi=00:su=37;41:sg=30;43:ca=30;41:tw=30;42:ow=34;42:st=37;44:ex=01;32:*.tar=01;31:*.tgz=01;31:*.arc=01;31:*.arj=01;31:*.taz=01;31:*.lha=01;31:*.lz4=01;31:*.lzh=01;31:*.lzma=01;31:*.tlz=01;31:*.txz=01;31:*.tzo=01;31:*.t7z=01;31:*.zip=01;31:*.z=01;31:*.dz=01;31:*.gz=01;31:*.lrz=01;31:*.lz=01;31:*.lzo=01;31:*.xz=01;31:*.zst=01;31:*.tzst=01;31:*.bz2=01;31:*.bz=01;31:*.tbz=01;31:*.tbz2=01;31:*.tz=01;31:*.deb=01;31:*.rpm=01;31:*.jar=01;31:*.war=01;31:*.ear=01;31:*.sar=01;31:*.rar=01;31:*.alz=01;31:*.ace=01;31:*.zoo=01;31:*.cpio=01;31:*.7z=01;31:*.rz=01;31:*.cab=01;31:*.wim=01;31:*.swm=01;31:*.dwm=01;31:*.esd=01;31:*.jpg=01;35:*.jpeg=01;35:*.mjpg=01;35:*.mjpeg=01;35:*.gif=01;35:*.bmp=01;35:*.pbm=01;35:*.pgm=01;35:*.ppm=01;35:*.tga=01;35:*.xbm=01;35:*.xpm=01;35:*.tif=01;35:*.tiff=01;35:*.png=01;35:*.svg=01;35:*.svgz=01;35:*.mng=01;35:*.pcx=01;35:*.mov=01;35:*.mpg=01;35:*.mpeg=01;35:*.m2v=01;35:*.mkv=01;35:*.webm=01;35:*.webp=01;35:*.ogm=01;35:*.mp4=01;35:*.m4v=01;35:*.mp4v=01;35:*.vob=01;35:*.qt=01;35:*.nuv=01;35:*.wmv=01;35:*.asf=01;35:*.rm=01;35:*.rmvb=01;35:*.flc=01;35:*.avi=01;35:*.fli=01;35:*.flv=01;35:*.gl=01;35:*.dl=01;35:*.xcf=01;35:*.xwd=01;35:*.yuv=01;35:*.cgm=01;35:*.emf=01;35:*.ogv=01;35:*.ogx=01;35:*.aac=00;36:*.au=00;36:*.flac=00;36:*.m4a=00;36:*.mid=00;36:*.midi=00;36:*.mka=00;36:*.mp3=00;36:*.mpc=00;36:*.ogg=00;36:*.ra=00;36:*.wav=00;36:*.oga=00;36:*.opus=00;36:*.spx=00;36:*.xspf=00;36:'), ('VSCODE_GIT_IPC_HANDLE', '/run/user/1000/vscode-git-cbb1b73edd.sock'), ('GNOME_TERMINAL_SERVICE', ':1.108'), ('TERM_PROGRAM', 'vscode'), ('SSH_AGENT_LAUNCHER', 'gnome-keyring'), ('SSH_AUTH_SOCK', '/run/user/1000/keyring/ssh'), ('AMENT_PREFIX_PATH', '/home/mattb/ros2_ws/install/ros_esc_interfaces:/opt/ros/humble'), ('ORIGINAL_XDG_CURRENT_DESKTOP', 'ubuntu:GNOME'), ('SHELL', '/bin/bash'), ('QT_ACCESSIBILITY', '1'), ('GDMSESSION', 'ubuntu'), ('LESSCLOSE', '/usr/bin/lesspipe %s %s'), ('VSCODE_GIT_ASKPASS_EXTRA_ARGS', ''), ('QT_IM_MODULE', 'ibus'), ('PWD', '/home/mattb/ros2_ws/build/ros_esc_interfaces'), ('XDG_CONFIG_DIRS', '/etc/xdg/xdg-ubuntu:/etc/xdg'), ('XDG_DATA_DIRS', '/usr/share/ubuntu:/usr/local/share/:/usr/share/:/var/lib/snapd/desktop'), ('PYTHONPATH', '/home/mattb/ros2_ws/install/ros_esc_interfaces/local/lib/python3.10/dist-packages:/opt/ros/humble/lib/python3.10/site-packages:/opt/ros/humble/local/lib/python3.10/dist-packages'), ('COLCON', '1'), ('VTE_VERSION', '6800'), ('CMAKE_PREFIX_PATH', '/home/mattb/ros2_ws/install/ros_esc_interfaces:/opt/ros/humble')]), 'shell': False}
[0.248790] (turtlebot3_rotating_sensor) JobProgress: {'identifier': 'turtlebot3_rotating_sensor', 'progress': 'cmake'}
[0.249167] (turtlebot3_rotating_sensor) Command: {'cmd': ['/usr/bin/cmake', '/home/mattb/ros2_ws/src/turtlebot3_rotating_sensor', '-DCMAKE_INSTALL_PREFIX=/home/mattb/ros2_ws/install/turtlebot3_rotating_sensor'], 'cwd': '/home/mattb/ros2_ws/build/turtlebot3_rotating_sensor', 'env': OrderedDict([('LESSOPEN', '| /usr/bin/lesspipe %s'), ('USER', 'mattb'), ('XDG_SESSION_TYPE', 'wayland'), ('GIT_ASKPASS', '/usr/share/code/resources/app/extensions/git/dist/askpass.sh'), ('SHLVL', '2'), ('LD_LIBRARY_PATH', '/home/mattb/ros2_ws/install/ros_esc_interfaces/lib:/usr/lib/x86_64-linux-gnu/gazebo-11/plugins:/opt/ros/humble/opt/rviz_ogre_vendor/lib:/opt/ros/humble/lib/x86_64-linux-gnu:/opt/ros/humble/lib'), ('HOME', '/home/mattb'), ('CHROME_DESKTOP', 'code.desktop'), ('OLDPWD', '/home/mattb/ros2_ws/src/ros_esc_interfaces'), ('TERM_PROGRAM_VERSION', '1.105.1'), ('DESKTOP_SESSION', 'ubuntu'), ('ROS_PYTHON_VERSION', '3'), ('GNOME_SHELL_SESSION_MODE', 'ubuntu'), ('GTK_MODULES', 'gail:atk-bridge'), ('VSCODE_GIT_ASKPASS_MAIN', '/usr/share/code/resources/app/extensions/git/dist/askpass-main.js'), ('VSCODE_GIT_ASKPASS_NODE', '/usr/share/code/code'), ('SYSTEMD_EXEC_PID', '1500'), ('VSCODE_PYTHON_AUTOACTIVATE_GUARD', '1'), ('DBUS_SESSION_BUS_ADDRESS', 'unix:path=/run/user/1000/bus'), ('COLORTERM', 'truecolor'), ('IM_CONFIG_PHASE', '1'), ('WAYLAND_DISPLAY', 'wayland-0'), ('COLCON_PREFIX_PATH', '/home/mattb/ros2_ws/install'), ('ROS_DISTRO', 'humble'), ('LOGNAME', 'mattb'), ('_', '/usr/bin/colcon'), ('ROS_VERSION', '2'), ('XDG_SESSION_CLASS', 'user'), ('USERNAME', 'mattb'), ('TERM', 'xterm-256color'), ('GNOME_DESKTOP_SESSION_ID', 'this-is-deprecated'), ('ROS_LOCALHOST_ONLY', '0'), ('PATH', '/opt/ros/humble/bin:/home/mattb/.local/bin:/usr/local/sbin:/usr/local/bin:/usr/sbin:/usr/bin:/sbin:/bin:/usr/games:/usr/local/games:/snap/bin:/snap/bin:/home/mattb/.config/Code/User/globalStorage/github.copilot-chat/debugCommand'), ('SESSION_MANAGER', 'local/ubuntu-ssd:@/tmp/.ICE-unix/1263,unix/ubuntu-ssd:/tmp/.ICE-unix/1263'), ('XDG_MENU_PREFIX', 'gnome-'), ('GNOME_TERMINAL_SCREEN', '/org/gnome/Terminal/screen/70be42ff_c0b0_4e81_b165_31b5cabb27e8'), ('GNOME_SETUP_DISPLAY', ':1'), ('XDG_RUNTIME_DIR', '/run/user/1000'), ('GDK_BACKEND', 'x11'), ('DISPLAY', ':0'), ('LANG', 'en_US.UTF-8'), ('XDG_CURRENT_DESKTOP', 'Unity'), ('XMODIFIERS', '@im=ibus'), ('XDG_SESSION_DESKTOP', 'ubuntu'), ('XAUTHORITY', '/run/user/1000/.mutter-Xwaylandauth.MOVYF3'), ('LS_COLORS', 'rs=0:di=01;34:ln=01;36:mh=00:pi=40;33:so=01;35:do=01;35:bd=40;33;01:cd=40;33;01:or=40;31;01:mi=00:su=37;41:sg=30;43:ca=30;41:tw=30;42:ow=34;42:st=37;44:ex=01;32:*.tar=01;31:*.tgz=01;31:*.arc=01;31:*.arj=01;31:*.taz=01;31:*.lha=01;31:*.lz4=01;31:*.lzh=01;31:*.lzma=01;31:*.tlz=01;31:*.txz=01;31:*.tzo=01;31:*.t7z=01;31:*.zip=01;31:*.z=01;31:*.dz=01;31:*.gz=01;31:*.lrz=01;31:*.lz=01;31:*.lzo=01;31:*.xz=01;31:*.zst=01;31:*.tzst=01;31:*.bz2=01;31:*.bz=01;31:*.tbz=01;31:*.tbz2=01;31:*.tz=01;31:*.deb=01;31:*.rpm=01;31:*.jar=01;31:*.war=01;31:*.ear=01;31:*.sar=01;31:*.rar=01;31:*.alz=01;31:*.ace=01;31:*.zoo=01;31:*.cpio=01;31:*.7z=01;31:*.rz=01;31:*.cab=01;31:*.wim=01;31:*.swm=01;31:*.dwm=01;31:*.esd=01;31:*.jpg=01;35:*.jpeg=01;35:*.mjpg=01;35:*.mjpeg=01;35:*.gif=01;35:*.bmp=01;35:*.pbm=01;35:*.pgm=01;35:*.ppm=01;35:*.tga=01;35:*.xbm=01;35:*.xpm=01;35:*.tif=01;35:*.tiff=01;35:*.png=01;35:*.svg=01;35:*.svgz=01;35:*.mng=01;35:*.pcx=01;35:*.mov=01;35:*.mpg=01;35:*.mpeg=01;35:*.m2v=01;35:*.mkv=01;35:*.webm=01;35:*.webp=01;35:*.ogm=01;35:*.mp4=01;35:*.m4v=01;35:*.mp4v=01;35:*.vob=01;35:*.qt=01;35:*.nuv=01;35:*.wmv=01;35:*.asf=01;35:*.rm=01;35:*.rmvb=01;35:*.flc=01;35:*.avi=01;35:*.fli=01;35:*.flv=01;35:*.gl=01;35:*.dl=01;35:*.xcf=01;35:*.xwd=01;35:*.yuv=01;35:*.cgm=01;35:*.emf=01;35:*.ogv=01;35:*.ogx=01;35:*.aac=00;36:*.au=00;36:*.flac=00;36:*.m4a=00;36:*.mid=00;36:*.midi=00;36:*.mka=00;36:*.mp3=00;36:*.mpc=00;36:*.ogg=00;36:*.ra=00;36:*.wav=00;36:*.oga=00;36:*.opus=00;36:*.spx=00;36:*.xspf=00;36:'), ('VSCODE_GIT_IPC_HANDLE', '/run/user/1000/vscode-git-cbb1b73edd.sock'), ('GNOME_TERMINAL_SERVICE', ':1.108'), ('TERM_PROGRAM', 'vscode'), ('SSH_AGENT_LAUNCHER', 'gnome-keyring'), ('SSH_AUTH_SOCK', '/run/user/1000/keyring/ssh'), ('AMENT_PREFIX_PATH', '/home/mattb/ros2_ws/install/ros_esc_interfaces:/opt/ros/humble'), ('ORIGINAL_XDG_CURRENT_DESKTOP', 'ubuntu:GNOME'), ('SHELL', '/bin/bash'), ('QT_ACCESSIBILITY', '1'), ('GDMSESSION', 'ubuntu'), ('LESSCLOSE', '/usr/bin/lesspipe %s %s'), ('VSCODE_GIT_ASKPASS_EXTRA_ARGS', ''), ('QT_IM_MODULE', 'ibus'), ('PWD', '/home/mattb/ros2_ws/build/turtlebot3_rotating_sensor'), ('XDG_CONFIG_DIRS', '/etc/xdg/xdg-ubuntu:/etc/xdg'), ('XDG_DATA_DIRS', '/usr/share/ubuntu:/usr/local/share/:/usr/share/:/var/lib/snapd/desktop'), ('PYTHONPATH', '/home/mattb/ros2_ws/install/ros_esc_interfaces/local/lib/python3.10/dist-packages:/opt/ros/humble/lib/python3.10/site-packages:/opt/ros/humble/local/lib/python3.10/dist-packages'), ('COLCON', '1'), ('VTE_VERSION', '6800'), ('CMAKE_PREFIX_PATH', '/home/mattb/ros2_ws/install/ros_esc_interfaces:/opt/ros/humble')]), 'shell': False}
[0.284323] (ros_esc_interfaces) StdoutLine: {'line': b'\x1b[35m\x1b[1mConsolidate compiler generated dependencies of target ros_esc_interfaces__rosidl_generator_c\x1b[0m\n'}
[0.293660] (ros_esc_interfaces) StdoutLine: {'line': b'[  1%] Built target ros_esc_interfaces__cpp\n'}
[0.297478] (ros_esc_interfaces) StdoutLine: {'line': b'[ 12%] Built target ros_esc_interfaces__rosidl_generator_c\n'}
[0.298966] (turtlebot3_rotating_sensor) StdoutLine: {'line': b'-- The C compiler identification is GNU 11.4.0\n'}
[0.299768] (-) TimerEvent: {}
[0.304568] (ros_esc_interfaces) StdoutLine: {'line': b'[ 12%] Built target ament_cmake_python_copy_ros_esc_interfaces\n'}
[0.307490] (ros_esc_interfaces) StdoutLine: {'line': b'\x1b[35m\x1b[1mConsolidate compiler generated dependencies of target ros_esc_interfaces__rosidl_typesupport_cpp\x1b[0m\n'}
[0.307961] (ros_esc_interfaces) StdoutLine: {'line': b'\x1b[35m\x1b[1mConsolidate compiler generated dependencies of target ros_esc_interfaces__rosidl_typesupport_fastrtps_cpp\x1b[0m\n'}
[0.310895] (ros_esc_interfaces) StdoutLine: {'line': b'\x1b[35m\x1b[1mConsolidate compiler generated dependencies of target ros_esc_interfaces__rosidl_typesupport_introspection_cpp\x1b[0m\n'}
[0.312847] (ros_esc_interfaces) StdoutLine: {'line': b'\x1b[35m\x1b[1mConsolidate compiler generated dependencies of target ros_esc_interfaces__rosidl_typesupport_fastrtps_c\x1b[0m\n'}
[0.313203] (ros_esc_interfaces) StdoutLine: {'line': b'\x1b[35m\x1b[1mConsolidate compiler generated dependencies of target ros_esc_interfaces__rosidl_typesupport_c\x1b[0m\n'}
[0.314145] (ros_esc_interfaces) StdoutLine: {'line': b'\x1b[35m\x1b[1mConsolidate compiler generated dependencies of target ros_esc_interfaces__rosidl_typesupport_introspection_c\x1b[0m\n'}
[0.330776] (ros_esc_interfaces) StdoutLine: {'line': b'[ 23%] Built target ros_esc_interfaces__rosidl_typesupport_c\n'}
[0.333225] (ros_esc_interfaces) StdoutLine: {'line': b'[ 34%] Built target ros_esc_interfaces__rosidl_typesupport_cpp\n'}
[0.334837] (ros_esc_interfaces) StdoutLine: {'line': b'[ 55%] Built target ros_esc_interfaces__rosidl_typesupport_introspection_cpp\n'}
[0.335023] (ros_esc_interfaces) StdoutLine: {'line': b'[ 57%] Built target ros_esc_interfaces__rosidl_typesupport_introspection_c\n'}
[0.335383] (ros_esc_interfaces) StdoutLine: {'line': b'[ 68%] Built target ros_esc_interfaces__rosidl_typesupport_fastrtps_cpp\n'}
[0.335920] (ros_esc_interfaces) StdoutLine: {'line': b'[ 79%] Built target ros_esc_interfaces__rosidl_typesupport_fastrtps_c\n'}
[0.355809] (ros_esc_interfaces) StdoutLine: {'line': b'[ 79%] Built target ros_esc_interfaces\n'}
[0.371694] (turtlebot3_rotating_sensor) StdoutLine: {'line': b'-- The CXX compiler identification is GNU 11.4.0\n'}
[0.376471] (ros_esc_interfaces) StdoutLine: {'line': b'[ 80%] Built target ros_esc_interfaces__py\n'}
[0.378372] (turtlebot3_rotating_sensor) StdoutLine: {'line': b'-- Detecting C compiler ABI info\n'}
[0.387288] (ros_esc_interfaces) StdoutLine: {'line': b'\x1b[35m\x1b[1mConsolidate compiler generated dependencies of target ros_esc_interfaces__rosidl_generator_py\x1b[0m\n'}
[0.399854] (-) TimerEvent: {}
[0.403067] (ros_esc_interfaces) StdoutLine: {'line': b'[ 90%] Built target ros_esc_interfaces__rosidl_generator_py\n'}
[0.416096] (ros_esc_interfaces) StdoutLine: {'line': b'\x1b[35m\x1b[1mConsolidate compiler generated dependencies of target ros_esc_interfaces__rosidl_typesupport_fastrtps_c__pyext\x1b[0m\n'}
[0.416390] (ros_esc_interfaces) StdoutLine: {'line': b'\x1b[35m\x1b[1mConsolidate compiler generated dependencies of target ros_esc_interfaces__rosidl_typesupport_c__pyext\x1b[0m\n'}
[0.417490] (ros_esc_interfaces) StdoutLine: {'line': b'\x1b[35m\x1b[1mConsolidate compiler generated dependencies of target ros_esc_interfaces__rosidl_typesupport_introspection_c__pyext\x1b[0m\n'}
[0.431677] (ros_esc_interfaces) StdoutLine: {'line': b'[ 93%] Built target ros_esc_interfaces__rosidl_typesupport_fastrtps_c__pyext\n'}
[0.434376] (ros_esc_interfaces) StdoutLine: {'line': b'[ 96%] Built target ros_esc_interfaces__rosidl_typesupport_c__pyext\n'}
[0.435846] (ros_esc_interfaces) StdoutLine: {'line': b'[100%] Built target ros_esc_interfaces__rosidl_typesupport_introspection_c__pyext\n'}
[0.448010] (turtlebot3_rotating_sensor) StdoutLine: {'line': b'-- Detecting C compiler ABI info - done\n'}
[0.454617] (turtlebot3_rotating_sensor) StdoutLine: {'line': b'-- Check for working C compiler: /usr/bin/cc - skipped\n'}
[0.454882] (turtlebot3_rotating_sensor) StdoutLine: {'line': b'-- Detecting C compile features\n'}
[0.455198] (turtlebot3_rotating_sensor) StdoutLine: {'line': b'-- Detecting C compile features - done\n'}
[0.458104] (turtlebot3_rotating_sensor) StdoutLine: {'line': b'-- Detecting CXX compiler ABI info\n'}
[0.499938] (-) TimerEvent: {}
[0.533933] (turtlebot3_rotating_sensor) StdoutLine: {'line': b'-- Detecting CXX compiler ABI info - done\n'}
[0.541129] (turtlebot3_rotating_sensor) StdoutLine: {'line': b'-- Check for working CXX compiler: /usr/bin/c++ - skipped\n'}
[0.541363] (turtlebot3_rotating_sensor) StdoutLine: {'line': b'-- Detecting CXX compile features\n'}
[0.541833] (turtlebot3_rotating_sensor) StdoutLine: {'line': b'-- Detecting CXX compile features - done\n'}
[0.543726] (turtlebot3_rotating_sensor) StdoutLine: {'line': b'-- Found ament_cmake: 1.3.12 (/opt/ros/humble/share/ament_cmake/cmake)\n'}
[0.565569] (ros_esc_interfaces) StdoutLine: {'line': b'running egg_info\n'}
[0.566111] (ros_esc_interfaces) StdoutLine: {'line': b'writing ros_esc_interfaces.egg-info/PKG-INFO\n'}
[0.566344] (ros_esc_interfaces) StdoutLine: {'line': b'writing dependency_links to ros_esc_interfaces.egg-info/dependency_links.txt\n'}
[0.566545] (ros_esc_interfaces) StdoutLine: {'line': b'writing top-level names to ros_esc_interfaces.egg-info/top_level.txt\n'}
[0.568367] (ros_esc_interfaces) StdoutLine: {'line': b"reading manifest file 'ros_esc_interfaces.egg-info/SOURCES.txt'\n"}
[0.568917] (ros_esc_interfaces) StdoutLine: {'line': b"writing manifest file 'ros_esc_interfaces.egg-info/SOURCES.txt'\n"}
[0.591019] (ros_esc_interfaces) StdoutLine: {'line': b'[100%] Built target ament_cmake_python_build_ros_esc_interfaces_egg\n'}
[0.600071] (-) TimerEvent: {}
[0.602056] (ros_esc_interfaces) CommandEnded: {'returncode': 0}
[0.602810] (ros_esc_interfaces) JobProgress: {'identifier': 'ros_esc_interfaces', 'progress': 'install'}
[0.613309] (ros_esc_interfaces) Command: {'cmd': ['/usr/bin/cmake', '--install', '/home/mattb/ros2_ws/build/ros_esc_interfaces'], 'cwd': '/home/mattb/ros2_ws/build/ros_esc_interfaces', 'env': OrderedDict([('LESSOPEN', '| /usr/bin/lesspipe %s'), ('USER', 'mattb'), ('XDG_SESSION_TYPE', 'wayland'), ('GIT_ASKPASS', '/usr/share/code/resources/app/extensions/git/dist/askpass.sh'), ('SHLVL', '2'), ('LD_LIBRARY_PATH', '/home/mattb/ros2_ws/install/ros_esc_interfaces/lib:/usr/lib/x86_64-linux-gnu/gazebo-11/plugins:/opt/ros/humble/opt/rviz_ogre_vendor/lib:/opt/ros/humble/lib/x86_64-linux-gnu:/opt/ros/humble/lib'), ('HOME', '/home/mattb'), ('CHROME_DESKTOP', 'code.desktop'), ('OLDPWD', '/home/mattb/ros2_ws/src/ros_esc_interfaces'), ('TERM_PROGRAM_VERSION', '1.105.1'), ('DESKTOP_SESSION', 'ubuntu'), ('ROS_PYTHON_VERSION', '3'), ('GNOME_SHELL_SESSION_MODE', 'ubuntu'), ('GTK_MODULES', 'gail:atk-bridge'), ('VSCODE_GIT_ASKPASS_MAIN', '/usr/share/code/resources/app/extensions/git/dist/askpass-main.js'), ('VSCODE_GIT_ASKPASS_NODE', '/usr/share/code/code'), ('SYSTEMD_EXEC_PID', '1500'), ('VSCODE_PYTHON_AUTOACTIVATE_GUARD', '1'), ('DBUS_SESSION_BUS_ADDRESS', 'unix:path=/run/user/1000/bus'), ('COLORTERM', 'truecolor'), ('IM_CONFIG_PHASE', '1'), ('WAYLAND_DISPLAY', 'wayland-0'), ('COLCON_PREFIX_PATH', '/home/mattb/ros2_ws/install'), ('ROS_DISTRO', 'humble'), ('LOGNAME', 'mattb'), ('_', '/usr/bin/colcon'), ('ROS_VERSION', '2'), ('XDG_SESSION_CLASS', 'user'), ('USERNAME', 'mattb'), ('TERM', 'xterm-256color'), ('GNOME_DESKTOP_SESSION_ID', 'this-is-deprecated'), ('ROS_LOCALHOST_ONLY', '0'), ('PATH', '/opt/ros/humble/bin:/home/mattb/.local/bin:/usr/local/sbin:/usr/local/bin:/usr/sbin:/usr/bin:/sbin:/bin:/usr/games:/usr/local/games:/snap/bin:/snap/bin:/home/mattb/.config/Code/User/globalStorage/github.copilot-chat/debugCommand'), ('SESSION_MANAGER', 'local/ubuntu-ssd:@/tmp/.ICE-unix/1263,unix/ubuntu-ssd:/tmp/.ICE-unix/1263'), ('XDG_MENU_PREFIX', 'gnome-'), ('GNOME_TERMINAL_SCREEN', '/org/gnome/Terminal/screen/70be42ff_c0b0_4e81_b165_31b5cabb27e8'), ('GNOME_SETUP_DISPLAY', ':1'), ('XDG_RUNTIME_DIR', '/run/user/1000'), ('GDK_BACKEND', 'x11'), ('DISPLAY', ':0'), ('LANG', 'en_US.UTF-8'), ('XDG_CURRENT_DESKTOP', 'Unity'), ('XMODIFIERS', '@im=ibus'), ('XDG_SESSION_DESKTOP', 'ubuntu'), ('XAUTHORITY', '/run/user/1000/.mutter-Xwaylandauth.MOVYF3'), ('LS_COLORS', 'rs=0:di=01;34:ln=01;36:mh=00:pi=40;33:so=01;35:do=01;35:bd=40;33;01:cd=40;33;01:or=40;31;01:mi=00:su=37;41:sg=30;43:ca=30;41:tw=30;42:ow=34;42:st=37;44:ex=01;32:*.tar=01;31:*.tgz=01;31:*.arc=01;31:*.arj=01;31:*.taz=01;31:*.lha=01;31:*.lz4=01;31:*.lzh=01;31:*.lzma=01;31:*.tlz=01;31:*.txz=01;31:*.tzo=01;31:*.t7z=01;31:*.zip=01;31:*.z=01;31:*.dz=01;31:*.gz=01;31:*.lrz=01;31:*.lz=01;31:*.lzo=01;31:*.xz=01;31:*.zst=01;31:*.tzst=01;31:*.bz2=01;31:*.bz=01;31:*.tbz=01;31:*.tbz2=01;31:*.tz=01;31:*.deb=01;31:*.rpm=01;31:*.jar=01;31:*.war=01;31:*.ear=01;31:*.sar=01;31:*.rar=01;31:*.alz=01;31:*.ace=01;31:*.zoo=01;31:*.cpio=01;31:*.7z=01;31:*.rz=01;31:*.cab=01;31:*.wim=01;31:*.swm=01;31:*.dwm=01;31:*.esd=01;31:*.jpg=01;35:*.jpeg=01;35:*.mjpg=01;35:*.mjpeg=01;35:*.gif=01;35:*.bmp=01;35:*.pbm=01;35:*.pgm=01;35:*.ppm=01;35:*.tga=01;35:*.xbm=01;35:*.xpm=01;35:*.tif=01;35:*.tiff=01;35:*.png=01;35:*.svg=01;35:*.svgz=01;35:*.mng=01;35:*.pcx=01;35:*.mov=01;35:*.mpg=01;35:*.mpeg=01;35:*.m2v=01;35:*.mkv=01;35:*.webm=01;35:*.webp=01;35:*.ogm=01;35:*.mp4=01;35:*.m4v=01;35:*.mp4v=01;35:*.vob=01;35:*.qt=01;35:*.nuv=01;35:*.wmv=01;35:*.asf=01;35:*.rm=01;35:*.rmvb=01;35:*.flc=01;35:*.avi=01;35:*.fli=01;35:*.flv=01;35:*.gl=01;35:*.dl=01;35:*.xcf=01;35:*.xwd=01;35:*.yuv=01;35:*.cgm=01;35:*.emf=01;35:*.ogv=01;35:*.ogx=01;35:*.aac=00;36:*.au=00;36:*.flac=00;36:*.m4a=00;36:*.mid=00;36:*.midi=00;36:*.mka=00;36:*.mp3=00;36:*.mpc=00;36:*.ogg=00;36:*.ra=00;36:*.wav=00;36:*.oga=00;36:*.opus=00;36:*.spx=00;36:*.xspf=00;36:'), ('VSCODE_GIT_IPC_HANDLE', '/run/user/1000/vscode-git-cbb1b73edd.sock'), ('GNOME_TERMINAL_SERVICE', ':1.108'), ('TERM_PROGRAM', 'vscode'), ('SSH_AGENT_LAUNCHER', 'gnome-keyring'), ('SSH_AUTH_SOCK', '/run/user/1000/keyring/ssh'), ('AMENT_PREFIX_PATH', '/home/mattb/ros2_ws/install/ros_esc_interfaces:/opt/ros/humble'), ('ORIGINAL_XDG_CURRENT_DESKTOP', 'ubuntu:GNOME'), ('SHELL', '/bin/bash'), ('QT_ACCESSIBILITY', '1'), ('GDMSESSION', 'ubuntu'), ('LESSCLOSE', '/usr/bin/lesspipe %s %s'), ('VSCODE_GIT_ASKPASS_EXTRA_ARGS', ''), ('QT_IM_MODULE', 'ibus'), ('PWD', '/home/mattb/ros2_ws/build/ros_esc_interfaces'), ('XDG_CONFIG_DIRS', '/etc/xdg/xdg-ubuntu:/etc/xdg'), ('XDG_DATA_DIRS', '/usr/share/ubuntu:/usr/local/share/:/usr/share/:/var/lib/snapd/desktop'), ('PYTHONPATH', '/home/mattb/ros2_ws/install/ros_esc_interfaces/local/lib/python3.10/dist-packages:/opt/ros/humble/lib/python3.10/site-packages:/opt/ros/humble/local/lib/python3.10/dist-packages'), ('COLCON', '1'), ('VTE_VERSION', '6800'), ('CMAKE_PREFIX_PATH', '/home/mattb/ros2_ws/install/ros_esc_interfaces:/opt/ros/humble')]), 'shell': False}
[0.624036] (ros_esc_interfaces) StdoutLine: {'line': b'-- Install configuration: ""\n'}
[0.624306] (ros_esc_interfaces) StdoutLine: {'line': b'-- Up-to-date: /home/mattb/ros2_ws/install/ros_esc_interfaces/share/ament_index/resource_index/rosidl_interfaces/ros_esc_interfaces\n'}
[0.624425] (ros_esc_interfaces) StdoutLine: {'line': b'-- Up-to-date: /home/mattb/ros2_ws/install/ros_esc_interfaces/include/ros_esc_interfaces/ros_esc_interfaces\n'}
[0.624518] (ros_esc_interfaces) StdoutLine: {'line': b'-- Up-to-date: /home/mattb/ros2_ws/install/ros_esc_interfaces/include/ros_esc_interfaces/ros_esc_interfaces/msg\n'}
[0.624942] (ros_esc_interfaces) StdoutLine: {'line': b'-- Up-to-date: /home/mattb/ros2_ws/install/ros_esc_interfaces/include/ros_esc_interfaces/ros_esc_interfaces/msg/stamped_float64_multi_array.h\n'}
[0.625335] (ros_esc_interfaces) StdoutLine: {'line': b'-- Up-to-date: /home/mattb/ros2_ws/install/ros_esc_interfaces/include/ros_esc_interfaces/ros_esc_interfaces/msg/rosidl_generator_c__visibility_control.h\n'}
[0.625431] (ros_esc_interfaces) StdoutLine: {'line': b'-- Up-to-date: /home/mattb/ros2_ws/install/ros_esc_interfaces/include/ros_esc_interfaces/ros_esc_interfaces/msg/stamped_string.h\n'}
[0.625520] (ros_esc_interfaces) StdoutLine: {'line': b'-- Up-to-date: /home/mattb/ros2_ws/install/ros_esc_interfaces/include/ros_esc_interfaces/ros_esc_interfaces/msg/stamped_transform_multi_array.h\n'}
[0.625609] (ros_esc_interfaces) StdoutLine: {'line': b'-- Up-to-date: /home/mattb/ros2_ws/install/ros_esc_interfaces/include/ros_esc_interfaces/ros_esc_interfaces/msg/stamped_float64.h\n'}
[0.625779] (ros_esc_interfaces) StdoutLine: {'line': b'-- Up-to-date: /home/mattb/ros2_ws/install/ros_esc_interfaces/include/ros_esc_interfaces/ros_esc_interfaces/msg/timekeeper.h\n'}
[0.625869] (ros_esc_interfaces) StdoutLine: {'line': b'-- Up-to-date: /home/mattb/ros2_ws/install/ros_esc_interfaces/include/ros_esc_interfaces/ros_esc_interfaces/msg/detail\n'}
[0.625952] (ros_esc_interfaces) StdoutLine: {'line': b'-- Up-to-date: /home/mattb/ros2_ws/install/ros_esc_interfaces/include/ros_esc_interfaces/ros_esc_interfaces/msg/detail/stamped_transform_multi_array__type_support.h\n'}
[0.626109] (ros_esc_interfaces) StdoutLine: {'line': b'-- Up-to-date: /home/mattb/ros2_ws/install/ros_esc_interfaces/include/ros_esc_interfaces/ros_esc_interfaces/msg/detail/stamped_string__functions.c\n'}
[0.626239] (ros_esc_interfaces) StdoutLine: {'line': b'-- Up-to-date: /home/mattb/ros2_ws/install/ros_esc_interfaces/include/ros_esc_interfaces/ros_esc_interfaces/msg/detail/stamped_float64_multi_array__struct.h\n'}
[0.626385] (ros_esc_interfaces) StdoutLine: {'line': b'-- Up-to-date: /home/mattb/ros2_ws/install/ros_esc_interfaces/include/ros_esc_interfaces/ros_esc_interfaces/msg/detail/stamped_float64_multi_array__type_support.h\n'}
[0.626480] (ros_esc_interfaces) StdoutLine: {'line': b'-- Up-to-date: /home/mattb/ros2_ws/install/ros_esc_interfaces/include/ros_esc_interfaces/ros_esc_interfaces/msg/detail/timekeeper__struct.h\n'}
[0.626574] (ros_esc_interfaces) StdoutLine: {'line': b'-- Up-to-date: /home/mattb/ros2_ws/install/ros_esc_interfaces/include/ros_esc_interfaces/ros_esc_interfaces/msg/detail/stamped_transform_multi_array__struct.h\n'}
[0.626677] (ros_esc_interfaces) StdoutLine: {'line': b'-- Up-to-date: /home/mattb/ros2_ws/install/ros_esc_interfaces/include/ros_esc_interfaces/ros_esc_interfaces/msg/detail/stamped_string__struct.h\n'}
[0.626879] (ros_esc_interfaces) StdoutLine: {'line': b'-- Up-to-date: /home/mattb/ros2_ws/install/ros_esc_interfaces/include/ros_esc_interfaces/ros_esc_interfaces/msg/detail/timekeeper__functions.h\n'}
[0.627004] (ros_esc_interfaces) StdoutLine: {'line': b'-- Up-to-date: /home/mattb/ros2_ws/install/ros_esc_interfaces/include/ros_esc_interfaces/ros_esc_interfaces/msg/detail/stamped_string__type_support.h\n'}
[0.627165] (ros_esc_interfaces) StdoutLine: {'line': b'-- Up-to-date: /home/mattb/ros2_ws/install/ros_esc_interfaces/include/ros_esc_interfaces/ros_esc_interfaces/msg/detail/timekeeper__type_support.h\n'}
[0.627319] (ros_esc_interfaces) StdoutLine: {'line': b'-- Up-to-date: /home/mattb/ros2_ws/install/ros_esc_interfaces/include/ros_esc_interfaces/ros_esc_interfaces/msg/detail/stamped_float64__type_support.h\n'}
[0.627489] (ros_esc_interfaces) StdoutLine: {'line': b'-- Up-to-date: /home/mattb/ros2_ws/install/ros_esc_interfaces/include/ros_esc_interfaces/ros_esc_interfaces/msg/detail/stamped_string__functions.h\n'}
[0.627640] (ros_esc_interfaces) StdoutLine: {'line': b'-- Up-to-date: /home/mattb/ros2_ws/install/ros_esc_interfaces/include/ros_esc_interfaces/ros_esc_interfaces/msg/detail/stamped_transform_multi_array__functions.c\n'}
[0.627869] (ros_esc_interfaces) StdoutLine: {'line': b'-- Up-to-date: /home/mattb/ros2_ws/install/ros_esc_interfaces/include/ros_esc_interfaces/ros_esc_interfaces/msg/detail/stamped_float64__functions.c\n'}
[0.627985] (ros_esc_interfaces) StdoutLine: {'line': b'-- Up-to-date: /home/mattb/ros2_ws/install/ros_esc_interfaces/include/ros_esc_interfaces/ros_esc_interfaces/msg/detail/stamped_transform_multi_array__functions.h\n'}
[0.628090] (ros_esc_interfaces) StdoutLine: {'line': b'-- Up-to-date: /home/mattb/ros2_ws/install/ros_esc_interfaces/include/ros_esc_interfaces/ros_esc_interfaces/msg/detail/stamped_float64_multi_array__functions.c\n'}
[0.628183] (ros_esc_interfaces) StdoutLine: {'line': b'-- Up-to-date: /home/mattb/ros2_ws/install/ros_esc_interfaces/include/ros_esc_interfaces/ros_esc_interfaces/msg/detail/timekeeper__functions.c\n'}
[0.628278] (ros_esc_interfaces) StdoutLine: {'line': b'-- Up-to-date: /home/mattb/ros2_ws/install/ros_esc_interfaces/include/ros_esc_interfaces/ros_esc_interfaces/msg/detail/stamped_float64_multi_array__functions.h\n'}
[0.628372] (ros_esc_interfaces) StdoutLine: {'line': b'-- Up-to-date: /home/mattb/ros2_ws/install/ros_esc_interfaces/include/ros_esc_interfaces/ros_esc_interfaces/msg/detail/stamped_float64__functions.h\n'}
[0.628480] (ros_esc_interfaces) StdoutLine: {'line': b'-- Up-to-date: /home/mattb/ros2_ws/install/ros_esc_interfaces/include/ros_esc_interfaces/ros_esc_interfaces/msg/detail/stamped_float64__struct.h\n'}
[0.628608] (ros_esc_interfaces) StdoutLine: {'line': b'-- Up-to-date: /home/mattb/ros2_ws/install/ros_esc_interfaces/share/ros_esc_interfaces/environment/library_path.sh\n'}
[0.628852] (ros_esc_interfaces) StdoutLine: {'line': b'-- Up-to-date: /home/mattb/ros2_ws/install/ros_esc_interfaces/share/ros_esc_interfaces/environment/library_path.dsv\n'}
[0.629005] (ros_esc_interfaces) StdoutLine: {'line': b'-- Up-to-date: /home/mattb/ros2_ws/install/ros_esc_interfaces/lib/libros_esc_interfaces__rosidl_generator_c.so\n'}
[0.629094] (ros_esc_interfaces) StdoutLine: {'line': b'-- Up-to-date: /home/mattb/ros2_ws/install/ros_esc_interfaces/include/ros_esc_interfaces/ros_esc_interfaces\n'}
[0.629231] (ros_esc_interfaces) StdoutLine: {'line': b'-- Up-to-date: /home/mattb/ros2_ws/install/ros_esc_interfaces/include/ros_esc_interfaces/ros_esc_interfaces/msg\n'}
[0.629339] (ros_esc_interfaces) StdoutLine: {'line': b'-- Up-to-date: /home/mattb/ros2_ws/install/ros_esc_interfaces/include/ros_esc_interfaces/ros_esc_interfaces/msg/rosidl_typesupport_fastrtps_c__visibility_control.h\n'}
[0.629461] (ros_esc_interfaces) StdoutLine: {'line': b'-- Up-to-date: /home/mattb/ros2_ws/install/ros_esc_interfaces/include/ros_esc_interfaces/ros_esc_interfaces/msg/detail\n'}
[0.629565] (ros_esc_interfaces) StdoutLine: {'line': b'-- Up-to-date: /home/mattb/ros2_ws/install/ros_esc_interfaces/include/ros_esc_interfaces/ros_esc_interfaces/msg/detail/stamped_float64_multi_array__rosidl_typesupport_fastrtps_c.h\n'}
[0.629679] (ros_esc_interfaces) StdoutLine: {'line': b'-- Up-to-date: /home/mattb/ros2_ws/install/ros_esc_interfaces/include/ros_esc_interfaces/ros_esc_interfaces/msg/detail/stamped_string__rosidl_typesupport_fastrtps_c.h\n'}
[0.629842] (ros_esc_interfaces) StdoutLine: {'line': b'-- Up-to-date: /home/mattb/ros2_ws/install/ros_esc_interfaces/include/ros_esc_interfaces/ros_esc_interfaces/msg/detail/stamped_transform_multi_array__rosidl_typesupport_fastrtps_c.h\n'}
[0.629944] (ros_esc_interfaces) StdoutLine: {'line': b'-- Up-to-date: /home/mattb/ros2_ws/install/ros_esc_interfaces/include/ros_esc_interfaces/ros_esc_interfaces/msg/detail/timekeeper__rosidl_typesupport_fastrtps_c.h\n'}
[0.630047] (ros_esc_interfaces) StdoutLine: {'line': b'-- Up-to-date: /home/mattb/ros2_ws/install/ros_esc_interfaces/include/ros_esc_interfaces/ros_esc_interfaces/msg/detail/stamped_float64__rosidl_typesupport_fastrtps_c.h\n'}
[0.630152] (ros_esc_interfaces) StdoutLine: {'line': b'-- Up-to-date: /home/mattb/ros2_ws/install/ros_esc_interfaces/lib/libros_esc_interfaces__rosidl_typesupport_fastrtps_c.so\n'}
[0.630256] (ros_esc_interfaces) StdoutLine: {'line': b'-- Up-to-date: /home/mattb/ros2_ws/install/ros_esc_interfaces/include/ros_esc_interfaces/ros_esc_interfaces\n'}
[0.630357] (ros_esc_interfaces) StdoutLine: {'line': b'-- Up-to-date: /home/mattb/ros2_ws/install/ros_esc_interfaces/include/ros_esc_interfaces/ros_esc_interfaces/msg\n'}
[0.630458] (ros_esc_interfaces) StdoutLine: {'line': b'-- Up-to-date: /home/mattb/ros2_ws/install/ros_esc_interfaces/include/ros_esc_interfaces/ros_esc_interfaces/msg/stamped_float64_multi_array.hpp\n'}
[0.630560] (ros_esc_interfaces) StdoutLine: {'line': b'-- Up-to-date: /home/mattb/ros2_ws/install/ros_esc_interfaces/include/ros_esc_interfaces/ros_esc_interfaces/msg/stamped_float64.hpp\n'}
[0.630666] (ros_esc_interfaces) StdoutLine: {'line': b'-- Up-to-date: /home/mattb/ros2_ws/install/ros_esc_interfaces/include/ros_esc_interfaces/ros_esc_interfaces/msg/detail\n'}
[0.630898] (ros_esc_interfaces) StdoutLine: {'line': b'-- Up-to-date: /home/mattb/ros2_ws/install/ros_esc_interfaces/include/ros_esc_interfaces/ros_esc_interfaces/msg/detail/stamped_string__builder.hpp\n'}
[0.631018] (ros_esc_interfaces) StdoutLine: {'line': b'-- Up-to-date: /home/mattb/ros2_ws/install/ros_esc_interfaces/include/ros_esc_interfaces/ros_esc_interfaces/msg/detail/stamped_transform_multi_array__type_support.hpp\n'}
[0.631142] (ros_esc_interfaces) StdoutLine: {'line': b'-- Up-to-date: /home/mattb/ros2_ws/install/ros_esc_interfaces/include/ros_esc_interfaces/ros_esc_interfaces/msg/detail/stamped_string__struct.hpp\n'}
[0.631288] (ros_esc_interfaces) StdoutLine: {'line': b'-- Up-to-date: /home/mattb/ros2_ws/install/ros_esc_interfaces/include/ros_esc_interfaces/ros_esc_interfaces/msg/detail/timekeeper__builder.hpp\n'}
[0.631381] (ros_esc_interfaces) StdoutLine: {'line': b'-- Up-to-date: /home/mattb/ros2_ws/install/ros_esc_interfaces/include/ros_esc_interfaces/ros_esc_interfaces/msg/detail/stamped_transform_multi_array__builder.hpp\n'}
[0.631473] (ros_esc_interfaces) StdoutLine: {'line': b'-- Up-to-date: /home/mattb/ros2_ws/install/ros_esc_interfaces/include/ros_esc_interfaces/ros_esc_interfaces/msg/detail/stamped_float64_multi_array__traits.hpp\n'}
[0.631565] (ros_esc_interfaces) StdoutLine: {'line': b'-- Up-to-date: /home/mattb/ros2_ws/install/ros_esc_interfaces/include/ros_esc_interfaces/ros_esc_interfaces/msg/detail/stamped_float64__traits.hpp\n'}
[0.631661] (ros_esc_interfaces) StdoutLine: {'line': b'-- Up-to-date: /home/mattb/ros2_ws/install/ros_esc_interfaces/include/ros_esc_interfaces/ros_esc_interfaces/msg/detail/stamped_float64__builder.hpp\n'}
[0.631838] (ros_esc_interfaces) StdoutLine: {'line': b'-- Up-to-date: /home/mattb/ros2_ws/install/ros_esc_interfaces/include/ros_esc_interfaces/ros_esc_interfaces/msg/detail/stamped_string__type_support.hpp\n'}
[0.631962] (ros_esc_interfaces) StdoutLine: {'line': b'-- Up-to-date: /home/mattb/ros2_ws/install/ros_esc_interfaces/include/ros_esc_interfaces/ros_esc_interfaces/msg/detail/stamped_float64_multi_array__builder.hpp\n'}
[0.632160] (ros_esc_interfaces) StdoutLine: {'line': b'-- Up-to-date: /home/mattb/ros2_ws/install/ros_esc_interfaces/include/ros_esc_interfaces/ros_esc_interfaces/msg/detail/stamped_float64_multi_array__type_support.hpp\n'}
[0.632255] (ros_esc_interfaces) StdoutLine: {'line': b'-- Up-to-date: /home/mattb/ros2_ws/install/ros_esc_interfaces/include/ros_esc_interfaces/ros_esc_interfaces/msg/detail/stamped_float64__struct.hpp\n'}
[0.632348] (ros_esc_interfaces) StdoutLine: {'line': b'-- Up-to-date: /home/mattb/ros2_ws/install/ros_esc_interfaces/include/ros_esc_interfaces/ros_esc_interfaces/msg/detail/timekeeper__struct.hpp\n'}
[0.632440] (ros_esc_interfaces) StdoutLine: {'line': b'-- Up-to-date: /home/mattb/ros2_ws/install/ros_esc_interfaces/include/ros_esc_interfaces/ros_esc_interfaces/msg/detail/timekeeper__traits.hpp\n'}
[0.632531] (ros_esc_interfaces) StdoutLine: {'line': b'-- Up-to-date: /home/mattb/ros2_ws/install/ros_esc_interfaces/include/ros_esc_interfaces/ros_esc_interfaces/msg/detail/stamped_float64__type_support.hpp\n'}
[0.632635] (ros_esc_interfaces) StdoutLine: {'line': b'-- Up-to-date: /home/mattb/ros2_ws/install/ros_esc_interfaces/include/ros_esc_interfaces/ros_esc_interfaces/msg/detail/stamped_transform_multi_array__traits.hpp\n'}
[0.632835] (ros_esc_interfaces) StdoutLine: {'line': b'-- Up-to-date: /home/mattb/ros2_ws/install/ros_esc_interfaces/include/ros_esc_interfaces/ros_esc_interfaces/msg/detail/stamped_string__traits.hpp\n'}
[0.632925] (ros_esc_interfaces) StdoutLine: {'line': b'-- Up-to-date: /home/mattb/ros2_ws/install/ros_esc_interfaces/include/ros_esc_interfaces/ros_esc_interfaces/msg/detail/timekeeper__type_support.hpp\n'}
[0.633006] (ros_esc_interfaces) StdoutLine: {'line': b'-- Up-to-date: /home/mattb/ros2_ws/install/ros_esc_interfaces/include/ros_esc_interfaces/ros_esc_interfaces/msg/detail/stamped_float64_multi_array__struct.hpp\n'}
[0.633096] (ros_esc_interfaces) StdoutLine: {'line': b'-- Up-to-date: /home/mattb/ros2_ws/install/ros_esc_interfaces/include/ros_esc_interfaces/ros_esc_interfaces/msg/detail/stamped_transform_multi_array__struct.hpp\n'}
[0.633196] (ros_esc_interfaces) StdoutLine: {'line': b'-- Up-to-date: /home/mattb/ros2_ws/install/ros_esc_interfaces/include/ros_esc_interfaces/ros_esc_interfaces/msg/rosidl_generator_cpp__visibility_control.hpp\n'}
[0.633283] (ros_esc_interfaces) StdoutLine: {'line': b'-- Up-to-date: /home/mattb/ros2_ws/install/ros_esc_interfaces/include/ros_esc_interfaces/ros_esc_interfaces/msg/timekeeper.hpp\n'}
[0.633364] (ros_esc_interfaces) StdoutLine: {'line': b'-- Up-to-date: /home/mattb/ros2_ws/install/ros_esc_interfaces/include/ros_esc_interfaces/ros_esc_interfaces/msg/stamped_transform_multi_array.hpp\n'}
[0.633456] (ros_esc_interfaces) StdoutLine: {'line': b'-- Up-to-date: /home/mattb/ros2_ws/install/ros_esc_interfaces/include/ros_esc_interfaces/ros_esc_interfaces/msg/stamped_string.hpp\n'}
[0.633537] (ros_esc_interfaces) StdoutLine: {'line': b'-- Up-to-date: /home/mattb/ros2_ws/install/ros_esc_interfaces/include/ros_esc_interfaces/ros_esc_interfaces\n'}
[0.633619] (ros_esc_interfaces) StdoutLine: {'line': b'-- Up-to-date: /home/mattb/ros2_ws/install/ros_esc_interfaces/include/ros_esc_interfaces/ros_esc_interfaces/msg\n'}
[0.633739] (ros_esc_interfaces) StdoutLine: {'line': b'-- Up-to-date: /home/mattb/ros2_ws/install/ros_esc_interfaces/include/ros_esc_interfaces/ros_esc_interfaces/msg/detail\n'}
[0.633837] (ros_esc_interfaces) StdoutLine: {'line': b'-- Up-to-date: /home/mattb/ros2_ws/install/ros_esc_interfaces/include/ros_esc_interfaces/ros_esc_interfaces/msg/detail/dds_fastrtps\n'}
[0.633935] (ros_esc_interfaces) StdoutLine: {'line': b'-- Up-to-date: /home/mattb/ros2_ws/install/ros_esc_interfaces/include/ros_esc_interfaces/ros_esc_interfaces/msg/detail/stamped_float64__rosidl_typesupport_fastrtps_cpp.hpp\n'}
[0.634021] (ros_esc_interfaces) StdoutLine: {'line': b'-- Up-to-date: /home/mattb/ros2_ws/install/ros_esc_interfaces/include/ros_esc_interfaces/ros_esc_interfaces/msg/detail/stamped_string__rosidl_typesupport_fastrtps_cpp.hpp\n'}
[0.634122] (ros_esc_interfaces) StdoutLine: {'line': b'-- Up-to-date: /home/mattb/ros2_ws/install/ros_esc_interfaces/include/ros_esc_interfaces/ros_esc_interfaces/msg/detail/timekeeper__rosidl_typesupport_fastrtps_cpp.hpp\n'}
[0.634207] (ros_esc_interfaces) StdoutLine: {'line': b'-- Up-to-date: /home/mattb/ros2_ws/install/ros_esc_interfaces/include/ros_esc_interfaces/ros_esc_interfaces/msg/detail/stamped_float64_multi_array__rosidl_typesupport_fastrtps_cpp.hpp\n'}
[0.634294] (ros_esc_interfaces) StdoutLine: {'line': b'-- Up-to-date: /home/mattb/ros2_ws/install/ros_esc_interfaces/include/ros_esc_interfaces/ros_esc_interfaces/msg/detail/stamped_transform_multi_array__rosidl_typesupport_fastrtps_cpp.hpp\n'}
[0.634396] (ros_esc_interfaces) StdoutLine: {'line': b'-- Up-to-date: /home/mattb/ros2_ws/install/ros_esc_interfaces/include/ros_esc_interfaces/ros_esc_interfaces/msg/rosidl_typesupport_fastrtps_cpp__visibility_control.h\n'}
[0.634478] (ros_esc_interfaces) StdoutLine: {'line': b'-- Up-to-date: /home/mattb/ros2_ws/install/ros_esc_interfaces/lib/libros_esc_interfaces__rosidl_typesupport_fastrtps_cpp.so\n'}
[0.634567] (ros_esc_interfaces) StdoutLine: {'line': b'-- Up-to-date: /home/mattb/ros2_ws/install/ros_esc_interfaces/include/ros_esc_interfaces/ros_esc_interfaces\n'}
[0.634650] (ros_esc_interfaces) StdoutLine: {'line': b'-- Up-to-date: /home/mattb/ros2_ws/install/ros_esc_interfaces/include/ros_esc_interfaces/ros_esc_interfaces/msg\n'}
[0.634808] (ros_esc_interfaces) StdoutLine: {'line': b'-- Up-to-date: /home/mattb/ros2_ws/install/ros_esc_interfaces/include/ros_esc_interfaces/ros_esc_interfaces/msg/detail\n'}
[0.634889] (ros_esc_interfaces) StdoutLine: {'line': b'-- Up-to-date: /home/mattb/ros2_ws/install/ros_esc_interfaces/include/ros_esc_interfaces/ros_esc_interfaces/msg/detail/stamped_float64_multi_array__rosidl_typesupport_introspection_c.h\n'}
[0.634971] (ros_esc_interfaces) StdoutLine: {'line': b'-- Up-to-date: /home/mattb/ros2_ws/install/ros_esc_interfaces/include/ros_esc_interfaces/ros_esc_interfaces/msg/detail/stamped_float64__type_support.c\n'}
[0.635054] (ros_esc_interfaces) StdoutLine: {'line': b'-- Up-to-date: /home/mattb/ros2_ws/install/ros_esc_interfaces/include/ros_esc_interfaces/ros_esc_interfaces/msg/detail/stamped_transform_multi_array__rosidl_typesupport_introspection_c.h\n'}
[0.635135] (ros_esc_interfaces) StdoutLine: {'line': b'-- Up-to-date: /home/mattb/ros2_ws/install/ros_esc_interfaces/include/ros_esc_interfaces/ros_esc_interfaces/msg/detail/timekeeper__type_support.c\n'}
[0.635214] (ros_esc_interfaces) StdoutLine: {'line': b'-- Up-to-date: /home/mattb/ros2_ws/install/ros_esc_interfaces/include/ros_esc_interfaces/ros_esc_interfaces/msg/detail/stamped_float64__rosidl_typesupport_introspection_c.h\n'}
[0.635302] (ros_esc_interfaces) StdoutLine: {'line': b'-- Up-to-date: /home/mattb/ros2_ws/install/ros_esc_interfaces/include/ros_esc_interfaces/ros_esc_interfaces/msg/detail/stamped_string__type_support.c\n'}
[0.635383] (ros_esc_interfaces) StdoutLine: {'line': b'-- Up-to-date: /home/mattb/ros2_ws/install/ros_esc_interfaces/include/ros_esc_interfaces/ros_esc_interfaces/msg/detail/stamped_transform_multi_array__type_support.c\n'}
[0.635463] (ros_esc_interfaces) StdoutLine: {'line': b'-- Up-to-date: /home/mattb/ros2_ws/install/ros_esc_interfaces/include/ros_esc_interfaces/ros_esc_interfaces/msg/detail/timekeeper__rosidl_typesupport_introspection_c.h\n'}
[0.635546] (ros_esc_interfaces) StdoutLine: {'line': b'-- Up-to-date: /home/mattb/ros2_ws/install/ros_esc_interfaces/include/ros_esc_interfaces/ros_esc_interfaces/msg/detail/stamped_float64_multi_array__type_support.c\n'}
[0.635633] (ros_esc_interfaces) StdoutLine: {'line': b'-- Up-to-date: /home/mattb/ros2_ws/install/ros_esc_interfaces/include/ros_esc_interfaces/ros_esc_interfaces/msg/detail/stamped_string__rosidl_typesupport_introspection_c.h\n'}
[0.635726] (ros_esc_interfaces) StdoutLine: {'line': b'-- Up-to-date: /home/mattb/ros2_ws/install/ros_esc_interfaces/include/ros_esc_interfaces/ros_esc_interfaces/msg/rosidl_typesupport_introspection_c__visibility_control.h\n'}
[0.635813] (ros_esc_interfaces) StdoutLine: {'line': b'-- Up-to-date: /home/mattb/ros2_ws/install/ros_esc_interfaces/lib/libros_esc_interfaces__rosidl_typesupport_introspection_c.so\n'}
[0.635893] (ros_esc_interfaces) StdoutLine: {'line': b'-- Up-to-date: /home/mattb/ros2_ws/install/ros_esc_interfaces/lib/libros_esc_interfaces__rosidl_typesupport_c.so\n'}
[0.635974] (ros_esc_interfaces) StdoutLine: {'line': b'-- Up-to-date: /home/mattb/ros2_ws/install/ros_esc_interfaces/include/ros_esc_interfaces/ros_esc_interfaces\n'}
[0.636056] (ros_esc_interfaces) StdoutLine: {'line': b'-- Up-to-date: /home/mattb/ros2_ws/install/ros_esc_interfaces/include/ros_esc_interfaces/ros_esc_interfaces/msg\n'}
[0.636140] (ros_esc_interfaces) StdoutLine: {'line': b'-- Up-to-date: /home/mattb/ros2_ws/install/ros_esc_interfaces/include/ros_esc_interfaces/ros_esc_interfaces/msg/detail\n'}
[0.636220] (ros_esc_interfaces) StdoutLine: {'line': b'-- Up-to-date: /home/mattb/ros2_ws/install/ros_esc_interfaces/include/ros_esc_interfaces/ros_esc_interfaces/msg/detail/stamped_float64__type_support.cpp\n'}
[0.636303] (ros_esc_interfaces) StdoutLine: {'line': b'-- Up-to-date: /home/mattb/ros2_ws/install/ros_esc_interfaces/include/ros_esc_interfaces/ros_esc_interfaces/msg/detail/stamped_float64_multi_array__type_support.cpp\n'}
[0.636383] (ros_esc_interfaces) StdoutLine: {'line': b'-- Up-to-date: /home/mattb/ros2_ws/install/ros_esc_interfaces/include/ros_esc_interfaces/ros_esc_interfaces/msg/detail/stamped_transform_multi_array__type_support.cpp\n'}
[0.636465] (ros_esc_interfaces) StdoutLine: {'line': b'-- Up-to-date: /home/mattb/ros2_ws/install/ros_esc_interfaces/include/ros_esc_interfaces/ros_esc_interfaces/msg/detail/timekeeper__type_support.cpp\n'}
[0.636547] (ros_esc_interfaces) StdoutLine: {'line': b'-- Up-to-date: /home/mattb/ros2_ws/install/ros_esc_interfaces/include/ros_esc_interfaces/ros_esc_interfaces/msg/detail/stamped_transform_multi_array__rosidl_typesupport_introspection_cpp.hpp\n'}
[0.636629] (ros_esc_interfaces) StdoutLine: {'line': b'-- Up-to-date: /home/mattb/ros2_ws/install/ros_esc_interfaces/include/ros_esc_interfaces/ros_esc_interfaces/msg/detail/stamped_float64_multi_array__rosidl_typesupport_introspection_cpp.hpp\n'}
[0.636759] (ros_esc_interfaces) StdoutLine: {'line': b'-- Up-to-date: /home/mattb/ros2_ws/install/ros_esc_interfaces/include/ros_esc_interfaces/ros_esc_interfaces/msg/detail/stamped_string__rosidl_typesupport_introspection_cpp.hpp\n'}
[0.636848] (ros_esc_interfaces) StdoutLine: {'line': b'-- Up-to-date: /home/mattb/ros2_ws/install/ros_esc_interfaces/include/ros_esc_interfaces/ros_esc_interfaces/msg/detail/timekeeper__rosidl_typesupport_introspection_cpp.hpp\n'}
[0.636932] (ros_esc_interfaces) StdoutLine: {'line': b'-- Up-to-date: /home/mattb/ros2_ws/install/ros_esc_interfaces/include/ros_esc_interfaces/ros_esc_interfaces/msg/detail/stamped_string__type_support.cpp\n'}
[0.637015] (ros_esc_interfaces) StdoutLine: {'line': b'-- Up-to-date: /home/mattb/ros2_ws/install/ros_esc_interfaces/include/ros_esc_interfaces/ros_esc_interfaces/msg/detail/stamped_float64__rosidl_typesupport_introspection_cpp.hpp\n'}
[0.637096] (ros_esc_interfaces) StdoutLine: {'line': b'-- Up-to-date: /home/mattb/ros2_ws/install/ros_esc_interfaces/lib/libros_esc_interfaces__rosidl_typesupport_introspection_cpp.so\n'}
[0.637176] (ros_esc_interfaces) StdoutLine: {'line': b'-- Up-to-date: /home/mattb/ros2_ws/install/ros_esc_interfaces/lib/libros_esc_interfaces__rosidl_typesupport_cpp.so\n'}
[0.637257] (ros_esc_interfaces) StdoutLine: {'line': b'-- Up-to-date: /home/mattb/ros2_ws/install/ros_esc_interfaces/share/ros_esc_interfaces/environment/pythonpath.sh\n'}
[0.637338] (ros_esc_interfaces) StdoutLine: {'line': b'-- Up-to-date: /home/mattb/ros2_ws/install/ros_esc_interfaces/share/ros_esc_interfaces/environment/pythonpath.dsv\n'}
[0.637419] (ros_esc_interfaces) StdoutLine: {'line': b'-- Up-to-date: /home/mattb/ros2_ws/install/ros_esc_interfaces/local/lib/python3.10/dist-packages/ros_esc_interfaces-0.0.0-py3.10.egg-info\n'}
[0.637504] (ros_esc_interfaces) StdoutLine: {'line': b'-- Installing: /home/mattb/ros2_ws/install/ros_esc_interfaces/local/lib/python3.10/dist-packages/ros_esc_interfaces-0.0.0-py3.10.egg-info/SOURCES.txt\n'}
[0.637586] (ros_esc_interfaces) StdoutLine: {'line': b'-- Installing: /home/mattb/ros2_ws/install/ros_esc_interfaces/local/lib/python3.10/dist-packages/ros_esc_interfaces-0.0.0-py3.10.egg-info/top_level.txt\n'}
[0.637672] (ros_esc_interfaces) StdoutLine: {'line': b'-- Installing: /home/mattb/ros2_ws/install/ros_esc_interfaces/local/lib/python3.10/dist-packages/ros_esc_interfaces-0.0.0-py3.10.egg-info/dependency_links.txt\n'}
[0.637808] (ros_esc_interfaces) StdoutLine: {'line': b'-- Installing: /home/mattb/ros2_ws/install/ros_esc_interfaces/local/lib/python3.10/dist-packages/ros_esc_interfaces-0.0.0-py3.10.egg-info/PKG-INFO\n'}
[0.637889] (ros_esc_interfaces) StdoutLine: {'line': b'-- Up-to-date: /home/mattb/ros2_ws/install/ros_esc_interfaces/local/lib/python3.10/dist-packages/ros_esc_interfaces\n'}
[0.637969] (ros_esc_interfaces) StdoutLine: {'line': b'-- Up-to-date: /home/mattb/ros2_ws/install/ros_esc_interfaces/local/lib/python3.10/dist-packages/ros_esc_interfaces/libros_esc_interfaces__rosidl_generator_py.so\n'}
[0.638059] (ros_esc_interfaces) StdoutLine: {'line': b'-- Up-to-date: /home/mattb/ros2_ws/install/ros_esc_interfaces/local/lib/python3.10/dist-packages/ros_esc_interfaces/_ros_esc_interfaces_s.ep.rosidl_typesupport_introspection_c.c\n'}
[0.638139] (ros_esc_interfaces) StdoutLine: {'line': b'-- Up-to-date: /home/mattb/ros2_ws/install/ros_esc_interfaces/local/lib/python3.10/dist-packages/ros_esc_interfaces/ros_esc_interfaces_s__rosidl_typesupport_fastrtps_c.cpython-310-x86_64-linux-gnu.so\n'}
[0.638221] (ros_esc_interfaces) StdoutLine: {'line': b'-- Up-to-date: /home/mattb/ros2_ws/install/ros_esc_interfaces/local/lib/python3.10/dist-packages/ros_esc_interfaces/__init__.py\n'}
[0.638302] (ros_esc_interfaces) StdoutLine: {'line': b'-- Up-to-date: /home/mattb/ros2_ws/install/ros_esc_interfaces/local/lib/python3.10/dist-packages/ros_esc_interfaces/_ros_esc_interfaces_s.ep.rosidl_typesupport_c.c\n'}
[0.638382] (ros_esc_interfaces) StdoutLine: {'line': b'-- Up-to-date: /home/mattb/ros2_ws/install/ros_esc_interfaces/local/lib/python3.10/dist-packages/ros_esc_interfaces/ros_esc_interfaces_s__rosidl_typesupport_introspection_c.cpython-310-x86_64-linux-gnu.so\n'}
[0.638463] (ros_esc_interfaces) StdoutLine: {'line': b'-- Up-to-date: /home/mattb/ros2_ws/install/ros_esc_interfaces/local/lib/python3.10/dist-packages/ros_esc_interfaces/_ros_esc_interfaces_s.ep.rosidl_typesupport_fastrtps_c.c\n'}
[0.638549] (ros_esc_interfaces) StdoutLine: {'line': b'-- Up-to-date: /home/mattb/ros2_ws/install/ros_esc_interfaces/local/lib/python3.10/dist-packages/ros_esc_interfaces/ros_esc_interfaces_s__rosidl_typesupport_c.cpython-310-x86_64-linux-gnu.so\n'}
[0.638630] (ros_esc_interfaces) StdoutLine: {'line': b'-- Up-to-date: /home/mattb/ros2_ws/install/ros_esc_interfaces/local/lib/python3.10/dist-packages/ros_esc_interfaces/msg\n'}
[0.638773] (ros_esc_interfaces) StdoutLine: {'line': b'-- Up-to-date: /home/mattb/ros2_ws/install/ros_esc_interfaces/local/lib/python3.10/dist-packages/ros_esc_interfaces/msg/_stamped_float64_s.c\n'}
[0.638857] (ros_esc_interfaces) StdoutLine: {'line': b'-- Up-to-date: /home/mattb/ros2_ws/install/ros_esc_interfaces/local/lib/python3.10/dist-packages/ros_esc_interfaces/msg/_stamped_transform_multi_array.py\n'}
[0.638939] (ros_esc_interfaces) StdoutLine: {'line': b'-- Up-to-date: /home/mattb/ros2_ws/install/ros_esc_interfaces/local/lib/python3.10/dist-packages/ros_esc_interfaces/msg/_stamped_float64_multi_array.py\n'}
[0.639025] (ros_esc_interfaces) StdoutLine: {'line': b'-- Up-to-date: /home/mattb/ros2_ws/install/ros_esc_interfaces/local/lib/python3.10/dist-packages/ros_esc_interfaces/msg/_stamped_float64.py\n'}
[0.639106] (ros_esc_interfaces) StdoutLine: {'line': b'-- Up-to-date: /home/mattb/ros2_ws/install/ros_esc_interfaces/local/lib/python3.10/dist-packages/ros_esc_interfaces/msg/__init__.py\n'}
[0.639186] (ros_esc_interfaces) StdoutLine: {'line': b'-- Up-to-date: /home/mattb/ros2_ws/install/ros_esc_interfaces/local/lib/python3.10/dist-packages/ros_esc_interfaces/msg/_timekeeper.py\n'}
[0.639267] (ros_esc_interfaces) StdoutLine: {'line': b'-- Up-to-date: /home/mattb/ros2_ws/install/ros_esc_interfaces/local/lib/python3.10/dist-packages/ros_esc_interfaces/msg/_stamped_transform_multi_array_s.c\n'}
[0.639347] (ros_esc_interfaces) StdoutLine: {'line': b'-- Up-to-date: /home/mattb/ros2_ws/install/ros_esc_interfaces/local/lib/python3.10/dist-packages/ros_esc_interfaces/msg/_stamped_float64_multi_array_s.c\n'}
[0.639427] (ros_esc_interfaces) StdoutLine: {'line': b'-- Up-to-date: /home/mattb/ros2_ws/install/ros_esc_interfaces/local/lib/python3.10/dist-packages/ros_esc_interfaces/msg/_stamped_string.py\n'}
[0.639508] (ros_esc_interfaces) StdoutLine: {'line': b'-- Up-to-date: /home/mattb/ros2_ws/install/ros_esc_interfaces/local/lib/python3.10/dist-packages/ros_esc_interfaces/msg/_stamped_string_s.c\n'}
[0.639588] (ros_esc_interfaces) StdoutLine: {'line': b'-- Up-to-date: /home/mattb/ros2_ws/install/ros_esc_interfaces/local/lib/python3.10/dist-packages/ros_esc_interfaces/msg/_timekeeper_s.c\n'}
[0.655068] (ros_esc) Command: {'cmd': ['/usr/bin/python3', '-W', 'ignore:setup.py install is deprecated', '-W', 'ignore:easy_install command is deprecated', 'setup.py', 'egg_info', '--egg-base', '../../build/ros_esc', 'build', '--build-base', '/home/mattb/ros2_ws/build/ros_esc/build', 'install', '--record', '/home/mattb/ros2_ws/build/ros_esc/install.log', '--single-version-externally-managed', 'install_data'], 'cwd': '/home/mattb/ros2_ws/src/ros_esc', 'env': {'LESSOPEN': '| /usr/bin/lesspipe %s', 'USER': 'mattb', 'XDG_SESSION_TYPE': 'wayland', 'GIT_ASKPASS': '/usr/share/code/resources/app/extensions/git/dist/askpass.sh', 'SHLVL': '2', 'LD_LIBRARY_PATH': '/home/mattb/ros2_ws/install/ros_esc_interfaces/lib:/usr/lib/x86_64-linux-gnu/gazebo-11/plugins:/opt/ros/humble/opt/rviz_ogre_vendor/lib:/opt/ros/humble/lib/x86_64-linux-gnu:/opt/ros/humble/lib', 'HOME': '/home/mattb', 'CHROME_DESKTOP': 'code.desktop', 'OLDPWD': '/home/mattb/ros2_ws/src/ros_esc_interfaces', 'TERM_PROGRAM_VERSION': '1.105.1', 'DESKTOP_SESSION': 'ubuntu', 'ROS_PYTHON_VERSION': '3', 'GNOME_SHELL_SESSION_MODE': 'ubuntu', 'GTK_MODULES': 'gail:atk-bridge', 'VSCODE_GIT_ASKPASS_MAIN': '/usr/share/code/resources/app/extensions/git/dist/askpass-main.js', 'VSCODE_GIT_ASKPASS_NODE': '/usr/share/code/code', 'SYSTEMD_EXEC_PID': '1500', 'VSCODE_PYTHON_AUTOACTIVATE_GUARD': '1', 'DBUS_SESSION_BUS_ADDRESS': 'unix:path=/run/user/1000/bus', 'COLORTERM': 'truecolor', 'IM_CONFIG_PHASE': '1', 'WAYLAND_DISPLAY': 'wayland-0', 'COLCON_PREFIX_PATH': '/home/mattb/ros2_ws/install', 'ROS_DISTRO': 'humble', 'LOGNAME': 'mattb', '_': '/usr/bin/colcon', 'ROS_VERSION': '2', 'XDG_SESSION_CLASS': 'user', 'USERNAME': 'mattb', 'TERM': 'xterm-256color', 'GNOME_DESKTOP_SESSION_ID': 'this-is-deprecated', 'ROS_LOCALHOST_ONLY': '0', 'PATH': '/opt/ros/humble/bin:/home/mattb/.local/bin:/usr/local/sbin:/usr/local/bin:/usr/sbin:/usr/bin:/sbin:/bin:/usr/games:/usr/local/games:/snap/bin:/snap/bin:/home/mattb/.config/Code/User/globalStorage/github.copilot-chat/debugCommand', 'SESSION_MANAGER': 'local/ubuntu-ssd:@/tmp/.ICE-unix/1263,unix/ubuntu-ssd:/tmp/.ICE-unix/1263', 'XDG_MENU_PREFIX': 'gnome-', 'GNOME_TERMINAL_SCREEN': '/org/gnome/Terminal/screen/70be42ff_c0b0_4e81_b165_31b5cabb27e8', 'GNOME_SETUP_DISPLAY': ':1', 'XDG_RUNTIME_DIR': '/run/user/1000', 'GDK_BACKEND': 'x11', 'DISPLAY': ':0', 'LANG': 'en_US.UTF-8', 'XDG_CURRENT_DESKTOP': 'Unity', 'XMODIFIERS': '@im=ibus', 'XDG_SESSION_DESKTOP': 'ubuntu', 'XAUTHORITY': '/run/user/1000/.mutter-Xwaylandauth.MOVYF3', 'LS_COLORS': 'rs=0:di=01;34:ln=01;36:mh=00:pi=40;33:so=01;35:do=01;35:bd=40;33;01:cd=40;33;01:or=40;31;01:mi=00:su=37;41:sg=30;43:ca=30;41:tw=30;42:ow=34;42:st=37;44:ex=01;32:*.tar=01;31:*.tgz=01;31:*.arc=01;31:*.arj=01;31:*.taz=01;31:*.lha=01;31:*.lz4=01;31:*.lzh=01;31:*.lzma=01;31:*.tlz=01;31:*.txz=01;31:*.tzo=01;31:*.t7z=01;31:*.zip=01;31:*.z=01;31:*.dz=01;31:*.gz=01;31:*.lrz=01;31:*.lz=01;31:*.lzo=01;31:*.xz=01;31:*.zst=01;31:*.tzst=01;31:*.bz2=01;31:*.bz=01;31:*.tbz=01;31:*.tbz2=01;31:*.tz=01;31:*.deb=01;31:*.rpm=01;31:*.jar=01;31:*.war=01;31:*.ear=01;31:*.sar=01;31:*.rar=01;31:*.alz=01;31:*.ace=01;31:*.zoo=01;31:*.cpio=01;31:*.7z=01;31:*.rz=01;31:*.cab=01;31:*.wim=01;31:*.swm=01;31:*.dwm=01;31:*.esd=01;31:*.jpg=01;35:*.jpeg=01;35:*.mjpg=01;35:*.mjpeg=01;35:*.gif=01;35:*.bmp=01;35:*.pbm=01;35:*.pgm=01;35:*.ppm=01;35:*.tga=01;35:*.xbm=01;35:*.xpm=01;35:*.tif=01;35:*.tiff=01;35:*.png=01;35:*.svg=01;35:*.svgz=01;35:*.mng=01;35:*.pcx=01;35:*.mov=01;35:*.mpg=01;35:*.mpeg=01;35:*.m2v=01;35:*.mkv=01;35:*.webm=01;35:*.webp=01;35:*.ogm=01;35:*.mp4=01;35:*.m4v=01;35:*.mp4v=01;35:*.vob=01;35:*.qt=01;35:*.nuv=01;35:*.wmv=01;35:*.asf=01;35:*.rm=01;35:*.rmvb=01;35:*.flc=01;35:*.avi=01;35:*.fli=01;35:*.flv=01;35:*.gl=01;35:*.dl=01;35:*.xcf=01;35:*.xwd=01;35:*.yuv=01;35:*.cgm=01;35:*.emf=01;35:*.ogv=01;35:*.ogx=01;35:*.aac=00;36:*.au=00;36:*.flac=00;36:*.m4a=00;36:*.mid=00;36:*.midi=00;36:*.mka=00;36:*.mp3=00;36:*.mpc=00;36:*.ogg=00;36:*.ra=00;36:*.wav=00;36:*.oga=00;36:*.opus=00;36:*.spx=00;36:*.xspf=00;36:', 'VSCODE_GIT_IPC_HANDLE': '/run/user/1000/vscode-git-cbb1b73edd.sock', 'GNOME_TERMINAL_SERVICE': ':1.108', 'TERM_PROGRAM': 'vscode', 'SSH_AGENT_LAUNCHER': 'gnome-keyring', 'SSH_AUTH_SOCK': '/run/user/1000/keyring/ssh', 'AMENT_PREFIX_PATH': '/home/mattb/ros2_ws/install/ros_esc_interfaces:/opt/ros/humble', 'ORIGINAL_XDG_CURRENT_DESKTOP': 'ubuntu:GNOME', 'SHELL': '/bin/bash', 'QT_ACCESSIBILITY': '1', 'GDMSESSION': 'ubuntu', 'LESSCLOSE': '/usr/bin/lesspipe %s %s', 'VSCODE_GIT_ASKPASS_EXTRA_ARGS': '', 'QT_IM_MODULE': 'ibus', 'PWD': '/home/mattb/ros2_ws/build/ros_esc', 'XDG_CONFIG_DIRS': '/etc/xdg/xdg-ubuntu:/etc/xdg', 'XDG_DATA_DIRS': '/usr/share/ubuntu:/usr/local/share/:/usr/share/:/var/lib/snapd/desktop', 'PYTHONPATH': '/home/mattb/ros2_ws/build/ros_esc/prefix_override:/usr/lib/python3/dist-packages/colcon_core/task/python/colcon_distutils_commands:/home/mattb/ros2_ws/install/ros_esc/lib/python3.10/site-packages:/home/mattb/ros2_ws/install/ros_esc_interfaces/local/lib/python3.10/dist-packages:/opt/ros/humble/lib/python3.10/site-packages:/opt/ros/humble/local/lib/python3.10/dist-packages', 'COLCON': '1', 'VTE_VERSION': '6800', 'CMAKE_PREFIX_PATH': '/home/mattb/ros2_ws/install/ros_esc_interfaces'}, 'shell': False}
[0.661434] (ros_esc_interfaces) StdoutLine: {'line': b"Listing '/home/mattb/ros2_ws/install/ros_esc_interfaces/local/lib/python3.10/dist-packages/ros_esc_interfaces'...\n"}
[0.661557] (ros_esc_interfaces) StdoutLine: {'line': b"Listing '/home/mattb/ros2_ws/install/ros_esc_interfaces/local/lib/python3.10/dist-packages/ros_esc_interfaces/msg'...\n"}
[0.665245] (ros_esc_interfaces) StdoutLine: {'line': b'-- Up-to-date: /home/mattb/ros2_ws/install/ros_esc_interfaces/local/lib/python3.10/dist-packages/ros_esc_interfaces/ros_esc_interfaces_s__rosidl_typesupport_fastrtps_c.cpython-310-x86_64-linux-gnu.so\n'}
[0.665585] (ros_esc_interfaces) StdoutLine: {'line': b'-- Up-to-date: /home/mattb/ros2_ws/install/ros_esc_interfaces/local/lib/python3.10/dist-packages/ros_esc_interfaces/ros_esc_interfaces_s__rosidl_typesupport_introspection_c.cpython-310-x86_64-linux-gnu.so\n'}
[0.665935] (ros_esc_interfaces) StdoutLine: {'line': b'-- Up-to-date: /home/mattb/ros2_ws/install/ros_esc_interfaces/local/lib/python3.10/dist-packages/ros_esc_interfaces/ros_esc_interfaces_s__rosidl_typesupport_c.cpython-310-x86_64-linux-gnu.so\n'}
[0.666282] (ros_esc_interfaces) StdoutLine: {'line': b'-- Up-to-date: /home/mattb/ros2_ws/install/ros_esc_interfaces/lib/libros_esc_interfaces__rosidl_generator_py.so\n'}
[0.666496] (ros_esc_interfaces) StdoutLine: {'line': b'-- Up-to-date: /home/mattb/ros2_ws/install/ros_esc_interfaces/share/ros_esc_interfaces/msg/Timekeeper.idl\n'}
[0.666606] (ros_esc_interfaces) StdoutLine: {'line': b'-- Up-to-date: /home/mattb/ros2_ws/install/ros_esc_interfaces/share/ros_esc_interfaces/msg/StampedFloat64.idl\n'}
[0.666785] (ros_esc_interfaces) StdoutLine: {'line': b'-- Up-to-date: /home/mattb/ros2_ws/install/ros_esc_interfaces/share/ros_esc_interfaces/msg/StampedFloat64MultiArray.idl\n'}
[0.666988] (ros_esc_interfaces) StdoutLine: {'line': b'-- Up-to-date: /home/mattb/ros2_ws/install/ros_esc_interfaces/share/ros_esc_interfaces/msg/StampedString.idl\n'}
[0.667057] (ros_esc_interfaces) StdoutLine: {'line': b'-- Up-to-date: /home/mattb/ros2_ws/install/ros_esc_interfaces/share/ros_esc_interfaces/msg/StampedTransformMultiArray.idl\n'}
[0.667174] (ros_esc_interfaces) StdoutLine: {'line': b'-- Up-to-date: /home/mattb/ros2_ws/install/ros_esc_interfaces/share/ros_esc_interfaces/msg/Timekeeper.msg\n'}
[0.667231] (ros_esc_interfaces) StdoutLine: {'line': b'-- Up-to-date: /home/mattb/ros2_ws/install/ros_esc_interfaces/share/ros_esc_interfaces/msg/StampedFloat64.msg\n'}
[0.667285] (ros_esc_interfaces) StdoutLine: {'line': b'-- Up-to-date: /home/mattb/ros2_ws/install/ros_esc_interfaces/share/ros_esc_interfaces/msg/StampedFloat64MultiArray.msg\n'}
[0.667338] (ros_esc_interfaces) StdoutLine: {'line': b'-- Up-to-date: /home/mattb/ros2_ws/install/ros_esc_interfaces/share/ros_esc_interfaces/msg/StampedString.msg\n'}
[0.667390] (ros_esc_interfaces) StdoutLine: {'line': b'-- Up-to-date: /home/mattb/ros2_ws/install/ros_esc_interfaces/share/ros_esc_interfaces/msg/StampedTransformMultiArray.msg\n'}
[0.667444] (ros_esc_interfaces) StdoutLine: {'line': b'-- Up-to-date: /home/mattb/ros2_ws/install/ros_esc_interfaces/share/ament_index/resource_index/package_run_dependencies/ros_esc_interfaces\n'}
[0.667496] (ros_esc_interfaces) StdoutLine: {'line': b'-- Up-to-date: /home/mattb/ros2_ws/install/ros_esc_interfaces/share/ament_index/resource_index/parent_prefix_path/ros_esc_interfaces\n'}
[0.667549] (ros_esc_interfaces) StdoutLine: {'line': b'-- Up-to-date: /home/mattb/ros2_ws/install/ros_esc_interfaces/share/ros_esc_interfaces/environment/ament_prefix_path.sh\n'}
[0.667601] (ros_esc_interfaces) StdoutLine: {'line': b'-- Up-to-date: /home/mattb/ros2_ws/install/ros_esc_interfaces/share/ros_esc_interfaces/environment/ament_prefix_path.dsv\n'}
[0.667674] (ros_esc_interfaces) StdoutLine: {'line': b'-- Up-to-date: /home/mattb/ros2_ws/install/ros_esc_interfaces/share/ros_esc_interfaces/environment/path.sh\n'}
[0.667832] (ros_esc_interfaces) StdoutLine: {'line': b'-- Up-to-date: /home/mattb/ros2_ws/install/ros_esc_interfaces/share/ros_esc_interfaces/environment/path.dsv\n'}
[0.667885] (ros_esc_interfaces) StdoutLine: {'line': b'-- Up-to-date: /home/mattb/ros2_ws/install/ros_esc_interfaces/share/ros_esc_interfaces/local_setup.bash\n'}
[0.667937] (ros_esc_interfaces) StdoutLine: {'line': b'-- Up-to-date: /home/mattb/ros2_ws/install/ros_esc_interfaces/share/ros_esc_interfaces/local_setup.sh\n'}
[0.668023] (ros_esc_interfaces) StdoutLine: {'line': b'-- Up-to-date: /home/mattb/ros2_ws/install/ros_esc_interfaces/share/ros_esc_interfaces/local_setup.zsh\n'}
[0.668075] (ros_esc_interfaces) StdoutLine: {'line': b'-- Up-to-date: /home/mattb/ros2_ws/install/ros_esc_interfaces/share/ros_esc_interfaces/local_setup.dsv\n'}
[0.668150] (ros_esc_interfaces) StdoutLine: {'line': b'-- Installing: /home/mattb/ros2_ws/install/ros_esc_interfaces/share/ros_esc_interfaces/package.dsv\n'}
[0.668266] (ros_esc_interfaces) StdoutLine: {'line': b'-- Up-to-date: /home/mattb/ros2_ws/install/ros_esc_interfaces/share/ament_index/resource_index/packages/ros_esc_interfaces\n'}
[0.668326] (ros_esc_interfaces) StdoutLine: {'line': b'-- Up-to-date: /home/mattb/ros2_ws/install/ros_esc_interfaces/share/ros_esc_interfaces/cmake/export_ros_esc_interfaces__rosidl_generator_cExport.cmake\n'}
[0.668389] (ros_esc_interfaces) StdoutLine: {'line': b'-- Up-to-date: /home/mattb/ros2_ws/install/ros_esc_interfaces/share/ros_esc_interfaces/cmake/export_ros_esc_interfaces__rosidl_generator_cExport-noconfig.cmake\n'}
[0.668452] (ros_esc_interfaces) StdoutLine: {'line': b'-- Up-to-date: /home/mattb/ros2_ws/install/ros_esc_interfaces/share/ros_esc_interfaces/cmake/export_ros_esc_interfaces__rosidl_typesupport_fastrtps_cExport.cmake\n'}
[0.668514] (ros_esc_interfaces) StdoutLine: {'line': b'-- Up-to-date: /home/mattb/ros2_ws/install/ros_esc_interfaces/share/ros_esc_interfaces/cmake/export_ros_esc_interfaces__rosidl_typesupport_fastrtps_cExport-noconfig.cmake\n'}
[0.668577] (ros_esc_interfaces) StdoutLine: {'line': b'-- Up-to-date: /home/mattb/ros2_ws/install/ros_esc_interfaces/share/ros_esc_interfaces/cmake/export_ros_esc_interfaces__rosidl_generator_cppExport.cmake\n'}
[0.668639] (ros_esc_interfaces) StdoutLine: {'line': b'-- Up-to-date: /home/mattb/ros2_ws/install/ros_esc_interfaces/share/ros_esc_interfaces/cmake/export_ros_esc_interfaces__rosidl_typesupport_fastrtps_cppExport.cmake\n'}
[0.668773] (ros_esc_interfaces) StdoutLine: {'line': b'-- Up-to-date: /home/mattb/ros2_ws/install/ros_esc_interfaces/share/ros_esc_interfaces/cmake/export_ros_esc_interfaces__rosidl_typesupport_fastrtps_cppExport-noconfig.cmake\n'}
[0.668841] (ros_esc_interfaces) StdoutLine: {'line': b'-- Up-to-date: /home/mattb/ros2_ws/install/ros_esc_interfaces/share/ros_esc_interfaces/cmake/ros_esc_interfaces__rosidl_typesupport_introspection_cExport.cmake\n'}
[0.668904] (ros_esc_interfaces) StdoutLine: {'line': b'-- Up-to-date: /home/mattb/ros2_ws/install/ros_esc_interfaces/share/ros_esc_interfaces/cmake/ros_esc_interfaces__rosidl_typesupport_introspection_cExport-noconfig.cmake\n'}
[0.668967] (ros_esc_interfaces) StdoutLine: {'line': b'-- Up-to-date: /home/mattb/ros2_ws/install/ros_esc_interfaces/share/ros_esc_interfaces/cmake/ros_esc_interfaces__rosidl_typesupport_cExport.cmake\n'}
[0.669029] (ros_esc_interfaces) StdoutLine: {'line': b'-- Up-to-date: /home/mattb/ros2_ws/install/ros_esc_interfaces/share/ros_esc_interfaces/cmake/ros_esc_interfaces__rosidl_typesupport_cExport-noconfig.cmake\n'}
[0.669128] (ros_esc_interfaces) StdoutLine: {'line': b'-- Up-to-date: /home/mattb/ros2_ws/install/ros_esc_interfaces/share/ros_esc_interfaces/cmake/ros_esc_interfaces__rosidl_typesupport_introspection_cppExport.cmake\n'}
[0.669216] (ros_esc_interfaces) StdoutLine: {'line': b'-- Up-to-date: /home/mattb/ros2_ws/install/ros_esc_interfaces/share/ros_esc_interfaces/cmake/ros_esc_interfaces__rosidl_typesupport_introspection_cppExport-noconfig.cmake\n'}
[0.669268] (ros_esc_interfaces) StdoutLine: {'line': b'-- Up-to-date: /home/mattb/ros2_ws/install/ros_esc_interfaces/share/ros_esc_interfaces/cmake/ros_esc_interfaces__rosidl_typesupport_cppExport.cmake\n'}
[0.669318] (ros_esc_interfaces) StdoutLine: {'line': b'-- Up-to-date: /home/mattb/ros2_ws/install/ros_esc_interfaces/share/ros_esc_interfaces/cmake/ros_esc_interfaces__rosidl_typesupport_cppExport-noconfig.cmake\n'}
[0.669371] (ros_esc_interfaces) StdoutLine: {'line': b'-- Up-to-date: /home/mattb/ros2_ws/install/ros_esc_interfaces/share/ros_esc_interfaces/cmake/export_ros_esc_interfaces__rosidl_generator_pyExport.cmake\n'}
[0.669426] (ros_esc_interfaces) StdoutLine: {'line': b'-- Up-to-date: /home/mattb/ros2_ws/install/ros_esc_interfaces/share/ros_esc_interfaces/cmake/export_ros_esc_interfaces__rosidl_generator_pyExport-noconfig.cmake\n'}
[0.669477] (ros_esc_interfaces) StdoutLine: {'line': b'-- Up-to-date: /home/mattb/ros2_ws/install/ros_esc_interfaces/share/ros_esc_interfaces/cmake/rosidl_cmake-extras.cmake\n'}
[0.669528] (ros_esc_interfaces) StdoutLine: {'line': b'-- Up-to-date: /home/mattb/ros2_ws/install/ros_esc_interfaces/share/ros_esc_interfaces/cmake/ament_cmake_export_dependencies-extras.cmake\n'}
[0.669580] (ros_esc_interfaces) StdoutLine: {'line': b'-- Up-to-date: /home/mattb/ros2_ws/install/ros_esc_interfaces/share/ros_esc_interfaces/cmake/ament_cmake_export_include_directories-extras.cmake\n'}
[0.669634] (ros_esc_interfaces) StdoutLine: {'line': b'-- Up-to-date: /home/mattb/ros2_ws/install/ros_esc_interfaces/share/ros_esc_interfaces/cmake/ament_cmake_export_libraries-extras.cmake\n'}
[0.669698] (ros_esc_interfaces) StdoutLine: {'line': b'-- Up-to-date: /home/mattb/ros2_ws/install/ros_esc_interfaces/share/ros_esc_interfaces/cmake/ament_cmake_export_targets-extras.cmake\n'}
[0.669751] (ros_esc_interfaces) StdoutLine: {'line': b'-- Up-to-date: /home/mattb/ros2_ws/install/ros_esc_interfaces/share/ros_esc_interfaces/cmake/rosidl_cmake_export_typesupport_targets-extras.cmake\n'}
[0.669803] (ros_esc_interfaces) StdoutLine: {'line': b'-- Up-to-date: /home/mattb/ros2_ws/install/ros_esc_interfaces/share/ros_esc_interfaces/cmake/rosidl_cmake_export_typesupport_libraries-extras.cmake\n'}
[0.669855] (ros_esc_interfaces) StdoutLine: {'line': b'-- Up-to-date: /home/mattb/ros2_ws/install/ros_esc_interfaces/share/ros_esc_interfaces/cmake/ros_esc_interfacesConfig.cmake\n'}
[0.669905] (ros_esc_interfaces) StdoutLine: {'line': b'-- Up-to-date: /home/mattb/ros2_ws/install/ros_esc_interfaces/share/ros_esc_interfaces/cmake/ros_esc_interfacesConfig-version.cmake\n'}
[0.669957] (ros_esc_interfaces) StdoutLine: {'line': b'-- Up-to-date: /home/mattb/ros2_ws/install/ros_esc_interfaces/share/ros_esc_interfaces/package.xml\n'}
[0.670953] (ros_esc_interfaces) CommandEnded: {'returncode': 0}
[0.691414] (turtlebot3_rotating_sensor) StdoutLine: {'line': b'-- Found Python3: /usr/bin/python3 (found version "3.10.12") found components: Interpreter \n'}
[0.696825] (ros_esc_interfaces) JobEnded: {'identifier': 'ros_esc_interfaces', 'rc': 0}
[0.700133] (-) TimerEvent: {}
[0.767396] (turtlebot3_rotating_sensor) StdoutLine: {'line': b'-- Found urdf: 2.6.1 (/opt/ros/humble/share/urdf/cmake)\n'}
[0.800252] (-) TimerEvent: {}
[0.809343] (turtlebot3_rotating_sensor) StdoutLine: {'line': b'-- Found rclpy: 3.3.17 (/opt/ros/humble/share/rclpy/cmake)\n'}
[0.811019] (turtlebot3_rotating_sensor) StdoutLine: {'line': b'-- Found gazebo_ros: 3.9.0 (/opt/ros/humble/share/gazebo_ros/cmake)\n'}
[0.839834] (turtlebot3_rotating_sensor) StdoutLine: {'line': b'-- Found rosidl_generator_c: 3.1.7 (/opt/ros/humble/share/rosidl_generator_c/cmake)\n'}
[0.843723] (turtlebot3_rotating_sensor) StdoutLine: {'line': b'-- Found rosidl_adapter: 3.1.7 (/opt/ros/humble/share/rosidl_adapter/cmake)\n'}
[0.851492] (turtlebot3_rotating_sensor) StdoutLine: {'line': b'-- Found rosidl_generator_cpp: 3.1.7 (/opt/ros/humble/share/rosidl_generator_cpp/cmake)\n'}
[0.861998] (turtlebot3_rotating_sensor) StdoutLine: {'line': b'-- Using all available rosidl_typesupport_c: rosidl_typesupport_fastrtps_c;rosidl_typesupport_introspection_c\n'}
[0.873387] (turtlebot3_rotating_sensor) StdoutLine: {'line': b'-- Using all available rosidl_typesupport_cpp: rosidl_typesupport_fastrtps_cpp;rosidl_typesupport_introspection_cpp\n'}
[0.882590] (ros_esc) StdoutLine: {'line': b'running egg_info\n'}
[0.883752] (ros_esc) StdoutLine: {'line': b'creating ../../build/ros_esc/ros_esc.egg-info\n'}
[0.884000] (ros_esc) StdoutLine: {'line': b'writing ../../build/ros_esc/ros_esc.egg-info/PKG-INFO\n'}
[0.884231] (ros_esc) StdoutLine: {'line': b'writing dependency_links to ../../build/ros_esc/ros_esc.egg-info/dependency_links.txt\n'}
[0.884459] (ros_esc) StdoutLine: {'line': b'writing entry points to ../../build/ros_esc/ros_esc.egg-info/entry_points.txt\n'}
[0.884541] (ros_esc) StdoutLine: {'line': b'writing requirements to ../../build/ros_esc/ros_esc.egg-info/requires.txt\n'}
[0.884611] (ros_esc) StdoutLine: {'line': b'writing top-level names to ../../build/ros_esc/ros_esc.egg-info/top_level.txt\n'}
[0.884748] (ros_esc) StdoutLine: {'line': b"writing manifest file '../../build/ros_esc/ros_esc.egg-info/SOURCES.txt'\n"}
[0.886954] (ros_esc) StdoutLine: {'line': b"reading manifest file '../../build/ros_esc/ros_esc.egg-info/SOURCES.txt'\n"}
[0.887714] (ros_esc) StdoutLine: {'line': b"writing manifest file '../../build/ros_esc/ros_esc.egg-info/SOURCES.txt'\n"}
[0.887906] (ros_esc) StdoutLine: {'line': b'running build\n'}
[0.887985] (ros_esc) StdoutLine: {'line': b'running build_py\n'}
[0.888141] (ros_esc) StdoutLine: {'line': b'creating /home/mattb/ros2_ws/build/ros_esc/build\n'}
[0.888206] (ros_esc) StdoutLine: {'line': b'creating /home/mattb/ros2_ws/build/ros_esc/build/lib\n'}
[0.888263] (ros_esc) StdoutLine: {'line': b'creating /home/mattb/ros2_ws/build/ros_esc/build/lib/ros_esc\n'}
[0.888407] (ros_esc) StdoutLine: {'line': b'copying ros_esc/config_parsing.py -> /home/mattb/ros2_ws/build/ros_esc/build/lib/ros_esc\n'}
[0.888465] (ros_esc) StdoutLine: {'line': b'copying ros_esc/__init__.py -> /home/mattb/ros2_ws/build/ros_esc/build/lib/ros_esc\n'}
[0.888517] (ros_esc) StdoutLine: {'line': b'copying ros_esc/helper_functions.py -> /home/mattb/ros2_ws/build/ros_esc/build/lib/ros_esc\n'}
[0.888593] (ros_esc) StdoutLine: {'line': b'creating /home/mattb/ros2_ws/build/ros_esc/build/lib/ros_esc/cost_function_node\n'}
[0.888662] (ros_esc) StdoutLine: {'line': b'copying ros_esc/cost_function_node/__init__.py -> /home/mattb/ros2_ws/build/ros_esc/build/lib/ros_esc/cost_function_node\n'}
[0.888752] (ros_esc) StdoutLine: {'line': b'copying ros_esc/cost_function_node/cost_function_node_script.py -> /home/mattb/ros2_ws/build/ros_esc/build/lib/ros_esc/cost_function_node\n'}
[0.888827] (ros_esc) StdoutLine: {'line': b'copying ros_esc/cost_function_node/cost_function_config_testing.py -> /home/mattb/ros2_ws/build/ros_esc/build/lib/ros_esc/cost_function_node\n'}
[0.888969] (ros_esc) StdoutLine: {'line': b'creating /home/mattb/ros2_ws/build/ros_esc/build/lib/ros_esc/rotate_frame_node\n'}
[0.889033] (ros_esc) StdoutLine: {'line': b'copying ros_esc/rotate_frame_node/rotate_frame_node_script.py -> /home/mattb/ros2_ws/build/ros_esc/build/lib/ros_esc/rotate_frame_node\n'}
[0.889126] (ros_esc) StdoutLine: {'line': b'copying ros_esc/rotate_frame_node/__init__.py -> /home/mattb/ros2_ws/build/ros_esc/build/lib/ros_esc/rotate_frame_node\n'}
[0.889269] (ros_esc) StdoutLine: {'line': b'copying ros_esc/rotate_frame_node/rotate_frame_config_testing.py -> /home/mattb/ros2_ws/build/ros_esc/build/lib/ros_esc/rotate_frame_node\n'}
[0.889535] (ros_esc) StdoutLine: {'line': b'creating /home/mattb/ros2_ws/build/ros_esc/build/lib/ros_esc/plotting_scripts\n'}
[0.889629] (ros_esc) StdoutLine: {'line': b'copying ros_esc/plotting_scripts/plotting_vehicle_states.py -> /home/mattb/ros2_ws/build/ros_esc/build/lib/ros_esc/plotting_scripts\n'}
[0.889804] (ros_esc) StdoutLine: {'line': b'copying ros_esc/plotting_scripts/plotting_node_outputs.py -> /home/mattb/ros2_ws/build/ros_esc/build/lib/ros_esc/plotting_scripts\n'}
[0.889903] (ros_esc) StdoutLine: {'line': b'copying ros_esc/plotting_scripts/__init__.py -> /home/mattb/ros2_ws/build/ros_esc/build/lib/ros_esc/plotting_scripts\n'}
[0.889993] (ros_esc) StdoutLine: {'line': b'copying ros_esc/plotting_scripts/turtlebot_plotting_script.py -> /home/mattb/ros2_ws/build/ros_esc/build/lib/ros_esc/plotting_scripts\n'}
[0.890077] (ros_esc) StdoutLine: {'line': b'copying ros_esc/plotting_scripts/plotting_trajectories.py -> /home/mattb/ros2_ws/build/ros_esc/build/lib/ros_esc/plotting_scripts\n'}
[0.890145] (ros_esc) StdoutLine: {'line': b'copying ros_esc/plotting_scripts/plotting_helper_functions.py -> /home/mattb/ros2_ws/build/ros_esc/build/lib/ros_esc/plotting_scripts\n'}
[0.890301] (ros_esc) StdoutLine: {'line': b'creating /home/mattb/ros2_ws/build/ros_esc/build/lib/ros_esc/data_collection_node\n'}
[0.890370] (ros_esc) StdoutLine: {'line': b'copying ros_esc/data_collection_node/data_collection_node_script.py -> /home/mattb/ros2_ws/build/ros_esc/build/lib/ros_esc/data_collection_node\n'}
[0.890472] (ros_esc) StdoutLine: {'line': b'copying ros_esc/data_collection_node/live_plot_animation.py -> /home/mattb/ros2_ws/build/ros_esc/build/lib/ros_esc/data_collection_node\n'}
[0.890600] (ros_esc) StdoutLine: {'line': b'copying ros_esc/data_collection_node/__init__.py -> /home/mattb/ros2_ws/build/ros_esc/build/lib/ros_esc/data_collection_node\n'}
[0.890836] (ros_esc) StdoutLine: {'line': b'creating /home/mattb/ros2_ws/build/ros_esc/build/lib/ros_esc/filter_node\n'}
[0.890973] (ros_esc) StdoutLine: {'line': b'copying ros_esc/filter_node/filter_node_script.py -> /home/mattb/ros2_ws/build/ros_esc/build/lib/ros_esc/filter_node\n'}
[0.891134] (ros_esc) StdoutLine: {'line': b'copying ros_esc/filter_node/__init__.py -> /home/mattb/ros2_ws/build/ros_esc/build/lib/ros_esc/filter_node\n'}
[0.891214] (ros_esc) StdoutLine: {'line': b'copying ros_esc/filter_node/filter_config_testing.py -> /home/mattb/ros2_ws/build/ros_esc/build/lib/ros_esc/filter_node\n'}
[0.891336] (ros_esc) StdoutLine: {'line': b'creating /home/mattb/ros2_ws/build/ros_esc/build/lib/ros_esc/controller_node\n'}
[0.891416] (ros_esc) StdoutLine: {'line': b'copying ros_esc/controller_node/controller_config_testing.py -> /home/mattb/ros2_ws/build/ros_esc/build/lib/ros_esc/controller_node\n'}
[0.891484] (ros_esc) StdoutLine: {'line': b'copying ros_esc/controller_node/__init__.py -> /home/mattb/ros2_ws/build/ros_esc/build/lib/ros_esc/controller_node\n'}
[0.891561] (ros_esc) StdoutLine: {'line': b'copying ros_esc/controller_node/controller_node_script.py -> /home/mattb/ros2_ws/build/ros_esc/build/lib/ros_esc/controller_node\n'}
[0.891715] (ros_esc) StdoutLine: {'line': b'creating /home/mattb/ros2_ws/build/ros_esc/build/lib/ros_esc/encoder_node\n'}
[0.891789] (ros_esc) StdoutLine: {'line': b'copying ros_esc/encoder_node/__init__.py -> /home/mattb/ros2_ws/build/ros_esc/build/lib/ros_esc/encoder_node\n'}
[0.891858] (ros_esc) StdoutLine: {'line': b'copying ros_esc/encoder_node/encoder_node_script.py -> /home/mattb/ros2_ws/build/ros_esc/build/lib/ros_esc/encoder_node\n'}
[0.892022] (ros_esc) StdoutLine: {'line': b'creating /home/mattb/ros2_ws/build/ros_esc/build/lib/ros_esc/sensor_pose_node\n'}
[0.892134] (ros_esc) StdoutLine: {'line': b'copying ros_esc/sensor_pose_node/transform_config_testing.py -> /home/mattb/ros2_ws/build/ros_esc/build/lib/ros_esc/sensor_pose_node\n'}
[0.892235] (ros_esc) StdoutLine: {'line': b'copying ros_esc/sensor_pose_node/sensor_pose_node_script.py -> /home/mattb/ros2_ws/build/ros_esc/build/lib/ros_esc/sensor_pose_node\n'}
[0.892307] (ros_esc) StdoutLine: {'line': b'copying ros_esc/sensor_pose_node/__init__.py -> /home/mattb/ros2_ws/build/ros_esc/build/lib/ros_esc/sensor_pose_node\n'}
[0.892496] (ros_esc) StdoutLine: {'line': b'creating /home/mattb/ros2_ws/build/ros_esc/build/lib/ros_esc/cost_function_node/cost_function_objects\n'}
[0.892581] (ros_esc) StdoutLine: {'line': b'copying ros_esc/cost_function_node/cost_function_objects/cost_function_objects.py -> /home/mattb/ros2_ws/build/ros_esc/build/lib/ros_esc/cost_function_node/cost_function_objects\n'}
[0.892802] (ros_esc) StdoutLine: {'line': b'copying ros_esc/cost_function_node/cost_function_objects/__init__.py -> /home/mattb/ros2_ws/build/ros_esc/build/lib/ros_esc/cost_function_node/cost_function_objects\n'}
[0.892901] (ros_esc) StdoutLine: {'line': b'copying ros_esc/cost_function_node/cost_function_objects/noise_objects.py -> /home/mattb/ros2_ws/build/ros_esc/build/lib/ros_esc/cost_function_node/cost_function_objects\n'}
[0.893020] (ros_esc) StdoutLine: {'line': b'creating /home/mattb/ros2_ws/build/ros_esc/build/lib/ros_esc/rotate_frame_node/spin_profile_objects\n'}
[0.893148] (ros_esc) StdoutLine: {'line': b'copying ros_esc/rotate_frame_node/spin_profile_objects/spin_profile_objects.py -> /home/mattb/ros2_ws/build/ros_esc/build/lib/ros_esc/rotate_frame_node/spin_profile_objects\n'}
[0.893263] (ros_esc) StdoutLine: {'line': b'copying ros_esc/rotate_frame_node/spin_profile_objects/__init__.py -> /home/mattb/ros2_ws/build/ros_esc/build/lib/ros_esc/rotate_frame_node/spin_profile_objects\n'}
[0.893337] (ros_esc) StdoutLine: {'line': b'creating /home/mattb/ros2_ws/build/ros_esc/build/lib/ros_esc/controller_node/controller_objects\n'}
[0.893412] (ros_esc) StdoutLine: {'line': b'copying ros_esc/controller_node/controller_objects/turtlebot_ode_objects.py -> /home/mattb/ros2_ws/build/ros_esc/build/lib/ros_esc/controller_node/controller_objects\n'}
[0.893481] (ros_esc) StdoutLine: {'line': b'copying ros_esc/controller_node/controller_objects/turtlebot_vehicle.py -> /home/mattb/ros2_ws/build/ros_esc/build/lib/ros_esc/controller_node/controller_objects\n'}
[0.893612] (ros_esc) StdoutLine: {'line': b'copying ros_esc/controller_node/controller_objects/__init__.py -> /home/mattb/ros2_ws/build/ros_esc/build/lib/ros_esc/controller_node/controller_objects\n'}
[0.893821] (ros_esc) StdoutLine: {'line': b'creating /home/mattb/ros2_ws/build/ros_esc/build/lib/ros_esc/sensor_pose_node/transform_objects\n'}
[0.893936] (ros_esc) StdoutLine: {'line': b'copying ros_esc/sensor_pose_node/transform_objects/transform_objects.py -> /home/mattb/ros2_ws/build/ros_esc/build/lib/ros_esc/sensor_pose_node/transform_objects\n'}
[0.894069] (ros_esc) StdoutLine: {'line': b'copying ros_esc/sensor_pose_node/transform_objects/__init__.py -> /home/mattb/ros2_ws/build/ros_esc/build/lib/ros_esc/sensor_pose_node/transform_objects\n'}
[0.895106] (ros_esc) StdoutLine: {'line': b'running install\n'}
[0.895362] (ros_esc) StdoutLine: {'line': b'running install_lib\n'}
[0.895901] (ros_esc) StdoutLine: {'line': b'creating /home/mattb/ros2_ws/install/ros_esc/lib/python3.10/site-packages/ros_esc\n'}
[0.896073] (ros_esc) StdoutLine: {'line': b'creating /home/mattb/ros2_ws/install/ros_esc/lib/python3.10/site-packages/ros_esc/cost_function_node\n'}
[0.896173] (ros_esc) StdoutLine: {'line': b'copying /home/mattb/ros2_ws/build/ros_esc/build/lib/ros_esc/cost_function_node/__init__.py -> /home/mattb/ros2_ws/install/ros_esc/lib/python3.10/site-packages/ros_esc/cost_function_node\n'}
[0.896229] (ros_esc) StdoutLine: {'line': b'creating /home/mattb/ros2_ws/install/ros_esc/lib/python3.10/site-packages/ros_esc/cost_function_node/cost_function_objects\n'}
[0.896289] (ros_esc) StdoutLine: {'line': b'copying /home/mattb/ros2_ws/build/ros_esc/build/lib/ros_esc/cost_function_node/cost_function_objects/cost_function_objects.py -> /home/mattb/ros2_ws/install/ros_esc/lib/python3.10/site-packages/ros_esc/cost_function_node/cost_function_objects\n'}
[0.896434] (ros_esc) StdoutLine: {'line': b'copying /home/mattb/ros2_ws/build/ros_esc/build/lib/ros_esc/cost_function_node/cost_function_objects/__init__.py -> /home/mattb/ros2_ws/install/ros_esc/lib/python3.10/site-packages/ros_esc/cost_function_node/cost_function_objects\n'}
[0.896524] (ros_esc) StdoutLine: {'line': b'copying /home/mattb/ros2_ws/build/ros_esc/build/lib/ros_esc/cost_function_node/cost_function_objects/noise_objects.py -> /home/mattb/ros2_ws/install/ros_esc/lib/python3.10/site-packages/ros_esc/cost_function_node/cost_function_objects\n'}
[0.896623] (ros_esc) StdoutLine: {'line': b'copying /home/mattb/ros2_ws/build/ros_esc/build/lib/ros_esc/cost_function_node/cost_function_node_script.py -> /home/mattb/ros2_ws/install/ros_esc/lib/python3.10/site-packages/ros_esc/cost_function_node\n'}
[0.896700] (ros_esc) StdoutLine: {'line': b'copying /home/mattb/ros2_ws/build/ros_esc/build/lib/ros_esc/cost_function_node/cost_function_config_testing.py -> /home/mattb/ros2_ws/install/ros_esc/lib/python3.10/site-packages/ros_esc/cost_function_node\n'}
[0.896755] (ros_esc) StdoutLine: {'line': b'copying /home/mattb/ros2_ws/build/ros_esc/build/lib/ros_esc/config_parsing.py -> /home/mattb/ros2_ws/install/ros_esc/lib/python3.10/site-packages/ros_esc\n'}
[0.896833] (ros_esc) StdoutLine: {'line': b'creating /home/mattb/ros2_ws/install/ros_esc/lib/python3.10/site-packages/ros_esc/rotate_frame_node\n'}
[0.896899] (ros_esc) StdoutLine: {'line': b'copying /home/mattb/ros2_ws/build/ros_esc/build/lib/ros_esc/rotate_frame_node/rotate_frame_node_script.py -> /home/mattb/ros2_ws/install/ros_esc/lib/python3.10/site-packages/ros_esc/rotate_frame_node\n'}
[0.896976] (ros_esc) StdoutLine: {'line': b'copying /home/mattb/ros2_ws/build/ros_esc/build/lib/ros_esc/rotate_frame_node/__init__.py -> /home/mattb/ros2_ws/install/ros_esc/lib/python3.10/site-packages/ros_esc/rotate_frame_node\n'}
[0.897070] (ros_esc) StdoutLine: {'line': b'creating /home/mattb/ros2_ws/install/ros_esc/lib/python3.10/site-packages/ros_esc/rotate_frame_node/spin_profile_objects\n'}
[0.897145] (ros_esc) StdoutLine: {'line': b'copying /home/mattb/ros2_ws/build/ros_esc/build/lib/ros_esc/rotate_frame_node/spin_profile_objects/spin_profile_objects.py -> /home/mattb/ros2_ws/install/ros_esc/lib/python3.10/site-packages/ros_esc/rotate_frame_node/spin_profile_objects\n'}
[0.897217] (ros_esc) StdoutLine: {'line': b'copying /home/mattb/ros2_ws/build/ros_esc/build/lib/ros_esc/rotate_frame_node/spin_profile_objects/__init__.py -> /home/mattb/ros2_ws/install/ros_esc/lib/python3.10/site-packages/ros_esc/rotate_frame_node/spin_profile_objects\n'}
[0.897289] (ros_esc) StdoutLine: {'line': b'copying /home/mattb/ros2_ws/build/ros_esc/build/lib/ros_esc/rotate_frame_node/rotate_frame_config_testing.py -> /home/mattb/ros2_ws/install/ros_esc/lib/python3.10/site-packages/ros_esc/rotate_frame_node\n'}
[0.897424] (ros_esc) StdoutLine: {'line': b'creating /home/mattb/ros2_ws/install/ros_esc/lib/python3.10/site-packages/ros_esc/plotting_scripts\n'}
[0.897492] (ros_esc) StdoutLine: {'line': b'copying /home/mattb/ros2_ws/build/ros_esc/build/lib/ros_esc/plotting_scripts/plotting_vehicle_states.py -> /home/mattb/ros2_ws/install/ros_esc/lib/python3.10/site-packages/ros_esc/plotting_scripts\n'}
[0.897611] (ros_esc) StdoutLine: {'line': b'copying /home/mattb/ros2_ws/build/ros_esc/build/lib/ros_esc/plotting_scripts/plotting_node_outputs.py -> /home/mattb/ros2_ws/install/ros_esc/lib/python3.10/site-packages/ros_esc/plotting_scripts\n'}
[0.897752] (ros_esc) StdoutLine: {'line': b'copying /home/mattb/ros2_ws/build/ros_esc/build/lib/ros_esc/plotting_scripts/__init__.py -> /home/mattb/ros2_ws/install/ros_esc/lib/python3.10/site-packages/ros_esc/plotting_scripts\n'}
[0.897832] (ros_esc) StdoutLine: {'line': b'copying /home/mattb/ros2_ws/build/ros_esc/build/lib/ros_esc/plotting_scripts/turtlebot_plotting_script.py -> /home/mattb/ros2_ws/install/ros_esc/lib/python3.10/site-packages/ros_esc/plotting_scripts\n'}
[0.897923] (ros_esc) StdoutLine: {'line': b'copying /home/mattb/ros2_ws/build/ros_esc/build/lib/ros_esc/plotting_scripts/plotting_trajectories.py -> /home/mattb/ros2_ws/install/ros_esc/lib/python3.10/site-packages/ros_esc/plotting_scripts\n'}
[0.898017] (ros_esc) StdoutLine: {'line': b'copying /home/mattb/ros2_ws/build/ros_esc/build/lib/ros_esc/plotting_scripts/plotting_helper_functions.py -> /home/mattb/ros2_ws/install/ros_esc/lib/python3.10/site-packages/ros_esc/plotting_scripts\n'}
[0.898125] (ros_esc) StdoutLine: {'line': b'creating /home/mattb/ros2_ws/install/ros_esc/lib/python3.10/site-packages/ros_esc/data_collection_node\n'}
[0.898200] (ros_esc) StdoutLine: {'line': b'copying /home/mattb/ros2_ws/build/ros_esc/build/lib/ros_esc/data_collection_node/data_collection_node_script.py -> /home/mattb/ros2_ws/install/ros_esc/lib/python3.10/site-packages/ros_esc/data_collection_node\n'}
[0.898276] (ros_esc) StdoutLine: {'line': b'copying /home/mattb/ros2_ws/build/ros_esc/build/lib/ros_esc/data_collection_node/live_plot_animation.py -> /home/mattb/ros2_ws/install/ros_esc/lib/python3.10/site-packages/ros_esc/data_collection_node\n'}
[0.898383] (ros_esc) StdoutLine: {'line': b'copying /home/mattb/ros2_ws/build/ros_esc/build/lib/ros_esc/data_collection_node/__init__.py -> /home/mattb/ros2_ws/install/ros_esc/lib/python3.10/site-packages/ros_esc/data_collection_node\n'}
[0.898509] (ros_esc) StdoutLine: {'line': b'creating /home/mattb/ros2_ws/install/ros_esc/lib/python3.10/site-packages/ros_esc/filter_node\n'}
[0.898582] (ros_esc) StdoutLine: {'line': b'copying /home/mattb/ros2_ws/build/ros_esc/build/lib/ros_esc/filter_node/filter_node_script.py -> /home/mattb/ros2_ws/install/ros_esc/lib/python3.10/site-packages/ros_esc/filter_node\n'}
[0.898731] (ros_esc) StdoutLine: {'line': b'copying /home/mattb/ros2_ws/build/ros_esc/build/lib/ros_esc/filter_node/__init__.py -> /home/mattb/ros2_ws/install/ros_esc/lib/python3.10/site-packages/ros_esc/filter_node\n'}
[0.898864] (ros_esc) StdoutLine: {'line': b'copying /home/mattb/ros2_ws/build/ros_esc/build/lib/ros_esc/filter_node/filter_config_testing.py -> /home/mattb/ros2_ws/install/ros_esc/lib/python3.10/site-packages/ros_esc/filter_node\n'}
[0.898978] (ros_esc) StdoutLine: {'line': b'copying /home/mattb/ros2_ws/build/ros_esc/build/lib/ros_esc/__init__.py -> /home/mattb/ros2_ws/install/ros_esc/lib/python3.10/site-packages/ros_esc\n'}
[0.899042] (ros_esc) StdoutLine: {'line': b'creating /home/mattb/ros2_ws/install/ros_esc/lib/python3.10/site-packages/ros_esc/controller_node\n'}
[0.899113] (ros_esc) StdoutLine: {'line': b'copying /home/mattb/ros2_ws/build/ros_esc/build/lib/ros_esc/controller_node/controller_config_testing.py -> /home/mattb/ros2_ws/install/ros_esc/lib/python3.10/site-packages/ros_esc/controller_node\n'}
[0.899183] (ros_esc) StdoutLine: {'line': b'copying /home/mattb/ros2_ws/build/ros_esc/build/lib/ros_esc/controller_node/__init__.py -> /home/mattb/ros2_ws/install/ros_esc/lib/python3.10/site-packages/ros_esc/controller_node\n'}
[0.899256] (ros_esc) StdoutLine: {'line': b'creating /home/mattb/ros2_ws/install/ros_esc/lib/python3.10/site-packages/ros_esc/controller_node/controller_objects\n'}
[0.899328] (ros_esc) StdoutLine: {'line': b'copying /home/mattb/ros2_ws/build/ros_esc/build/lib/ros_esc/controller_node/controller_objects/turtlebot_ode_objects.py -> /home/mattb/ros2_ws/install/ros_esc/lib/python3.10/site-packages/ros_esc/controller_node/controller_objects\n'}
[0.899433] (ros_esc) StdoutLine: {'line': b'copying /home/mattb/ros2_ws/build/ros_esc/build/lib/ros_esc/controller_node/controller_objects/turtlebot_vehicle.py -> /home/mattb/ros2_ws/install/ros_esc/lib/python3.10/site-packages/ros_esc/controller_node/controller_objects\n'}
[0.899573] (ros_esc) StdoutLine: {'line': b'copying /home/mattb/ros2_ws/build/ros_esc/build/lib/ros_esc/controller_node/controller_objects/__init__.py -> /home/mattb/ros2_ws/install/ros_esc/lib/python3.10/site-packages/ros_esc/controller_node/controller_objects\n'}
[0.899645] (ros_esc) StdoutLine: {'line': b'copying /home/mattb/ros2_ws/build/ros_esc/build/lib/ros_esc/controller_node/controller_node_script.py -> /home/mattb/ros2_ws/install/ros_esc/lib/python3.10/site-packages/ros_esc/controller_node\n'}
[0.899795] (ros_esc) StdoutLine: {'line': b'creating /home/mattb/ros2_ws/install/ros_esc/lib/python3.10/site-packages/ros_esc/encoder_node\n'}
[0.899871] (ros_esc) StdoutLine: {'line': b'copying /home/mattb/ros2_ws/build/ros_esc/build/lib/ros_esc/encoder_node/__init__.py -> /home/mattb/ros2_ws/install/ros_esc/lib/python3.10/site-packages/ros_esc/encoder_node\n'}
[0.899945] (ros_esc) StdoutLine: {'line': b'copying /home/mattb/ros2_ws/build/ros_esc/build/lib/ros_esc/encoder_node/encoder_node_script.py -> /home/mattb/ros2_ws/install/ros_esc/lib/python3.10/site-packages/ros_esc/encoder_node\n'}
[0.900044] (ros_esc) StdoutLine: {'line': b'creating /home/mattb/ros2_ws/install/ros_esc/lib/python3.10/site-packages/ros_esc/sensor_pose_node\n'}
[0.900116] (ros_esc) StdoutLine: {'line': b'copying /home/mattb/ros2_ws/build/ros_esc/build/lib/ros_esc/sensor_pose_node/transform_config_testing.py -> /home/mattb/ros2_ws/install/ros_esc/lib/python3.10/site-packages/ros_esc/sensor_pose_node\n'}
[0.900210] (ros_esc) StdoutLine: {'line': b'copying /home/mattb/ros2_ws/build/ros_esc/build/lib/ros_esc/sensor_pose_node/sensor_pose_node_script.py -> /home/mattb/ros2_ws/install/ros_esc/lib/python3.10/site-packages/ros_esc/sensor_pose_node\n'}
[0.900265] (-) TimerEvent: {}
[0.900425] (ros_esc) StdoutLine: {'line': b'copying /home/mattb/ros2_ws/build/ros_esc/build/lib/ros_esc/sensor_pose_node/__init__.py -> /home/mattb/ros2_ws/install/ros_esc/lib/python3.10/site-packages/ros_esc/sensor_pose_node\n'}
[0.900608] (ros_esc) StdoutLine: {'line': b'creating /home/mattb/ros2_ws/install/ros_esc/lib/python3.10/site-packages/ros_esc/sensor_pose_node/transform_objects\n'}
[0.900727] (ros_esc) StdoutLine: {'line': b'copying /home/mattb/ros2_ws/build/ros_esc/build/lib/ros_esc/sensor_pose_node/transform_objects/transform_objects.py -> /home/mattb/ros2_ws/install/ros_esc/lib/python3.10/site-packages/ros_esc/sensor_pose_node/transform_objects\n'}
[0.900795] (ros_esc) StdoutLine: {'line': b'copying /home/mattb/ros2_ws/build/ros_esc/build/lib/ros_esc/sensor_pose_node/transform_objects/__init__.py -> /home/mattb/ros2_ws/install/ros_esc/lib/python3.10/site-packages/ros_esc/sensor_pose_node/transform_objects\n'}
[0.900876] (ros_esc) StdoutLine: {'line': b'copying /home/mattb/ros2_ws/build/ros_esc/build/lib/ros_esc/helper_functions.py -> /home/mattb/ros2_ws/install/ros_esc/lib/python3.10/site-packages/ros_esc\n'}
[0.901225] (ros_esc) StdoutLine: {'line': b'byte-compiling /home/mattb/ros2_ws/install/ros_esc/lib/python3.10/site-packages/ros_esc/cost_function_node/__init__.py to __init__.cpython-310.pyc\n'}
[0.901448] (ros_esc) StdoutLine: {'line': b'byte-compiling /home/mattb/ros2_ws/install/ros_esc/lib/python3.10/site-packages/ros_esc/cost_function_node/cost_function_objects/cost_function_objects.py to cost_function_objects.cpython-310.pyc\n'}
[0.902434] (ros_esc) StdoutLine: {'line': b'byte-compiling /home/mattb/ros2_ws/install/ros_esc/lib/python3.10/site-packages/ros_esc/cost_function_node/cost_function_objects/__init__.py to __init__.cpython-310.pyc\n'}
[0.902569] (ros_esc) StdoutLine: {'line': b'byte-compiling /home/mattb/ros2_ws/install/ros_esc/lib/python3.10/site-packages/ros_esc/cost_function_node/cost_function_objects/noise_objects.py to noise_objects.cpython-310.pyc\n'}
[0.903114] (ros_esc) StdoutLine: {'line': b'byte-compiling /home/mattb/ros2_ws/install/ros_esc/lib/python3.10/site-packages/ros_esc/cost_function_node/cost_function_node_script.py to cost_function_node_script.cpython-310.pyc\n'}
[0.903925] (ros_esc) StdoutLine: {'line': b'byte-compiling /home/mattb/ros2_ws/install/ros_esc/lib/python3.10/site-packages/ros_esc/cost_function_node/cost_function_config_testing.py to cost_function_config_testing.cpython-310.pyc\n'}
[0.904420] (ros_esc) StdoutLine: {'line': b'byte-compiling /home/mattb/ros2_ws/install/ros_esc/lib/python3.10/site-packages/ros_esc/config_parsing.py to config_parsing.cpython-310.pyc\n'}
[0.906174] (ros_esc) StdoutLine: {'line': b'byte-compiling /home/mattb/ros2_ws/install/ros_esc/lib/python3.10/site-packages/ros_esc/rotate_frame_node/rotate_frame_node_script.py to rotate_frame_node_script.cpython-310.pyc\n'}
[0.907002] (ros_esc) StdoutLine: {'line': b'byte-compiling /home/mattb/ros2_ws/install/ros_esc/lib/python3.10/site-packages/ros_esc/rotate_frame_node/__init__.py to __init__.cpython-310.pyc\n'}
[0.907212] (ros_esc) StdoutLine: {'line': b'byte-compiling /home/mattb/ros2_ws/install/ros_esc/lib/python3.10/site-packages/ros_esc/rotate_frame_node/spin_profile_objects/spin_profile_objects.py to spin_profile_objects.cpython-310.pyc\n'}
[0.908360] (ros_esc) StdoutLine: {'line': b'byte-compiling /home/mattb/ros2_ws/install/ros_esc/lib/python3.10/site-packages/ros_esc/rotate_frame_node/spin_profile_objects/__init__.py to __init__.cpython-310.pyc\n'}
[0.908569] (ros_esc) StdoutLine: {'line': b'byte-compiling /home/mattb/ros2_ws/install/ros_esc/lib/python3.10/site-packages/ros_esc/rotate_frame_node/rotate_frame_config_testing.py to rotate_frame_config_testing.cpython-310.pyc\n'}
[0.909201] (ros_esc) StdoutLine: {'line': b'byte-compiling /home/mattb/ros2_ws/install/ros_esc/lib/python3.10/site-packages/ros_esc/plotting_scripts/plotting_vehicle_states.py to plotting_vehicle_states.cpython-310.pyc\n'}
[0.910420] (ros_esc) StdoutLine: {'line': b'byte-compiling /home/mattb/ros2_ws/install/ros_esc/lib/python3.10/site-packages/ros_esc/plotting_scripts/plotting_node_outputs.py to plotting_node_outputs.cpython-310.pyc\n'}
[0.911604] (ros_esc) StdoutLine: {'line': b'byte-compiling /home/mattb/ros2_ws/install/ros_esc/lib/python3.10/site-packages/ros_esc/plotting_scripts/__init__.py to __init__.cpython-310.pyc\n'}
[0.911847] (ros_esc) StdoutLine: {'line': b'byte-compiling /home/mattb/ros2_ws/install/ros_esc/lib/python3.10/site-packages/ros_esc/plotting_scripts/turtlebot_plotting_script.py to turtlebot_plotting_script.cpython-310.pyc\n'}
[0.912212] (ros_esc) StdoutLine: {'line': b'byte-compiling /home/mattb/ros2_ws/install/ros_esc/lib/python3.10/site-packages/ros_esc/plotting_scripts/plotting_trajectories.py to plotting_trajectories.cpython-310.pyc\n'}
[0.913228] (ros_esc) StdoutLine: {'line': b'byte-compiling /home/mattb/ros2_ws/install/ros_esc/lib/python3.10/site-packages/ros_esc/plotting_scripts/plotting_helper_functions.py to plotting_helper_functions.cpython-310.pyc\n'}
[0.913487] (turtlebot3_rotating_sensor) StdoutLine: {'line': b'-- Found rmw_implementation_cmake: 6.1.2 (/opt/ros/humble/share/rmw_implementation_cmake/cmake)\n'}
[0.913969] (ros_esc) StdoutLine: {'line': b'byte-compiling /home/mattb/ros2_ws/install/ros_esc/lib/python3.10/site-packages/ros_esc/data_collection_node/data_collection_node_script.py to data_collection_node_script.cpython-310.pyc\n'}
[0.916321] (turtlebot3_rotating_sensor) StdoutLine: {'line': b'-- Found rmw_fastrtps_cpp: 6.2.9 (/opt/ros/humble/share/rmw_fastrtps_cpp/cmake)\n'}
[0.916487] (ros_esc) StdoutLine: {'line': b'byte-compiling /home/mattb/ros2_ws/install/ros_esc/lib/python3.10/site-packages/ros_esc/data_collection_node/live_plot_animation.py to live_plot_animation.cpython-310.pyc\n'}
[0.917423] (ros_esc) StdoutLine: {'line': b'byte-compiling /home/mattb/ros2_ws/install/ros_esc/lib/python3.10/site-packages/ros_esc/data_collection_node/__init__.py to __init__.cpython-310.pyc\n'}
[0.917633] (ros_esc) StdoutLine: {'line': b'byte-compiling /home/mattb/ros2_ws/install/ros_esc/lib/python3.10/site-packages/ros_esc/filter_node/filter_node_script.py to filter_node_script.cpython-310.pyc\n'}
[0.918710] (ros_esc) StdoutLine: {'line': b'byte-compiling /home/mattb/ros2_ws/install/ros_esc/lib/python3.10/site-packages/ros_esc/filter_node/__init__.py to __init__.cpython-310.pyc\n'}
[0.918894] (ros_esc) StdoutLine: {'line': b'byte-compiling /home/mattb/ros2_ws/install/ros_esc/lib/python3.10/site-packages/ros_esc/filter_node/filter_config_testing.py to filter_config_testing.cpython-310.pyc\n'}
[0.919354] (ros_esc) StdoutLine: {'line': b'byte-compiling /home/mattb/ros2_ws/install/ros_esc/lib/python3.10/site-packages/ros_esc/__init__.py to __init__.cpython-310.pyc\n'}
[0.919549] (ros_esc) StdoutLine: {'line': b'byte-compiling /home/mattb/ros2_ws/install/ros_esc/lib/python3.10/site-packages/ros_esc/controller_node/controller_config_testing.py to controller_config_testing.cpython-310.pyc\n'}
[0.920064] (ros_esc) StdoutLine: {'line': b'byte-compiling /home/mattb/ros2_ws/install/ros_esc/lib/python3.10/site-packages/ros_esc/controller_node/__init__.py to __init__.cpython-310.pyc\n'}
[0.920297] (ros_esc) StdoutLine: {'line': b'byte-compiling /home/mattb/ros2_ws/install/ros_esc/lib/python3.10/site-packages/ros_esc/controller_node/controller_objects/turtlebot_ode_objects.py to turtlebot_ode_objects.cpython-310.pyc\n'}
[0.921261] (ros_esc) StdoutLine: {'line': b'byte-compiling /home/mattb/ros2_ws/install/ros_esc/lib/python3.10/site-packages/ros_esc/controller_node/controller_objects/turtlebot_vehicle.py to turtlebot_vehicle.cpython-310.pyc\n'}
[0.922633] (ros_esc) StdoutLine: {'line': b'byte-compiling /home/mattb/ros2_ws/install/ros_esc/lib/python3.10/site-packages/ros_esc/controller_node/controller_objects/__init__.py to __init__.cpython-310.pyc\n'}
[0.922849] (ros_esc) StdoutLine: {'line': b'byte-compiling /home/mattb/ros2_ws/install/ros_esc/lib/python3.10/site-packages/ros_esc/controller_node/controller_node_script.py to controller_node_script.cpython-310.pyc\n'}
[0.923665] (ros_esc) StdoutLine: {'line': b'byte-compiling /home/mattb/ros2_ws/install/ros_esc/lib/python3.10/site-packages/ros_esc/encoder_node/__init__.py to __init__.cpython-310.pyc\n'}
[0.923884] (ros_esc) StdoutLine: {'line': b'byte-compiling /home/mattb/ros2_ws/install/ros_esc/lib/python3.10/site-packages/ros_esc/encoder_node/encoder_node_script.py to encoder_node_script.cpython-310.pyc\n'}
[0.924460] (ros_esc) StdoutLine: {'line': b'byte-compiling /home/mattb/ros2_ws/install/ros_esc/lib/python3.10/site-packages/ros_esc/sensor_pose_node/transform_config_testing.py to transform_config_testing.cpython-310.pyc\n'}
[0.924941] (ros_esc) StdoutLine: {'line': b'byte-compiling /home/mattb/ros2_ws/install/ros_esc/lib/python3.10/site-packages/ros_esc/sensor_pose_node/sensor_pose_node_script.py to sensor_pose_node_script.cpython-310.pyc\n'}
[0.925879] (ros_esc) StdoutLine: {'line': b'byte-compiling /home/mattb/ros2_ws/install/ros_esc/lib/python3.10/site-packages/ros_esc/sensor_pose_node/__init__.py to __init__.cpython-310.pyc\n'}
[0.926001] (ros_esc) StdoutLine: {'line': b'byte-compiling /home/mattb/ros2_ws/install/ros_esc/lib/python3.10/site-packages/ros_esc/sensor_pose_node/transform_objects/transform_objects.py to transform_objects.cpython-310.pyc\n'}
[0.926586] (ros_esc) StdoutLine: {'line': b'byte-compiling /home/mattb/ros2_ws/install/ros_esc/lib/python3.10/site-packages/ros_esc/sensor_pose_node/transform_objects/__init__.py to __init__.cpython-310.pyc\n'}
[0.926707] (ros_esc) StdoutLine: {'line': b'byte-compiling /home/mattb/ros2_ws/install/ros_esc/lib/python3.10/site-packages/ros_esc/helper_functions.py to helper_functions.cpython-310.pyc\n'}
[0.928227] (ros_esc) StdoutLine: {'line': b'running install_data\n'}
[0.928378] (ros_esc) StdoutLine: {'line': b'creating /home/mattb/ros2_ws/install/ros_esc/share/ament_index\n'}
[0.928539] (ros_esc) StdoutLine: {'line': b'creating /home/mattb/ros2_ws/install/ros_esc/share/ament_index/resource_index\n'}
[0.928618] (ros_esc) StdoutLine: {'line': b'creating /home/mattb/ros2_ws/install/ros_esc/share/ament_index/resource_index/packages\n'}
[0.928703] (ros_esc) StdoutLine: {'line': b'copying resource/ros_esc -> /home/mattb/ros2_ws/install/ros_esc/share/ament_index/resource_index/packages\n'}
[0.928757] (ros_esc) StdoutLine: {'line': b'copying package.xml -> /home/mattb/ros2_ws/install/ros_esc/share/ros_esc\n'}
[0.928806] (ros_esc) StdoutLine: {'line': b'running install_egg_info\n'}
[0.930852] (ros_esc) StdoutLine: {'line': b'Copying ../../build/ros_esc/ros_esc.egg-info to /home/mattb/ros2_ws/install/ros_esc/lib/python3.10/site-packages/ros_esc-0.0.0-py3.10.egg-info\n'}
[0.931515] (ros_esc) StdoutLine: {'line': b'running install_scripts\n'}
[0.941113] (turtlebot3_rotating_sensor) StdoutLine: {'line': b'-- Found TinyXML2 via Config file: TinyXML2_DIR-NOTFOUND\n'}
[0.948024] (ros_esc) StdoutLine: {'line': b'Installing controller_node script to /home/mattb/ros2_ws/install/ros_esc/lib/ros_esc\n'}
[0.948364] (ros_esc) StdoutLine: {'line': b'Installing cost_function_node script to /home/mattb/ros2_ws/install/ros_esc/lib/ros_esc\n'}
[0.948435] (ros_esc) StdoutLine: {'line': b'Installing data_collection_node script to /home/mattb/ros2_ws/install/ros_esc/lib/ros_esc\n'}
[0.948583] (ros_esc) StdoutLine: {'line': b'Installing encoder_node script to /home/mattb/ros2_ws/install/ros_esc/lib/ros_esc\n'}
[0.948640] (ros_esc) StdoutLine: {'line': b'Installing filter_node script to /home/mattb/ros2_ws/install/ros_esc/lib/ros_esc\n'}
[0.948730] (ros_esc) StdoutLine: {'line': b'Installing rotate_frame_node script to /home/mattb/ros2_ws/install/ros_esc/lib/ros_esc\n'}
[0.948798] (ros_esc) StdoutLine: {'line': b'Installing sensor_pose_node script to /home/mattb/ros2_ws/install/ros_esc/lib/ros_esc\n'}
[0.949717] (ros_esc) StdoutLine: {'line': b"writing list of installed files to '/home/mattb/ros2_ws/build/ros_esc/install.log'\n"}
[0.968820] (ros_esc) CommandEnded: {'returncode': 0}
[0.974294] (ros_esc) JobEnded: {'identifier': 'ros_esc', 'rc': 0}
[0.986615] (turtlebot3_rotating_sensor) StdoutLine: {'line': b'-- Found OpenSSL: /usr/lib/x86_64-linux-gnu/libcrypto.so (found version "3.0.2")  \n'}
[0.989882] (turtlebot3_rotating_sensor) StdoutLine: {'line': b'-- Found TinyXML2 via Config file: TinyXML2_DIR-NOTFOUND\n'}
[1.000433] (-) TimerEvent: {}
[1.005446] (turtlebot3_rotating_sensor) StdoutLine: {'line': b'-- Found FastRTPS: /opt/ros/humble/include  \n'}
[1.008558] (turtlebot3_rotating_sensor) StdoutLine: {'line': b'-- Found TinyXML2 via Config file: TinyXML2_DIR-NOTFOUND\n'}
[1.017275] (turtlebot3_rotating_sensor) StdoutLine: {'line': b'-- Found TinyXML2 via Config file: TinyXML2_DIR-NOTFOUND\n'}
[1.027403] (turtlebot3_rotating_sensor) StdoutLine: {'line': b"-- Using RMW implementation 'rmw_fastrtps_cpp' as default\n"}
[1.037390] (turtlebot3_rotating_sensor) StdoutLine: {'line': b'-- Looking for pthread.h\n'}
[1.100161] (turtlebot3_rotating_sensor) StdoutLine: {'line': b'-- Looking for pthread.h - found\n'}
[1.100387] (turtlebot3_rotating_sensor) StdoutLine: {'line': b'-- Performing Test CMAKE_HAVE_LIBC_PTHREAD\n'}
[1.100444] (-) TimerEvent: {}
[1.167710] (turtlebot3_rotating_sensor) StdoutLine: {'line': b'-- Performing Test CMAKE_HAVE_LIBC_PTHREAD - Success\n'}
[1.168710] (turtlebot3_rotating_sensor) StdoutLine: {'line': b'-- Found Threads: TRUE  \n'}
[1.200558] (-) TimerEvent: {}
[1.226313] (turtlebot3_rotating_sensor) StdoutLine: {'line': b'-- Found PkgConfig: /usr/bin/pkg-config (found version "0.29.2") \n'}
[1.227309] (turtlebot3_rotating_sensor) StdoutLine: {'line': b"-- Checking for module 'bullet>=2.82'\n"}
[1.238853] (turtlebot3_rotating_sensor) StdoutLine: {'line': b'--   Found bullet, version 3.05\n'}
[1.300748] (-) TimerEvent: {}
[1.331281] (turtlebot3_rotating_sensor) StdoutLine: {'line': b'-- Found fcl: /usr/include (found suitable version "0.7.0", minimum required is "0.5.0") \n'}
[1.372744] (turtlebot3_rotating_sensor) StdoutLine: {'line': b'-- Found assimp: /usr/include (found version "5.2.0") \n'}
[1.388711] (turtlebot3_rotating_sensor) StdoutLine: {'line': b'-- Found DART: /usr/include (Required is at least version "6.6") found components: dart \n'}
[1.400825] (-) TimerEvent: {}
[1.410981] (turtlebot3_rotating_sensor) StdoutLine: {'line': b'-- Found Boost: /usr/lib/x86_64-linux-gnu/cmake/Boost-1.74.0/BoostConfig.cmake (found suitable version "1.74.0", minimum required is "1.40.0") found components: thread system filesystem program_options regex iostreams date_time \n'}
[1.425901] (turtlebot3_rotating_sensor) StdoutLine: {'line': b'-- Found Protobuf: /usr/lib/x86_64-linux-gnu/libprotobuf.so (found version "3.12.4") \n'}
[1.429859] (turtlebot3_rotating_sensor) StdoutLine: {'line': b'-- Looking for ignition-math6 -- found version 6.15.1\n'}
[1.436565] (turtlebot3_rotating_sensor) StdoutLine: {'line': b'-- Searching for dependencies of ignition-math6\n'}
[1.437716] (turtlebot3_rotating_sensor) StdoutLine: {'line': b'-- Looking for OGRE...\n'}
[1.438071] (turtlebot3_rotating_sensor) StdoutLine: {'line': b'-- OGRE_PREFIX_WATCH changed.\n'}
[1.442359] (turtlebot3_rotating_sensor) StdoutLine: {'line': b"-- Checking for module 'OGRE'\n"}
[1.452801] (turtlebot3_rotating_sensor) StdoutLine: {'line': b'--   Found OGRE, version 1.9.0\n'}
[1.479106] (turtlebot3_rotating_sensor) StdoutLine: {'line': b'-- Found Ogre Ghadamon (1.9.0)\n'}
[1.484264] (turtlebot3_rotating_sensor) StdoutLine: {'line': b'-- Found OGRE: optimized;/usr/lib/x86_64-linux-gnu/libOgreMain.so;debug;/usr/lib/x86_64-linux-gnu/libOgreMain.so\n'}
[1.492309] (turtlebot3_rotating_sensor) StdoutLine: {'line': b'-- Looking for OGRE_Paging...\n'}
[1.495954] (turtlebot3_rotating_sensor) StdoutLine: {'line': b'-- Found OGRE_Paging: optimized;/usr/lib/x86_64-linux-gnu/libOgrePaging.so;debug;/usr/lib/x86_64-linux-gnu/libOgrePaging.so\n'}
[1.496039] (turtlebot3_rotating_sensor) StdoutLine: {'line': b'-- Looking for OGRE_Terrain...\n'}
[1.499607] (turtlebot3_rotating_sensor) StdoutLine: {'line': b'-- Found OGRE_Terrain: optimized;/usr/lib/x86_64-linux-gnu/libOgreTerrain.so;debug;/usr/lib/x86_64-linux-gnu/libOgreTerrain.so\n'}
[1.499703] (turtlebot3_rotating_sensor) StdoutLine: {'line': b'-- Looking for OGRE_Property...\n'}
[1.500884] (-) TimerEvent: {}
[1.503327] (turtlebot3_rotating_sensor) StdoutLine: {'line': b'-- Found OGRE_Property: optimized;/usr/lib/x86_64-linux-gnu/libOgreProperty.so;debug;/usr/lib/x86_64-linux-gnu/libOgreProperty.so\n'}
[1.503411] (turtlebot3_rotating_sensor) StdoutLine: {'line': b'-- Looking for OGRE_RTShaderSystem...\n'}
[1.507302] (turtlebot3_rotating_sensor) StdoutLine: {'line': b'-- Found OGRE_RTShaderSystem: optimized;/usr/lib/x86_64-linux-gnu/libOgreRTShaderSystem.so;debug;/usr/lib/x86_64-linux-gnu/libOgreRTShaderSystem.so\n'}
[1.507391] (turtlebot3_rotating_sensor) StdoutLine: {'line': b'-- Looking for OGRE_Volume...\n'}
[1.512909] (turtlebot3_rotating_sensor) StdoutLine: {'line': b'-- Found OGRE_Volume: optimized;/usr/lib/x86_64-linux-gnu/libOgreVolume.so;debug;/usr/lib/x86_64-linux-gnu/libOgreVolume.so\n'}
[1.513068] (turtlebot3_rotating_sensor) StdoutLine: {'line': b'-- Looking for OGRE_Overlay...\n'}
[1.519575] (turtlebot3_rotating_sensor) StdoutLine: {'line': b'-- Found OGRE_Overlay: optimized;/usr/lib/x86_64-linux-gnu/libOgreOverlay.so;debug;/usr/lib/x86_64-linux-gnu/libOgreOverlay.so\n'}
[1.601025] (-) TimerEvent: {}
[1.609252] (turtlebot3_rotating_sensor) StdoutLine: {'line': b'-- Looking for ignition-math6 -- found version 6.15.1\n'}
[1.611145] (turtlebot3_rotating_sensor) StdoutLine: {'line': b'-- Looking for ignition-transport8 -- found version 8.2.1\n'}
[1.611570] (turtlebot3_rotating_sensor) StdoutLine: {'line': b'-- Searching for dependencies of ignition-transport8\n'}
[1.628194] (turtlebot3_rotating_sensor) StdoutLine: {'line': b'-- Found Protobuf: /usr/lib/x86_64-linux-gnu/libprotobuf.so (found suitable version "3.12.4", minimum required is "3") \n'}
[1.638004] (turtlebot3_rotating_sensor) StdoutLine: {'line': b'-- Config-file not installed for ZeroMQ -- checking for pkg-config\n'}
[1.642293] (turtlebot3_rotating_sensor) StdoutLine: {'line': b"-- Checking for module 'libzmq >= 4'\n"}
[1.653049] (turtlebot3_rotating_sensor) StdoutLine: {'line': b'--   Found libzmq , version 4.3.4\n'}
[1.682268] (turtlebot3_rotating_sensor) StdoutLine: {'line': b'-- Found ZeroMQ: TRUE (Required is at least version "4") \n'}
[1.686925] (turtlebot3_rotating_sensor) StdoutLine: {'line': b"-- Checking for module 'uuid'\n"}
[1.696658] (turtlebot3_rotating_sensor) StdoutLine: {'line': b'--   Found uuid, version 2.37.2\n'}
[1.701127] (-) TimerEvent: {}
[1.726747] (turtlebot3_rotating_sensor) StdoutLine: {'line': b'-- Found UUID: TRUE  \n'}
[1.728396] (turtlebot3_rotating_sensor) StdoutLine: {'line': b'-- Looking for ignition-msgs5 -- found version 5.8.1\n'}
[1.728807] (turtlebot3_rotating_sensor) StdoutLine: {'line': b'-- Searching for dependencies of ignition-msgs5\n'}
[1.745398] (turtlebot3_rotating_sensor) StdoutLine: {'line': b'-- Looking for ignition-math6 -- found version 6.15.1\n'}
[1.749627] (turtlebot3_rotating_sensor) StdoutLine: {'line': b"-- Checking for module 'tinyxml2'\n"}
[1.759798] (turtlebot3_rotating_sensor) StdoutLine: {'line': b'--   Found tinyxml2, version 9.0.0\n'}
[1.786719] (turtlebot3_rotating_sensor) StdoutLine: {'line': b'-- Looking for ignition-msgs5 -- found version 5.8.1\n'}
[1.788338] (turtlebot3_rotating_sensor) StdoutLine: {'line': b'-- Looking for ignition-common3 -- found version 3.14.0\n'}
[1.788860] (turtlebot3_rotating_sensor) StdoutLine: {'line': b'-- Searching for dependencies of ignition-common3\n'}
[1.789057] (turtlebot3_rotating_sensor) StdoutLine: {'line': b'-- Looking for dlfcn.h - found\n'}
[1.789603] (turtlebot3_rotating_sensor) StdoutLine: {'line': b'-- Looking for libdl - found\n'}
[1.790743] (turtlebot3_rotating_sensor) StdoutLine: {'line': b'-- Found DL: TRUE  \n'}
[1.799485] (turtlebot3_rotating_sensor) StdoutLine: {'line': b'-- Found tinyobjloader: /usr/lib/x86_64-linux-gnu/cmake/tinyobjloader/tinyobjloader-config.cmake (found version "2.0.0") \n'}
[1.799889] (turtlebot3_rotating_sensor) StdoutLine: {'line': b'-- Searching for <ignition-common3> component [graphics]\n'}
[1.801237] (-) TimerEvent: {}
[1.801447] (turtlebot3_rotating_sensor) StdoutLine: {'line': b'-- Looking for ignition-common3-graphics -- found version 3.14.0\n'}
[1.801865] (turtlebot3_rotating_sensor) StdoutLine: {'line': b'-- Searching for dependencies of ignition-common3-graphics\n'}
[1.802188] (turtlebot3_rotating_sensor) StdoutLine: {'line': b'-- Looking for ignition-math6 -- found version 6.15.1\n'}
[1.804172] (turtlebot3_rotating_sensor) StdoutLine: {'line': b'-- Looking for ignition-fuel_tools4 -- found version 4.4.0\n'}
[1.804541] (turtlebot3_rotating_sensor) StdoutLine: {'line': b'-- Searching for dependencies of ignition-fuel_tools4\n'}
[1.870934] (turtlebot3_rotating_sensor) StdoutLine: {'line': b'-- Found CURL: /usr/lib/x86_64-linux-gnu/libcurl.so (found version "7.81.0")  \n'}
[1.877825] (turtlebot3_rotating_sensor) StdoutLine: {'line': b"-- Checking for module 'jsoncpp'\n"}
[1.888008] (turtlebot3_rotating_sensor) StdoutLine: {'line': b'--   Found jsoncpp, version 1.9.5\n'}
[1.901351] (-) TimerEvent: {}
[1.917391] (turtlebot3_rotating_sensor) StdoutLine: {'line': b'-- Found JSONCPP: TRUE  \n'}
[1.923444] (turtlebot3_rotating_sensor) StdoutLine: {'line': b"-- Checking for module 'libzip'\n"}
[1.934469] (turtlebot3_rotating_sensor) StdoutLine: {'line': b'--   Found libzip, version 1.7.3\n'}
[1.961224] (turtlebot3_rotating_sensor) StdoutLine: {'line': b'-- Found ZIP: TRUE  \n'}
[1.961597] (turtlebot3_rotating_sensor) StdoutLine: {'line': b'-- Looking for ignition-common3 -- found version 3.14.0\n'}
[1.961956] (turtlebot3_rotating_sensor) StdoutLine: {'line': b'-- Looking for ignition-math6 -- found version 6.15.1\n'}
[1.962295] (turtlebot3_rotating_sensor) StdoutLine: {'line': b'-- Looking for ignition-msgs5 -- found version 5.8.1\n'}
[1.964785] (turtlebot3_rotating_sensor) StdoutLine: {'line': b'-- Gazebo version: 11.10\n'}
[1.965043] (turtlebot3_rotating_sensor) StdoutLine: {'line': b"-- Checking for module 'tbb'\n"}
[1.975453] (turtlebot3_rotating_sensor) StdoutLine: {'line': b'--   Found tbb, version 2021.5.0\n'}
[2.001472] (-) TimerEvent: {}
[2.011529] (turtlebot3_rotating_sensor) StderrLine: {'line': b'\x1b[31mCMake Error at CMakeLists.txt:13 (find_package):\n'}
[2.011758] (turtlebot3_rotating_sensor) StderrLine: {'line': b'  By not providing "Findxacro.cmake" in CMAKE_MODULE_PATH this project has\n'}
[2.011823] (turtlebot3_rotating_sensor) StderrLine: {'line': b'  asked CMake to find a package configuration file provided by "xacro", but\n'}
[2.011875] (turtlebot3_rotating_sensor) StderrLine: {'line': b'  CMake did not find one.\n'}
[2.011925] (turtlebot3_rotating_sensor) StderrLine: {'line': b'\n'}
[2.011974] (turtlebot3_rotating_sensor) StderrLine: {'line': b'  Could not find a package configuration file provided by "xacro" with any of\n'}
[2.012022] (turtlebot3_rotating_sensor) StderrLine: {'line': b'  the following names:\n'}
[2.012071] (turtlebot3_rotating_sensor) StderrLine: {'line': b'\n'}
[2.012119] (turtlebot3_rotating_sensor) StderrLine: {'line': b'    xacroConfig.cmake\n'}
[2.012167] (turtlebot3_rotating_sensor) StderrLine: {'line': b'    xacro-config.cmake\n'}
[2.012216] (turtlebot3_rotating_sensor) StderrLine: {'line': b'\n'}
[2.012263] (turtlebot3_rotating_sensor) StderrLine: {'line': b'  Add the installation prefix of "xacro" to CMAKE_PREFIX_PATH or set\n'}
[2.012313] (turtlebot3_rotating_sensor) StderrLine: {'line': b'  "xacro_DIR" to a directory containing one of the above files.  If "xacro"\n'}
[2.012361] (turtlebot3_rotating_sensor) StderrLine: {'line': b'  provides a separate development package or SDK, be sure it has been\n'}
[2.012408] (turtlebot3_rotating_sensor) StderrLine: {'line': b'  installed.\n'}
[2.012455] (turtlebot3_rotating_sensor) StderrLine: {'line': b'\n'}
[2.012502] (turtlebot3_rotating_sensor) StderrLine: {'line': b'\x1b[0m\n'}
[2.012550] (turtlebot3_rotating_sensor) StdoutLine: {'line': b'-- Configuring incomplete, errors occurred!\n'}
[2.012607] (turtlebot3_rotating_sensor) StdoutLine: {'line': b'See also "/home/mattb/ros2_ws/build/turtlebot3_rotating_sensor/CMakeFiles/CMakeOutput.log".\n'}
[2.025813] (turtlebot3_rotating_sensor) CommandEnded: {'returncode': 1}
[2.041067] (turtlebot3_rotating_sensor) JobEnded: {'identifier': 'turtlebot3_rotating_sensor', 'rc': 1}
[2.051488] (-) EventReactorShutdown: {}
