ISO-10303-21;
HEADER;
/* Generated by software containing ST-Developer
 * from STEP Tools, Inc. (www.steptools.com) 
 */
/* OPTION: using custom renumber hook */

FILE_DESCRIPTION(
/* description */ ('STEP AP242',
'CAx-IF Rec.Pracs.---Representation and Presentation of Product Manufa
cturing Information (PMI)---4.0---2014-10-13',
'CAx-IF Rec.Pracs.---3D Tessellated Geometry---0.4---2014-09-14','2;1'),

/* implementation_level */ '2;1');

FILE_NAME(
/* name */ '6887ae766ef80862d9abfff2',
/* time_stamp */ '2025-07-28T17:08:07Z',
/* author */ (''),
/* organization */ (''),
/* preprocessor_version */ 'ST-DEVELOPER v20',
/* originating_system */ 'ONSHAPE BY PTC INC, 1.201',
/* authorisation */ '  ');

FILE_SCHEMA (('AP242_MANAGED_MODEL_BASED_3D_ENGINEERING_MIM_LF { 1 0 10303 442 1 1 4 }'));
ENDSEC;

DATA;
#10=SHAPE_REPRESENTATION_RELATIONSHIP('','',#6691,#11);
#11=ADVANCED_BREP_SHAPE_REPRESENTATION('',(#6689),#11327);
#12=PLANE('',#6756);
#13=PLANE('',#6757);
#14=PLANE('',#6758);
#15=PLANE('',#6759);
#16=PLANE('',#6760);
#17=PLANE('',#6761);
#18=PLANE('',#6762);
#19=PLANE('',#6763);
#20=PLANE('',#6764);
#21=PLANE('',#6765);
#22=PLANE('',#6766);
#23=PLANE('',#6767);
#24=PLANE('',#6768);
#25=PLANE('',#6769);
#26=PLANE('',#6770);
#27=PLANE('',#6771);
#28=PLANE('',#6772);
#29=PLANE('',#6780);
#30=PLANE('',#7001);
#31=PLANE('',#7233);
#32=PLANE('',#7235);
#33=PLANE('',#7238);
#34=PLANE('',#7240);
#35=PLANE('',#7242);
#36=PLANE('',#7245);
#37=PLANE('',#7247);
#38=PLANE('',#7248);
#39=PLANE('',#7250);
#40=PLANE('',#7252);
#41=PLANE('',#7255);
#42=PLANE('',#7256);
#43=PLANE('',#7259);
#44=PLANE('',#7261);
#45=PLANE('',#7263);
#46=PLANE('',#7265);
#47=PLANE('',#7266);
#48=PLANE('',#7268);
#49=PLANE('',#7270);
#50=PLANE('',#7272);
#51=PLANE('',#7273);
#52=PLANE('',#7275);
#53=PLANE('',#7277);
#54=PLANE('',#7279);
#55=PLANE('',#7281);
#56=PLANE('',#7283);
#57=PLANE('',#7285);
#58=PLANE('',#7286);
#59=PLANE('',#7287);
#60=PLANE('',#7469);
#61=PLANE('',#7472);
#62=PLANE('',#7473);
#63=PLANE('',#7478);
#64=PLANE('',#7479);
#65=PLANE('',#7480);
#66=PLANE('',#7481);
#67=PLANE('',#7488);
#68=PLANE('',#7493);
#69=PLANE('',#7494);
#70=PLANE('',#7495);
#71=PLANE('',#7510);
#72=PLANE('',#7511);
#73=PLANE('',#7512);
#74=PLANE('',#7513);
#75=PLANE('',#7514);
#76=PLANE('',#7517);
#77=PLANE('',#7520);
#78=PLANE('',#7523);
#79=PLANE('',#7526);
#80=PLANE('',#7529);
#81=PLANE('',#7532);
#82=PLANE('',#7537);
#83=PLANE('',#7540);
#84=PLANE('',#7543);
#85=PLANE('',#7546);
#86=PLANE('',#7549);
#87=PLANE('',#7552);
#88=PLANE('',#7555);
#89=LINE('',#9620,#353);
#90=LINE('',#9625,#354);
#91=LINE('',#9629,#355);
#92=LINE('',#9634,#356);
#93=LINE('',#9638,#357);
#94=LINE('',#9643,#358);
#95=LINE('',#9647,#359);
#96=LINE('',#9652,#360);
#97=LINE('',#9656,#361);
#98=LINE('',#9661,#362);
#99=LINE('',#9665,#363);
#100=LINE('',#9670,#364);
#101=LINE('',#9674,#365);
#102=LINE('',#9679,#366);
#103=LINE('',#9683,#367);
#104=LINE('',#9686,#368);
#105=LINE('',#9688,#369);
#106=LINE('',#9690,#370);
#107=LINE('',#9691,#371);
#108=LINE('',#9693,#372);
#109=LINE('',#9696,#373);
#110=LINE('',#9697,#374);
#111=LINE('',#9699,#375);
#112=LINE('',#9701,#376);
#113=LINE('',#9703,#377);
#114=LINE('',#9706,#378);
#115=LINE('',#9708,#379);
#116=LINE('',#9710,#380);
#117=LINE('',#9711,#381);
#118=LINE('',#9713,#382);
#119=LINE('',#9716,#383);
#120=LINE('',#9717,#384);
#121=LINE('',#9719,#385);
#122=LINE('',#9721,#386);
#123=LINE('',#9724,#387);
#124=LINE('',#9726,#388);
#125=LINE('',#9728,#389);
#126=LINE('',#9729,#390);
#127=LINE('',#9731,#391);
#128=LINE('',#9734,#392);
#129=LINE('',#9735,#393);
#130=LINE('',#9737,#394);
#131=LINE('',#9739,#395);
#132=LINE('',#9741,#396);
#133=LINE('',#9743,#397);
#134=LINE('',#9745,#398);
#135=LINE('',#9747,#399);
#136=LINE('',#9749,#400);
#137=LINE('',#9751,#401);
#138=LINE('',#9754,#402);
#139=LINE('',#9756,#403);
#140=LINE('',#9758,#404);
#141=LINE('',#9760,#405);
#142=LINE('',#9762,#406);
#143=LINE('',#9765,#407);
#144=LINE('',#9766,#408);
#145=LINE('',#9768,#409);
#146=LINE('',#9770,#410);
#147=LINE('',#9773,#411);
#148=LINE('',#9775,#412);
#149=LINE('',#9777,#413);
#150=LINE('',#9778,#414);
#151=LINE('',#9780,#415);
#152=LINE('',#9783,#416);
#153=LINE('',#9784,#417);
#154=LINE('',#9786,#418);
#155=LINE('',#9788,#419);
#156=LINE('',#9790,#420);
#157=LINE('',#9793,#421);
#158=LINE('',#9795,#422);
#159=LINE('',#9797,#423);
#160=LINE('',#9798,#424);
#161=LINE('',#9800,#425);
#162=LINE('',#9803,#426);
#163=LINE('',#9805,#427);
#164=LINE('',#9807,#428);
#165=LINE('',#9809,#429);
#166=LINE('',#9811,#430);
#167=LINE('',#9814,#431);
#168=LINE('',#9816,#432);
#169=LINE('',#9818,#433);
#170=LINE('',#9820,#434);
#171=LINE('',#9822,#435);
#172=LINE('',#9824,#436);
#173=LINE('',#9826,#437);
#174=LINE('',#9828,#438);
#175=LINE('',#9831,#439);
#176=LINE('',#9833,#440);
#177=LINE('',#9835,#441);
#178=LINE('',#9837,#442);
#179=LINE('',#9839,#443);
#180=LINE('',#9841,#444);
#181=LINE('',#9843,#445);
#182=LINE('',#9845,#446);
#183=LINE('',#9847,#447);
#184=LINE('',#9850,#448);
#185=LINE('',#9852,#449);
#186=LINE('',#9854,#450);
#187=LINE('',#9856,#451);
#188=LINE('',#9860,#452);
#189=LINE('',#9863,#453);
#190=LINE('',#9865,#454);
#191=LINE('',#9867,#455);
#192=LINE('',#9881,#456);
#193=LINE('',#9888,#457);
#194=LINE('',#9892,#458);
#195=LINE('',#9899,#459);
#196=LINE('',#9900,#460);
#197=LINE('',#9902,#461);
#198=LINE('',#9904,#462);
#199=LINE('',#9906,#463);
#200=LINE('',#9910,#464);
#201=LINE('',#9914,#465);
#202=LINE('',#9916,#466);
#203=LINE('',#9918,#467);
#204=LINE('',#9922,#468);
#205=LINE('',#9926,#469);
#206=LINE('',#9928,#470);
#207=LINE('',#9930,#471);
#208=LINE('',#9932,#472);
#209=LINE('',#9933,#473);
#210=LINE('',#9936,#474);
#211=LINE('',#9938,#475);
#212=LINE('',#9942,#476);
#213=LINE('',#9945,#477);
#214=LINE('',#9948,#478);
#215=LINE('',#9952,#479);
#216=LINE('',#9956,#480);
#217=LINE('',#9960,#481);
#218=LINE('',#9964,#482);
#219=LINE('',#9968,#483);
#220=LINE('',#9972,#484);
#221=LINE('',#9973,#485);
#222=LINE('',#9978,#486);
#223=LINE('',#9982,#487);
#224=LINE('',#9986,#488);
#225=LINE('',#9989,#489);
#226=LINE('',#9994,#490);
#227=LINE('',#9998,#491);
#228=LINE('',#10002,#492);
#229=LINE('',#10370,#493);
#230=LINE('',#10374,#494);
#231=LINE('',#10378,#495);
#232=LINE('',#10382,#496);
#233=LINE('',#10392,#497);
#234=LINE('',#10395,#498);
#235=LINE('',#10399,#499);
#236=LINE('',#10403,#500);
#237=LINE('',#10404,#501);
#238=LINE('',#10407,#502);
#239=LINE('',#10411,#503);
#240=LINE('',#10415,#504);
#241=LINE('',#10416,#505);
#242=LINE('',#10419,#506);
#243=LINE('',#10421,#507);
#244=LINE('',#10425,#508);
#245=LINE('',#10430,#509);
#246=LINE('',#10439,#510);
#247=LINE('',#10446,#511);
#248=LINE('',#10455,#512);
#249=LINE('',#10459,#513);
#250=LINE('',#10461,#514);
#251=LINE('',#10463,#515);
#252=LINE('',#10470,#516);
#253=LINE('',#10474,#517);
#254=LINE('',#10478,#518);
#255=LINE('',#10482,#519);
#256=LINE('',#10483,#520);
#257=LINE('',#10486,#521);
#258=LINE('',#10490,#522);
#259=LINE('',#10494,#523);
#260=LINE('',#10495,#524);
#261=LINE('',#10500,#525);
#262=LINE('',#10504,#526);
#263=LINE('',#10508,#527);
#264=LINE('',#10511,#528);
#265=LINE('',#10516,#529);
#266=LINE('',#10520,#530);
#267=LINE('',#10524,#531);
#268=LINE('',#10892,#532);
#269=LINE('',#10896,#533);
#270=LINE('',#10900,#534);
#271=LINE('',#10904,#535);
#272=LINE('',#10916,#536);
#273=LINE('',#10917,#537);
#274=LINE('',#10919,#538);
#275=LINE('',#10921,#539);
#276=LINE('',#10923,#540);
#277=LINE('',#10925,#541);
#278=LINE('',#10926,#542);
#279=LINE('',#10928,#543);
#280=LINE('',#10930,#544);
#281=LINE('',#10932,#545);
#282=LINE('',#10934,#546);
#283=LINE('',#10936,#547);
#284=LINE('',#10938,#548);
#285=LINE('',#10940,#549);
#286=LINE('',#10941,#550);
#287=LINE('',#10943,#551);
#288=LINE('',#10945,#552);
#289=LINE('',#10947,#553);
#290=LINE('',#10948,#554);
#291=LINE('',#10949,#555);
#292=LINE('',#10951,#556);
#293=LINE('',#10952,#557);
#294=LINE('',#10953,#558);
#295=LINE('',#10954,#559);
#296=LINE('',#10956,#560);
#297=LINE('',#10958,#561);
#298=LINE('',#10960,#562);
#299=LINE('',#10962,#563);
#300=LINE('',#10964,#564);
#301=LINE('',#10965,#565);
#302=LINE('',#10968,#566);
#303=LINE('',#10970,#567);
#304=LINE('',#10972,#568);
#305=LINE('',#10974,#569);
#306=LINE('',#10975,#570);
#307=LINE('',#10978,#571);
#308=LINE('',#10980,#572);
#309=LINE('',#10981,#573);
#310=LINE('',#10983,#574);
#311=LINE('',#10985,#575);
#312=LINE('',#10987,#576);
#313=LINE('',#10989,#577);
#314=LINE('',#10991,#578);
#315=LINE('',#10993,#579);
#316=LINE('',#10995,#580);
#317=LINE('',#10996,#581);
#318=LINE('',#10998,#582);
#319=LINE('',#11000,#583);
#320=LINE('',#11002,#584);
#321=LINE('',#11004,#585);
#322=LINE('',#11006,#586);
#323=LINE('',#11008,#587);
#324=LINE('',#11010,#588);
#325=LINE('',#11011,#589);
#326=LINE('',#11013,#590);
#327=LINE('',#11015,#591);
#328=LINE('',#11017,#592);
#329=LINE('',#11019,#593);
#330=LINE('',#11021,#594);
#331=LINE('',#11022,#595);
#332=LINE('',#11024,#596);
#333=LINE('',#11026,#597);
#334=LINE('',#11028,#598);
#335=LINE('',#11030,#599);
#336=LINE('',#11032,#600);
#337=LINE('',#11034,#601);
#338=LINE('',#11037,#602);
#339=LINE('',#11039,#603);
#340=LINE('',#11222,#604);
#341=LINE('',#11227,#605);
#342=LINE('',#11233,#606);
#343=LINE('',#11234,#607);
#344=LINE('',#11236,#608);
#345=LINE('',#11238,#609);
#346=LINE('',#11240,#610);
#347=LINE('',#11242,#611);
#348=LINE('',#11244,#612);
#349=LINE('',#11254,#613);
#350=LINE('',#11255,#614);
#351=LINE('',#11258,#615);
#352=LINE('',#11260,#616);
#353=VECTOR('',#7644,1.);
#354=VECTOR('',#7647,1.);
#355=VECTOR('',#7652,1.);
#356=VECTOR('',#7655,1.);
#357=VECTOR('',#7660,1.);
#358=VECTOR('',#7663,1.);
#359=VECTOR('',#7668,1.);
#360=VECTOR('',#7671,1.);
#361=VECTOR('',#7676,1.);
#362=VECTOR('',#7679,1.);
#363=VECTOR('',#7684,1.);
#364=VECTOR('',#7687,1.);
#365=VECTOR('',#7692,1.);
#366=VECTOR('',#7695,1.);
#367=VECTOR('',#7700,1.);
#368=VECTOR('',#7701,1.);
#369=VECTOR('',#7702,1.);
#370=VECTOR('',#7703,1.);
#371=VECTOR('',#7704,1.);
#372=VECTOR('',#7707,1.);
#373=VECTOR('',#7708,1.);
#374=VECTOR('',#7709,1.);
#375=VECTOR('',#7710,1.);
#376=VECTOR('',#7711,1.);
#377=VECTOR('',#7714,1.);
#378=VECTOR('',#7715,1.);
#379=VECTOR('',#7716,1.);
#380=VECTOR('',#7717,1.);
#381=VECTOR('',#7718,1.);
#382=VECTOR('',#7721,1.);
#383=VECTOR('',#7722,1.);
#384=VECTOR('',#7723,1.);
#385=VECTOR('',#7724,1.);
#386=VECTOR('',#7727,1.);
#387=VECTOR('',#7728,1.);
#388=VECTOR('',#7729,1.);
#389=VECTOR('',#7730,1.);
#390=VECTOR('',#7731,1.);
#391=VECTOR('',#7734,1.);
#392=VECTOR('',#7735,1.);
#393=VECTOR('',#7736,1.);
#394=VECTOR('',#7737,1.);
#395=VECTOR('',#7738,1.);
#396=VECTOR('',#7741,1.);
#397=VECTOR('',#7742,1.);
#398=VECTOR('',#7743,1.);
#399=VECTOR('',#7744,1.);
#400=VECTOR('',#7745,1.);
#401=VECTOR('',#7748,1.);
#402=VECTOR('',#7749,1.);
#403=VECTOR('',#7750,1.);
#404=VECTOR('',#7751,1.);
#405=VECTOR('',#7752,1.);
#406=VECTOR('',#7755,1.);
#407=VECTOR('',#7756,1.);
#408=VECTOR('',#7757,1.);
#409=VECTOR('',#7758,1.);
#410=VECTOR('',#7761,1.);
#411=VECTOR('',#7762,1.);
#412=VECTOR('',#7763,1.);
#413=VECTOR('',#7764,1.);
#414=VECTOR('',#7765,1.);
#415=VECTOR('',#7768,1.);
#416=VECTOR('',#7769,1.);
#417=VECTOR('',#7770,1.);
#418=VECTOR('',#7771,1.);
#419=VECTOR('',#7772,1.);
#420=VECTOR('',#7775,1.);
#421=VECTOR('',#7776,1.);
#422=VECTOR('',#7777,1.);
#423=VECTOR('',#7778,1.);
#424=VECTOR('',#7779,1.);
#425=VECTOR('',#7782,1.);
#426=VECTOR('',#7783,1.);
#427=VECTOR('',#7784,1.);
#428=VECTOR('',#7785,1.);
#429=VECTOR('',#7786,1.);
#430=VECTOR('',#7789,1.);
#431=VECTOR('',#7790,1.);
#432=VECTOR('',#7791,1.);
#433=VECTOR('',#7792,1.);
#434=VECTOR('',#7793,1.);
#435=VECTOR('',#7794,1.);
#436=VECTOR('',#7795,1.);
#437=VECTOR('',#7796,1.);
#438=VECTOR('',#7799,1.);
#439=VECTOR('',#7800,1.);
#440=VECTOR('',#7801,1.);
#441=VECTOR('',#7802,1.);
#442=VECTOR('',#7803,1.);
#443=VECTOR('',#7806,1.);
#444=VECTOR('',#7807,1.);
#445=VECTOR('',#7808,1.);
#446=VECTOR('',#7809,1.);
#447=VECTOR('',#7812,1.);
#448=VECTOR('',#7813,1.);
#449=VECTOR('',#7814,1.);
#450=VECTOR('',#7815,1.);
#451=VECTOR('',#7816,1.);
#452=VECTOR('',#7821,1.);
#453=VECTOR('',#7822,1.);
#454=VECTOR('',#7823,1.);
#455=VECTOR('',#7824,1.);
#456=VECTOR('',#7839,1.);
#457=VECTOR('',#7848,1.);
#458=VECTOR('',#7853,1.);
#459=VECTOR('',#7862,1.);
#460=VECTOR('',#7863,1.);
#461=VECTOR('',#7864,1.);
#462=VECTOR('',#7865,1.);
#463=VECTOR('',#7866,1.);
#464=VECTOR('',#7869,1.);
#465=VECTOR('',#7872,1.);
#466=VECTOR('',#7873,1.);
#467=VECTOR('',#7874,1.);
#468=VECTOR('',#7877,1.);
#469=VECTOR('',#7880,1.);
#470=VECTOR('',#7881,1.);
#471=VECTOR('',#7882,1.);
#472=VECTOR('',#7883,1.);
#473=VECTOR('',#7884,1.);
#474=VECTOR('',#7885,1.);
#475=VECTOR('',#7886,1.);
#476=VECTOR('',#7889,1.);
#477=VECTOR('',#7892,1.);
#478=VECTOR('',#7893,1.);
#479=VECTOR('',#7896,1.);
#480=VECTOR('',#7899,1.);
#481=VECTOR('',#7902,1.);
#482=VECTOR('',#7905,1.);
#483=VECTOR('',#7908,1.);
#484=VECTOR('',#7911,1.);
#485=VECTOR('',#7912,1.);
#486=VECTOR('',#7915,1.);
#487=VECTOR('',#7918,1.);
#488=VECTOR('',#7921,1.);
#489=VECTOR('',#7924,1.);
#490=VECTOR('',#7927,1.);
#491=VECTOR('',#7930,1.);
#492=VECTOR('',#7933,1.);
#493=VECTOR('',#8300,1.);
#494=VECTOR('',#8303,1.);
#495=VECTOR('',#8306,1.);
#496=VECTOR('',#8309,1.);
#497=VECTOR('',#8320,1.);
#498=VECTOR('',#8321,1.);
#499=VECTOR('',#8324,1.);
#500=VECTOR('',#8327,1.);
#501=VECTOR('',#8328,1.);
#502=VECTOR('',#8329,1.);
#503=VECTOR('',#8332,1.);
#504=VECTOR('',#8335,1.);
#505=VECTOR('',#8336,1.);
#506=VECTOR('',#8337,1.);
#507=VECTOR('',#8338,1.);
#508=VECTOR('',#8341,1.);
#509=VECTOR('',#8346,1.);
#510=VECTOR('',#8359,1.);
#511=VECTOR('',#8368,1.);
#512=VECTOR('',#8381,1.);
#513=VECTOR('',#8386,1.);
#514=VECTOR('',#8387,1.);
#515=VECTOR('',#8388,1.);
#516=VECTOR('',#8395,1.);
#517=VECTOR('',#8398,1.);
#518=VECTOR('',#8401,1.);
#519=VECTOR('',#8404,1.);
#520=VECTOR('',#8405,1.);
#521=VECTOR('',#8406,1.);
#522=VECTOR('',#8409,1.);
#523=VECTOR('',#8412,1.);
#524=VECTOR('',#8413,1.);
#525=VECTOR('',#8416,1.);
#526=VECTOR('',#8419,1.);
#527=VECTOR('',#8422,1.);
#528=VECTOR('',#8425,1.);
#529=VECTOR('',#8428,1.);
#530=VECTOR('',#8431,1.);
#531=VECTOR('',#8434,1.);
#532=VECTOR('',#8801,1.);
#533=VECTOR('',#8804,1.);
#534=VECTOR('',#8807,1.);
#535=VECTOR('',#8810,1.);
#536=VECTOR('',#8823,1.);
#537=VECTOR('',#8824,1.);
#538=VECTOR('',#8827,1.);
#539=VECTOR('',#8830,1.);
#540=VECTOR('',#8833,1.);
#541=VECTOR('',#8836,1.);
#542=VECTOR('',#8837,1.);
#543=VECTOR('',#8840,1.);
#544=VECTOR('',#8843,1.);
#545=VECTOR('',#8846,1.);
#546=VECTOR('',#8849,1.);
#547=VECTOR('',#8852,1.);
#548=VECTOR('',#8855,1.);
#549=VECTOR('',#8858,1.);
#550=VECTOR('',#8859,1.);
#551=VECTOR('',#8862,1.);
#552=VECTOR('',#8865,1.);
#553=VECTOR('',#8868,1.);
#554=VECTOR('',#8869,1.);
#555=VECTOR('',#8870,1.);
#556=VECTOR('',#8873,1.);
#557=VECTOR('',#8874,1.);
#558=VECTOR('',#8875,1.);
#559=VECTOR('',#8876,1.);
#560=VECTOR('',#8879,1.);
#561=VECTOR('',#8882,1.);
#562=VECTOR('',#8885,1.);
#563=VECTOR('',#8888,1.);
#564=VECTOR('',#8889,1.);
#565=VECTOR('',#8890,1.);
#566=VECTOR('',#8895,1.);
#567=VECTOR('',#8898,1.);
#568=VECTOR('',#8901,1.);
#569=VECTOR('',#8902,1.);
#570=VECTOR('',#8903,1.);
#571=VECTOR('',#8908,1.);
#572=VECTOR('',#8911,1.);
#573=VECTOR('',#8912,1.);
#574=VECTOR('',#8915,1.);
#575=VECTOR('',#8918,1.);
#576=VECTOR('',#8921,1.);
#577=VECTOR('',#8924,1.);
#578=VECTOR('',#8927,1.);
#579=VECTOR('',#8930,1.);
#580=VECTOR('',#8933,1.);
#581=VECTOR('',#8934,1.);
#582=VECTOR('',#8937,1.);
#583=VECTOR('',#8940,1.);
#584=VECTOR('',#8943,1.);
#585=VECTOR('',#8946,1.);
#586=VECTOR('',#8949,1.);
#587=VECTOR('',#8952,1.);
#588=VECTOR('',#8955,1.);
#589=VECTOR('',#8956,1.);
#590=VECTOR('',#8959,1.);
#591=VECTOR('',#8962,1.);
#592=VECTOR('',#8965,1.);
#593=VECTOR('',#8968,1.);
#594=VECTOR('',#8971,1.);
#595=VECTOR('',#8972,1.);
#596=VECTOR('',#8975,1.);
#597=VECTOR('',#8978,1.);
#598=VECTOR('',#8981,1.);
#599=VECTOR('',#8984,1.);
#600=VECTOR('',#8987,1.);
#601=VECTOR('',#8990,1.);
#602=VECTOR('',#8995,1.);
#603=VECTOR('',#8998,1.);
#604=VECTOR('',#9363,1.);
#605=VECTOR('',#9372,1.);
#606=VECTOR('',#9383,1.);
#607=VECTOR('',#9384,1.);
#608=VECTOR('',#9387,1.);
#609=VECTOR('',#9388,1.);
#610=VECTOR('',#9391,1.);
#611=VECTOR('',#9392,1.);
#612=VECTOR('',#9395,1.);
#613=VECTOR('',#9408,1.);
#614=VECTOR('',#9409,1.);
#615=VECTOR('',#9414,1.);
#616=VECTOR('',#9417,1.);
#617=ORIENTED_EDGE('',*,*,#2193,.F.);
#618=ORIENTED_EDGE('',*,*,#2194,.F.);
#619=ORIENTED_EDGE('',*,*,#2195,.F.);
#620=ORIENTED_EDGE('',*,*,#2196,.F.);
#621=ORIENTED_EDGE('',*,*,#2197,.F.);
#622=ORIENTED_EDGE('',*,*,#2198,.F.);
#623=ORIENTED_EDGE('',*,*,#2199,.F.);
#624=ORIENTED_EDGE('',*,*,#2200,.F.);
#625=ORIENTED_EDGE('',*,*,#2201,.F.);
#626=ORIENTED_EDGE('',*,*,#2202,.F.);
#627=ORIENTED_EDGE('',*,*,#2203,.F.);
#628=ORIENTED_EDGE('',*,*,#2204,.F.);
#629=ORIENTED_EDGE('',*,*,#2205,.F.);
#630=ORIENTED_EDGE('',*,*,#2206,.F.);
#631=ORIENTED_EDGE('',*,*,#2207,.T.);
#632=ORIENTED_EDGE('',*,*,#2208,.F.);
#633=ORIENTED_EDGE('',*,*,#2209,.T.);
#634=ORIENTED_EDGE('',*,*,#2210,.F.);
#635=ORIENTED_EDGE('',*,*,#2211,.T.);
#636=ORIENTED_EDGE('',*,*,#2212,.F.);
#637=ORIENTED_EDGE('',*,*,#2213,.T.);
#638=ORIENTED_EDGE('',*,*,#2214,.F.);
#639=ORIENTED_EDGE('',*,*,#2215,.T.);
#640=ORIENTED_EDGE('',*,*,#2216,.F.);
#641=ORIENTED_EDGE('',*,*,#2217,.T.);
#642=ORIENTED_EDGE('',*,*,#2218,.F.);
#643=ORIENTED_EDGE('',*,*,#2219,.T.);
#644=ORIENTED_EDGE('',*,*,#2220,.F.);
#645=ORIENTED_EDGE('',*,*,#2221,.F.);
#646=ORIENTED_EDGE('',*,*,#2222,.T.);
#647=ORIENTED_EDGE('',*,*,#2223,.T.);
#648=ORIENTED_EDGE('',*,*,#2224,.F.);
#649=ORIENTED_EDGE('',*,*,#2225,.F.);
#650=ORIENTED_EDGE('',*,*,#2226,.T.);
#651=ORIENTED_EDGE('',*,*,#2227,.T.);
#652=ORIENTED_EDGE('',*,*,#2228,.F.);
#653=ORIENTED_EDGE('',*,*,#2229,.F.);
#654=ORIENTED_EDGE('',*,*,#2230,.T.);
#655=ORIENTED_EDGE('',*,*,#2231,.T.);
#656=ORIENTED_EDGE('',*,*,#2232,.F.);
#657=ORIENTED_EDGE('',*,*,#2233,.F.);
#658=ORIENTED_EDGE('',*,*,#2234,.T.);
#659=ORIENTED_EDGE('',*,*,#2235,.T.);
#660=ORIENTED_EDGE('',*,*,#2236,.F.);
#661=ORIENTED_EDGE('',*,*,#2237,.F.);
#662=ORIENTED_EDGE('',*,*,#2238,.T.);
#663=ORIENTED_EDGE('',*,*,#2239,.T.);
#664=ORIENTED_EDGE('',*,*,#2240,.F.);
#665=ORIENTED_EDGE('',*,*,#2241,.F.);
#666=ORIENTED_EDGE('',*,*,#2242,.T.);
#667=ORIENTED_EDGE('',*,*,#2243,.T.);
#668=ORIENTED_EDGE('',*,*,#2244,.F.);
#669=ORIENTED_EDGE('',*,*,#2245,.F.);
#670=ORIENTED_EDGE('',*,*,#2246,.T.);
#671=ORIENTED_EDGE('',*,*,#2247,.T.);
#672=ORIENTED_EDGE('',*,*,#2248,.F.);
#673=ORIENTED_EDGE('',*,*,#2249,.F.);
#674=ORIENTED_EDGE('',*,*,#2250,.T.);
#675=ORIENTED_EDGE('',*,*,#2251,.T.);
#676=ORIENTED_EDGE('',*,*,#2252,.T.);
#677=ORIENTED_EDGE('',*,*,#2223,.F.);
#678=ORIENTED_EDGE('',*,*,#2253,.F.);
#679=ORIENTED_EDGE('',*,*,#2254,.F.);
#680=ORIENTED_EDGE('',*,*,#2255,.T.);
#681=ORIENTED_EDGE('',*,*,#2245,.T.);
#682=ORIENTED_EDGE('',*,*,#2256,.T.);
#683=ORIENTED_EDGE('',*,*,#2257,.F.);
#684=ORIENTED_EDGE('',*,*,#2258,.F.);
#685=ORIENTED_EDGE('',*,*,#2259,.T.);
#686=ORIENTED_EDGE('',*,*,#2260,.T.);
#687=ORIENTED_EDGE('',*,*,#2261,.T.);
#688=ORIENTED_EDGE('',*,*,#2262,.F.);
#689=ORIENTED_EDGE('',*,*,#2247,.F.);
#690=ORIENTED_EDGE('',*,*,#2263,.F.);
#691=ORIENTED_EDGE('',*,*,#2264,.F.);
#692=ORIENTED_EDGE('',*,*,#2265,.T.);
#693=ORIENTED_EDGE('',*,*,#2241,.T.);
#694=ORIENTED_EDGE('',*,*,#2266,.T.);
#695=ORIENTED_EDGE('',*,*,#2267,.T.);
#696=ORIENTED_EDGE('',*,*,#2268,.F.);
#697=ORIENTED_EDGE('',*,*,#2269,.T.);
#698=ORIENTED_EDGE('',*,*,#2270,.T.);
#699=ORIENTED_EDGE('',*,*,#2271,.T.);
#700=ORIENTED_EDGE('',*,*,#2243,.F.);
#701=ORIENTED_EDGE('',*,*,#2272,.F.);
#702=ORIENTED_EDGE('',*,*,#2273,.F.);
#703=ORIENTED_EDGE('',*,*,#2274,.T.);
#704=ORIENTED_EDGE('',*,*,#2237,.T.);
#705=ORIENTED_EDGE('',*,*,#2275,.T.);
#706=ORIENTED_EDGE('',*,*,#2276,.F.);
#707=ORIENTED_EDGE('',*,*,#2277,.F.);
#708=ORIENTED_EDGE('',*,*,#2278,.F.);
#709=ORIENTED_EDGE('',*,*,#2279,.T.);
#710=ORIENTED_EDGE('',*,*,#2280,.T.);
#711=ORIENTED_EDGE('',*,*,#2281,.T.);
#712=ORIENTED_EDGE('',*,*,#2282,.F.);
#713=ORIENTED_EDGE('',*,*,#2239,.F.);
#714=ORIENTED_EDGE('',*,*,#2283,.F.);
#715=ORIENTED_EDGE('',*,*,#2284,.T.);
#716=ORIENTED_EDGE('',*,*,#2285,.F.);
#717=ORIENTED_EDGE('',*,*,#2286,.F.);
#718=ORIENTED_EDGE('',*,*,#2287,.F.);
#719=ORIENTED_EDGE('',*,*,#2288,.F.);
#720=ORIENTED_EDGE('',*,*,#2289,.T.);
#721=ORIENTED_EDGE('',*,*,#2229,.T.);
#722=ORIENTED_EDGE('',*,*,#2290,.T.);
#723=ORIENTED_EDGE('',*,*,#2291,.T.);
#724=ORIENTED_EDGE('',*,*,#2292,.F.);
#725=ORIENTED_EDGE('',*,*,#2293,.T.);
#726=ORIENTED_EDGE('',*,*,#2294,.T.);
#727=ORIENTED_EDGE('',*,*,#2295,.T.);
#728=ORIENTED_EDGE('',*,*,#2231,.F.);
#729=ORIENTED_EDGE('',*,*,#2296,.F.);
#730=ORIENTED_EDGE('',*,*,#2297,.F.);
#731=ORIENTED_EDGE('',*,*,#2298,.T.);
#732=ORIENTED_EDGE('',*,*,#2225,.T.);
#733=ORIENTED_EDGE('',*,*,#2299,.T.);
#734=ORIENTED_EDGE('',*,*,#2300,.F.);
#735=ORIENTED_EDGE('',*,*,#2301,.F.);
#736=ORIENTED_EDGE('',*,*,#2302,.T.);
#737=ORIENTED_EDGE('',*,*,#2303,.T.);
#738=ORIENTED_EDGE('',*,*,#2304,.T.);
#739=ORIENTED_EDGE('',*,*,#2305,.F.);
#740=ORIENTED_EDGE('',*,*,#2227,.F.);
#741=ORIENTED_EDGE('',*,*,#2306,.F.);
#742=ORIENTED_EDGE('',*,*,#2307,.F.);
#743=ORIENTED_EDGE('',*,*,#2308,.T.);
#744=ORIENTED_EDGE('',*,*,#2309,.F.);
#745=ORIENTED_EDGE('',*,*,#2310,.F.);
#746=ORIENTED_EDGE('',*,*,#2311,.F.);
#747=ORIENTED_EDGE('',*,*,#2312,.F.);
#748=ORIENTED_EDGE('',*,*,#2313,.T.);
#749=ORIENTED_EDGE('',*,*,#2314,.F.);
#750=ORIENTED_EDGE('',*,*,#2315,.F.);
#751=ORIENTED_EDGE('',*,*,#2316,.T.);
#752=ORIENTED_EDGE('',*,*,#2317,.T.);
#753=ORIENTED_EDGE('',*,*,#2318,.T.);
#754=ORIENTED_EDGE('',*,*,#2319,.F.);
#755=ORIENTED_EDGE('',*,*,#2320,.T.);
#756=ORIENTED_EDGE('',*,*,#2321,.T.);
#757=ORIENTED_EDGE('',*,*,#2322,.T.);
#758=ORIENTED_EDGE('',*,*,#2323,.F.);
#759=ORIENTED_EDGE('',*,*,#2324,.T.);
#760=ORIENTED_EDGE('',*,*,#2325,.F.);
#761=ORIENTED_EDGE('',*,*,#2326,.F.);
#762=ORIENTED_EDGE('',*,*,#2327,.F.);
#763=ORIENTED_EDGE('',*,*,#2328,.T.);
#764=ORIENTED_EDGE('',*,*,#2235,.F.);
#765=ORIENTED_EDGE('',*,*,#2329,.F.);
#766=ORIENTED_EDGE('',*,*,#2330,.F.);
#767=ORIENTED_EDGE('',*,*,#2331,.F.);
#768=ORIENTED_EDGE('',*,*,#2332,.T.);
#769=ORIENTED_EDGE('',*,*,#2333,.T.);
#770=ORIENTED_EDGE('',*,*,#2334,.T.);
#771=ORIENTED_EDGE('',*,*,#2315,.T.);
#772=ORIENTED_EDGE('',*,*,#2335,.T.);
#773=ORIENTED_EDGE('',*,*,#2336,.T.);
#774=ORIENTED_EDGE('',*,*,#2337,.F.);
#775=ORIENTED_EDGE('',*,*,#2338,.F.);
#776=ORIENTED_EDGE('',*,*,#2339,.T.);
#777=ORIENTED_EDGE('',*,*,#2340,.F.);
#778=ORIENTED_EDGE('',*,*,#2341,.T.);
#779=ORIENTED_EDGE('',*,*,#2342,.F.);
#780=ORIENTED_EDGE('',*,*,#2343,.T.);
#781=ORIENTED_EDGE('',*,*,#2344,.T.);
#782=ORIENTED_EDGE('',*,*,#2345,.F.);
#783=ORIENTED_EDGE('',*,*,#2346,.F.);
#784=ORIENTED_EDGE('',*,*,#2347,.F.);
#785=ORIENTED_EDGE('',*,*,#2290,.F.);
#786=ORIENTED_EDGE('',*,*,#2232,.T.);
#787=ORIENTED_EDGE('',*,*,#2295,.F.);
#788=ORIENTED_EDGE('',*,*,#2348,.F.);
#789=ORIENTED_EDGE('',*,*,#2299,.F.);
#790=ORIENTED_EDGE('',*,*,#2228,.T.);
#791=ORIENTED_EDGE('',*,*,#2305,.T.);
#792=ORIENTED_EDGE('',*,*,#2349,.F.);
#793=ORIENTED_EDGE('',*,*,#2310,.T.);
#794=ORIENTED_EDGE('',*,*,#2350,.T.);
#795=ORIENTED_EDGE('',*,*,#2351,.T.);
#796=ORIENTED_EDGE('',*,*,#2224,.T.);
#797=ORIENTED_EDGE('',*,*,#2252,.F.);
#798=ORIENTED_EDGE('',*,*,#2352,.F.);
#799=ORIENTED_EDGE('',*,*,#2256,.F.);
#800=ORIENTED_EDGE('',*,*,#2248,.T.);
#801=ORIENTED_EDGE('',*,*,#2262,.T.);
#802=ORIENTED_EDGE('',*,*,#2353,.F.);
#803=ORIENTED_EDGE('',*,*,#2354,.F.);
#804=ORIENTED_EDGE('',*,*,#2355,.F.);
#805=ORIENTED_EDGE('',*,*,#2266,.F.);
#806=ORIENTED_EDGE('',*,*,#2244,.T.);
#807=ORIENTED_EDGE('',*,*,#2271,.F.);
#808=ORIENTED_EDGE('',*,*,#2356,.F.);
#809=ORIENTED_EDGE('',*,*,#2275,.F.);
#810=ORIENTED_EDGE('',*,*,#2240,.T.);
#811=ORIENTED_EDGE('',*,*,#2282,.T.);
#812=ORIENTED_EDGE('',*,*,#2357,.F.);
#813=ORIENTED_EDGE('',*,*,#2286,.T.);
#814=ORIENTED_EDGE('',*,*,#2358,.T.);
#815=ORIENTED_EDGE('',*,*,#2359,.T.);
#816=ORIENTED_EDGE('',*,*,#2236,.T.);
#817=ORIENTED_EDGE('',*,*,#2328,.F.);
#818=ORIENTED_EDGE('',*,*,#2360,.F.);
#819=ORIENTED_EDGE('',*,*,#2361,.F.);
#820=ORIENTED_EDGE('',*,*,#2362,.T.);
#821=ORIENTED_EDGE('',*,*,#2363,.F.);
#822=ORIENTED_EDGE('',*,*,#2364,.T.);
#823=ORIENTED_EDGE('',*,*,#2365,.T.);
#824=ORIENTED_EDGE('',*,*,#2366,.T.);
#825=ORIENTED_EDGE('',*,*,#2367,.F.);
#826=ORIENTED_EDGE('',*,*,#2368,.T.);
#827=ORIENTED_EDGE('',*,*,#2369,.T.);
#828=ORIENTED_EDGE('',*,*,#2370,.F.);
#829=ORIENTED_EDGE('',*,*,#2371,.F.);
#830=ORIENTED_EDGE('',*,*,#2372,.F.);
#831=ORIENTED_EDGE('',*,*,#2373,.T.);
#832=ORIENTED_EDGE('',*,*,#2374,.T.);
#833=ORIENTED_EDGE('',*,*,#2375,.T.);
#834=ORIENTED_EDGE('',*,*,#2376,.T.);
#835=ORIENTED_EDGE('',*,*,#2323,.T.);
#836=ORIENTED_EDGE('',*,*,#2377,.T.);
#837=ORIENTED_EDGE('',*,*,#2378,.F.);
#838=ORIENTED_EDGE('',*,*,#2379,.F.);
#839=ORIENTED_EDGE('',*,*,#2380,.F.);
#840=ORIENTED_EDGE('',*,*,#2381,.F.);
#841=ORIENTED_EDGE('',*,*,#2382,.F.);
#842=ORIENTED_EDGE('',*,*,#2383,.F.);
#843=ORIENTED_EDGE('',*,*,#2384,.F.);
#844=ORIENTED_EDGE('',*,*,#2385,.T.);
#845=ORIENTED_EDGE('',*,*,#2386,.T.);
#846=ORIENTED_EDGE('',*,*,#2387,.T.);
#847=ORIENTED_EDGE('',*,*,#2388,.T.);
#848=ORIENTED_EDGE('',*,*,#2219,.F.);
#849=ORIENTED_EDGE('',*,*,#2217,.F.);
#850=ORIENTED_EDGE('',*,*,#2215,.F.);
#851=ORIENTED_EDGE('',*,*,#2213,.F.);
#852=ORIENTED_EDGE('',*,*,#2211,.F.);
#853=ORIENTED_EDGE('',*,*,#2209,.F.);
#854=ORIENTED_EDGE('',*,*,#2207,.F.);
#855=ORIENTED_EDGE('',*,*,#2389,.F.);
#856=ORIENTED_EDGE('',*,*,#2390,.F.);
#857=ORIENTED_EDGE('',*,*,#2391,.F.);
#858=ORIENTED_EDGE('',*,*,#2392,.T.);
#859=ORIENTED_EDGE('',*,*,#2393,.F.);
#860=ORIENTED_EDGE('',*,*,#2394,.T.);
#861=ORIENTED_EDGE('',*,*,#2395,.F.);
#862=ORIENTED_EDGE('',*,*,#2396,.F.);
#863=ORIENTED_EDGE('',*,*,#2397,.F.);
#864=ORIENTED_EDGE('',*,*,#2398,.T.);
#865=ORIENTED_EDGE('',*,*,#2399,.T.);
#866=ORIENTED_EDGE('',*,*,#2400,.T.);
#867=ORIENTED_EDGE('',*,*,#2401,.T.);
#868=ORIENTED_EDGE('',*,*,#2402,.T.);
#869=ORIENTED_EDGE('',*,*,#2403,.F.);
#870=ORIENTED_EDGE('',*,*,#2404,.T.);
#871=ORIENTED_EDGE('',*,*,#2405,.F.);
#872=ORIENTED_EDGE('',*,*,#2406,.F.);
#873=ORIENTED_EDGE('',*,*,#2407,.F.);
#874=ORIENTED_EDGE('',*,*,#2408,.F.);
#875=ORIENTED_EDGE('',*,*,#2409,.T.);
#876=ORIENTED_EDGE('',*,*,#2410,.F.);
#877=ORIENTED_EDGE('',*,*,#2411,.T.);
#878=ORIENTED_EDGE('',*,*,#2412,.F.);
#879=ORIENTED_EDGE('',*,*,#2413,.F.);
#880=ORIENTED_EDGE('',*,*,#2414,.F.);
#881=ORIENTED_EDGE('',*,*,#2415,.F.);
#882=ORIENTED_EDGE('',*,*,#2416,.F.);
#883=ORIENTED_EDGE('',*,*,#2417,.F.);
#884=ORIENTED_EDGE('',*,*,#2418,.F.);
#885=ORIENTED_EDGE('',*,*,#2419,.F.);
#886=ORIENTED_EDGE('',*,*,#2420,.F.);
#887=ORIENTED_EDGE('',*,*,#2421,.F.);
#888=ORIENTED_EDGE('',*,*,#2422,.F.);
#889=ORIENTED_EDGE('',*,*,#2423,.F.);
#890=ORIENTED_EDGE('',*,*,#2424,.F.);
#891=ORIENTED_EDGE('',*,*,#2425,.F.);
#892=ORIENTED_EDGE('',*,*,#2426,.F.);
#893=ORIENTED_EDGE('',*,*,#2427,.F.);
#894=ORIENTED_EDGE('',*,*,#2428,.F.);
#895=ORIENTED_EDGE('',*,*,#2429,.F.);
#896=ORIENTED_EDGE('',*,*,#2430,.F.);
#897=ORIENTED_EDGE('',*,*,#2431,.F.);
#898=ORIENTED_EDGE('',*,*,#2432,.F.);
#899=ORIENTED_EDGE('',*,*,#2433,.F.);
#900=ORIENTED_EDGE('',*,*,#2434,.F.);
#901=ORIENTED_EDGE('',*,*,#2435,.F.);
#902=ORIENTED_EDGE('',*,*,#2436,.F.);
#903=ORIENTED_EDGE('',*,*,#2437,.F.);
#904=ORIENTED_EDGE('',*,*,#2438,.F.);
#905=ORIENTED_EDGE('',*,*,#2439,.F.);
#906=ORIENTED_EDGE('',*,*,#2440,.F.);
#907=ORIENTED_EDGE('',*,*,#2441,.F.);
#908=ORIENTED_EDGE('',*,*,#2442,.F.);
#909=ORIENTED_EDGE('',*,*,#2443,.F.);
#910=ORIENTED_EDGE('',*,*,#2444,.F.);
#911=ORIENTED_EDGE('',*,*,#2445,.F.);
#912=ORIENTED_EDGE('',*,*,#2446,.F.);
#913=ORIENTED_EDGE('',*,*,#2447,.F.);
#914=ORIENTED_EDGE('',*,*,#2448,.F.);
#915=ORIENTED_EDGE('',*,*,#2449,.F.);
#916=ORIENTED_EDGE('',*,*,#2450,.F.);
#917=ORIENTED_EDGE('',*,*,#2451,.F.);
#918=ORIENTED_EDGE('',*,*,#2452,.F.);
#919=ORIENTED_EDGE('',*,*,#2453,.F.);
#920=ORIENTED_EDGE('',*,*,#2454,.F.);
#921=ORIENTED_EDGE('',*,*,#2455,.F.);
#922=ORIENTED_EDGE('',*,*,#2456,.F.);
#923=ORIENTED_EDGE('',*,*,#2457,.F.);
#924=ORIENTED_EDGE('',*,*,#2458,.F.);
#925=ORIENTED_EDGE('',*,*,#2459,.F.);
#926=ORIENTED_EDGE('',*,*,#2460,.F.);
#927=ORIENTED_EDGE('',*,*,#2461,.F.);
#928=ORIENTED_EDGE('',*,*,#2462,.F.);
#929=ORIENTED_EDGE('',*,*,#2463,.F.);
#930=ORIENTED_EDGE('',*,*,#2464,.F.);
#931=ORIENTED_EDGE('',*,*,#2465,.T.);
#932=ORIENTED_EDGE('',*,*,#2466,.T.);
#933=ORIENTED_EDGE('',*,*,#2467,.T.);
#934=ORIENTED_EDGE('',*,*,#2468,.T.);
#935=ORIENTED_EDGE('',*,*,#2469,.T.);
#936=ORIENTED_EDGE('',*,*,#2470,.T.);
#937=ORIENTED_EDGE('',*,*,#2471,.T.);
#938=ORIENTED_EDGE('',*,*,#2472,.T.);
#939=ORIENTED_EDGE('',*,*,#2473,.T.);
#940=ORIENTED_EDGE('',*,*,#2474,.T.);
#941=ORIENTED_EDGE('',*,*,#2475,.T.);
#942=ORIENTED_EDGE('',*,*,#2476,.T.);
#943=ORIENTED_EDGE('',*,*,#2477,.T.);
#944=ORIENTED_EDGE('',*,*,#2478,.T.);
#945=ORIENTED_EDGE('',*,*,#2479,.T.);
#946=ORIENTED_EDGE('',*,*,#2480,.T.);
#947=ORIENTED_EDGE('',*,*,#2481,.T.);
#948=ORIENTED_EDGE('',*,*,#2482,.T.);
#949=ORIENTED_EDGE('',*,*,#2483,.T.);
#950=ORIENTED_EDGE('',*,*,#2484,.T.);
#951=ORIENTED_EDGE('',*,*,#2485,.T.);
#952=ORIENTED_EDGE('',*,*,#2486,.T.);
#953=ORIENTED_EDGE('',*,*,#2487,.T.);
#954=ORIENTED_EDGE('',*,*,#2488,.T.);
#955=ORIENTED_EDGE('',*,*,#2489,.F.);
#956=ORIENTED_EDGE('',*,*,#2490,.F.);
#957=ORIENTED_EDGE('',*,*,#2491,.F.);
#958=ORIENTED_EDGE('',*,*,#2492,.T.);
#959=ORIENTED_EDGE('',*,*,#2493,.F.);
#960=ORIENTED_EDGE('',*,*,#2494,.T.);
#961=ORIENTED_EDGE('',*,*,#2495,.T.);
#962=ORIENTED_EDGE('',*,*,#2496,.T.);
#963=ORIENTED_EDGE('',*,*,#2497,.T.);
#964=ORIENTED_EDGE('',*,*,#2498,.F.);
#965=ORIENTED_EDGE('',*,*,#2499,.F.);
#966=ORIENTED_EDGE('',*,*,#2500,.F.);
#967=ORIENTED_EDGE('',*,*,#2501,.F.);
#968=ORIENTED_EDGE('',*,*,#2502,.T.);
#969=ORIENTED_EDGE('',*,*,#2503,.T.);
#970=ORIENTED_EDGE('',*,*,#2504,.T.);
#971=ORIENTED_EDGE('',*,*,#2505,.F.);
#972=ORIENTED_EDGE('',*,*,#2506,.F.);
#973=ORIENTED_EDGE('',*,*,#2507,.F.);
#974=ORIENTED_EDGE('',*,*,#2508,.T.);
#975=ORIENTED_EDGE('',*,*,#2509,.T.);
#976=ORIENTED_EDGE('',*,*,#2510,.T.);
#977=ORIENTED_EDGE('',*,*,#2511,.T.);
#978=ORIENTED_EDGE('',*,*,#2512,.T.);
#979=ORIENTED_EDGE('',*,*,#2513,.T.);
#980=ORIENTED_EDGE('',*,*,#2514,.T.);
#981=ORIENTED_EDGE('',*,*,#2515,.T.);
#982=ORIENTED_EDGE('',*,*,#2516,.T.);
#983=ORIENTED_EDGE('',*,*,#2517,.T.);
#984=ORIENTED_EDGE('',*,*,#2518,.T.);
#985=ORIENTED_EDGE('',*,*,#2519,.T.);
#986=ORIENTED_EDGE('',*,*,#2520,.T.);
#987=ORIENTED_EDGE('',*,*,#2521,.T.);
#988=ORIENTED_EDGE('',*,*,#2522,.T.);
#989=ORIENTED_EDGE('',*,*,#2523,.T.);
#990=ORIENTED_EDGE('',*,*,#2524,.T.);
#991=ORIENTED_EDGE('',*,*,#2525,.T.);
#992=ORIENTED_EDGE('',*,*,#2526,.T.);
#993=ORIENTED_EDGE('',*,*,#2527,.F.);
#994=ORIENTED_EDGE('',*,*,#2528,.F.);
#995=ORIENTED_EDGE('',*,*,#2529,.F.);
#996=ORIENTED_EDGE('',*,*,#2530,.F.);
#997=ORIENTED_EDGE('',*,*,#2531,.F.);
#998=ORIENTED_EDGE('',*,*,#2532,.F.);
#999=ORIENTED_EDGE('',*,*,#2533,.F.);
#1000=ORIENTED_EDGE('',*,*,#2534,.F.);
#1001=ORIENTED_EDGE('',*,*,#2535,.F.);
#1002=ORIENTED_EDGE('',*,*,#2536,.F.);
#1003=ORIENTED_EDGE('',*,*,#2537,.F.);
#1004=ORIENTED_EDGE('',*,*,#2538,.F.);
#1005=ORIENTED_EDGE('',*,*,#2539,.F.);
#1006=ORIENTED_EDGE('',*,*,#2540,.F.);
#1007=ORIENTED_EDGE('',*,*,#2541,.F.);
#1008=ORIENTED_EDGE('',*,*,#2542,.F.);
#1009=ORIENTED_EDGE('',*,*,#2543,.F.);
#1010=ORIENTED_EDGE('',*,*,#2544,.T.);
#1011=ORIENTED_EDGE('',*,*,#2545,.T.);
#1012=ORIENTED_EDGE('',*,*,#2546,.F.);
#1013=ORIENTED_EDGE('',*,*,#2547,.F.);
#1014=ORIENTED_EDGE('',*,*,#2548,.F.);
#1015=ORIENTED_EDGE('',*,*,#2549,.T.);
#1016=ORIENTED_EDGE('',*,*,#2550,.F.);
#1017=ORIENTED_EDGE('',*,*,#2551,.F.);
#1018=ORIENTED_EDGE('',*,*,#2552,.T.);
#1019=ORIENTED_EDGE('',*,*,#2553,.T.);
#1020=ORIENTED_EDGE('',*,*,#2554,.T.);
#1021=ORIENTED_EDGE('',*,*,#2555,.F.);
#1022=ORIENTED_EDGE('',*,*,#2556,.T.);
#1023=ORIENTED_EDGE('',*,*,#2557,.T.);
#1024=ORIENTED_EDGE('',*,*,#2558,.F.);
#1025=ORIENTED_EDGE('',*,*,#2559,.F.);
#1026=ORIENTED_EDGE('',*,*,#2560,.T.);
#1027=ORIENTED_EDGE('',*,*,#2561,.T.);
#1028=ORIENTED_EDGE('',*,*,#2562,.T.);
#1029=ORIENTED_EDGE('',*,*,#2563,.F.);
#1030=ORIENTED_EDGE('',*,*,#2564,.F.);
#1031=ORIENTED_EDGE('',*,*,#2565,.F.);
#1032=ORIENTED_EDGE('',*,*,#2566,.T.);
#1033=ORIENTED_EDGE('',*,*,#2567,.F.);
#1034=ORIENTED_EDGE('',*,*,#2568,.F.);
#1035=ORIENTED_EDGE('',*,*,#2569,.T.);
#1036=ORIENTED_EDGE('',*,*,#2570,.T.);
#1037=ORIENTED_EDGE('',*,*,#2571,.T.);
#1038=ORIENTED_EDGE('',*,*,#2572,.T.);
#1039=ORIENTED_EDGE('',*,*,#2573,.T.);
#1040=ORIENTED_EDGE('',*,*,#2574,.T.);
#1041=ORIENTED_EDGE('',*,*,#2575,.T.);
#1042=ORIENTED_EDGE('',*,*,#2576,.T.);
#1043=ORIENTED_EDGE('',*,*,#2577,.T.);
#1044=ORIENTED_EDGE('',*,*,#2578,.T.);
#1045=ORIENTED_EDGE('',*,*,#2579,.T.);
#1046=ORIENTED_EDGE('',*,*,#2580,.T.);
#1047=ORIENTED_EDGE('',*,*,#2581,.T.);
#1048=ORIENTED_EDGE('',*,*,#2582,.T.);
#1049=ORIENTED_EDGE('',*,*,#2583,.T.);
#1050=ORIENTED_EDGE('',*,*,#2584,.T.);
#1051=ORIENTED_EDGE('',*,*,#2585,.T.);
#1052=ORIENTED_EDGE('',*,*,#2586,.T.);
#1053=ORIENTED_EDGE('',*,*,#2587,.T.);
#1054=ORIENTED_EDGE('',*,*,#2588,.T.);
#1055=ORIENTED_EDGE('',*,*,#2589,.T.);
#1056=ORIENTED_EDGE('',*,*,#2590,.T.);
#1057=ORIENTED_EDGE('',*,*,#2591,.T.);
#1058=ORIENTED_EDGE('',*,*,#2592,.T.);
#1059=ORIENTED_EDGE('',*,*,#2593,.T.);
#1060=ORIENTED_EDGE('',*,*,#2594,.T.);
#1061=ORIENTED_EDGE('',*,*,#2595,.T.);
#1062=ORIENTED_EDGE('',*,*,#2596,.T.);
#1063=ORIENTED_EDGE('',*,*,#2597,.F.);
#1064=ORIENTED_EDGE('',*,*,#2598,.T.);
#1065=ORIENTED_EDGE('',*,*,#2599,.F.);
#1066=ORIENTED_EDGE('',*,*,#2600,.T.);
#1067=ORIENTED_EDGE('',*,*,#2601,.T.);
#1068=ORIENTED_EDGE('',*,*,#2602,.F.);
#1069=ORIENTED_EDGE('',*,*,#2603,.F.);
#1070=ORIENTED_EDGE('',*,*,#2604,.F.);
#1071=ORIENTED_EDGE('',*,*,#2605,.F.);
#1072=ORIENTED_EDGE('',*,*,#2606,.T.);
#1073=ORIENTED_EDGE('',*,*,#2607,.F.);
#1074=ORIENTED_EDGE('',*,*,#2608,.T.);
#1075=ORIENTED_EDGE('',*,*,#2609,.T.);
#1076=ORIENTED_EDGE('',*,*,#2610,.T.);
#1077=ORIENTED_EDGE('',*,*,#2611,.T.);
#1078=ORIENTED_EDGE('',*,*,#2612,.F.);
#1079=ORIENTED_EDGE('',*,*,#2613,.F.);
#1080=ORIENTED_EDGE('',*,*,#2614,.T.);
#1081=ORIENTED_EDGE('',*,*,#2615,.T.);
#1082=ORIENTED_EDGE('',*,*,#2616,.T.);
#1083=ORIENTED_EDGE('',*,*,#2617,.T.);
#1084=ORIENTED_EDGE('',*,*,#2618,.T.);
#1085=ORIENTED_EDGE('',*,*,#2619,.F.);
#1086=ORIENTED_EDGE('',*,*,#2620,.F.);
#1087=ORIENTED_EDGE('',*,*,#2621,.F.);
#1088=ORIENTED_EDGE('',*,*,#2622,.F.);
#1089=ORIENTED_EDGE('',*,*,#2623,.F.);
#1090=ORIENTED_EDGE('',*,*,#2326,.T.);
#1091=ORIENTED_EDGE('',*,*,#2624,.T.);
#1092=ORIENTED_EDGE('',*,*,#2625,.F.);
#1093=ORIENTED_EDGE('',*,*,#2626,.F.);
#1094=ORIENTED_EDGE('',*,*,#2284,.F.);
#1095=ORIENTED_EDGE('',*,*,#2627,.F.);
#1096=ORIENTED_EDGE('',*,*,#2279,.F.);
#1097=ORIENTED_EDGE('',*,*,#2628,.T.);
#1098=ORIENTED_EDGE('',*,*,#2273,.T.);
#1099=ORIENTED_EDGE('',*,*,#2629,.F.);
#1100=ORIENTED_EDGE('',*,*,#2268,.T.);
#1101=ORIENTED_EDGE('',*,*,#2630,.T.);
#1102=ORIENTED_EDGE('',*,*,#2264,.T.);
#1103=ORIENTED_EDGE('',*,*,#2631,.T.);
#1104=ORIENTED_EDGE('',*,*,#2632,.T.);
#1105=ORIENTED_EDGE('',*,*,#2633,.F.);
#1106=ORIENTED_EDGE('',*,*,#2259,.F.);
#1107=ORIENTED_EDGE('',*,*,#2634,.T.);
#1108=ORIENTED_EDGE('',*,*,#2254,.T.);
#1109=ORIENTED_EDGE('',*,*,#2635,.F.);
#1110=ORIENTED_EDGE('',*,*,#2249,.T.);
#1111=ORIENTED_EDGE('',*,*,#2636,.T.);
#1112=ORIENTED_EDGE('',*,*,#2637,.F.);
#1113=ORIENTED_EDGE('',*,*,#2638,.F.);
#1114=ORIENTED_EDGE('',*,*,#2308,.F.);
#1115=ORIENTED_EDGE('',*,*,#2639,.F.);
#1116=ORIENTED_EDGE('',*,*,#2302,.F.);
#1117=ORIENTED_EDGE('',*,*,#2640,.T.);
#1118=ORIENTED_EDGE('',*,*,#2297,.T.);
#1119=ORIENTED_EDGE('',*,*,#2641,.F.);
#1120=ORIENTED_EDGE('',*,*,#2292,.T.);
#1121=ORIENTED_EDGE('',*,*,#2642,.T.);
#1122=ORIENTED_EDGE('',*,*,#2288,.T.);
#1123=ORIENTED_EDGE('',*,*,#2643,.T.);
#1124=ORIENTED_EDGE('',*,*,#2644,.T.);
#1125=ORIENTED_EDGE('',*,*,#2645,.F.);
#1126=ORIENTED_EDGE('',*,*,#2320,.F.);
#1127=ORIENTED_EDGE('',*,*,#2646,.F.);
#1128=ORIENTED_EDGE('',*,*,#2313,.F.);
#1129=ORIENTED_EDGE('',*,*,#2647,.T.);
#1130=ORIENTED_EDGE('',*,*,#2648,.F.);
#1131=ORIENTED_EDGE('',*,*,#2649,.F.);
#1132=ORIENTED_EDGE('',*,*,#2317,.F.);
#1133=ORIENTED_EDGE('',*,*,#2650,.F.);
#1134=ORIENTED_EDGE('',*,*,#2205,.T.);
#1135=ORIENTED_EDGE('',*,*,#2203,.T.);
#1136=ORIENTED_EDGE('',*,*,#2201,.T.);
#1137=ORIENTED_EDGE('',*,*,#2199,.T.);
#1138=ORIENTED_EDGE('',*,*,#2197,.T.);
#1139=ORIENTED_EDGE('',*,*,#2195,.T.);
#1140=ORIENTED_EDGE('',*,*,#2193,.T.);
#1141=ORIENTED_EDGE('',*,*,#2651,.T.);
#1142=ORIENTED_EDGE('',*,*,#2652,.T.);
#1143=ORIENTED_EDGE('',*,*,#2653,.T.);
#1144=ORIENTED_EDGE('',*,*,#2654,.T.);
#1145=ORIENTED_EDGE('',*,*,#2655,.F.);
#1146=ORIENTED_EDGE('',*,*,#2656,.T.);
#1147=ORIENTED_EDGE('',*,*,#2657,.F.);
#1148=ORIENTED_EDGE('',*,*,#2658,.T.);
#1149=ORIENTED_EDGE('',*,*,#2659,.T.);
#1150=ORIENTED_EDGE('',*,*,#2660,.T.);
#1151=ORIENTED_EDGE('',*,*,#2661,.F.);
#1152=ORIENTED_EDGE('',*,*,#2662,.F.);
#1153=ORIENTED_EDGE('',*,*,#2663,.F.);
#1154=ORIENTED_EDGE('',*,*,#2664,.F.);
#1155=ORIENTED_EDGE('',*,*,#2665,.T.);
#1156=ORIENTED_EDGE('',*,*,#2666,.T.);
#1157=ORIENTED_EDGE('',*,*,#2667,.F.);
#1158=ORIENTED_EDGE('',*,*,#2668,.T.);
#1159=ORIENTED_EDGE('',*,*,#2669,.F.);
#1160=ORIENTED_EDGE('',*,*,#2670,.F.);
#1161=ORIENTED_EDGE('',*,*,#2671,.F.);
#1162=ORIENTED_EDGE('',*,*,#2672,.F.);
#1163=ORIENTED_EDGE('',*,*,#2673,.F.);
#1164=ORIENTED_EDGE('',*,*,#2674,.T.);
#1165=ORIENTED_EDGE('',*,*,#2675,.T.);
#1166=ORIENTED_EDGE('',*,*,#2676,.F.);
#1167=ORIENTED_EDGE('',*,*,#2677,.T.);
#1168=ORIENTED_EDGE('',*,*,#2678,.F.);
#1169=ORIENTED_EDGE('',*,*,#2679,.T.);
#1170=ORIENTED_EDGE('',*,*,#2680,.T.);
#1171=ORIENTED_EDGE('',*,*,#2681,.T.);
#1172=ORIENTED_EDGE('',*,*,#2682,.T.);
#1173=ORIENTED_EDGE('',*,*,#2683,.T.);
#1174=ORIENTED_EDGE('',*,*,#2684,.T.);
#1175=ORIENTED_EDGE('',*,*,#2685,.T.);
#1176=ORIENTED_EDGE('',*,*,#2686,.T.);
#1177=ORIENTED_EDGE('',*,*,#2687,.T.);
#1178=ORIENTED_EDGE('',*,*,#2688,.T.);
#1179=ORIENTED_EDGE('',*,*,#2689,.T.);
#1180=ORIENTED_EDGE('',*,*,#2690,.T.);
#1181=ORIENTED_EDGE('',*,*,#2691,.T.);
#1182=ORIENTED_EDGE('',*,*,#2692,.T.);
#1183=ORIENTED_EDGE('',*,*,#2693,.T.);
#1184=ORIENTED_EDGE('',*,*,#2694,.T.);
#1185=ORIENTED_EDGE('',*,*,#2695,.T.);
#1186=ORIENTED_EDGE('',*,*,#2696,.T.);
#1187=ORIENTED_EDGE('',*,*,#2697,.T.);
#1188=ORIENTED_EDGE('',*,*,#2698,.T.);
#1189=ORIENTED_EDGE('',*,*,#2699,.T.);
#1190=ORIENTED_EDGE('',*,*,#2700,.T.);
#1191=ORIENTED_EDGE('',*,*,#2701,.T.);
#1192=ORIENTED_EDGE('',*,*,#2702,.T.);
#1193=ORIENTED_EDGE('',*,*,#2703,.T.);
#1194=ORIENTED_EDGE('',*,*,#2704,.T.);
#1195=ORIENTED_EDGE('',*,*,#2705,.T.);
#1196=ORIENTED_EDGE('',*,*,#2706,.T.);
#1197=ORIENTED_EDGE('',*,*,#2707,.T.);
#1198=ORIENTED_EDGE('',*,*,#2708,.T.);
#1199=ORIENTED_EDGE('',*,*,#2709,.T.);
#1200=ORIENTED_EDGE('',*,*,#2710,.T.);
#1201=ORIENTED_EDGE('',*,*,#2711,.T.);
#1202=ORIENTED_EDGE('',*,*,#2712,.T.);
#1203=ORIENTED_EDGE('',*,*,#2713,.T.);
#1204=ORIENTED_EDGE('',*,*,#2714,.T.);
#1205=ORIENTED_EDGE('',*,*,#2715,.T.);
#1206=ORIENTED_EDGE('',*,*,#2716,.T.);
#1207=ORIENTED_EDGE('',*,*,#2717,.T.);
#1208=ORIENTED_EDGE('',*,*,#2718,.T.);
#1209=ORIENTED_EDGE('',*,*,#2719,.T.);
#1210=ORIENTED_EDGE('',*,*,#2720,.T.);
#1211=ORIENTED_EDGE('',*,*,#2721,.T.);
#1212=ORIENTED_EDGE('',*,*,#2722,.T.);
#1213=ORIENTED_EDGE('',*,*,#2723,.T.);
#1214=ORIENTED_EDGE('',*,*,#2724,.T.);
#1215=ORIENTED_EDGE('',*,*,#2725,.T.);
#1216=ORIENTED_EDGE('',*,*,#2726,.T.);
#1217=ORIENTED_EDGE('',*,*,#2727,.T.);
#1218=ORIENTED_EDGE('',*,*,#2728,.T.);
#1219=ORIENTED_EDGE('',*,*,#2729,.T.);
#1220=ORIENTED_EDGE('',*,*,#2730,.T.);
#1221=ORIENTED_EDGE('',*,*,#2731,.T.);
#1222=ORIENTED_EDGE('',*,*,#2732,.T.);
#1223=ORIENTED_EDGE('',*,*,#2733,.T.);
#1224=ORIENTED_EDGE('',*,*,#2734,.F.);
#1225=ORIENTED_EDGE('',*,*,#2735,.F.);
#1226=ORIENTED_EDGE('',*,*,#2736,.F.);
#1227=ORIENTED_EDGE('',*,*,#2737,.F.);
#1228=ORIENTED_EDGE('',*,*,#2738,.F.);
#1229=ORIENTED_EDGE('',*,*,#2739,.F.);
#1230=ORIENTED_EDGE('',*,*,#2740,.F.);
#1231=ORIENTED_EDGE('',*,*,#2741,.F.);
#1232=ORIENTED_EDGE('',*,*,#2742,.F.);
#1233=ORIENTED_EDGE('',*,*,#2743,.F.);
#1234=ORIENTED_EDGE('',*,*,#2744,.F.);
#1235=ORIENTED_EDGE('',*,*,#2745,.F.);
#1236=ORIENTED_EDGE('',*,*,#2746,.F.);
#1237=ORIENTED_EDGE('',*,*,#2747,.F.);
#1238=ORIENTED_EDGE('',*,*,#2748,.F.);
#1239=ORIENTED_EDGE('',*,*,#2749,.F.);
#1240=ORIENTED_EDGE('',*,*,#2750,.F.);
#1241=ORIENTED_EDGE('',*,*,#2751,.F.);
#1242=ORIENTED_EDGE('',*,*,#2752,.F.);
#1243=ORIENTED_EDGE('',*,*,#2753,.F.);
#1244=ORIENTED_EDGE('',*,*,#2754,.F.);
#1245=ORIENTED_EDGE('',*,*,#2755,.F.);
#1246=ORIENTED_EDGE('',*,*,#2756,.F.);
#1247=ORIENTED_EDGE('',*,*,#2757,.F.);
#1248=ORIENTED_EDGE('',*,*,#2758,.T.);
#1249=ORIENTED_EDGE('',*,*,#2759,.T.);
#1250=ORIENTED_EDGE('',*,*,#2760,.T.);
#1251=ORIENTED_EDGE('',*,*,#2761,.F.);
#1252=ORIENTED_EDGE('',*,*,#2762,.T.);
#1253=ORIENTED_EDGE('',*,*,#2763,.F.);
#1254=ORIENTED_EDGE('',*,*,#2764,.F.);
#1255=ORIENTED_EDGE('',*,*,#2765,.F.);
#1256=ORIENTED_EDGE('',*,*,#2766,.F.);
#1257=ORIENTED_EDGE('',*,*,#2767,.T.);
#1258=ORIENTED_EDGE('',*,*,#2768,.T.);
#1259=ORIENTED_EDGE('',*,*,#2769,.T.);
#1260=ORIENTED_EDGE('',*,*,#2770,.T.);
#1261=ORIENTED_EDGE('',*,*,#2771,.F.);
#1262=ORIENTED_EDGE('',*,*,#2772,.F.);
#1263=ORIENTED_EDGE('',*,*,#2773,.F.);
#1264=ORIENTED_EDGE('',*,*,#2774,.T.);
#1265=ORIENTED_EDGE('',*,*,#2775,.T.);
#1266=ORIENTED_EDGE('',*,*,#2776,.T.);
#1267=ORIENTED_EDGE('',*,*,#2777,.F.);
#1268=ORIENTED_EDGE('',*,*,#2778,.F.);
#1269=ORIENTED_EDGE('',*,*,#2779,.F.);
#1270=ORIENTED_EDGE('',*,*,#2780,.F.);
#1271=ORIENTED_EDGE('',*,*,#2781,.F.);
#1272=ORIENTED_EDGE('',*,*,#2782,.F.);
#1273=ORIENTED_EDGE('',*,*,#2783,.F.);
#1274=ORIENTED_EDGE('',*,*,#2784,.F.);
#1275=ORIENTED_EDGE('',*,*,#2785,.F.);
#1276=ORIENTED_EDGE('',*,*,#2786,.F.);
#1277=ORIENTED_EDGE('',*,*,#2787,.F.);
#1278=ORIENTED_EDGE('',*,*,#2788,.F.);
#1279=ORIENTED_EDGE('',*,*,#2789,.F.);
#1280=ORIENTED_EDGE('',*,*,#2790,.F.);
#1281=ORIENTED_EDGE('',*,*,#2791,.F.);
#1282=ORIENTED_EDGE('',*,*,#2792,.F.);
#1283=ORIENTED_EDGE('',*,*,#2793,.F.);
#1284=ORIENTED_EDGE('',*,*,#2794,.F.);
#1285=ORIENTED_EDGE('',*,*,#2795,.F.);
#1286=ORIENTED_EDGE('',*,*,#2796,.T.);
#1287=ORIENTED_EDGE('',*,*,#2797,.T.);
#1288=ORIENTED_EDGE('',*,*,#2798,.T.);
#1289=ORIENTED_EDGE('',*,*,#2799,.T.);
#1290=ORIENTED_EDGE('',*,*,#2800,.T.);
#1291=ORIENTED_EDGE('',*,*,#2801,.T.);
#1292=ORIENTED_EDGE('',*,*,#2802,.T.);
#1293=ORIENTED_EDGE('',*,*,#2803,.T.);
#1294=ORIENTED_EDGE('',*,*,#2804,.T.);
#1295=ORIENTED_EDGE('',*,*,#2805,.T.);
#1296=ORIENTED_EDGE('',*,*,#2806,.T.);
#1297=ORIENTED_EDGE('',*,*,#2807,.T.);
#1298=ORIENTED_EDGE('',*,*,#2808,.T.);
#1299=ORIENTED_EDGE('',*,*,#2809,.T.);
#1300=ORIENTED_EDGE('',*,*,#2810,.T.);
#1301=ORIENTED_EDGE('',*,*,#2811,.T.);
#1302=ORIENTED_EDGE('',*,*,#2812,.T.);
#1303=ORIENTED_EDGE('',*,*,#2813,.F.);
#1304=ORIENTED_EDGE('',*,*,#2814,.F.);
#1305=ORIENTED_EDGE('',*,*,#2815,.T.);
#1306=ORIENTED_EDGE('',*,*,#2816,.T.);
#1307=ORIENTED_EDGE('',*,*,#2817,.T.);
#1308=ORIENTED_EDGE('',*,*,#2818,.F.);
#1309=ORIENTED_EDGE('',*,*,#2819,.T.);
#1310=ORIENTED_EDGE('',*,*,#2820,.T.);
#1311=ORIENTED_EDGE('',*,*,#2821,.F.);
#1312=ORIENTED_EDGE('',*,*,#2822,.F.);
#1313=ORIENTED_EDGE('',*,*,#2823,.F.);
#1314=ORIENTED_EDGE('',*,*,#2824,.T.);
#1315=ORIENTED_EDGE('',*,*,#2825,.F.);
#1316=ORIENTED_EDGE('',*,*,#2826,.F.);
#1317=ORIENTED_EDGE('',*,*,#2827,.T.);
#1318=ORIENTED_EDGE('',*,*,#2828,.T.);
#1319=ORIENTED_EDGE('',*,*,#2829,.F.);
#1320=ORIENTED_EDGE('',*,*,#2830,.F.);
#1321=ORIENTED_EDGE('',*,*,#2831,.F.);
#1322=ORIENTED_EDGE('',*,*,#2832,.T.);
#1323=ORIENTED_EDGE('',*,*,#2833,.T.);
#1324=ORIENTED_EDGE('',*,*,#2834,.T.);
#1325=ORIENTED_EDGE('',*,*,#2835,.F.);
#1326=ORIENTED_EDGE('',*,*,#2836,.T.);
#1327=ORIENTED_EDGE('',*,*,#2837,.T.);
#1328=ORIENTED_EDGE('',*,*,#2838,.F.);
#1329=ORIENTED_EDGE('',*,*,#2839,.F.);
#1330=ORIENTED_EDGE('',*,*,#2840,.F.);
#1331=ORIENTED_EDGE('',*,*,#2841,.F.);
#1332=ORIENTED_EDGE('',*,*,#2842,.F.);
#1333=ORIENTED_EDGE('',*,*,#2843,.F.);
#1334=ORIENTED_EDGE('',*,*,#2844,.F.);
#1335=ORIENTED_EDGE('',*,*,#2845,.F.);
#1336=ORIENTED_EDGE('',*,*,#2846,.F.);
#1337=ORIENTED_EDGE('',*,*,#2847,.F.);
#1338=ORIENTED_EDGE('',*,*,#2848,.F.);
#1339=ORIENTED_EDGE('',*,*,#2849,.F.);
#1340=ORIENTED_EDGE('',*,*,#2850,.F.);
#1341=ORIENTED_EDGE('',*,*,#2851,.F.);
#1342=ORIENTED_EDGE('',*,*,#2852,.F.);
#1343=ORIENTED_EDGE('',*,*,#2853,.F.);
#1344=ORIENTED_EDGE('',*,*,#2854,.F.);
#1345=ORIENTED_EDGE('',*,*,#2855,.F.);
#1346=ORIENTED_EDGE('',*,*,#2856,.F.);
#1347=ORIENTED_EDGE('',*,*,#2857,.F.);
#1348=ORIENTED_EDGE('',*,*,#2858,.F.);
#1349=ORIENTED_EDGE('',*,*,#2859,.F.);
#1350=ORIENTED_EDGE('',*,*,#2860,.F.);
#1351=ORIENTED_EDGE('',*,*,#2861,.F.);
#1352=ORIENTED_EDGE('',*,*,#2862,.F.);
#1353=ORIENTED_EDGE('',*,*,#2863,.F.);
#1354=ORIENTED_EDGE('',*,*,#2864,.F.);
#1355=ORIENTED_EDGE('',*,*,#2865,.F.);
#1356=ORIENTED_EDGE('',*,*,#2866,.T.);
#1357=ORIENTED_EDGE('',*,*,#2867,.F.);
#1358=ORIENTED_EDGE('',*,*,#2868,.T.);
#1359=ORIENTED_EDGE('',*,*,#2869,.F.);
#1360=ORIENTED_EDGE('',*,*,#2870,.F.);
#1361=ORIENTED_EDGE('',*,*,#2871,.T.);
#1362=ORIENTED_EDGE('',*,*,#2872,.T.);
#1363=ORIENTED_EDGE('',*,*,#2873,.T.);
#1364=ORIENTED_EDGE('',*,*,#2874,.T.);
#1365=ORIENTED_EDGE('',*,*,#2875,.F.);
#1366=ORIENTED_EDGE('',*,*,#2611,.F.);
#1367=ORIENTED_EDGE('',*,*,#2876,.F.);
#1368=ORIENTED_EDGE('',*,*,#2379,.T.);
#1369=ORIENTED_EDGE('',*,*,#2877,.T.);
#1370=ORIENTED_EDGE('',*,*,#2610,.F.);
#1371=ORIENTED_EDGE('',*,*,#2878,.F.);
#1372=ORIENTED_EDGE('',*,*,#2380,.T.);
#1373=ORIENTED_EDGE('',*,*,#2876,.T.);
#1374=ORIENTED_EDGE('',*,*,#2609,.F.);
#1375=ORIENTED_EDGE('',*,*,#2879,.F.);
#1376=ORIENTED_EDGE('',*,*,#2381,.T.);
#1377=ORIENTED_EDGE('',*,*,#2878,.T.);
#1378=ORIENTED_EDGE('',*,*,#2608,.F.);
#1379=ORIENTED_EDGE('',*,*,#2880,.F.);
#1380=ORIENTED_EDGE('',*,*,#2382,.T.);
#1381=ORIENTED_EDGE('',*,*,#2879,.T.);
#1382=ORIENTED_EDGE('',*,*,#2863,.T.);
#1383=ORIENTED_EDGE('',*,*,#2881,.F.);
#1384=ORIENTED_EDGE('',*,*,#2594,.F.);
#1385=ORIENTED_EDGE('',*,*,#2882,.T.);
#1386=ORIENTED_EDGE('',*,*,#2870,.T.);
#1387=ORIENTED_EDGE('',*,*,#2883,.F.);
#1388=ORIENTED_EDGE('',*,*,#2595,.F.);
#1389=ORIENTED_EDGE('',*,*,#2881,.T.);
#1390=ORIENTED_EDGE('',*,*,#2869,.T.);
#1391=ORIENTED_EDGE('',*,*,#2884,.F.);
#1392=ORIENTED_EDGE('',*,*,#2596,.F.);
#1393=ORIENTED_EDGE('',*,*,#2883,.T.);
#1394=ORIENTED_EDGE('',*,*,#2868,.F.);
#1395=ORIENTED_EDGE('',*,*,#2885,.F.);
#1396=ORIENTED_EDGE('',*,*,#2597,.T.);
#1397=ORIENTED_EDGE('',*,*,#2884,.T.);
#1398=ORIENTED_EDGE('',*,*,#2867,.T.);
#1399=ORIENTED_EDGE('',*,*,#2886,.F.);
#1400=ORIENTED_EDGE('',*,*,#2598,.F.);
#1401=ORIENTED_EDGE('',*,*,#2885,.T.);
#1402=ORIENTED_EDGE('',*,*,#2866,.F.);
#1403=ORIENTED_EDGE('',*,*,#2887,.F.);
#1404=ORIENTED_EDGE('',*,*,#2599,.T.);
#1405=ORIENTED_EDGE('',*,*,#2886,.T.);
#1406=ORIENTED_EDGE('',*,*,#2865,.T.);
#1407=ORIENTED_EDGE('',*,*,#2888,.F.);
#1408=ORIENTED_EDGE('',*,*,#2600,.F.);
#1409=ORIENTED_EDGE('',*,*,#2887,.T.);
#1410=ORIENTED_EDGE('',*,*,#2623,.T.);
#1411=ORIENTED_EDGE('',*,*,#2889,.F.);
#1412=ORIENTED_EDGE('',*,*,#2364,.F.);
#1413=ORIENTED_EDGE('',*,*,#2890,.T.);
#1414=ORIENTED_EDGE('',*,*,#2622,.T.);
#1415=ORIENTED_EDGE('',*,*,#2891,.F.);
#1416=ORIENTED_EDGE('',*,*,#2365,.F.);
#1417=ORIENTED_EDGE('',*,*,#2889,.T.);
#1418=ORIENTED_EDGE('',*,*,#2621,.T.);
#1419=ORIENTED_EDGE('',*,*,#2892,.F.);
#1420=ORIENTED_EDGE('',*,*,#2366,.F.);
#1421=ORIENTED_EDGE('',*,*,#2891,.T.);
#1422=ORIENTED_EDGE('',*,*,#2620,.T.);
#1423=ORIENTED_EDGE('',*,*,#2893,.F.);
#1424=ORIENTED_EDGE('',*,*,#2361,.T.);
#1425=ORIENTED_EDGE('',*,*,#2894,.F.);
#1426=ORIENTED_EDGE('',*,*,#2332,.F.);
#1427=ORIENTED_EDGE('',*,*,#2895,.T.);
#1428=ORIENTED_EDGE('',*,*,#2367,.T.);
#1429=ORIENTED_EDGE('',*,*,#2892,.T.);
#1430=ORIENTED_EDGE('',*,*,#2617,.F.);
#1431=ORIENTED_EDGE('',*,*,#2896,.F.);
#1432=ORIENTED_EDGE('',*,*,#2369,.F.);
#1433=ORIENTED_EDGE('',*,*,#2897,.F.);
#1434=ORIENTED_EDGE('',*,*,#2330,.T.);
#1435=ORIENTED_EDGE('',*,*,#2898,.T.);
#1436=ORIENTED_EDGE('',*,*,#2375,.F.);
#1437=ORIENTED_EDGE('',*,*,#2899,.T.);
#1438=ORIENTED_EDGE('',*,*,#2616,.F.);
#1439=ORIENTED_EDGE('',*,*,#2900,.F.);
#1440=ORIENTED_EDGE('',*,*,#2370,.T.);
#1441=ORIENTED_EDGE('',*,*,#2896,.T.);
#1442=ORIENTED_EDGE('',*,*,#2615,.F.);
#1443=ORIENTED_EDGE('',*,*,#2901,.F.);
#1444=ORIENTED_EDGE('',*,*,#2371,.T.);
#1445=ORIENTED_EDGE('',*,*,#2900,.T.);
#1446=ORIENTED_EDGE('',*,*,#2614,.F.);
#1447=ORIENTED_EDGE('',*,*,#2902,.F.);
#1448=ORIENTED_EDGE('',*,*,#2372,.T.);
#1449=ORIENTED_EDGE('',*,*,#2901,.T.);
#1450=ORIENTED_EDGE('',*,*,#2903,.F.);
#1451=ORIENTED_EDGE('',*,*,#2632,.F.);
#1452=ORIENTED_EDGE('',*,*,#2904,.F.);
#1453=ORIENTED_EDGE('',*,*,#2354,.T.);
#1454=ORIENTED_EDGE('',*,*,#2905,.F.);
#1455=ORIENTED_EDGE('',*,*,#2631,.F.);
#1456=ORIENTED_EDGE('',*,*,#2267,.F.);
#1457=ORIENTED_EDGE('',*,*,#2355,.T.);
#1458=ORIENTED_EDGE('',*,*,#2904,.T.);
#1459=ORIENTED_EDGE('',*,*,#2626,.T.);
#1460=ORIENTED_EDGE('',*,*,#2906,.F.);
#1461=ORIENTED_EDGE('',*,*,#2358,.F.);
#1462=ORIENTED_EDGE('',*,*,#2285,.T.);
#1463=ORIENTED_EDGE('',*,*,#2625,.T.);
#1464=ORIENTED_EDGE('',*,*,#2907,.T.);
#1465=ORIENTED_EDGE('',*,*,#2233,.T.);
#1466=ORIENTED_EDGE('',*,*,#2359,.F.);
#1467=ORIENTED_EDGE('',*,*,#2906,.T.);
#1468=ORIENTED_EDGE('',*,*,#2908,.F.);
#1469=ORIENTED_EDGE('',*,*,#2644,.F.);
#1470=ORIENTED_EDGE('',*,*,#2909,.F.);
#1471=ORIENTED_EDGE('',*,*,#2346,.T.);
#1472=ORIENTED_EDGE('',*,*,#2910,.F.);
#1473=ORIENTED_EDGE('',*,*,#2643,.F.);
#1474=ORIENTED_EDGE('',*,*,#2291,.F.);
#1475=ORIENTED_EDGE('',*,*,#2347,.T.);
#1476=ORIENTED_EDGE('',*,*,#2909,.T.);
#1477=ORIENTED_EDGE('',*,*,#2638,.T.);
#1478=ORIENTED_EDGE('',*,*,#2911,.F.);
#1479=ORIENTED_EDGE('',*,*,#2350,.F.);
#1480=ORIENTED_EDGE('',*,*,#2309,.T.);
#1481=ORIENTED_EDGE('',*,*,#2674,.F.);
#1482=ORIENTED_EDGE('',*,*,#2912,.F.);
#1483=ORIENTED_EDGE('',*,*,#2405,.T.);
#1484=ORIENTED_EDGE('',*,*,#2913,.T.);
#1485=ORIENTED_EDGE('',*,*,#2681,.F.);
#1486=ORIENTED_EDGE('',*,*,#2914,.F.);
#1487=ORIENTED_EDGE('',*,*,#2406,.T.);
#1488=ORIENTED_EDGE('',*,*,#2912,.T.);
#1489=ORIENTED_EDGE('',*,*,#2680,.F.);
#1490=ORIENTED_EDGE('',*,*,#2915,.F.);
#1491=ORIENTED_EDGE('',*,*,#2407,.T.);
#1492=ORIENTED_EDGE('',*,*,#2914,.T.);
#1493=ORIENTED_EDGE('',*,*,#2679,.F.);
#1494=ORIENTED_EDGE('',*,*,#2916,.F.);
#1495=ORIENTED_EDGE('',*,*,#2408,.T.);
#1496=ORIENTED_EDGE('',*,*,#2915,.T.);
#1497=ORIENTED_EDGE('',*,*,#2678,.T.);
#1498=ORIENTED_EDGE('',*,*,#2917,.F.);
#1499=ORIENTED_EDGE('',*,*,#2409,.F.);
#1500=ORIENTED_EDGE('',*,*,#2916,.T.);
#1501=ORIENTED_EDGE('',*,*,#2677,.F.);
#1502=ORIENTED_EDGE('',*,*,#2918,.F.);
#1503=ORIENTED_EDGE('',*,*,#2410,.T.);
#1504=ORIENTED_EDGE('',*,*,#2917,.T.);
#1505=ORIENTED_EDGE('',*,*,#2676,.T.);
#1506=ORIENTED_EDGE('',*,*,#2919,.F.);
#1507=ORIENTED_EDGE('',*,*,#2411,.F.);
#1508=ORIENTED_EDGE('',*,*,#2918,.T.);
#1509=ORIENTED_EDGE('',*,*,#2666,.F.);
#1510=ORIENTED_EDGE('',*,*,#2920,.F.);
#1511=ORIENTED_EDGE('',*,*,#2397,.T.);
#1512=ORIENTED_EDGE('',*,*,#2921,.T.);
#1513=ORIENTED_EDGE('',*,*,#2673,.T.);
#1514=ORIENTED_EDGE('',*,*,#2922,.F.);
#1515=ORIENTED_EDGE('',*,*,#2398,.F.);
#1516=ORIENTED_EDGE('',*,*,#2920,.T.);
#1517=ORIENTED_EDGE('',*,*,#2672,.T.);
#1518=ORIENTED_EDGE('',*,*,#2923,.F.);
#1519=ORIENTED_EDGE('',*,*,#2399,.F.);
#1520=ORIENTED_EDGE('',*,*,#2922,.T.);
#1521=ORIENTED_EDGE('',*,*,#2671,.T.);
#1522=ORIENTED_EDGE('',*,*,#2924,.F.);
#1523=ORIENTED_EDGE('',*,*,#2400,.F.);
#1524=ORIENTED_EDGE('',*,*,#2923,.T.);
#1525=ORIENTED_EDGE('',*,*,#2670,.T.);
#1526=ORIENTED_EDGE('',*,*,#2925,.F.);
#1527=ORIENTED_EDGE('',*,*,#2401,.F.);
#1528=ORIENTED_EDGE('',*,*,#2924,.T.);
#1529=ORIENTED_EDGE('',*,*,#2669,.T.);
#1530=ORIENTED_EDGE('',*,*,#2926,.F.);
#1531=ORIENTED_EDGE('',*,*,#2402,.F.);
#1532=ORIENTED_EDGE('',*,*,#2925,.T.);
#1533=ORIENTED_EDGE('',*,*,#2668,.F.);
#1534=ORIENTED_EDGE('',*,*,#2927,.F.);
#1535=ORIENTED_EDGE('',*,*,#2403,.T.);
#1536=ORIENTED_EDGE('',*,*,#2926,.T.);
#1537=ORIENTED_EDGE('',*,*,#2665,.F.);
#1538=ORIENTED_EDGE('',*,*,#2928,.F.);
#1539=ORIENTED_EDGE('',*,*,#2384,.T.);
#1540=ORIENTED_EDGE('',*,*,#2929,.T.);
#1541=ORIENTED_EDGE('',*,*,#2664,.T.);
#1542=ORIENTED_EDGE('',*,*,#2930,.F.);
#1543=ORIENTED_EDGE('',*,*,#2385,.F.);
#1544=ORIENTED_EDGE('',*,*,#2928,.T.);
#1545=ORIENTED_EDGE('',*,*,#2663,.T.);
#1546=ORIENTED_EDGE('',*,*,#2931,.F.);
#1547=ORIENTED_EDGE('',*,*,#2386,.F.);
#1548=ORIENTED_EDGE('',*,*,#2930,.T.);
#1549=ORIENTED_EDGE('',*,*,#2662,.T.);
#1550=ORIENTED_EDGE('',*,*,#2932,.F.);
#1551=ORIENTED_EDGE('',*,*,#2387,.F.);
#1552=ORIENTED_EDGE('',*,*,#2931,.T.);
#1553=ORIENTED_EDGE('',*,*,#2661,.T.);
#1554=ORIENTED_EDGE('',*,*,#2933,.F.);
#1555=ORIENTED_EDGE('',*,*,#2388,.F.);
#1556=ORIENTED_EDGE('',*,*,#2932,.T.);
#1557=ORIENTED_EDGE('',*,*,#2652,.F.);
#1558=ORIENTED_EDGE('',*,*,#2934,.F.);
#1559=ORIENTED_EDGE('',*,*,#2389,.T.);
#1560=ORIENTED_EDGE('',*,*,#2935,.T.);
#1561=ORIENTED_EDGE('',*,*,#2659,.F.);
#1562=ORIENTED_EDGE('',*,*,#2936,.F.);
#1563=ORIENTED_EDGE('',*,*,#2390,.T.);
#1564=ORIENTED_EDGE('',*,*,#2934,.T.);
#1565=ORIENTED_EDGE('',*,*,#2658,.F.);
#1566=ORIENTED_EDGE('',*,*,#2937,.F.);
#1567=ORIENTED_EDGE('',*,*,#2391,.T.);
#1568=ORIENTED_EDGE('',*,*,#2936,.T.);
#1569=ORIENTED_EDGE('',*,*,#2657,.T.);
#1570=ORIENTED_EDGE('',*,*,#2938,.F.);
#1571=ORIENTED_EDGE('',*,*,#2392,.F.);
#1572=ORIENTED_EDGE('',*,*,#2937,.T.);
#1573=ORIENTED_EDGE('',*,*,#2656,.F.);
#1574=ORIENTED_EDGE('',*,*,#2939,.F.);
#1575=ORIENTED_EDGE('',*,*,#2393,.T.);
#1576=ORIENTED_EDGE('',*,*,#2938,.T.);
#1577=ORIENTED_EDGE('',*,*,#2655,.T.);
#1578=ORIENTED_EDGE('',*,*,#2940,.F.);
#1579=ORIENTED_EDGE('',*,*,#2394,.F.);
#1580=ORIENTED_EDGE('',*,*,#2939,.T.);
#1581=ORIENTED_EDGE('',*,*,#2654,.F.);
#1582=ORIENTED_EDGE('',*,*,#2941,.F.);
#1583=ORIENTED_EDGE('',*,*,#2395,.T.);
#1584=ORIENTED_EDGE('',*,*,#2940,.T.);
#1585=ORIENTED_EDGE('',*,*,#2864,.T.);
#1586=ORIENTED_EDGE('',*,*,#2882,.F.);
#1587=ORIENTED_EDGE('',*,*,#2601,.F.);
#1588=ORIENTED_EDGE('',*,*,#2888,.T.);
#1589=ORIENTED_EDGE('',*,*,#2618,.F.);
#1590=ORIENTED_EDGE('',*,*,#2890,.F.);
#1591=ORIENTED_EDGE('',*,*,#2363,.T.);
#1592=ORIENTED_EDGE('',*,*,#2942,.T.);
#1593=ORIENTED_EDGE('',*,*,#2613,.T.);
#1594=ORIENTED_EDGE('',*,*,#2943,.F.);
#1595=ORIENTED_EDGE('',*,*,#2373,.F.);
#1596=ORIENTED_EDGE('',*,*,#2902,.T.);
#1597=ORIENTED_EDGE('',*,*,#2593,.F.);
#1598=ORIENTED_EDGE('',*,*,#2862,.T.);
#1599=ORIENTED_EDGE('',*,*,#2592,.F.);
#1600=ORIENTED_EDGE('',*,*,#2861,.T.);
#1601=ORIENTED_EDGE('',*,*,#2591,.F.);
#1602=ORIENTED_EDGE('',*,*,#2860,.T.);
#1603=ORIENTED_EDGE('',*,*,#2590,.F.);
#1604=ORIENTED_EDGE('',*,*,#2859,.T.);
#1605=ORIENTED_EDGE('',*,*,#2589,.F.);
#1606=ORIENTED_EDGE('',*,*,#2858,.T.);
#1607=ORIENTED_EDGE('',*,*,#2588,.F.);
#1608=ORIENTED_EDGE('',*,*,#2857,.T.);
#1609=ORIENTED_EDGE('',*,*,#2587,.F.);
#1610=ORIENTED_EDGE('',*,*,#2856,.T.);
#1611=ORIENTED_EDGE('',*,*,#2586,.F.);
#1612=ORIENTED_EDGE('',*,*,#2855,.T.);
#1613=ORIENTED_EDGE('',*,*,#2585,.F.);
#1614=ORIENTED_EDGE('',*,*,#2854,.T.);
#1615=ORIENTED_EDGE('',*,*,#2584,.F.);
#1616=ORIENTED_EDGE('',*,*,#2853,.T.);
#1617=ORIENTED_EDGE('',*,*,#2583,.F.);
#1618=ORIENTED_EDGE('',*,*,#2852,.T.);
#1619=ORIENTED_EDGE('',*,*,#2582,.F.);
#1620=ORIENTED_EDGE('',*,*,#2851,.T.);
#1621=ORIENTED_EDGE('',*,*,#2581,.F.);
#1622=ORIENTED_EDGE('',*,*,#2850,.T.);
#1623=ORIENTED_EDGE('',*,*,#2580,.F.);
#1624=ORIENTED_EDGE('',*,*,#2849,.T.);
#1625=ORIENTED_EDGE('',*,*,#2579,.F.);
#1626=ORIENTED_EDGE('',*,*,#2848,.T.);
#1627=ORIENTED_EDGE('',*,*,#2578,.F.);
#1628=ORIENTED_EDGE('',*,*,#2847,.T.);
#1629=ORIENTED_EDGE('',*,*,#2577,.F.);
#1630=ORIENTED_EDGE('',*,*,#2846,.T.);
#1631=ORIENTED_EDGE('',*,*,#2576,.F.);
#1632=ORIENTED_EDGE('',*,*,#2845,.T.);
#1633=ORIENTED_EDGE('',*,*,#2575,.F.);
#1634=ORIENTED_EDGE('',*,*,#2844,.T.);
#1635=ORIENTED_EDGE('',*,*,#2574,.F.);
#1636=ORIENTED_EDGE('',*,*,#2843,.T.);
#1637=ORIENTED_EDGE('',*,*,#2573,.F.);
#1638=ORIENTED_EDGE('',*,*,#2842,.T.);
#1639=ORIENTED_EDGE('',*,*,#2572,.F.);
#1640=ORIENTED_EDGE('',*,*,#2841,.T.);
#1641=ORIENTED_EDGE('',*,*,#2571,.F.);
#1642=ORIENTED_EDGE('',*,*,#2840,.T.);
#1643=ORIENTED_EDGE('',*,*,#2570,.F.);
#1644=ORIENTED_EDGE('',*,*,#2839,.T.);
#1645=ORIENTED_EDGE('',*,*,#2569,.F.);
#1646=ORIENTED_EDGE('',*,*,#2838,.T.);
#1647=ORIENTED_EDGE('',*,*,#2568,.T.);
#1648=ORIENTED_EDGE('',*,*,#2837,.F.);
#1649=ORIENTED_EDGE('',*,*,#2567,.T.);
#1650=ORIENTED_EDGE('',*,*,#2836,.F.);
#1651=ORIENTED_EDGE('',*,*,#2566,.F.);
#1652=ORIENTED_EDGE('',*,*,#2835,.T.);
#1653=ORIENTED_EDGE('',*,*,#2565,.T.);
#1654=ORIENTED_EDGE('',*,*,#2834,.F.);
#1655=ORIENTED_EDGE('',*,*,#2564,.T.);
#1656=ORIENTED_EDGE('',*,*,#2833,.F.);
#1657=ORIENTED_EDGE('',*,*,#2563,.T.);
#1658=ORIENTED_EDGE('',*,*,#2832,.F.);
#1659=ORIENTED_EDGE('',*,*,#2562,.F.);
#1660=ORIENTED_EDGE('',*,*,#2831,.T.);
#1661=ORIENTED_EDGE('',*,*,#2561,.F.);
#1662=ORIENTED_EDGE('',*,*,#2830,.T.);
#1663=ORIENTED_EDGE('',*,*,#2560,.F.);
#1664=ORIENTED_EDGE('',*,*,#2829,.T.);
#1665=ORIENTED_EDGE('',*,*,#2559,.T.);
#1666=ORIENTED_EDGE('',*,*,#2828,.F.);
#1667=ORIENTED_EDGE('',*,*,#2558,.T.);
#1668=ORIENTED_EDGE('',*,*,#2827,.F.);
#1669=ORIENTED_EDGE('',*,*,#2557,.F.);
#1670=ORIENTED_EDGE('',*,*,#2826,.T.);
#1671=ORIENTED_EDGE('',*,*,#2556,.F.);
#1672=ORIENTED_EDGE('',*,*,#2825,.T.);
#1673=ORIENTED_EDGE('',*,*,#2555,.T.);
#1674=ORIENTED_EDGE('',*,*,#2824,.F.);
#1675=ORIENTED_EDGE('',*,*,#2554,.F.);
#1676=ORIENTED_EDGE('',*,*,#2823,.T.);
#1677=ORIENTED_EDGE('',*,*,#2553,.F.);
#1678=ORIENTED_EDGE('',*,*,#2822,.T.);
#1679=ORIENTED_EDGE('',*,*,#2552,.F.);
#1680=ORIENTED_EDGE('',*,*,#2821,.T.);
#1681=ORIENTED_EDGE('',*,*,#2551,.T.);
#1682=ORIENTED_EDGE('',*,*,#2820,.F.);
#1683=ORIENTED_EDGE('',*,*,#2550,.T.);
#1684=ORIENTED_EDGE('',*,*,#2819,.F.);
#1685=ORIENTED_EDGE('',*,*,#2549,.F.);
#1686=ORIENTED_EDGE('',*,*,#2818,.T.);
#1687=ORIENTED_EDGE('',*,*,#2548,.T.);
#1688=ORIENTED_EDGE('',*,*,#2817,.F.);
#1689=ORIENTED_EDGE('',*,*,#2547,.T.);
#1690=ORIENTED_EDGE('',*,*,#2816,.F.);
#1691=ORIENTED_EDGE('',*,*,#2546,.T.);
#1692=ORIENTED_EDGE('',*,*,#2815,.F.);
#1693=ORIENTED_EDGE('',*,*,#2545,.F.);
#1694=ORIENTED_EDGE('',*,*,#2814,.T.);
#1695=ORIENTED_EDGE('',*,*,#2544,.F.);
#1696=ORIENTED_EDGE('',*,*,#2813,.T.);
#1697=ORIENTED_EDGE('',*,*,#2543,.T.);
#1698=ORIENTED_EDGE('',*,*,#2812,.F.);
#1699=ORIENTED_EDGE('',*,*,#2542,.T.);
#1700=ORIENTED_EDGE('',*,*,#2811,.F.);
#1701=ORIENTED_EDGE('',*,*,#2541,.T.);
#1702=ORIENTED_EDGE('',*,*,#2810,.F.);
#1703=ORIENTED_EDGE('',*,*,#2540,.T.);
#1704=ORIENTED_EDGE('',*,*,#2809,.F.);
#1705=ORIENTED_EDGE('',*,*,#2539,.T.);
#1706=ORIENTED_EDGE('',*,*,#2808,.F.);
#1707=ORIENTED_EDGE('',*,*,#2538,.T.);
#1708=ORIENTED_EDGE('',*,*,#2807,.F.);
#1709=ORIENTED_EDGE('',*,*,#2537,.T.);
#1710=ORIENTED_EDGE('',*,*,#2806,.F.);
#1711=ORIENTED_EDGE('',*,*,#2536,.T.);
#1712=ORIENTED_EDGE('',*,*,#2805,.F.);
#1713=ORIENTED_EDGE('',*,*,#2535,.T.);
#1714=ORIENTED_EDGE('',*,*,#2804,.F.);
#1715=ORIENTED_EDGE('',*,*,#2534,.T.);
#1716=ORIENTED_EDGE('',*,*,#2803,.F.);
#1717=ORIENTED_EDGE('',*,*,#2533,.T.);
#1718=ORIENTED_EDGE('',*,*,#2802,.F.);
#1719=ORIENTED_EDGE('',*,*,#2532,.T.);
#1720=ORIENTED_EDGE('',*,*,#2801,.F.);
#1721=ORIENTED_EDGE('',*,*,#2531,.T.);
#1722=ORIENTED_EDGE('',*,*,#2800,.F.);
#1723=ORIENTED_EDGE('',*,*,#2530,.T.);
#1724=ORIENTED_EDGE('',*,*,#2799,.F.);
#1725=ORIENTED_EDGE('',*,*,#2529,.T.);
#1726=ORIENTED_EDGE('',*,*,#2798,.F.);
#1727=ORIENTED_EDGE('',*,*,#2528,.T.);
#1728=ORIENTED_EDGE('',*,*,#2797,.F.);
#1729=ORIENTED_EDGE('',*,*,#2527,.T.);
#1730=ORIENTED_EDGE('',*,*,#2796,.F.);
#1731=ORIENTED_EDGE('',*,*,#2526,.F.);
#1732=ORIENTED_EDGE('',*,*,#2795,.T.);
#1733=ORIENTED_EDGE('',*,*,#2525,.F.);
#1734=ORIENTED_EDGE('',*,*,#2794,.T.);
#1735=ORIENTED_EDGE('',*,*,#2524,.F.);
#1736=ORIENTED_EDGE('',*,*,#2793,.T.);
#1737=ORIENTED_EDGE('',*,*,#2523,.F.);
#1738=ORIENTED_EDGE('',*,*,#2792,.T.);
#1739=ORIENTED_EDGE('',*,*,#2522,.F.);
#1740=ORIENTED_EDGE('',*,*,#2791,.T.);
#1741=ORIENTED_EDGE('',*,*,#2521,.F.);
#1742=ORIENTED_EDGE('',*,*,#2790,.T.);
#1743=ORIENTED_EDGE('',*,*,#2520,.F.);
#1744=ORIENTED_EDGE('',*,*,#2789,.T.);
#1745=ORIENTED_EDGE('',*,*,#2519,.F.);
#1746=ORIENTED_EDGE('',*,*,#2788,.T.);
#1747=ORIENTED_EDGE('',*,*,#2518,.F.);
#1748=ORIENTED_EDGE('',*,*,#2787,.T.);
#1749=ORIENTED_EDGE('',*,*,#2517,.F.);
#1750=ORIENTED_EDGE('',*,*,#2786,.T.);
#1751=ORIENTED_EDGE('',*,*,#2516,.F.);
#1752=ORIENTED_EDGE('',*,*,#2785,.T.);
#1753=ORIENTED_EDGE('',*,*,#2515,.F.);
#1754=ORIENTED_EDGE('',*,*,#2784,.T.);
#1755=ORIENTED_EDGE('',*,*,#2514,.F.);
#1756=ORIENTED_EDGE('',*,*,#2783,.T.);
#1757=ORIENTED_EDGE('',*,*,#2513,.F.);
#1758=ORIENTED_EDGE('',*,*,#2782,.T.);
#1759=ORIENTED_EDGE('',*,*,#2512,.F.);
#1760=ORIENTED_EDGE('',*,*,#2781,.T.);
#1761=ORIENTED_EDGE('',*,*,#2511,.F.);
#1762=ORIENTED_EDGE('',*,*,#2780,.T.);
#1763=ORIENTED_EDGE('',*,*,#2510,.F.);
#1764=ORIENTED_EDGE('',*,*,#2779,.T.);
#1765=ORIENTED_EDGE('',*,*,#2509,.F.);
#1766=ORIENTED_EDGE('',*,*,#2778,.T.);
#1767=ORIENTED_EDGE('',*,*,#2508,.F.);
#1768=ORIENTED_EDGE('',*,*,#2777,.T.);
#1769=ORIENTED_EDGE('',*,*,#2507,.T.);
#1770=ORIENTED_EDGE('',*,*,#2776,.F.);
#1771=ORIENTED_EDGE('',*,*,#2506,.T.);
#1772=ORIENTED_EDGE('',*,*,#2775,.F.);
#1773=ORIENTED_EDGE('',*,*,#2505,.T.);
#1774=ORIENTED_EDGE('',*,*,#2774,.F.);
#1775=ORIENTED_EDGE('',*,*,#2504,.F.);
#1776=ORIENTED_EDGE('',*,*,#2773,.T.);
#1777=ORIENTED_EDGE('',*,*,#2503,.F.);
#1778=ORIENTED_EDGE('',*,*,#2772,.T.);
#1779=ORIENTED_EDGE('',*,*,#2502,.F.);
#1780=ORIENTED_EDGE('',*,*,#2771,.T.);
#1781=ORIENTED_EDGE('',*,*,#2501,.T.);
#1782=ORIENTED_EDGE('',*,*,#2770,.F.);
#1783=ORIENTED_EDGE('',*,*,#2500,.T.);
#1784=ORIENTED_EDGE('',*,*,#2769,.F.);
#1785=ORIENTED_EDGE('',*,*,#2499,.T.);
#1786=ORIENTED_EDGE('',*,*,#2768,.F.);
#1787=ORIENTED_EDGE('',*,*,#2498,.T.);
#1788=ORIENTED_EDGE('',*,*,#2767,.F.);
#1789=ORIENTED_EDGE('',*,*,#2497,.F.);
#1790=ORIENTED_EDGE('',*,*,#2766,.T.);
#1791=ORIENTED_EDGE('',*,*,#2496,.F.);
#1792=ORIENTED_EDGE('',*,*,#2765,.T.);
#1793=ORIENTED_EDGE('',*,*,#2495,.F.);
#1794=ORIENTED_EDGE('',*,*,#2764,.T.);
#1795=ORIENTED_EDGE('',*,*,#2494,.F.);
#1796=ORIENTED_EDGE('',*,*,#2763,.T.);
#1797=ORIENTED_EDGE('',*,*,#2493,.T.);
#1798=ORIENTED_EDGE('',*,*,#2762,.F.);
#1799=ORIENTED_EDGE('',*,*,#2492,.F.);
#1800=ORIENTED_EDGE('',*,*,#2761,.T.);
#1801=ORIENTED_EDGE('',*,*,#2491,.T.);
#1802=ORIENTED_EDGE('',*,*,#2760,.F.);
#1803=ORIENTED_EDGE('',*,*,#2490,.T.);
#1804=ORIENTED_EDGE('',*,*,#2759,.F.);
#1805=ORIENTED_EDGE('',*,*,#2489,.T.);
#1806=ORIENTED_EDGE('',*,*,#2758,.F.);
#1807=ORIENTED_EDGE('',*,*,#2488,.F.);
#1808=ORIENTED_EDGE('',*,*,#2757,.T.);
#1809=ORIENTED_EDGE('',*,*,#2487,.F.);
#1810=ORIENTED_EDGE('',*,*,#2756,.T.);
#1811=ORIENTED_EDGE('',*,*,#2486,.F.);
#1812=ORIENTED_EDGE('',*,*,#2755,.T.);
#1813=ORIENTED_EDGE('',*,*,#2485,.F.);
#1814=ORIENTED_EDGE('',*,*,#2754,.T.);
#1815=ORIENTED_EDGE('',*,*,#2484,.F.);
#1816=ORIENTED_EDGE('',*,*,#2753,.T.);
#1817=ORIENTED_EDGE('',*,*,#2483,.F.);
#1818=ORIENTED_EDGE('',*,*,#2752,.T.);
#1819=ORIENTED_EDGE('',*,*,#2482,.F.);
#1820=ORIENTED_EDGE('',*,*,#2751,.T.);
#1821=ORIENTED_EDGE('',*,*,#2481,.F.);
#1822=ORIENTED_EDGE('',*,*,#2750,.T.);
#1823=ORIENTED_EDGE('',*,*,#2480,.F.);
#1824=ORIENTED_EDGE('',*,*,#2749,.T.);
#1825=ORIENTED_EDGE('',*,*,#2479,.F.);
#1826=ORIENTED_EDGE('',*,*,#2748,.T.);
#1827=ORIENTED_EDGE('',*,*,#2478,.F.);
#1828=ORIENTED_EDGE('',*,*,#2747,.T.);
#1829=ORIENTED_EDGE('',*,*,#2477,.F.);
#1830=ORIENTED_EDGE('',*,*,#2746,.T.);
#1831=ORIENTED_EDGE('',*,*,#2476,.F.);
#1832=ORIENTED_EDGE('',*,*,#2745,.T.);
#1833=ORIENTED_EDGE('',*,*,#2475,.F.);
#1834=ORIENTED_EDGE('',*,*,#2744,.T.);
#1835=ORIENTED_EDGE('',*,*,#2474,.F.);
#1836=ORIENTED_EDGE('',*,*,#2743,.T.);
#1837=ORIENTED_EDGE('',*,*,#2473,.F.);
#1838=ORIENTED_EDGE('',*,*,#2742,.T.);
#1839=ORIENTED_EDGE('',*,*,#2472,.F.);
#1840=ORIENTED_EDGE('',*,*,#2741,.T.);
#1841=ORIENTED_EDGE('',*,*,#2471,.F.);
#1842=ORIENTED_EDGE('',*,*,#2740,.T.);
#1843=ORIENTED_EDGE('',*,*,#2470,.F.);
#1844=ORIENTED_EDGE('',*,*,#2739,.T.);
#1845=ORIENTED_EDGE('',*,*,#2469,.F.);
#1846=ORIENTED_EDGE('',*,*,#2738,.T.);
#1847=ORIENTED_EDGE('',*,*,#2468,.F.);
#1848=ORIENTED_EDGE('',*,*,#2737,.T.);
#1849=ORIENTED_EDGE('',*,*,#2467,.F.);
#1850=ORIENTED_EDGE('',*,*,#2736,.T.);
#1851=ORIENTED_EDGE('',*,*,#2466,.F.);
#1852=ORIENTED_EDGE('',*,*,#2735,.T.);
#1853=ORIENTED_EDGE('',*,*,#2465,.F.);
#1854=ORIENTED_EDGE('',*,*,#2734,.T.);
#1855=ORIENTED_EDGE('',*,*,#2464,.T.);
#1856=ORIENTED_EDGE('',*,*,#2733,.F.);
#1857=ORIENTED_EDGE('',*,*,#2463,.T.);
#1858=ORIENTED_EDGE('',*,*,#2732,.F.);
#1859=ORIENTED_EDGE('',*,*,#2462,.T.);
#1860=ORIENTED_EDGE('',*,*,#2731,.F.);
#1861=ORIENTED_EDGE('',*,*,#2461,.T.);
#1862=ORIENTED_EDGE('',*,*,#2730,.F.);
#1863=ORIENTED_EDGE('',*,*,#2460,.T.);
#1864=ORIENTED_EDGE('',*,*,#2729,.F.);
#1865=ORIENTED_EDGE('',*,*,#2459,.T.);
#1866=ORIENTED_EDGE('',*,*,#2728,.F.);
#1867=ORIENTED_EDGE('',*,*,#2458,.T.);
#1868=ORIENTED_EDGE('',*,*,#2727,.F.);
#1869=ORIENTED_EDGE('',*,*,#2457,.T.);
#1870=ORIENTED_EDGE('',*,*,#2726,.F.);
#1871=ORIENTED_EDGE('',*,*,#2456,.T.);
#1872=ORIENTED_EDGE('',*,*,#2725,.F.);
#1873=ORIENTED_EDGE('',*,*,#2455,.T.);
#1874=ORIENTED_EDGE('',*,*,#2724,.F.);
#1875=ORIENTED_EDGE('',*,*,#2454,.T.);
#1876=ORIENTED_EDGE('',*,*,#2723,.F.);
#1877=ORIENTED_EDGE('',*,*,#2453,.T.);
#1878=ORIENTED_EDGE('',*,*,#2722,.F.);
#1879=ORIENTED_EDGE('',*,*,#2452,.T.);
#1880=ORIENTED_EDGE('',*,*,#2721,.F.);
#1881=ORIENTED_EDGE('',*,*,#2451,.T.);
#1882=ORIENTED_EDGE('',*,*,#2720,.F.);
#1883=ORIENTED_EDGE('',*,*,#2450,.T.);
#1884=ORIENTED_EDGE('',*,*,#2719,.F.);
#1885=ORIENTED_EDGE('',*,*,#2449,.T.);
#1886=ORIENTED_EDGE('',*,*,#2718,.F.);
#1887=ORIENTED_EDGE('',*,*,#2448,.T.);
#1888=ORIENTED_EDGE('',*,*,#2717,.F.);
#1889=ORIENTED_EDGE('',*,*,#2447,.T.);
#1890=ORIENTED_EDGE('',*,*,#2716,.F.);
#1891=ORIENTED_EDGE('',*,*,#2446,.T.);
#1892=ORIENTED_EDGE('',*,*,#2715,.F.);
#1893=ORIENTED_EDGE('',*,*,#2445,.T.);
#1894=ORIENTED_EDGE('',*,*,#2714,.F.);
#1895=ORIENTED_EDGE('',*,*,#2444,.T.);
#1896=ORIENTED_EDGE('',*,*,#2713,.F.);
#1897=ORIENTED_EDGE('',*,*,#2443,.T.);
#1898=ORIENTED_EDGE('',*,*,#2712,.F.);
#1899=ORIENTED_EDGE('',*,*,#2442,.T.);
#1900=ORIENTED_EDGE('',*,*,#2711,.F.);
#1901=ORIENTED_EDGE('',*,*,#2441,.T.);
#1902=ORIENTED_EDGE('',*,*,#2710,.F.);
#1903=ORIENTED_EDGE('',*,*,#2440,.T.);
#1904=ORIENTED_EDGE('',*,*,#2709,.F.);
#1905=ORIENTED_EDGE('',*,*,#2439,.T.);
#1906=ORIENTED_EDGE('',*,*,#2708,.F.);
#1907=ORIENTED_EDGE('',*,*,#2438,.T.);
#1908=ORIENTED_EDGE('',*,*,#2707,.F.);
#1909=ORIENTED_EDGE('',*,*,#2437,.T.);
#1910=ORIENTED_EDGE('',*,*,#2706,.F.);
#1911=ORIENTED_EDGE('',*,*,#2436,.T.);
#1912=ORIENTED_EDGE('',*,*,#2705,.F.);
#1913=ORIENTED_EDGE('',*,*,#2435,.T.);
#1914=ORIENTED_EDGE('',*,*,#2704,.F.);
#1915=ORIENTED_EDGE('',*,*,#2434,.T.);
#1916=ORIENTED_EDGE('',*,*,#2703,.F.);
#1917=ORIENTED_EDGE('',*,*,#2433,.T.);
#1918=ORIENTED_EDGE('',*,*,#2702,.F.);
#1919=ORIENTED_EDGE('',*,*,#2432,.T.);
#1920=ORIENTED_EDGE('',*,*,#2701,.F.);
#1921=ORIENTED_EDGE('',*,*,#2431,.T.);
#1922=ORIENTED_EDGE('',*,*,#2700,.F.);
#1923=ORIENTED_EDGE('',*,*,#2430,.T.);
#1924=ORIENTED_EDGE('',*,*,#2699,.F.);
#1925=ORIENTED_EDGE('',*,*,#2429,.T.);
#1926=ORIENTED_EDGE('',*,*,#2698,.F.);
#1927=ORIENTED_EDGE('',*,*,#2428,.T.);
#1928=ORIENTED_EDGE('',*,*,#2697,.F.);
#1929=ORIENTED_EDGE('',*,*,#2427,.T.);
#1930=ORIENTED_EDGE('',*,*,#2696,.F.);
#1931=ORIENTED_EDGE('',*,*,#2426,.T.);
#1932=ORIENTED_EDGE('',*,*,#2695,.F.);
#1933=ORIENTED_EDGE('',*,*,#2425,.T.);
#1934=ORIENTED_EDGE('',*,*,#2694,.F.);
#1935=ORIENTED_EDGE('',*,*,#2424,.T.);
#1936=ORIENTED_EDGE('',*,*,#2693,.F.);
#1937=ORIENTED_EDGE('',*,*,#2423,.T.);
#1938=ORIENTED_EDGE('',*,*,#2692,.F.);
#1939=ORIENTED_EDGE('',*,*,#2422,.T.);
#1940=ORIENTED_EDGE('',*,*,#2691,.F.);
#1941=ORIENTED_EDGE('',*,*,#2421,.T.);
#1942=ORIENTED_EDGE('',*,*,#2690,.F.);
#1943=ORIENTED_EDGE('',*,*,#2420,.T.);
#1944=ORIENTED_EDGE('',*,*,#2689,.F.);
#1945=ORIENTED_EDGE('',*,*,#2419,.T.);
#1946=ORIENTED_EDGE('',*,*,#2688,.F.);
#1947=ORIENTED_EDGE('',*,*,#2418,.T.);
#1948=ORIENTED_EDGE('',*,*,#2687,.F.);
#1949=ORIENTED_EDGE('',*,*,#2417,.T.);
#1950=ORIENTED_EDGE('',*,*,#2686,.F.);
#1951=ORIENTED_EDGE('',*,*,#2416,.T.);
#1952=ORIENTED_EDGE('',*,*,#2685,.F.);
#1953=ORIENTED_EDGE('',*,*,#2415,.T.);
#1954=ORIENTED_EDGE('',*,*,#2684,.F.);
#1955=ORIENTED_EDGE('',*,*,#2414,.T.);
#1956=ORIENTED_EDGE('',*,*,#2683,.F.);
#1957=ORIENTED_EDGE('',*,*,#2413,.T.);
#1958=ORIENTED_EDGE('',*,*,#2682,.F.);
#1959=ORIENTED_EDGE('',*,*,#2637,.T.);
#1960=ORIENTED_EDGE('',*,*,#2944,.T.);
#1961=ORIENTED_EDGE('',*,*,#2221,.T.);
#1962=ORIENTED_EDGE('',*,*,#2351,.F.);
#1963=ORIENTED_EDGE('',*,*,#2911,.T.);
#1964=ORIENTED_EDGE('',*,*,#2675,.F.);
#1965=ORIENTED_EDGE('',*,*,#2913,.F.);
#1966=ORIENTED_EDGE('',*,*,#2412,.T.);
#1967=ORIENTED_EDGE('',*,*,#2919,.T.);
#1968=ORIENTED_EDGE('',*,*,#2667,.T.);
#1969=ORIENTED_EDGE('',*,*,#2921,.F.);
#1970=ORIENTED_EDGE('',*,*,#2404,.F.);
#1971=ORIENTED_EDGE('',*,*,#2927,.T.);
#1972=ORIENTED_EDGE('',*,*,#2653,.F.);
#1973=ORIENTED_EDGE('',*,*,#2935,.F.);
#1974=ORIENTED_EDGE('',*,*,#2396,.T.);
#1975=ORIENTED_EDGE('',*,*,#2941,.T.);
#1976=ORIENTED_EDGE('',*,*,#2607,.T.);
#1977=ORIENTED_EDGE('',*,*,#2945,.F.);
#1978=ORIENTED_EDGE('',*,*,#2377,.F.);
#1979=ORIENTED_EDGE('',*,*,#2880,.T.);
#1980=ORIENTED_EDGE('',*,*,#2602,.T.);
#1981=ORIENTED_EDGE('',*,*,#2871,.F.);
#1982=ORIENTED_EDGE('',*,*,#2603,.T.);
#1983=ORIENTED_EDGE('',*,*,#2872,.F.);
#1984=ORIENTED_EDGE('',*,*,#2604,.T.);
#1985=ORIENTED_EDGE('',*,*,#2873,.F.);
#1986=ORIENTED_EDGE('',*,*,#2605,.T.);
#1987=ORIENTED_EDGE('',*,*,#2874,.F.);
#1988=ORIENTED_EDGE('',*,*,#2946,.T.);
#1989=ORIENTED_EDGE('',*,*,#2336,.F.);
#1990=ORIENTED_EDGE('',*,*,#2947,.F.);
#1991=ORIENTED_EDGE('',*,*,#2648,.T.);
#1992=ORIENTED_EDGE('',*,*,#2948,.F.);
#1993=ORIENTED_EDGE('',*,*,#2949,.T.);
#1994=ORIENTED_EDGE('',*,*,#2318,.F.);
#1995=ORIENTED_EDGE('',*,*,#2649,.T.);
#1996=ORIENTED_EDGE('',*,*,#2947,.T.);
#1997=ORIENTED_EDGE('',*,*,#2339,.F.);
#1998=ORIENTED_EDGE('',*,*,#2946,.F.);
#1999=ORIENTED_EDGE('',*,*,#2647,.F.);
#2000=ORIENTED_EDGE('',*,*,#2312,.T.);
#2001=ORIENTED_EDGE('',*,*,#2950,.F.);
#2002=ORIENTED_EDGE('',*,*,#2951,.T.);
#2003=ORIENTED_EDGE('',*,*,#2337,.T.);
#2004=ORIENTED_EDGE('',*,*,#2951,.F.);
#2005=ORIENTED_EDGE('',*,*,#2952,.T.);
#2006=ORIENTED_EDGE('',*,*,#2948,.T.);
#2007=ORIENTED_EDGE('',*,*,#2338,.T.);
#2008=ORIENTED_EDGE('',*,*,#2953,.T.);
#2009=ORIENTED_EDGE('',*,*,#2340,.T.);
#2010=ORIENTED_EDGE('',*,*,#2875,.T.);
#2011=ORIENTED_EDGE('',*,*,#2341,.F.);
#2012=ORIENTED_EDGE('',*,*,#2651,.F.);
#2013=ORIENTED_EDGE('',*,*,#2342,.T.);
#2014=ORIENTED_EDGE('',*,*,#2954,.F.);
#2015=ORIENTED_EDGE('',*,*,#2955,.F.);
#2016=ORIENTED_EDGE('',*,*,#2343,.F.);
#2017=ORIENTED_EDGE('',*,*,#2956,.T.);
#2018=ORIENTED_EDGE('',*,*,#2368,.F.);
#2019=ORIENTED_EDGE('',*,*,#2895,.F.);
#2020=ORIENTED_EDGE('',*,*,#2331,.T.);
#2021=ORIENTED_EDGE('',*,*,#2897,.T.);
#2022=ORIENTED_EDGE('',*,*,#2957,.T.);
#2023=ORIENTED_EDGE('',*,*,#2327,.T.);
#2024=ORIENTED_EDGE('',*,*,#2650,.T.);
#2025=ORIENTED_EDGE('',*,*,#2316,.F.);
#2026=ORIENTED_EDGE('',*,*,#2334,.F.);
#2027=ORIENTED_EDGE('',*,*,#2314,.T.);
#2028=ORIENTED_EDGE('',*,*,#2646,.T.);
#2029=ORIENTED_EDGE('',*,*,#2324,.F.);
#2030=ORIENTED_EDGE('',*,*,#2958,.F.);
#2031=ORIENTED_EDGE('',*,*,#2335,.F.);
#2032=ORIENTED_EDGE('',*,*,#2955,.T.);
#2033=ORIENTED_EDGE('',*,*,#2959,.T.);
#2034=ORIENTED_EDGE('',*,*,#2956,.F.);
#2035=ORIENTED_EDGE('',*,*,#2344,.F.);
#2036=ORIENTED_EDGE('',*,*,#2333,.F.);
#2037=ORIENTED_EDGE('',*,*,#2894,.T.);
#2038=ORIENTED_EDGE('',*,*,#2360,.T.);
#2039=ORIENTED_EDGE('',*,*,#2957,.F.);
#2040=ORIENTED_EDGE('',*,*,#2329,.T.);
#2041=ORIENTED_EDGE('',*,*,#2958,.T.);
#2042=ORIENTED_EDGE('',*,*,#2376,.F.);
#2043=ORIENTED_EDGE('',*,*,#2898,.F.);
#2044=ORIENTED_EDGE('',*,*,#2954,.T.);
#2045=ORIENTED_EDGE('',*,*,#2959,.F.);
#2046=ORIENTED_EDGE('',*,*,#2953,.F.);
#2047=ORIENTED_EDGE('',*,*,#2950,.T.);
#2048=ORIENTED_EDGE('',*,*,#2319,.T.);
#2049=ORIENTED_EDGE('',*,*,#2949,.F.);
#2050=ORIENTED_EDGE('',*,*,#2952,.F.);
#2051=ORIENTED_EDGE('',*,*,#2960,.F.);
#2052=ORIENTED_EDGE('',*,*,#2303,.F.);
#2053=ORIENTED_EDGE('',*,*,#2639,.T.);
#2054=ORIENTED_EDGE('',*,*,#2307,.T.);
#2055=ORIENTED_EDGE('',*,*,#2961,.F.);
#2056=ORIENTED_EDGE('',*,*,#2293,.F.);
#2057=ORIENTED_EDGE('',*,*,#2641,.T.);
#2058=ORIENTED_EDGE('',*,*,#2301,.T.);
#2059=ORIENTED_EDGE('',*,*,#2962,.F.);
#2060=ORIENTED_EDGE('',*,*,#2321,.F.);
#2061=ORIENTED_EDGE('',*,*,#2645,.T.);
#2062=ORIENTED_EDGE('',*,*,#2908,.T.);
#2063=ORIENTED_EDGE('',*,*,#2963,.F.);
#2064=ORIENTED_EDGE('',*,*,#2280,.F.);
#2065=ORIENTED_EDGE('',*,*,#2627,.T.);
#2066=ORIENTED_EDGE('',*,*,#2283,.T.);
#2067=ORIENTED_EDGE('',*,*,#2964,.F.);
#2068=ORIENTED_EDGE('',*,*,#2269,.F.);
#2069=ORIENTED_EDGE('',*,*,#2629,.T.);
#2070=ORIENTED_EDGE('',*,*,#2277,.T.);
#2071=ORIENTED_EDGE('',*,*,#2965,.F.);
#2072=ORIENTED_EDGE('',*,*,#2260,.F.);
#2073=ORIENTED_EDGE('',*,*,#2633,.T.);
#2074=ORIENTED_EDGE('',*,*,#2903,.T.);
#2075=ORIENTED_EDGE('',*,*,#2966,.F.);
#2076=ORIENTED_EDGE('',*,*,#2250,.F.);
#2077=ORIENTED_EDGE('',*,*,#2635,.T.);
#2078=ORIENTED_EDGE('',*,*,#2258,.T.);
#2079=ORIENTED_EDGE('',*,*,#2660,.F.);
#2080=ORIENTED_EDGE('',*,*,#2929,.F.);
#2081=ORIENTED_EDGE('',*,*,#2383,.T.);
#2082=ORIENTED_EDGE('',*,*,#2933,.T.);
#2083=ORIENTED_EDGE('',*,*,#2612,.T.);
#2084=ORIENTED_EDGE('',*,*,#2899,.F.);
#2085=ORIENTED_EDGE('',*,*,#2374,.F.);
#2086=ORIENTED_EDGE('',*,*,#2943,.T.);
#2087=ORIENTED_EDGE('',*,*,#2619,.T.);
#2088=ORIENTED_EDGE('',*,*,#2942,.F.);
#2089=ORIENTED_EDGE('',*,*,#2362,.F.);
#2090=ORIENTED_EDGE('',*,*,#2893,.T.);
#2091=ORIENTED_EDGE('',*,*,#2606,.F.);
#2092=ORIENTED_EDGE('',*,*,#2877,.F.);
#2093=ORIENTED_EDGE('',*,*,#2378,.T.);
#2094=ORIENTED_EDGE('',*,*,#2945,.T.);
#2095=ORIENTED_EDGE('',*,*,#2234,.F.);
#2096=ORIENTED_EDGE('',*,*,#2967,.F.);
#2097=ORIENTED_EDGE('',*,*,#2220,.T.);
#2098=ORIENTED_EDGE('',*,*,#2624,.F.);
#2099=ORIENTED_EDGE('',*,*,#2325,.T.);
#2100=ORIENTED_EDGE('',*,*,#2967,.T.);
#2101=ORIENTED_EDGE('',*,*,#2907,.F.);
#2102=ORIENTED_EDGE('',*,*,#2968,.F.);
#2103=ORIENTED_EDGE('',*,*,#2222,.F.);
#2104=ORIENTED_EDGE('',*,*,#2218,.T.);
#2105=ORIENTED_EDGE('',*,*,#2636,.F.);
#2106=ORIENTED_EDGE('',*,*,#2253,.T.);
#2107=ORIENTED_EDGE('',*,*,#2968,.T.);
#2108=ORIENTED_EDGE('',*,*,#2944,.F.);
#2109=ORIENTED_EDGE('',*,*,#2969,.F.);
#2110=ORIENTED_EDGE('',*,*,#2230,.F.);
#2111=ORIENTED_EDGE('',*,*,#2216,.T.);
#2112=ORIENTED_EDGE('',*,*,#2642,.F.);
#2113=ORIENTED_EDGE('',*,*,#2296,.T.);
#2114=ORIENTED_EDGE('',*,*,#2969,.T.);
#2115=ORIENTED_EDGE('',*,*,#2289,.F.);
#2116=ORIENTED_EDGE('',*,*,#2970,.F.);
#2117=ORIENTED_EDGE('',*,*,#2226,.F.);
#2118=ORIENTED_EDGE('',*,*,#2214,.T.);
#2119=ORIENTED_EDGE('',*,*,#2640,.F.);
#2120=ORIENTED_EDGE('',*,*,#2306,.T.);
#2121=ORIENTED_EDGE('',*,*,#2970,.T.);
#2122=ORIENTED_EDGE('',*,*,#2298,.F.);
#2123=ORIENTED_EDGE('',*,*,#2971,.F.);
#2124=ORIENTED_EDGE('',*,*,#2246,.F.);
#2125=ORIENTED_EDGE('',*,*,#2212,.T.);
#2126=ORIENTED_EDGE('',*,*,#2634,.F.);
#2127=ORIENTED_EDGE('',*,*,#2263,.T.);
#2128=ORIENTED_EDGE('',*,*,#2971,.T.);
#2129=ORIENTED_EDGE('',*,*,#2255,.F.);
#2130=ORIENTED_EDGE('',*,*,#2242,.F.);
#2131=ORIENTED_EDGE('',*,*,#2972,.F.);
#2132=ORIENTED_EDGE('',*,*,#2210,.T.);
#2133=ORIENTED_EDGE('',*,*,#2630,.F.);
#2134=ORIENTED_EDGE('',*,*,#2272,.T.);
#2135=ORIENTED_EDGE('',*,*,#2972,.T.);
#2136=ORIENTED_EDGE('',*,*,#2265,.F.);
#2137=ORIENTED_EDGE('',*,*,#2238,.F.);
#2138=ORIENTED_EDGE('',*,*,#2973,.F.);
#2139=ORIENTED_EDGE('',*,*,#2208,.T.);
#2140=ORIENTED_EDGE('',*,*,#2628,.F.);
#2141=ORIENTED_EDGE('',*,*,#2278,.T.);
#2142=ORIENTED_EDGE('',*,*,#2973,.T.);
#2143=ORIENTED_EDGE('',*,*,#2274,.F.);
#2144=ORIENTED_EDGE('',*,*,#2974,.F.);
#2145=ORIENTED_EDGE('',*,*,#2910,.T.);
#2146=ORIENTED_EDGE('',*,*,#2345,.T.);
#2147=ORIENTED_EDGE('',*,*,#2322,.F.);
#2148=ORIENTED_EDGE('',*,*,#2962,.T.);
#2149=ORIENTED_EDGE('',*,*,#2974,.T.);
#2150=ORIENTED_EDGE('',*,*,#2206,.T.);
#2151=ORIENTED_EDGE('',*,*,#2975,.F.);
#2152=ORIENTED_EDGE('',*,*,#2300,.T.);
#2153=ORIENTED_EDGE('',*,*,#2348,.T.);
#2154=ORIENTED_EDGE('',*,*,#2294,.F.);
#2155=ORIENTED_EDGE('',*,*,#2975,.T.);
#2156=ORIENTED_EDGE('',*,*,#2961,.T.);
#2157=ORIENTED_EDGE('',*,*,#2204,.T.);
#2158=ORIENTED_EDGE('',*,*,#2976,.F.);
#2159=ORIENTED_EDGE('',*,*,#2311,.T.);
#2160=ORIENTED_EDGE('',*,*,#2349,.T.);
#2161=ORIENTED_EDGE('',*,*,#2304,.F.);
#2162=ORIENTED_EDGE('',*,*,#2976,.T.);
#2163=ORIENTED_EDGE('',*,*,#2960,.T.);
#2164=ORIENTED_EDGE('',*,*,#2202,.T.);
#2165=ORIENTED_EDGE('',*,*,#2977,.F.);
#2166=ORIENTED_EDGE('',*,*,#2257,.T.);
#2167=ORIENTED_EDGE('',*,*,#2352,.T.);
#2168=ORIENTED_EDGE('',*,*,#2251,.F.);
#2169=ORIENTED_EDGE('',*,*,#2977,.T.);
#2170=ORIENTED_EDGE('',*,*,#2966,.T.);
#2171=ORIENTED_EDGE('',*,*,#2200,.T.);
#2172=ORIENTED_EDGE('',*,*,#2978,.F.);
#2173=ORIENTED_EDGE('',*,*,#2276,.T.);
#2174=ORIENTED_EDGE('',*,*,#2356,.T.);
#2175=ORIENTED_EDGE('',*,*,#2270,.F.);
#2176=ORIENTED_EDGE('',*,*,#2964,.T.);
#2177=ORIENTED_EDGE('',*,*,#2978,.T.);
#2178=ORIENTED_EDGE('',*,*,#2198,.T.);
#2179=ORIENTED_EDGE('',*,*,#2979,.F.);
#2180=ORIENTED_EDGE('',*,*,#2287,.T.);
#2181=ORIENTED_EDGE('',*,*,#2357,.T.);
#2182=ORIENTED_EDGE('',*,*,#2281,.F.);
#2183=ORIENTED_EDGE('',*,*,#2963,.T.);
#2184=ORIENTED_EDGE('',*,*,#2979,.T.);
#2185=ORIENTED_EDGE('',*,*,#2196,.T.);
#2186=ORIENTED_EDGE('',*,*,#2980,.F.);
#2187=ORIENTED_EDGE('',*,*,#2905,.T.);
#2188=ORIENTED_EDGE('',*,*,#2353,.T.);
#2189=ORIENTED_EDGE('',*,*,#2261,.F.);
#2190=ORIENTED_EDGE('',*,*,#2980,.T.);
#2191=ORIENTED_EDGE('',*,*,#2965,.T.);
#2192=ORIENTED_EDGE('',*,*,#2194,.T.);
#2193=EDGE_CURVE('',#2981,#2981,#3631,.T.);
#2194=EDGE_CURVE('',#2982,#2982,#3632,.F.);
#2195=EDGE_CURVE('',#2983,#2983,#3633,.T.);
#2196=EDGE_CURVE('',#2984,#2984,#3634,.F.);
#2197=EDGE_CURVE('',#2985,#2985,#3635,.T.);
#2198=EDGE_CURVE('',#2986,#2986,#3636,.F.);
#2199=EDGE_CURVE('',#2987,#2987,#3637,.T.);
#2200=EDGE_CURVE('',#2988,#2988,#3638,.F.);
#2201=EDGE_CURVE('',#2989,#2989,#3639,.T.);
#2202=EDGE_CURVE('',#2990,#2990,#3640,.F.);
#2203=EDGE_CURVE('',#2991,#2991,#3641,.T.);
#2204=EDGE_CURVE('',#2992,#2992,#3642,.F.);
#2205=EDGE_CURVE('',#2993,#2993,#3643,.T.);
#2206=EDGE_CURVE('',#2994,#2994,#3644,.F.);
#2207=EDGE_CURVE('',#2995,#2995,#3645,.T.);
#2208=EDGE_CURVE('',#2996,#2996,#3646,.F.);
#2209=EDGE_CURVE('',#2997,#2997,#3647,.T.);
#2210=EDGE_CURVE('',#2998,#2998,#3648,.F.);
#2211=EDGE_CURVE('',#2999,#2999,#3649,.T.);
#2212=EDGE_CURVE('',#3000,#3000,#3650,.F.);
#2213=EDGE_CURVE('',#3001,#3001,#3651,.T.);
#2214=EDGE_CURVE('',#3002,#3002,#3652,.F.);
#2215=EDGE_CURVE('',#3003,#3003,#3653,.T.);
#2216=EDGE_CURVE('',#3004,#3004,#3654,.F.);
#2217=EDGE_CURVE('',#3005,#3005,#3655,.T.);
#2218=EDGE_CURVE('',#3006,#3006,#3656,.F.);
#2219=EDGE_CURVE('',#3007,#3007,#3657,.T.);
#2220=EDGE_CURVE('',#3008,#3008,#3658,.F.);
#2221=EDGE_CURVE('',#3009,#3010,#89,.T.);
#2222=EDGE_CURVE('',#3009,#3011,#3659,.T.);
#2223=EDGE_CURVE('',#3011,#3012,#90,.T.);
#2224=EDGE_CURVE('',#3010,#3012,#3660,.T.);
#2225=EDGE_CURVE('',#3013,#3014,#91,.T.);
#2226=EDGE_CURVE('',#3013,#3015,#3661,.T.);
#2227=EDGE_CURVE('',#3015,#3016,#92,.T.);
#2228=EDGE_CURVE('',#3014,#3016,#3662,.T.);
#2229=EDGE_CURVE('',#3017,#3018,#93,.T.);
#2230=EDGE_CURVE('',#3017,#3019,#3663,.T.);
#2231=EDGE_CURVE('',#3019,#3020,#94,.T.);
#2232=EDGE_CURVE('',#3018,#3020,#3664,.T.);
#2233=EDGE_CURVE('',#3021,#3022,#95,.T.);
#2234=EDGE_CURVE('',#3021,#3023,#3665,.T.);
#2235=EDGE_CURVE('',#3023,#3024,#96,.T.);
#2236=EDGE_CURVE('',#3022,#3024,#3666,.T.);
#2237=EDGE_CURVE('',#3025,#3026,#97,.T.);
#2238=EDGE_CURVE('',#3025,#3027,#3667,.T.);
#2239=EDGE_CURVE('',#3027,#3028,#98,.T.);
#2240=EDGE_CURVE('',#3026,#3028,#3668,.T.);
#2241=EDGE_CURVE('',#3029,#3030,#99,.T.);
#2242=EDGE_CURVE('',#3029,#3031,#3669,.T.);
#2243=EDGE_CURVE('',#3031,#3032,#100,.T.);
#2244=EDGE_CURVE('',#3030,#3032,#3670,.T.);
#2245=EDGE_CURVE('',#3033,#3034,#101,.T.);
#2246=EDGE_CURVE('',#3033,#3035,#3671,.T.);
#2247=EDGE_CURVE('',#3035,#3036,#102,.T.);
#2248=EDGE_CURVE('',#3034,#3036,#3672,.T.);
#2249=EDGE_CURVE('',#3037,#3038,#103,.T.);
#2250=EDGE_CURVE('',#3037,#3039,#104,.T.);
#2251=EDGE_CURVE('',#3039,#3040,#105,.T.);
#2252=EDGE_CURVE('',#3040,#3012,#106,.T.);
#2253=EDGE_CURVE('',#3038,#3011,#107,.T.);
#2254=EDGE_CURVE('',#3041,#3042,#108,.T.);
#2255=EDGE_CURVE('',#3041,#3033,#109,.T.);
#2256=EDGE_CURVE('',#3034,#3043,#110,.T.);
#2257=EDGE_CURVE('',#3044,#3043,#111,.T.);
#2258=EDGE_CURVE('',#3042,#3044,#112,.T.);
#2259=EDGE_CURVE('',#3045,#3046,#113,.T.);
#2260=EDGE_CURVE('',#3046,#3047,#114,.T.);
#2261=EDGE_CURVE('',#3047,#3048,#115,.T.);
#2262=EDGE_CURVE('',#3036,#3048,#116,.T.);
#2263=EDGE_CURVE('',#3045,#3035,#117,.T.);
#2264=EDGE_CURVE('',#3049,#3050,#118,.T.);
#2265=EDGE_CURVE('',#3049,#3029,#119,.T.);
#2266=EDGE_CURVE('',#3030,#3051,#120,.T.);
#2267=EDGE_CURVE('',#3051,#3050,#121,.T.);
#2268=EDGE_CURVE('',#3052,#3053,#122,.T.);
#2269=EDGE_CURVE('',#3052,#3054,#123,.T.);
#2270=EDGE_CURVE('',#3054,#3055,#124,.T.);
#2271=EDGE_CURVE('',#3055,#3032,#125,.T.);
#2272=EDGE_CURVE('',#3053,#3031,#126,.T.);
#2273=EDGE_CURVE('',#3056,#3057,#127,.T.);
#2274=EDGE_CURVE('',#3056,#3025,#128,.T.);
#2275=EDGE_CURVE('',#3026,#3058,#129,.T.);
#2276=EDGE_CURVE('',#3059,#3058,#130,.T.);
#2277=EDGE_CURVE('',#3057,#3059,#131,.T.);
#2278=EDGE_CURVE('',#3060,#3027,#132,.T.);
#2279=EDGE_CURVE('',#3060,#3061,#133,.T.);
#2280=EDGE_CURVE('',#3061,#3062,#134,.T.);
#2281=EDGE_CURVE('',#3062,#3063,#135,.T.);
#2282=EDGE_CURVE('',#3028,#3063,#136,.T.);
#2283=EDGE_CURVE('',#3064,#3065,#137,.T.);
#2284=EDGE_CURVE('',#3064,#3066,#138,.T.);
#2285=EDGE_CURVE('',#3067,#3066,#139,.T.);
#2286=EDGE_CURVE('',#3068,#3067,#140,.T.);
#2287=EDGE_CURVE('',#3065,#3068,#141,.T.);
#2288=EDGE_CURVE('',#3069,#3070,#142,.T.);
#2289=EDGE_CURVE('',#3069,#3017,#143,.T.);
#2290=EDGE_CURVE('',#3018,#3071,#144,.T.);
#2291=EDGE_CURVE('',#3071,#3070,#145,.T.);
#2292=EDGE_CURVE('',#3072,#3073,#146,.T.);
#2293=EDGE_CURVE('',#3072,#3074,#147,.T.);
#2294=EDGE_CURVE('',#3074,#3075,#148,.T.);
#2295=EDGE_CURVE('',#3075,#3020,#149,.T.);
#2296=EDGE_CURVE('',#3073,#3019,#150,.T.);
#2297=EDGE_CURVE('',#3076,#3077,#151,.T.);
#2298=EDGE_CURVE('',#3076,#3013,#152,.T.);
#2299=EDGE_CURVE('',#3014,#3078,#153,.T.);
#2300=EDGE_CURVE('',#3079,#3078,#154,.T.);
#2301=EDGE_CURVE('',#3077,#3079,#155,.T.);
#2302=EDGE_CURVE('',#3080,#3081,#156,.T.);
#2303=EDGE_CURVE('',#3081,#3082,#157,.T.);
#2304=EDGE_CURVE('',#3082,#3083,#158,.T.);
#2305=EDGE_CURVE('',#3016,#3083,#159,.T.);
#2306=EDGE_CURVE('',#3080,#3015,#160,.T.);
#2307=EDGE_CURVE('',#3084,#3085,#161,.T.);
#2308=EDGE_CURVE('',#3084,#3086,#162,.T.);
#2309=EDGE_CURVE('',#3087,#3086,#163,.T.);
#2310=EDGE_CURVE('',#3088,#3087,#164,.T.);
#2311=EDGE_CURVE('',#3085,#3088,#165,.T.);
#2312=EDGE_CURVE('',#3089,#3090,#166,.T.);
#2313=EDGE_CURVE('',#3089,#3091,#167,.T.);
#2314=EDGE_CURVE('',#3092,#3091,#168,.T.);
#2315=EDGE_CURVE('',#3093,#3092,#169,.T.);
#2316=EDGE_CURVE('',#3093,#3094,#170,.T.);
#2317=EDGE_CURVE('',#3094,#3095,#171,.T.);
#2318=EDGE_CURVE('',#3095,#3096,#172,.T.);
#2319=EDGE_CURVE('',#3090,#3096,#173,.T.);
#2320=EDGE_CURVE('',#3097,#3098,#174,.T.);
#2321=EDGE_CURVE('',#3098,#3099,#175,.T.);
#2322=EDGE_CURVE('',#3099,#3100,#176,.T.);
#2323=EDGE_CURVE('',#3101,#3100,#177,.T.);
#2324=EDGE_CURVE('',#3101,#3097,#178,.T.);
#2325=EDGE_CURVE('',#3102,#3023,#179,.T.);
#2326=EDGE_CURVE('',#3103,#3102,#180,.T.);
#2327=EDGE_CURVE('',#3104,#3103,#181,.T.);
#2328=EDGE_CURVE('',#3104,#3024,#182,.T.);
#2329=EDGE_CURVE('',#3105,#3106,#183,.T.);
#2330=EDGE_CURVE('',#3107,#3105,#184,.T.);
#2331=EDGE_CURVE('',#3108,#3107,#185,.T.);
#2332=EDGE_CURVE('',#3108,#3109,#186,.T.);
#2333=EDGE_CURVE('',#3109,#3110,#187,.T.);
#2334=EDGE_CURVE('',#3110,#3093,#3673,.T.);
#2335=EDGE_CURVE('',#3092,#3106,#3674,.T.);
#2336=EDGE_CURVE('',#3111,#3112,#188,.T.);
#2337=EDGE_CURVE('',#3113,#3112,#189,.T.);
#2338=EDGE_CURVE('',#3114,#3113,#190,.T.);
#2339=EDGE_CURVE('',#3114,#3111,#191,.T.);
#2340=EDGE_CURVE('',#3115,#3115,#3675,.T.);
#2341=EDGE_CURVE('',#3116,#3116,#3676,.T.);
#2342=EDGE_CURVE('',#3117,#3117,#3677,.T.);
#2343=EDGE_CURVE('',#3118,#3119,#3678,.T.);
#2344=EDGE_CURVE('',#3119,#3118,#3679,.T.);
#2345=EDGE_CURVE('',#3120,#3100,#3680,.T.);
#2346=EDGE_CURVE('',#3121,#3120,#192,.T.);
#2347=EDGE_CURVE('',#3071,#3121,#3681,.T.);
#2348=EDGE_CURVE('',#3078,#3075,#3682,.T.);
#2349=EDGE_CURVE('',#3088,#3083,#3683,.T.);
#2350=EDGE_CURVE('',#3087,#3122,#3684,.T.);
#2351=EDGE_CURVE('',#3122,#3010,#193,.T.);
#2352=EDGE_CURVE('',#3043,#3040,#3685,.T.);
#2353=EDGE_CURVE('',#3123,#3048,#3686,.T.);
#2354=EDGE_CURVE('',#3124,#3123,#194,.T.);
#2355=EDGE_CURVE('',#3051,#3124,#3687,.T.);
#2356=EDGE_CURVE('',#3058,#3055,#3688,.T.);
#2357=EDGE_CURVE('',#3068,#3063,#3689,.T.);
#2358=EDGE_CURVE('',#3067,#3125,#3690,.T.);
#2359=EDGE_CURVE('',#3125,#3022,#195,.T.);
#2360=EDGE_CURVE('',#3126,#3104,#196,.T.);
#2361=EDGE_CURVE('',#3127,#3126,#197,.T.);
#2362=EDGE_CURVE('',#3127,#3128,#198,.T.);
#2363=EDGE_CURVE('',#3129,#3128,#199,.T.);
#2364=EDGE_CURVE('',#3129,#3130,#3691,.T.);
#2365=EDGE_CURVE('',#3130,#3131,#200,.T.);
#2366=EDGE_CURVE('',#3131,#3132,#3692,.T.);
#2367=EDGE_CURVE('',#3133,#3132,#201,.T.);
#2368=EDGE_CURVE('',#3133,#3134,#202,.T.);
#2369=EDGE_CURVE('',#3134,#3135,#203,.T.);
#2370=EDGE_CURVE('',#3136,#3135,#3693,.T.);
#2371=EDGE_CURVE('',#3137,#3136,#204,.T.);
#2372=EDGE_CURVE('',#3138,#3137,#3694,.T.);
#2373=EDGE_CURVE('',#3138,#3139,#205,.T.);
#2374=EDGE_CURVE('',#3139,#3140,#206,.T.);
#2375=EDGE_CURVE('',#3140,#3141,#207,.T.);
#2376=EDGE_CURVE('',#3141,#3101,#208,.T.);
#2377=EDGE_CURVE('',#3142,#3143,#209,.T.);
#2378=EDGE_CURVE('',#3144,#3143,#210,.T.);
#2379=EDGE_CURVE('',#3145,#3144,#211,.T.);
#2380=EDGE_CURVE('',#3146,#3145,#3695,.T.);
#2381=EDGE_CURVE('',#3147,#3146,#212,.T.);
#2382=EDGE_CURVE('',#3142,#3147,#3696,.T.);
#2383=EDGE_CURVE('',#3148,#3149,#213,.T.);
#2384=EDGE_CURVE('',#3150,#3148,#214,.T.);
#2385=EDGE_CURVE('',#3150,#3151,#3697,.T.);
#2386=EDGE_CURVE('',#3151,#3152,#215,.T.);
#2387=EDGE_CURVE('',#3152,#3153,#3698,.T.);
#2388=EDGE_CURVE('',#3153,#3149,#216,.T.);
#2389=EDGE_CURVE('',#3154,#3155,#3699,.T.);
#2390=EDGE_CURVE('',#3156,#3154,#217,.T.);
#2391=EDGE_CURVE('',#3157,#3156,#3700,.T.);
#2392=EDGE_CURVE('',#3157,#3158,#218,.T.);
#2393=EDGE_CURVE('',#3159,#3158,#3701,.T.);
#2394=EDGE_CURVE('',#3159,#3160,#219,.T.);
#2395=EDGE_CURVE('',#3161,#3160,#3702,.T.);
#2396=EDGE_CURVE('',#3155,#3161,#220,.T.);
#2397=EDGE_CURVE('',#3162,#3163,#221,.T.);
#2398=EDGE_CURVE('',#3162,#3164,#3703,.T.);
#2399=EDGE_CURVE('',#3164,#3165,#222,.T.);
#2400=EDGE_CURVE('',#3165,#3166,#3704,.T.);
#2401=EDGE_CURVE('',#3166,#3167,#223,.T.);
#2402=EDGE_CURVE('',#3167,#3168,#3705,.T.);
#2403=EDGE_CURVE('',#3169,#3168,#224,.T.);
#2404=EDGE_CURVE('',#3169,#3163,#3706,.T.);
#2405=EDGE_CURVE('',#3170,#3171,#225,.T.);
#2406=EDGE_CURVE('',#3172,#3170,#3707,.T.);
#2407=EDGE_CURVE('',#3173,#3172,#226,.T.);
#2408=EDGE_CURVE('',#3174,#3173,#3708,.T.);
#2409=EDGE_CURVE('',#3174,#3175,#227,.T.);
#2410=EDGE_CURVE('',#3176,#3175,#3709,.T.);
#2411=EDGE_CURVE('',#3176,#3177,#228,.T.);
#2412=EDGE_CURVE('',#3171,#3177,#3710,.T.);
#2413=EDGE_CURVE('',#3178,#3178,#3711,.T.);
#2414=EDGE_CURVE('',#3179,#3179,#3712,.T.);
#2415=EDGE_CURVE('',#3180,#3180,#3713,.T.);
#2416=EDGE_CURVE('',#3181,#3181,#3714,.T.);
#2417=EDGE_CURVE('',#3182,#3182,#3715,.T.);
#2418=EDGE_CURVE('',#3183,#3183,#3716,.T.);
#2419=EDGE_CURVE('',#3184,#3184,#3717,.T.);
#2420=EDGE_CURVE('',#3185,#3185,#3718,.T.);
#2421=EDGE_CURVE('',#3186,#3186,#3719,.T.);
#2422=EDGE_CURVE('',#3187,#3187,#3720,.T.);
#2423=EDGE_CURVE('',#3188,#3188,#3721,.T.);
#2424=EDGE_CURVE('',#3189,#3189,#3722,.T.);
#2425=EDGE_CURVE('',#3190,#3190,#3723,.T.);
#2426=EDGE_CURVE('',#3191,#3191,#3724,.T.);
#2427=EDGE_CURVE('',#3192,#3192,#3725,.T.);
#2428=EDGE_CURVE('',#3193,#3193,#3726,.T.);
#2429=EDGE_CURVE('',#3194,#3194,#3727,.T.);
#2430=EDGE_CURVE('',#3195,#3195,#3728,.T.);
#2431=EDGE_CURVE('',#3196,#3196,#3729,.T.);
#2432=EDGE_CURVE('',#3197,#3197,#3730,.T.);
#2433=EDGE_CURVE('',#3198,#3198,#3731,.T.);
#2434=EDGE_CURVE('',#3199,#3199,#3732,.T.);
#2435=EDGE_CURVE('',#3200,#3200,#3733,.T.);
#2436=EDGE_CURVE('',#3201,#3201,#3734,.T.);
#2437=EDGE_CURVE('',#3202,#3202,#3735,.T.);
#2438=EDGE_CURVE('',#3203,#3203,#3736,.T.);
#2439=EDGE_CURVE('',#3204,#3204,#3737,.T.);
#2440=EDGE_CURVE('',#3205,#3205,#3738,.T.);
#2441=EDGE_CURVE('',#3206,#3206,#3739,.T.);
#2442=EDGE_CURVE('',#3207,#3207,#3740,.T.);
#2443=EDGE_CURVE('',#3208,#3208,#3741,.T.);
#2444=EDGE_CURVE('',#3209,#3209,#3742,.T.);
#2445=EDGE_CURVE('',#3210,#3210,#3743,.T.);
#2446=EDGE_CURVE('',#3211,#3211,#3744,.T.);
#2447=EDGE_CURVE('',#3212,#3212,#3745,.T.);
#2448=EDGE_CURVE('',#3213,#3213,#3746,.T.);
#2449=EDGE_CURVE('',#3214,#3214,#3747,.T.);
#2450=EDGE_CURVE('',#3215,#3215,#3748,.T.);
#2451=EDGE_CURVE('',#3216,#3216,#3749,.T.);
#2452=EDGE_CURVE('',#3217,#3217,#3750,.T.);
#2453=EDGE_CURVE('',#3218,#3218,#3751,.T.);
#2454=EDGE_CURVE('',#3219,#3219,#3752,.T.);
#2455=EDGE_CURVE('',#3220,#3220,#3753,.T.);
#2456=EDGE_CURVE('',#3221,#3221,#3754,.T.);
#2457=EDGE_CURVE('',#3222,#3222,#3755,.T.);
#2458=EDGE_CURVE('',#3223,#3223,#3756,.T.);
#2459=EDGE_CURVE('',#3224,#3224,#3757,.T.);
#2460=EDGE_CURVE('',#3225,#3225,#3758,.T.);
#2461=EDGE_CURVE('',#3226,#3226,#3759,.T.);
#2462=EDGE_CURVE('',#3227,#3227,#3760,.T.);
#2463=EDGE_CURVE('',#3228,#3228,#3761,.T.);
#2464=EDGE_CURVE('',#3229,#3229,#3762,.T.);
#2465=EDGE_CURVE('',#3230,#3230,#3763,.T.);
#2466=EDGE_CURVE('',#3231,#3231,#3764,.T.);
#2467=EDGE_CURVE('',#3232,#3232,#3765,.T.);
#2468=EDGE_CURVE('',#3233,#3233,#3766,.T.);
#2469=EDGE_CURVE('',#3234,#3234,#3767,.T.);
#2470=EDGE_CURVE('',#3235,#3235,#3768,.T.);
#2471=EDGE_CURVE('',#3236,#3236,#3769,.T.);
#2472=EDGE_CURVE('',#3237,#3237,#3770,.T.);
#2473=EDGE_CURVE('',#3238,#3238,#3771,.T.);
#2474=EDGE_CURVE('',#3239,#3239,#3772,.T.);
#2475=EDGE_CURVE('',#3240,#3240,#3773,.T.);
#2476=EDGE_CURVE('',#3241,#3241,#3774,.T.);
#2477=EDGE_CURVE('',#3242,#3242,#3775,.T.);
#2478=EDGE_CURVE('',#3243,#3243,#3776,.T.);
#2479=EDGE_CURVE('',#3244,#3244,#3777,.T.);
#2480=EDGE_CURVE('',#3245,#3245,#3778,.T.);
#2481=EDGE_CURVE('',#3246,#3246,#3779,.T.);
#2482=EDGE_CURVE('',#3247,#3247,#3780,.T.);
#2483=EDGE_CURVE('',#3248,#3248,#3781,.T.);
#2484=EDGE_CURVE('',#3249,#3249,#3782,.T.);
#2485=EDGE_CURVE('',#3250,#3250,#3783,.T.);
#2486=EDGE_CURVE('',#3251,#3251,#3784,.T.);
#2487=EDGE_CURVE('',#3252,#3252,#3785,.T.);
#2488=EDGE_CURVE('',#3253,#3253,#3786,.T.);
#2489=EDGE_CURVE('',#3254,#3254,#3787,.T.);
#2490=EDGE_CURVE('',#3255,#3255,#3788,.T.);
#2491=EDGE_CURVE('',#3256,#3256,#3789,.T.);
#2492=EDGE_CURVE('',#3257,#3257,#3790,.T.);
#2493=EDGE_CURVE('',#3258,#3258,#3791,.T.);
#2494=EDGE_CURVE('',#3259,#3259,#3792,.T.);
#2495=EDGE_CURVE('',#3260,#3260,#3793,.T.);
#2496=EDGE_CURVE('',#3261,#3261,#3794,.T.);
#2497=EDGE_CURVE('',#3262,#3262,#3795,.T.);
#2498=EDGE_CURVE('',#3263,#3263,#3796,.T.);
#2499=EDGE_CURVE('',#3264,#3264,#3797,.T.);
#2500=EDGE_CURVE('',#3265,#3265,#3798,.T.);
#2501=EDGE_CURVE('',#3266,#3266,#3799,.T.);
#2502=EDGE_CURVE('',#3267,#3267,#3800,.T.);
#2503=EDGE_CURVE('',#3268,#3268,#3801,.T.);
#2504=EDGE_CURVE('',#3269,#3269,#3802,.T.);
#2505=EDGE_CURVE('',#3270,#3270,#3803,.T.);
#2506=EDGE_CURVE('',#3271,#3271,#3804,.T.);
#2507=EDGE_CURVE('',#3272,#3272,#3805,.T.);
#2508=EDGE_CURVE('',#3273,#3273,#3806,.T.);
#2509=EDGE_CURVE('',#3274,#3274,#3807,.T.);
#2510=EDGE_CURVE('',#3275,#3275,#3808,.T.);
#2511=EDGE_CURVE('',#3276,#3276,#3809,.T.);
#2512=EDGE_CURVE('',#3277,#3277,#3810,.T.);
#2513=EDGE_CURVE('',#3278,#3278,#3811,.T.);
#2514=EDGE_CURVE('',#3279,#3279,#3812,.T.);
#2515=EDGE_CURVE('',#3280,#3280,#3813,.T.);
#2516=EDGE_CURVE('',#3281,#3281,#3814,.T.);
#2517=EDGE_CURVE('',#3282,#3282,#3815,.T.);
#2518=EDGE_CURVE('',#3283,#3283,#3816,.T.);
#2519=EDGE_CURVE('',#3284,#3284,#3817,.T.);
#2520=EDGE_CURVE('',#3285,#3285,#3818,.T.);
#2521=EDGE_CURVE('',#3286,#3286,#3819,.T.);
#2522=EDGE_CURVE('',#3287,#3287,#3820,.T.);
#2523=EDGE_CURVE('',#3288,#3288,#3821,.T.);
#2524=EDGE_CURVE('',#3289,#3289,#3822,.T.);
#2525=EDGE_CURVE('',#3290,#3290,#3823,.T.);
#2526=EDGE_CURVE('',#3291,#3291,#3824,.T.);
#2527=EDGE_CURVE('',#3292,#3292,#3825,.T.);
#2528=EDGE_CURVE('',#3293,#3293,#3826,.T.);
#2529=EDGE_CURVE('',#3294,#3294,#3827,.T.);
#2530=EDGE_CURVE('',#3295,#3295,#3828,.T.);
#2531=EDGE_CURVE('',#3296,#3296,#3829,.T.);
#2532=EDGE_CURVE('',#3297,#3297,#3830,.T.);
#2533=EDGE_CURVE('',#3298,#3298,#3831,.T.);
#2534=EDGE_CURVE('',#3299,#3299,#3832,.T.);
#2535=EDGE_CURVE('',#3300,#3300,#3833,.T.);
#2536=EDGE_CURVE('',#3301,#3301,#3834,.T.);
#2537=EDGE_CURVE('',#3302,#3302,#3835,.T.);
#2538=EDGE_CURVE('',#3303,#3303,#3836,.T.);
#2539=EDGE_CURVE('',#3304,#3304,#3837,.T.);
#2540=EDGE_CURVE('',#3305,#3305,#3838,.T.);
#2541=EDGE_CURVE('',#3306,#3306,#3839,.T.);
#2542=EDGE_CURVE('',#3307,#3307,#3840,.T.);
#2543=EDGE_CURVE('',#3308,#3308,#3841,.T.);
#2544=EDGE_CURVE('',#3309,#3309,#3842,.T.);
#2545=EDGE_CURVE('',#3310,#3310,#3843,.T.);
#2546=EDGE_CURVE('',#3311,#3311,#3844,.T.);
#2547=EDGE_CURVE('',#3312,#3312,#3845,.T.);
#2548=EDGE_CURVE('',#3313,#3313,#3846,.T.);
#2549=EDGE_CURVE('',#3314,#3314,#3847,.T.);
#2550=EDGE_CURVE('',#3315,#3315,#3848,.T.);
#2551=EDGE_CURVE('',#3316,#3316,#3849,.T.);
#2552=EDGE_CURVE('',#3317,#3317,#3850,.T.);
#2553=EDGE_CURVE('',#3318,#3318,#3851,.T.);
#2554=EDGE_CURVE('',#3319,#3319,#3852,.T.);
#2555=EDGE_CURVE('',#3320,#3320,#3853,.T.);
#2556=EDGE_CURVE('',#3321,#3321,#3854,.T.);
#2557=EDGE_CURVE('',#3322,#3322,#3855,.T.);
#2558=EDGE_CURVE('',#3323,#3323,#3856,.T.);
#2559=EDGE_CURVE('',#3324,#3324,#3857,.T.);
#2560=EDGE_CURVE('',#3325,#3325,#3858,.T.);
#2561=EDGE_CURVE('',#3326,#3326,#3859,.T.);
#2562=EDGE_CURVE('',#3327,#3327,#3860,.T.);
#2563=EDGE_CURVE('',#3328,#3328,#3861,.T.);
#2564=EDGE_CURVE('',#3329,#3329,#3862,.T.);
#2565=EDGE_CURVE('',#3330,#3330,#3863,.T.);
#2566=EDGE_CURVE('',#3331,#3331,#3864,.T.);
#2567=EDGE_CURVE('',#3332,#3332,#3865,.T.);
#2568=EDGE_CURVE('',#3333,#3333,#3866,.T.);
#2569=EDGE_CURVE('',#3334,#3334,#3867,.T.);
#2570=EDGE_CURVE('',#3335,#3335,#3868,.T.);
#2571=EDGE_CURVE('',#3336,#3336,#3869,.T.);
#2572=EDGE_CURVE('',#3337,#3337,#3870,.T.);
#2573=EDGE_CURVE('',#3338,#3338,#3871,.T.);
#2574=EDGE_CURVE('',#3339,#3339,#3872,.T.);
#2575=EDGE_CURVE('',#3340,#3340,#3873,.T.);
#2576=EDGE_CURVE('',#3341,#3341,#3874,.T.);
#2577=EDGE_CURVE('',#3342,#3342,#3875,.T.);
#2578=EDGE_CURVE('',#3343,#3343,#3876,.T.);
#2579=EDGE_CURVE('',#3344,#3344,#3877,.T.);
#2580=EDGE_CURVE('',#3345,#3345,#3878,.T.);
#2581=EDGE_CURVE('',#3346,#3346,#3879,.T.);
#2582=EDGE_CURVE('',#3347,#3347,#3880,.T.);
#2583=EDGE_CURVE('',#3348,#3348,#3881,.T.);
#2584=EDGE_CURVE('',#3349,#3349,#3882,.T.);
#2585=EDGE_CURVE('',#3350,#3350,#3883,.T.);
#2586=EDGE_CURVE('',#3351,#3351,#3884,.T.);
#2587=EDGE_CURVE('',#3352,#3352,#3885,.T.);
#2588=EDGE_CURVE('',#3353,#3353,#3886,.T.);
#2589=EDGE_CURVE('',#3354,#3354,#3887,.T.);
#2590=EDGE_CURVE('',#3355,#3355,#3888,.T.);
#2591=EDGE_CURVE('',#3356,#3356,#3889,.T.);
#2592=EDGE_CURVE('',#3357,#3357,#3890,.T.);
#2593=EDGE_CURVE('',#3358,#3358,#3891,.T.);
#2594=EDGE_CURVE('',#3359,#3360,#3892,.T.);
#2595=EDGE_CURVE('',#3360,#3361,#229,.T.);
#2596=EDGE_CURVE('',#3361,#3362,#3893,.T.);
#2597=EDGE_CURVE('',#3363,#3362,#230,.T.);
#2598=EDGE_CURVE('',#3363,#3364,#3894,.T.);
#2599=EDGE_CURVE('',#3365,#3364,#231,.T.);
#2600=EDGE_CURVE('',#3365,#3366,#3895,.T.);
#2601=EDGE_CURVE('',#3366,#3359,#232,.T.);
#2602=EDGE_CURVE('',#3367,#3367,#3896,.T.);
#2603=EDGE_CURVE('',#3368,#3368,#3897,.T.);
#2604=EDGE_CURVE('',#3369,#3369,#3898,.T.);
#2605=EDGE_CURVE('',#3370,#3370,#3899,.T.);
#2606=EDGE_CURVE('',#3371,#3372,#233,.T.);
#2607=EDGE_CURVE('',#3373,#3372,#234,.T.);
#2608=EDGE_CURVE('',#3373,#3374,#3900,.T.);
#2609=EDGE_CURVE('',#3374,#3375,#235,.T.);
#2610=EDGE_CURVE('',#3375,#3376,#3901,.T.);
#2611=EDGE_CURVE('',#3376,#3371,#236,.T.);
#2612=EDGE_CURVE('',#3377,#3378,#237,.T.);
#2613=EDGE_CURVE('',#3379,#3377,#238,.T.);
#2614=EDGE_CURVE('',#3379,#3380,#3902,.T.);
#2615=EDGE_CURVE('',#3380,#3381,#239,.T.);
#2616=EDGE_CURVE('',#3381,#3382,#3903,.T.);
#2617=EDGE_CURVE('',#3382,#3378,#240,.T.);
#2618=EDGE_CURVE('',#3383,#3384,#241,.T.);
#2619=EDGE_CURVE('',#3385,#3384,#242,.T.);
#2620=EDGE_CURVE('',#3386,#3385,#243,.T.);
#2621=EDGE_CURVE('',#3387,#3386,#3904,.T.);
#2622=EDGE_CURVE('',#3388,#3387,#244,.T.);
#2623=EDGE_CURVE('',#3383,#3388,#3905,.T.);
#2624=EDGE_CURVE('',#3102,#3389,#3906,.T.);
#2625=EDGE_CURVE('',#3390,#3389,#245,.T.);
#2626=EDGE_CURVE('',#3066,#3390,#3907,.T.);
#2627=EDGE_CURVE('',#3061,#3064,#3908,.T.);
#2628=EDGE_CURVE('',#3060,#3056,#3909,.T.);
#2629=EDGE_CURVE('',#3052,#3057,#3910,.T.);
#2630=EDGE_CURVE('',#3053,#3049,#3911,.T.);
#2631=EDGE_CURVE('',#3050,#3391,#3912,.T.);
#2632=EDGE_CURVE('',#3391,#3392,#246,.T.);
#2633=EDGE_CURVE('',#3046,#3392,#3913,.T.);
#2634=EDGE_CURVE('',#3045,#3041,#3914,.T.);
#2635=EDGE_CURVE('',#3037,#3042,#3915,.T.);
#2636=EDGE_CURVE('',#3038,#3393,#3916,.T.);
#2637=EDGE_CURVE('',#3394,#3393,#247,.T.);
#2638=EDGE_CURVE('',#3086,#3394,#3917,.T.);
#2639=EDGE_CURVE('',#3081,#3084,#3918,.T.);
#2640=EDGE_CURVE('',#3080,#3076,#3919,.T.);
#2641=EDGE_CURVE('',#3072,#3077,#3920,.T.);
#2642=EDGE_CURVE('',#3073,#3069,#3921,.T.);
#2643=EDGE_CURVE('',#3070,#3395,#3922,.T.);
#2644=EDGE_CURVE('',#3395,#3396,#248,.T.);
#2645=EDGE_CURVE('',#3098,#3396,#3923,.T.);
#2646=EDGE_CURVE('',#3091,#3097,#3924,.T.);
#2647=EDGE_CURVE('',#3089,#3397,#249,.T.);
#2648=EDGE_CURVE('',#3398,#3397,#250,.T.);
#2649=EDGE_CURVE('',#3095,#3398,#251,.T.);
#2650=EDGE_CURVE('',#3103,#3094,#3925,.T.);
#2651=EDGE_CURVE('',#3399,#3399,#3926,.T.);
#2652=EDGE_CURVE('',#3400,#3401,#3927,.T.);
#2653=EDGE_CURVE('',#3401,#3402,#252,.T.);
#2654=EDGE_CURVE('',#3402,#3403,#3928,.T.);
#2655=EDGE_CURVE('',#3404,#3403,#253,.T.);
#2656=EDGE_CURVE('',#3404,#3405,#3929,.T.);
#2657=EDGE_CURVE('',#3406,#3405,#254,.T.);
#2658=EDGE_CURVE('',#3406,#3407,#3930,.T.);
#2659=EDGE_CURVE('',#3407,#3400,#255,.T.);
#2660=EDGE_CURVE('',#3408,#3409,#256,.T.);
#2661=EDGE_CURVE('',#3410,#3409,#257,.T.);
#2662=EDGE_CURVE('',#3411,#3410,#3931,.T.);
#2663=EDGE_CURVE('',#3412,#3411,#258,.T.);
#2664=EDGE_CURVE('',#3413,#3412,#3932,.T.);
#2665=EDGE_CURVE('',#3413,#3408,#259,.T.);
#2666=EDGE_CURVE('',#3414,#3415,#260,.T.);
#2667=EDGE_CURVE('',#3416,#3415,#3933,.T.);
#2668=EDGE_CURVE('',#3416,#3417,#261,.T.);
#2669=EDGE_CURVE('',#3418,#3417,#3934,.T.);
#2670=EDGE_CURVE('',#3419,#3418,#262,.T.);
#2671=EDGE_CURVE('',#3420,#3419,#3935,.T.);
#2672=EDGE_CURVE('',#3421,#3420,#263,.T.);
#2673=EDGE_CURVE('',#3414,#3421,#3936,.T.);
#2674=EDGE_CURVE('',#3422,#3423,#264,.T.);
#2675=EDGE_CURVE('',#3423,#3424,#3937,.T.);
#2676=EDGE_CURVE('',#3425,#3424,#265,.T.);
#2677=EDGE_CURVE('',#3425,#3426,#3938,.T.);
#2678=EDGE_CURVE('',#3427,#3426,#266,.T.);
#2679=EDGE_CURVE('',#3427,#3428,#3939,.T.);
#2680=EDGE_CURVE('',#3428,#3429,#267,.T.);
#2681=EDGE_CURVE('',#3429,#3422,#3940,.T.);
#2682=EDGE_CURVE('',#3430,#3430,#3941,.T.);
#2683=EDGE_CURVE('',#3431,#3431,#3942,.T.);
#2684=EDGE_CURVE('',#3432,#3432,#3943,.T.);
#2685=EDGE_CURVE('',#3433,#3433,#3944,.T.);
#2686=EDGE_CURVE('',#3434,#3434,#3945,.T.);
#2687=EDGE_CURVE('',#3435,#3435,#3946,.T.);
#2688=EDGE_CURVE('',#3436,#3436,#3947,.T.);
#2689=EDGE_CURVE('',#3437,#3437,#3948,.T.);
#2690=EDGE_CURVE('',#3438,#3438,#3949,.T.);
#2691=EDGE_CURVE('',#3439,#3439,#3950,.T.);
#2692=EDGE_CURVE('',#3440,#3440,#3951,.T.);
#2693=EDGE_CURVE('',#3441,#3441,#3952,.T.);
#2694=EDGE_CURVE('',#3442,#3442,#3953,.T.);
#2695=EDGE_CURVE('',#3443,#3443,#3954,.T.);
#2696=EDGE_CURVE('',#3444,#3444,#3955,.T.);
#2697=EDGE_CURVE('',#3445,#3445,#3956,.T.);
#2698=EDGE_CURVE('',#3446,#3446,#3957,.T.);
#2699=EDGE_CURVE('',#3447,#3447,#3958,.T.);
#2700=EDGE_CURVE('',#3448,#3448,#3959,.T.);
#2701=EDGE_CURVE('',#3449,#3449,#3960,.T.);
#2702=EDGE_CURVE('',#3450,#3450,#3961,.T.);
#2703=EDGE_CURVE('',#3451,#3451,#3962,.T.);
#2704=EDGE_CURVE('',#3452,#3452,#3963,.T.);
#2705=EDGE_CURVE('',#3453,#3453,#3964,.T.);
#2706=EDGE_CURVE('',#3454,#3454,#3965,.T.);
#2707=EDGE_CURVE('',#3455,#3455,#3966,.T.);
#2708=EDGE_CURVE('',#3456,#3456,#3967,.T.);
#2709=EDGE_CURVE('',#3457,#3457,#3968,.T.);
#2710=EDGE_CURVE('',#3458,#3458,#3969,.T.);
#2711=EDGE_CURVE('',#3459,#3459,#3970,.T.);
#2712=EDGE_CURVE('',#3460,#3460,#3971,.T.);
#2713=EDGE_CURVE('',#3461,#3461,#3972,.T.);
#2714=EDGE_CURVE('',#3462,#3462,#3973,.T.);
#2715=EDGE_CURVE('',#3463,#3463,#3974,.T.);
#2716=EDGE_CURVE('',#3464,#3464,#3975,.T.);
#2717=EDGE_CURVE('',#3465,#3465,#3976,.T.);
#2718=EDGE_CURVE('',#3466,#3466,#3977,.T.);
#2719=EDGE_CURVE('',#3467,#3467,#3978,.T.);
#2720=EDGE_CURVE('',#3468,#3468,#3979,.T.);
#2721=EDGE_CURVE('',#3469,#3469,#3980,.T.);
#2722=EDGE_CURVE('',#3470,#3470,#3981,.T.);
#2723=EDGE_CURVE('',#3471,#3471,#3982,.T.);
#2724=EDGE_CURVE('',#3472,#3472,#3983,.T.);
#2725=EDGE_CURVE('',#3473,#3473,#3984,.T.);
#2726=EDGE_CURVE('',#3474,#3474,#3985,.T.);
#2727=EDGE_CURVE('',#3475,#3475,#3986,.T.);
#2728=EDGE_CURVE('',#3476,#3476,#3987,.T.);
#2729=EDGE_CURVE('',#3477,#3477,#3988,.T.);
#2730=EDGE_CURVE('',#3478,#3478,#3989,.T.);
#2731=EDGE_CURVE('',#3479,#3479,#3990,.T.);
#2732=EDGE_CURVE('',#3480,#3480,#3991,.T.);
#2733=EDGE_CURVE('',#3481,#3481,#3992,.T.);
#2734=EDGE_CURVE('',#3482,#3482,#3993,.T.);
#2735=EDGE_CURVE('',#3483,#3483,#3994,.T.);
#2736=EDGE_CURVE('',#3484,#3484,#3995,.T.);
#2737=EDGE_CURVE('',#3485,#3485,#3996,.T.);
#2738=EDGE_CURVE('',#3486,#3486,#3997,.T.);
#2739=EDGE_CURVE('',#3487,#3487,#3998,.T.);
#2740=EDGE_CURVE('',#3488,#3488,#3999,.T.);
#2741=EDGE_CURVE('',#3489,#3489,#4000,.T.);
#2742=EDGE_CURVE('',#3490,#3490,#4001,.T.);
#2743=EDGE_CURVE('',#3491,#3491,#4002,.T.);
#2744=EDGE_CURVE('',#3492,#3492,#4003,.T.);
#2745=EDGE_CURVE('',#3493,#3493,#4004,.T.);
#2746=EDGE_CURVE('',#3494,#3494,#4005,.T.);
#2747=EDGE_CURVE('',#3495,#3495,#4006,.T.);
#2748=EDGE_CURVE('',#3496,#3496,#4007,.T.);
#2749=EDGE_CURVE('',#3497,#3497,#4008,.T.);
#2750=EDGE_CURVE('',#3498,#3498,#4009,.T.);
#2751=EDGE_CURVE('',#3499,#3499,#4010,.T.);
#2752=EDGE_CURVE('',#3500,#3500,#4011,.T.);
#2753=EDGE_CURVE('',#3501,#3501,#4012,.T.);
#2754=EDGE_CURVE('',#3502,#3502,#4013,.T.);
#2755=EDGE_CURVE('',#3503,#3503,#4014,.T.);
#2756=EDGE_CURVE('',#3504,#3504,#4015,.T.);
#2757=EDGE_CURVE('',#3505,#3505,#4016,.T.);
#2758=EDGE_CURVE('',#3506,#3506,#4017,.T.);
#2759=EDGE_CURVE('',#3507,#3507,#4018,.T.);
#2760=EDGE_CURVE('',#3508,#3508,#4019,.T.);
#2761=EDGE_CURVE('',#3509,#3509,#4020,.T.);
#2762=EDGE_CURVE('',#3510,#3510,#4021,.T.);
#2763=EDGE_CURVE('',#3511,#3511,#4022,.T.);
#2764=EDGE_CURVE('',#3512,#3512,#4023,.T.);
#2765=EDGE_CURVE('',#3513,#3513,#4024,.T.);
#2766=EDGE_CURVE('',#3514,#3514,#4025,.T.);
#2767=EDGE_CURVE('',#3515,#3515,#4026,.T.);
#2768=EDGE_CURVE('',#3516,#3516,#4027,.T.);
#2769=EDGE_CURVE('',#3517,#3517,#4028,.T.);
#2770=EDGE_CURVE('',#3518,#3518,#4029,.T.);
#2771=EDGE_CURVE('',#3519,#3519,#4030,.T.);
#2772=EDGE_CURVE('',#3520,#3520,#4031,.T.);
#2773=EDGE_CURVE('',#3521,#3521,#4032,.T.);
#2774=EDGE_CURVE('',#3522,#3522,#4033,.T.);
#2775=EDGE_CURVE('',#3523,#3523,#4034,.T.);
#2776=EDGE_CURVE('',#3524,#3524,#4035,.T.);
#2777=EDGE_CURVE('',#3525,#3525,#4036,.T.);
#2778=EDGE_CURVE('',#3526,#3526,#4037,.T.);
#2779=EDGE_CURVE('',#3527,#3527,#4038,.T.);
#2780=EDGE_CURVE('',#3528,#3528,#4039,.T.);
#2781=EDGE_CURVE('',#3529,#3529,#4040,.T.);
#2782=EDGE_CURVE('',#3530,#3530,#4041,.T.);
#2783=EDGE_CURVE('',#3531,#3531,#4042,.T.);
#2784=EDGE_CURVE('',#3532,#3532,#4043,.T.);
#2785=EDGE_CURVE('',#3533,#3533,#4044,.T.);
#2786=EDGE_CURVE('',#3534,#3534,#4045,.T.);
#2787=EDGE_CURVE('',#3535,#3535,#4046,.T.);
#2788=EDGE_CURVE('',#3536,#3536,#4047,.T.);
#2789=EDGE_CURVE('',#3537,#3537,#4048,.T.);
#2790=EDGE_CURVE('',#3538,#3538,#4049,.T.);
#2791=EDGE_CURVE('',#3539,#3539,#4050,.T.);
#2792=EDGE_CURVE('',#3540,#3540,#4051,.T.);
#2793=EDGE_CURVE('',#3541,#3541,#4052,.T.);
#2794=EDGE_CURVE('',#3542,#3542,#4053,.T.);
#2795=EDGE_CURVE('',#3543,#3543,#4054,.T.);
#2796=EDGE_CURVE('',#3544,#3544,#4055,.T.);
#2797=EDGE_CURVE('',#3545,#3545,#4056,.T.);
#2798=EDGE_CURVE('',#3546,#3546,#4057,.T.);
#2799=EDGE_CURVE('',#3547,#3547,#4058,.T.);
#2800=EDGE_CURVE('',#3548,#3548,#4059,.T.);
#2801=EDGE_CURVE('',#3549,#3549,#4060,.T.);
#2802=EDGE_CURVE('',#3550,#3550,#4061,.T.);
#2803=EDGE_CURVE('',#3551,#3551,#4062,.T.);
#2804=EDGE_CURVE('',#3552,#3552,#4063,.T.);
#2805=EDGE_CURVE('',#3553,#3553,#4064,.T.);
#2806=EDGE_CURVE('',#3554,#3554,#4065,.T.);
#2807=EDGE_CURVE('',#3555,#3555,#4066,.T.);
#2808=EDGE_CURVE('',#3556,#3556,#4067,.T.);
#2809=EDGE_CURVE('',#3557,#3557,#4068,.T.);
#2810=EDGE_CURVE('',#3558,#3558,#4069,.T.);
#2811=EDGE_CURVE('',#3559,#3559,#4070,.T.);
#2812=EDGE_CURVE('',#3560,#3560,#4071,.T.);
#2813=EDGE_CURVE('',#3561,#3561,#4072,.T.);
#2814=EDGE_CURVE('',#3562,#3562,#4073,.T.);
#2815=EDGE_CURVE('',#3563,#3563,#4074,.T.);
#2816=EDGE_CURVE('',#3564,#3564,#4075,.T.);
#2817=EDGE_CURVE('',#3565,#3565,#4076,.T.);
#2818=EDGE_CURVE('',#3566,#3566,#4077,.T.);
#2819=EDGE_CURVE('',#3567,#3567,#4078,.T.);
#2820=EDGE_CURVE('',#3568,#3568,#4079,.T.);
#2821=EDGE_CURVE('',#3569,#3569,#4080,.T.);
#2822=EDGE_CURVE('',#3570,#3570,#4081,.T.);
#2823=EDGE_CURVE('',#3571,#3571,#4082,.T.);
#2824=EDGE_CURVE('',#3572,#3572,#4083,.T.);
#2825=EDGE_CURVE('',#3573,#3573,#4084,.T.);
#2826=EDGE_CURVE('',#3574,#3574,#4085,.T.);
#2827=EDGE_CURVE('',#3575,#3575,#4086,.T.);
#2828=EDGE_CURVE('',#3576,#3576,#4087,.T.);
#2829=EDGE_CURVE('',#3577,#3577,#4088,.T.);
#2830=EDGE_CURVE('',#3578,#3578,#4089,.T.);
#2831=EDGE_CURVE('',#3579,#3579,#4090,.T.);
#2832=EDGE_CURVE('',#3580,#3580,#4091,.T.);
#2833=EDGE_CURVE('',#3581,#3581,#4092,.T.);
#2834=EDGE_CURVE('',#3582,#3582,#4093,.T.);
#2835=EDGE_CURVE('',#3583,#3583,#4094,.T.);
#2836=EDGE_CURVE('',#3584,#3584,#4095,.T.);
#2837=EDGE_CURVE('',#3585,#3585,#4096,.T.);
#2838=EDGE_CURVE('',#3586,#3586,#4097,.T.);
#2839=EDGE_CURVE('',#3587,#3587,#4098,.T.);
#2840=EDGE_CURVE('',#3588,#3588,#4099,.T.);
#2841=EDGE_CURVE('',#3589,#3589,#4100,.T.);
#2842=EDGE_CURVE('',#3590,#3590,#4101,.T.);
#2843=EDGE_CURVE('',#3591,#3591,#4102,.T.);
#2844=EDGE_CURVE('',#3592,#3592,#4103,.T.);
#2845=EDGE_CURVE('',#3593,#3593,#4104,.T.);
#2846=EDGE_CURVE('',#3594,#3594,#4105,.T.);
#2847=EDGE_CURVE('',#3595,#3595,#4106,.T.);
#2848=EDGE_CURVE('',#3596,#3596,#4107,.T.);
#2849=EDGE_CURVE('',#3597,#3597,#4108,.T.);
#2850=EDGE_CURVE('',#3598,#3598,#4109,.T.);
#2851=EDGE_CURVE('',#3599,#3599,#4110,.T.);
#2852=EDGE_CURVE('',#3600,#3600,#4111,.T.);
#2853=EDGE_CURVE('',#3601,#3601,#4112,.T.);
#2854=EDGE_CURVE('',#3602,#3602,#4113,.T.);
#2855=EDGE_CURVE('',#3603,#3603,#4114,.T.);
#2856=EDGE_CURVE('',#3604,#3604,#4115,.T.);
#2857=EDGE_CURVE('',#3605,#3605,#4116,.T.);
#2858=EDGE_CURVE('',#3606,#3606,#4117,.T.);
#2859=EDGE_CURVE('',#3607,#3607,#4118,.T.);
#2860=EDGE_CURVE('',#3608,#3608,#4119,.T.);
#2861=EDGE_CURVE('',#3609,#3609,#4120,.T.);
#2862=EDGE_CURVE('',#3610,#3610,#4121,.T.);
#2863=EDGE_CURVE('',#3611,#3612,#4122,.T.);
#2864=EDGE_CURVE('',#3613,#3611,#268,.T.);
#2865=EDGE_CURVE('',#3614,#3613,#4123,.T.);
#2866=EDGE_CURVE('',#3614,#3615,#269,.T.);
#2867=EDGE_CURVE('',#3616,#3615,#4124,.T.);
#2868=EDGE_CURVE('',#3616,#3617,#270,.T.);
#2869=EDGE_CURVE('',#3618,#3617,#4125,.T.);
#2870=EDGE_CURVE('',#3612,#3618,#271,.T.);
#2871=EDGE_CURVE('',#3619,#3619,#4126,.T.);
#2872=EDGE_CURVE('',#3620,#3620,#4127,.T.);
#2873=EDGE_CURVE('',#3621,#3621,#4128,.T.);
#2874=EDGE_CURVE('',#3622,#3622,#4129,.T.);
#2875=EDGE_CURVE('',#3623,#3623,#4130,.F.);
#2876=EDGE_CURVE('',#3145,#3376,#272,.T.);
#2877=EDGE_CURVE('',#3144,#3371,#273,.T.);
#2878=EDGE_CURVE('',#3146,#3375,#274,.T.);
#2879=EDGE_CURVE('',#3147,#3374,#275,.T.);
#2880=EDGE_CURVE('',#3142,#3373,#276,.T.);
#2881=EDGE_CURVE('',#3360,#3612,#277,.T.);
#2882=EDGE_CURVE('',#3359,#3611,#278,.T.);
#2883=EDGE_CURVE('',#3361,#3618,#279,.T.);
#2884=EDGE_CURVE('',#3362,#3617,#280,.T.);
#2885=EDGE_CURVE('',#3363,#3616,#281,.T.);
#2886=EDGE_CURVE('',#3364,#3615,#282,.T.);
#2887=EDGE_CURVE('',#3365,#3614,#283,.T.);
#2888=EDGE_CURVE('',#3366,#3613,#284,.T.);
#2889=EDGE_CURVE('',#3130,#3388,#285,.T.);
#2890=EDGE_CURVE('',#3129,#3383,#286,.T.);
#2891=EDGE_CURVE('',#3131,#3387,#287,.T.);
#2892=EDGE_CURVE('',#3132,#3386,#288,.T.);
#2893=EDGE_CURVE('',#3127,#3385,#289,.T.);
#2894=EDGE_CURVE('',#3109,#3126,#290,.T.);
#2895=EDGE_CURVE('',#3108,#3133,#291,.T.);
#2896=EDGE_CURVE('',#3135,#3382,#292,.T.);
#2897=EDGE_CURVE('',#3107,#3134,#293,.T.);
#2898=EDGE_CURVE('',#3105,#3141,#294,.T.);
#2899=EDGE_CURVE('',#3140,#3378,#295,.T.);
#2900=EDGE_CURVE('',#3136,#3381,#296,.T.);
#2901=EDGE_CURVE('',#3137,#3380,#297,.T.);
#2902=EDGE_CURVE('',#3138,#3379,#298,.T.);
#2903=EDGE_CURVE('',#3392,#3624,#299,.T.);
#2904=EDGE_CURVE('',#3124,#3391,#300,.T.);
#2905=EDGE_CURVE('',#3624,#3123,#301,.T.);
#2906=EDGE_CURVE('',#3125,#3390,#302,.T.);
#2907=EDGE_CURVE('',#3389,#3021,#303,.T.);
#2908=EDGE_CURVE('',#3396,#3625,#304,.T.);
#2909=EDGE_CURVE('',#3121,#3395,#305,.T.);
#2910=EDGE_CURVE('',#3625,#3120,#306,.T.);
#2911=EDGE_CURVE('',#3122,#3394,#307,.T.);
#2912=EDGE_CURVE('',#3170,#3422,#308,.T.);
#2913=EDGE_CURVE('',#3171,#3423,#309,.T.);
#2914=EDGE_CURVE('',#3172,#3429,#310,.T.);
#2915=EDGE_CURVE('',#3173,#3428,#311,.T.);
#2916=EDGE_CURVE('',#3174,#3427,#312,.T.);
#2917=EDGE_CURVE('',#3175,#3426,#313,.T.);
#2918=EDGE_CURVE('',#3176,#3425,#314,.T.);
#2919=EDGE_CURVE('',#3177,#3424,#315,.T.);
#2920=EDGE_CURVE('',#3162,#3414,#316,.T.);
#2921=EDGE_CURVE('',#3163,#3415,#317,.T.);
#2922=EDGE_CURVE('',#3164,#3421,#318,.T.);
#2923=EDGE_CURVE('',#3165,#3420,#319,.T.);
#2924=EDGE_CURVE('',#3166,#3419,#320,.T.);
#2925=EDGE_CURVE('',#3167,#3418,#321,.T.);
#2926=EDGE_CURVE('',#3168,#3417,#322,.T.);
#2927=EDGE_CURVE('',#3169,#3416,#323,.T.);
#2928=EDGE_CURVE('',#3150,#3413,#324,.T.);
#2929=EDGE_CURVE('',#3148,#3408,#325,.T.);
#2930=EDGE_CURVE('',#3151,#3412,#326,.T.);
#2931=EDGE_CURVE('',#3152,#3411,#327,.T.);
#2932=EDGE_CURVE('',#3153,#3410,#328,.T.);
#2933=EDGE_CURVE('',#3149,#3409,#329,.T.);
#2934=EDGE_CURVE('',#3154,#3400,#330,.T.);
#2935=EDGE_CURVE('',#3155,#3401,#331,.T.);
#2936=EDGE_CURVE('',#3156,#3407,#332,.T.);
#2937=EDGE_CURVE('',#3157,#3406,#333,.T.);
#2938=EDGE_CURVE('',#3158,#3405,#334,.T.);
#2939=EDGE_CURVE('',#3159,#3404,#335,.T.);
#2940=EDGE_CURVE('',#3160,#3403,#336,.T.);
#2941=EDGE_CURVE('',#3161,#3402,#337,.T.);
#2942=EDGE_CURVE('',#3128,#3384,#338,.T.);
#2943=EDGE_CURVE('',#3139,#3377,#339,.T.);
#2944=EDGE_CURVE('',#3393,#3009,#340,.T.);
#2945=EDGE_CURVE('',#3143,#3372,#341,.T.);
#2946=EDGE_CURVE('',#3397,#3112,#342,.T.);
#2947=EDGE_CURVE('',#3398,#3111,#343,.T.);
#2948=EDGE_CURVE('',#3626,#3114,#344,.T.);
#2949=EDGE_CURVE('',#3626,#3096,#345,.T.);
#2950=EDGE_CURVE('',#3627,#3090,#346,.T.);
#2951=EDGE_CURVE('',#3627,#3113,#347,.T.);
#2952=EDGE_CURVE('',#3627,#3626,#348,.T.);
#2953=EDGE_CURVE('',#3628,#3628,#4131,.F.);
#2954=EDGE_CURVE('',#3629,#3630,#4132,.T.);
#2955=EDGE_CURVE('',#3119,#3629,#349,.T.);
#2956=EDGE_CURVE('',#3118,#3630,#350,.T.);
#2957=EDGE_CURVE('',#3110,#3104,#351,.T.);
#2958=EDGE_CURVE('',#3106,#3101,#352,.T.);
#2959=EDGE_CURVE('',#3629,#3630,#4133,.F.);
#2960=EDGE_CURVE('',#3082,#3085,#4134,.T.);
#2961=EDGE_CURVE('',#3074,#3079,#4135,.T.);
#2962=EDGE_CURVE('',#3099,#3625,#4136,.T.);
#2963=EDGE_CURVE('',#3062,#3065,#4137,.T.);
#2964=EDGE_CURVE('',#3054,#3059,#4138,.T.);
#2965=EDGE_CURVE('',#3047,#3624,#4139,.T.);
#2966=EDGE_CURVE('',#3039,#3044,#4140,.T.);
#2967=EDGE_CURVE('',#3023,#3021,#4141,.T.);
#2968=EDGE_CURVE('',#3011,#3009,#4142,.T.);
#2969=EDGE_CURVE('',#3019,#3017,#4143,.T.);
#2970=EDGE_CURVE('',#3015,#3013,#4144,.T.);
#2971=EDGE_CURVE('',#3035,#3033,#4145,.T.);
#2972=EDGE_CURVE('',#3031,#3029,#4146,.T.);
#2973=EDGE_CURVE('',#3027,#3025,#4147,.T.);
#2974=EDGE_CURVE('',#3625,#3099,#4148,.T.);
#2975=EDGE_CURVE('',#3079,#3074,#4149,.T.);
#2976=EDGE_CURVE('',#3085,#3082,#4150,.T.);
#2977=EDGE_CURVE('',#3044,#3039,#4151,.T.);
#2978=EDGE_CURVE('',#3059,#3054,#4152,.T.);
#2979=EDGE_CURVE('',#3065,#3062,#4153,.T.);
#2980=EDGE_CURVE('',#3624,#3047,#4154,.T.);
#2981=VERTEX_POINT('',#9551);
#2982=VERTEX_POINT('',#9553);
#2983=VERTEX_POINT('',#9556);
#2984=VERTEX_POINT('',#9558);
#2985=VERTEX_POINT('',#9561);
#2986=VERTEX_POINT('',#9563);
#2987=VERTEX_POINT('',#9566);
#2988=VERTEX_POINT('',#9568);
#2989=VERTEX_POINT('',#9571);
#2990=VERTEX_POINT('',#9573);
#2991=VERTEX_POINT('',#9576);
#2992=VERTEX_POINT('',#9578);
#2993=VERTEX_POINT('',#9581);
#2994=VERTEX_POINT('',#9583);
#2995=VERTEX_POINT('',#9586);
#2996=VERTEX_POINT('',#9588);
#2997=VERTEX_POINT('',#9591);
#2998=VERTEX_POINT('',#9593);
#2999=VERTEX_POINT('',#9596);
#3000=VERTEX_POINT('',#9598);
#3001=VERTEX_POINT('',#9601);
#3002=VERTEX_POINT('',#9603);
#3003=VERTEX_POINT('',#9606);
#3004=VERTEX_POINT('',#9608);
#3005=VERTEX_POINT('',#9611);
#3006=VERTEX_POINT('',#9613);
#3007=VERTEX_POINT('',#9616);
#3008=VERTEX_POINT('',#9618);
#3009=VERTEX_POINT('',#9621);
#3010=VERTEX_POINT('',#9622);
#3011=VERTEX_POINT('',#9624);
#3012=VERTEX_POINT('',#9626);
#3013=VERTEX_POINT('',#9630);
#3014=VERTEX_POINT('',#9631);
#3015=VERTEX_POINT('',#9633);
#3016=VERTEX_POINT('',#9635);
#3017=VERTEX_POINT('',#9639);
#3018=VERTEX_POINT('',#9640);
#3019=VERTEX_POINT('',#9642);
#3020=VERTEX_POINT('',#9644);
#3021=VERTEX_POINT('',#9648);
#3022=VERTEX_POINT('',#9649);
#3023=VERTEX_POINT('',#9651);
#3024=VERTEX_POINT('',#9653);
#3025=VERTEX_POINT('',#9657);
#3026=VERTEX_POINT('',#9658);
#3027=VERTEX_POINT('',#9660);
#3028=VERTEX_POINT('',#9662);
#3029=VERTEX_POINT('',#9666);
#3030=VERTEX_POINT('',#9667);
#3031=VERTEX_POINT('',#9669);
#3032=VERTEX_POINT('',#9671);
#3033=VERTEX_POINT('',#9675);
#3034=VERTEX_POINT('',#9676);
#3035=VERTEX_POINT('',#9678);
#3036=VERTEX_POINT('',#9680);
#3037=VERTEX_POINT('',#9684);
#3038=VERTEX_POINT('',#9685);
#3039=VERTEX_POINT('',#9687);
#3040=VERTEX_POINT('',#9689);
#3041=VERTEX_POINT('',#9694);
#3042=VERTEX_POINT('',#9695);
#3043=VERTEX_POINT('',#9698);
#3044=VERTEX_POINT('',#9700);
#3045=VERTEX_POINT('',#9704);
#3046=VERTEX_POINT('',#9705);
#3047=VERTEX_POINT('',#9707);
#3048=VERTEX_POINT('',#9709);
#3049=VERTEX_POINT('',#9714);
#3050=VERTEX_POINT('',#9715);
#3051=VERTEX_POINT('',#9718);
#3052=VERTEX_POINT('',#9722);
#3053=VERTEX_POINT('',#9723);
#3054=VERTEX_POINT('',#9725);
#3055=VERTEX_POINT('',#9727);
#3056=VERTEX_POINT('',#9732);
#3057=VERTEX_POINT('',#9733);
#3058=VERTEX_POINT('',#9736);
#3059=VERTEX_POINT('',#9738);
#3060=VERTEX_POINT('',#9742);
#3061=VERTEX_POINT('',#9744);
#3062=VERTEX_POINT('',#9746);
#3063=VERTEX_POINT('',#9748);
#3064=VERTEX_POINT('',#9752);
#3065=VERTEX_POINT('',#9753);
#3066=VERTEX_POINT('',#9755);
#3067=VERTEX_POINT('',#9757);
#3068=VERTEX_POINT('',#9759);
#3069=VERTEX_POINT('',#9763);
#3070=VERTEX_POINT('',#9764);
#3071=VERTEX_POINT('',#9767);
#3072=VERTEX_POINT('',#9771);
#3073=VERTEX_POINT('',#9772);
#3074=VERTEX_POINT('',#9774);
#3075=VERTEX_POINT('',#9776);
#3076=VERTEX_POINT('',#9781);
#3077=VERTEX_POINT('',#9782);
#3078=VERTEX_POINT('',#9785);
#3079=VERTEX_POINT('',#9787);
#3080=VERTEX_POINT('',#9791);
#3081=VERTEX_POINT('',#9792);
#3082=VERTEX_POINT('',#9794);
#3083=VERTEX_POINT('',#9796);
#3084=VERTEX_POINT('',#9801);
#3085=VERTEX_POINT('',#9802);
#3086=VERTEX_POINT('',#9804);
#3087=VERTEX_POINT('',#9806);
#3088=VERTEX_POINT('',#9808);
#3089=VERTEX_POINT('',#9812);
#3090=VERTEX_POINT('',#9813);
#3091=VERTEX_POINT('',#9815);
#3092=VERTEX_POINT('',#9817);
#3093=VERTEX_POINT('',#9819);
#3094=VERTEX_POINT('',#9821);
#3095=VERTEX_POINT('',#9823);
#3096=VERTEX_POINT('',#9825);
#3097=VERTEX_POINT('',#9829);
#3098=VERTEX_POINT('',#9830);
#3099=VERTEX_POINT('',#9832);
#3100=VERTEX_POINT('',#9834);
#3101=VERTEX_POINT('',#9836);
#3102=VERTEX_POINT('',#9840);
#3103=VERTEX_POINT('',#9842);
#3104=VERTEX_POINT('',#9844);
#3105=VERTEX_POINT('',#9848);
#3106=VERTEX_POINT('',#9849);
#3107=VERTEX_POINT('',#9851);
#3108=VERTEX_POINT('',#9853);
#3109=VERTEX_POINT('',#9855);
#3110=VERTEX_POINT('',#9857);
#3111=VERTEX_POINT('',#9861);
#3112=VERTEX_POINT('',#9862);
#3113=VERTEX_POINT('',#9864);
#3114=VERTEX_POINT('',#9866);
#3115=VERTEX_POINT('',#9869);
#3116=VERTEX_POINT('',#9871);
#3117=VERTEX_POINT('',#9873);
#3118=VERTEX_POINT('',#9875);
#3119=VERTEX_POINT('',#9876);
#3120=VERTEX_POINT('',#9880);
#3121=VERTEX_POINT('',#9882);
#3122=VERTEX_POINT('',#9887);
#3123=VERTEX_POINT('',#9891);
#3124=VERTEX_POINT('',#9893);
#3125=VERTEX_POINT('',#9898);
#3126=VERTEX_POINT('',#9901);
#3127=VERTEX_POINT('',#9903);
#3128=VERTEX_POINT('',#9905);
#3129=VERTEX_POINT('',#9907);
#3130=VERTEX_POINT('',#9909);
#3131=VERTEX_POINT('',#9911);
#3132=VERTEX_POINT('',#9913);
#3133=VERTEX_POINT('',#9915);
#3134=VERTEX_POINT('',#9917);
#3135=VERTEX_POINT('',#9919);
#3136=VERTEX_POINT('',#9921);
#3137=VERTEX_POINT('',#9923);
#3138=VERTEX_POINT('',#9925);
#3139=VERTEX_POINT('',#9927);
#3140=VERTEX_POINT('',#9929);
#3141=VERTEX_POINT('',#9931);
#3142=VERTEX_POINT('',#9934);
#3143=VERTEX_POINT('',#9935);
#3144=VERTEX_POINT('',#9937);
#3145=VERTEX_POINT('',#9939);
#3146=VERTEX_POINT('',#9941);
#3147=VERTEX_POINT('',#9943);
#3148=VERTEX_POINT('',#9946);
#3149=VERTEX_POINT('',#9947);
#3150=VERTEX_POINT('',#9949);
#3151=VERTEX_POINT('',#9951);
#3152=VERTEX_POINT('',#9953);
#3153=VERTEX_POINT('',#9955);
#3154=VERTEX_POINT('',#9958);
#3155=VERTEX_POINT('',#9959);
#3156=VERTEX_POINT('',#9961);
#3157=VERTEX_POINT('',#9963);
#3158=VERTEX_POINT('',#9965);
#3159=VERTEX_POINT('',#9967);
#3160=VERTEX_POINT('',#9969);
#3161=VERTEX_POINT('',#9971);
#3162=VERTEX_POINT('',#9974);
#3163=VERTEX_POINT('',#9975);
#3164=VERTEX_POINT('',#9977);
#3165=VERTEX_POINT('',#9979);
#3166=VERTEX_POINT('',#9981);
#3167=VERTEX_POINT('',#9983);
#3168=VERTEX_POINT('',#9985);
#3169=VERTEX_POINT('',#9987);
#3170=VERTEX_POINT('',#9990);
#3171=VERTEX_POINT('',#9991);
#3172=VERTEX_POINT('',#9993);
#3173=VERTEX_POINT('',#9995);
#3174=VERTEX_POINT('',#9997);
#3175=VERTEX_POINT('',#9999);
#3176=VERTEX_POINT('',#10001);
#3177=VERTEX_POINT('',#10003);
#3178=VERTEX_POINT('',#10006);
#3179=VERTEX_POINT('',#10008);
#3180=VERTEX_POINT('',#10010);
#3181=VERTEX_POINT('',#10012);
#3182=VERTEX_POINT('',#10014);
#3183=VERTEX_POINT('',#10016);
#3184=VERTEX_POINT('',#10018);
#3185=VERTEX_POINT('',#10020);
#3186=VERTEX_POINT('',#10022);
#3187=VERTEX_POINT('',#10024);
#3188=VERTEX_POINT('',#10026);
#3189=VERTEX_POINT('',#10028);
#3190=VERTEX_POINT('',#10030);
#3191=VERTEX_POINT('',#10032);
#3192=VERTEX_POINT('',#10034);
#3193=VERTEX_POINT('',#10036);
#3194=VERTEX_POINT('',#10038);
#3195=VERTEX_POINT('',#10040);
#3196=VERTEX_POINT('',#10042);
#3197=VERTEX_POINT('',#10044);
#3198=VERTEX_POINT('',#10046);
#3199=VERTEX_POINT('',#10048);
#3200=VERTEX_POINT('',#10050);
#3201=VERTEX_POINT('',#10052);
#3202=VERTEX_POINT('',#10054);
#3203=VERTEX_POINT('',#10056);
#3204=VERTEX_POINT('',#10058);
#3205=VERTEX_POINT('',#10060);
#3206=VERTEX_POINT('',#10062);
#3207=VERTEX_POINT('',#10064);
#3208=VERTEX_POINT('',#10066);
#3209=VERTEX_POINT('',#10068);
#3210=VERTEX_POINT('',#10070);
#3211=VERTEX_POINT('',#10072);
#3212=VERTEX_POINT('',#10074);
#3213=VERTEX_POINT('',#10076);
#3214=VERTEX_POINT('',#10078);
#3215=VERTEX_POINT('',#10080);
#3216=VERTEX_POINT('',#10082);
#3217=VERTEX_POINT('',#10084);
#3218=VERTEX_POINT('',#10086);
#3219=VERTEX_POINT('',#10088);
#3220=VERTEX_POINT('',#10090);
#3221=VERTEX_POINT('',#10092);
#3222=VERTEX_POINT('',#10094);
#3223=VERTEX_POINT('',#10096);
#3224=VERTEX_POINT('',#10098);
#3225=VERTEX_POINT('',#10100);
#3226=VERTEX_POINT('',#10102);
#3227=VERTEX_POINT('',#10104);
#3228=VERTEX_POINT('',#10106);
#3229=VERTEX_POINT('',#10108);
#3230=VERTEX_POINT('',#10110);
#3231=VERTEX_POINT('',#10112);
#3232=VERTEX_POINT('',#10114);
#3233=VERTEX_POINT('',#10116);
#3234=VERTEX_POINT('',#10118);
#3235=VERTEX_POINT('',#10120);
#3236=VERTEX_POINT('',#10122);
#3237=VERTEX_POINT('',#10124);
#3238=VERTEX_POINT('',#10126);
#3239=VERTEX_POINT('',#10128);
#3240=VERTEX_POINT('',#10130);
#3241=VERTEX_POINT('',#10132);
#3242=VERTEX_POINT('',#10134);
#3243=VERTEX_POINT('',#10136);
#3244=VERTEX_POINT('',#10138);
#3245=VERTEX_POINT('',#10140);
#3246=VERTEX_POINT('',#10142);
#3247=VERTEX_POINT('',#10144);
#3248=VERTEX_POINT('',#10146);
#3249=VERTEX_POINT('',#10148);
#3250=VERTEX_POINT('',#10150);
#3251=VERTEX_POINT('',#10152);
#3252=VERTEX_POINT('',#10154);
#3253=VERTEX_POINT('',#10156);
#3254=VERTEX_POINT('',#10158);
#3255=VERTEX_POINT('',#10160);
#3256=VERTEX_POINT('',#10162);
#3257=VERTEX_POINT('',#10164);
#3258=VERTEX_POINT('',#10166);
#3259=VERTEX_POINT('',#10168);
#3260=VERTEX_POINT('',#10170);
#3261=VERTEX_POINT('',#10172);
#3262=VERTEX_POINT('',#10174);
#3263=VERTEX_POINT('',#10176);
#3264=VERTEX_POINT('',#10178);
#3265=VERTEX_POINT('',#10180);
#3266=VERTEX_POINT('',#10182);
#3267=VERTEX_POINT('',#10184);
#3268=VERTEX_POINT('',#10186);
#3269=VERTEX_POINT('',#10188);
#3270=VERTEX_POINT('',#10190);
#3271=VERTEX_POINT('',#10192);
#3272=VERTEX_POINT('',#10194);
#3273=VERTEX_POINT('',#10196);
#3274=VERTEX_POINT('',#10198);
#3275=VERTEX_POINT('',#10200);
#3276=VERTEX_POINT('',#10202);
#3277=VERTEX_POINT('',#10204);
#3278=VERTEX_POINT('',#10206);
#3279=VERTEX_POINT('',#10208);
#3280=VERTEX_POINT('',#10210);
#3281=VERTEX_POINT('',#10212);
#3282=VERTEX_POINT('',#10214);
#3283=VERTEX_POINT('',#10216);
#3284=VERTEX_POINT('',#10218);
#3285=VERTEX_POINT('',#10220);
#3286=VERTEX_POINT('',#10222);
#3287=VERTEX_POINT('',#10224);
#3288=VERTEX_POINT('',#10226);
#3289=VERTEX_POINT('',#10228);
#3290=VERTEX_POINT('',#10230);
#3291=VERTEX_POINT('',#10232);
#3292=VERTEX_POINT('',#10234);
#3293=VERTEX_POINT('',#10236);
#3294=VERTEX_POINT('',#10238);
#3295=VERTEX_POINT('',#10240);
#3296=VERTEX_POINT('',#10242);
#3297=VERTEX_POINT('',#10244);
#3298=VERTEX_POINT('',#10246);
#3299=VERTEX_POINT('',#10248);
#3300=VERTEX_POINT('',#10250);
#3301=VERTEX_POINT('',#10252);
#3302=VERTEX_POINT('',#10254);
#3303=VERTEX_POINT('',#10256);
#3304=VERTEX_POINT('',#10258);
#3305=VERTEX_POINT('',#10260);
#3306=VERTEX_POINT('',#10262);
#3307=VERTEX_POINT('',#10264);
#3308=VERTEX_POINT('',#10266);
#3309=VERTEX_POINT('',#10268);
#3310=VERTEX_POINT('',#10270);
#3311=VERTEX_POINT('',#10272);
#3312=VERTEX_POINT('',#10274);
#3313=VERTEX_POINT('',#10276);
#3314=VERTEX_POINT('',#10278);
#3315=VERTEX_POINT('',#10280);
#3316=VERTEX_POINT('',#10282);
#3317=VERTEX_POINT('',#10284);
#3318=VERTEX_POINT('',#10286);
#3319=VERTEX_POINT('',#10288);
#3320=VERTEX_POINT('',#10290);
#3321=VERTEX_POINT('',#10292);
#3322=VERTEX_POINT('',#10294);
#3323=VERTEX_POINT('',#10296);
#3324=VERTEX_POINT('',#10298);
#3325=VERTEX_POINT('',#10300);
#3326=VERTEX_POINT('',#10302);
#3327=VERTEX_POINT('',#10304);
#3328=VERTEX_POINT('',#10306);
#3329=VERTEX_POINT('',#10308);
#3330=VERTEX_POINT('',#10310);
#3331=VERTEX_POINT('',#10312);
#3332=VERTEX_POINT('',#10314);
#3333=VERTEX_POINT('',#10316);
#3334=VERTEX_POINT('',#10318);
#3335=VERTEX_POINT('',#10320);
#3336=VERTEX_POINT('',#10322);
#3337=VERTEX_POINT('',#10324);
#3338=VERTEX_POINT('',#10326);
#3339=VERTEX_POINT('',#10328);
#3340=VERTEX_POINT('',#10330);
#3341=VERTEX_POINT('',#10332);
#3342=VERTEX_POINT('',#10334);
#3343=VERTEX_POINT('',#10336);
#3344=VERTEX_POINT('',#10338);
#3345=VERTEX_POINT('',#10340);
#3346=VERTEX_POINT('',#10342);
#3347=VERTEX_POINT('',#10344);
#3348=VERTEX_POINT('',#10346);
#3349=VERTEX_POINT('',#10348);
#3350=VERTEX_POINT('',#10350);
#3351=VERTEX_POINT('',#10352);
#3352=VERTEX_POINT('',#10354);
#3353=VERTEX_POINT('',#10356);
#3354=VERTEX_POINT('',#10358);
#3355=VERTEX_POINT('',#10360);
#3356=VERTEX_POINT('',#10362);
#3357=VERTEX_POINT('',#10364);
#3358=VERTEX_POINT('',#10366);
#3359=VERTEX_POINT('',#10368);
#3360=VERTEX_POINT('',#10369);
#3361=VERTEX_POINT('',#10371);
#3362=VERTEX_POINT('',#10373);
#3363=VERTEX_POINT('',#10375);
#3364=VERTEX_POINT('',#10377);
#3365=VERTEX_POINT('',#10379);
#3366=VERTEX_POINT('',#10381);
#3367=VERTEX_POINT('',#10384);
#3368=VERTEX_POINT('',#10386);
#3369=VERTEX_POINT('',#10388);
#3370=VERTEX_POINT('',#10390);
#3371=VERTEX_POINT('',#10393);
#3372=VERTEX_POINT('',#10394);
#3373=VERTEX_POINT('',#10396);
#3374=VERTEX_POINT('',#10398);
#3375=VERTEX_POINT('',#10400);
#3376=VERTEX_POINT('',#10402);
#3377=VERTEX_POINT('',#10405);
#3378=VERTEX_POINT('',#10406);
#3379=VERTEX_POINT('',#10408);
#3380=VERTEX_POINT('',#10410);
#3381=VERTEX_POINT('',#10412);
#3382=VERTEX_POINT('',#10414);
#3383=VERTEX_POINT('',#10417);
#3384=VERTEX_POINT('',#10418);
#3385=VERTEX_POINT('',#10420);
#3386=VERTEX_POINT('',#10422);
#3387=VERTEX_POINT('',#10424);
#3388=VERTEX_POINT('',#10426);
#3389=VERTEX_POINT('',#10429);
#3390=VERTEX_POINT('',#10431);
#3391=VERTEX_POINT('',#10438);
#3392=VERTEX_POINT('',#10440);
#3393=VERTEX_POINT('',#10445);
#3394=VERTEX_POINT('',#10447);
#3395=VERTEX_POINT('',#10454);
#3396=VERTEX_POINT('',#10456);
#3397=VERTEX_POINT('',#10460);
#3398=VERTEX_POINT('',#10462);
#3399=VERTEX_POINT('',#10466);
#3400=VERTEX_POINT('',#10468);
#3401=VERTEX_POINT('',#10469);
#3402=VERTEX_POINT('',#10471);
#3403=VERTEX_POINT('',#10473);
#3404=VERTEX_POINT('',#10475);
#3405=VERTEX_POINT('',#10477);
#3406=VERTEX_POINT('',#10479);
#3407=VERTEX_POINT('',#10481);
#3408=VERTEX_POINT('',#10484);
#3409=VERTEX_POINT('',#10485);
#3410=VERTEX_POINT('',#10487);
#3411=VERTEX_POINT('',#10489);
#3412=VERTEX_POINT('',#10491);
#3413=VERTEX_POINT('',#10493);
#3414=VERTEX_POINT('',#10496);
#3415=VERTEX_POINT('',#10497);
#3416=VERTEX_POINT('',#10499);
#3417=VERTEX_POINT('',#10501);
#3418=VERTEX_POINT('',#10503);
#3419=VERTEX_POINT('',#10505);
#3420=VERTEX_POINT('',#10507);
#3421=VERTEX_POINT('',#10509);
#3422=VERTEX_POINT('',#10512);
#3423=VERTEX_POINT('',#10513);
#3424=VERTEX_POINT('',#10515);
#3425=VERTEX_POINT('',#10517);
#3426=VERTEX_POINT('',#10519);
#3427=VERTEX_POINT('',#10521);
#3428=VERTEX_POINT('',#10523);
#3429=VERTEX_POINT('',#10525);
#3430=VERTEX_POINT('',#10528);
#3431=VERTEX_POINT('',#10530);
#3432=VERTEX_POINT('',#10532);
#3433=VERTEX_POINT('',#10534);
#3434=VERTEX_POINT('',#10536);
#3435=VERTEX_POINT('',#10538);
#3436=VERTEX_POINT('',#10540);
#3437=VERTEX_POINT('',#10542);
#3438=VERTEX_POINT('',#10544);
#3439=VERTEX_POINT('',#10546);
#3440=VERTEX_POINT('',#10548);
#3441=VERTEX_POINT('',#10550);
#3442=VERTEX_POINT('',#10552);
#3443=VERTEX_POINT('',#10554);
#3444=VERTEX_POINT('',#10556);
#3445=VERTEX_POINT('',#10558);
#3446=VERTEX_POINT('',#10560);
#3447=VERTEX_POINT('',#10562);
#3448=VERTEX_POINT('',#10564);
#3449=VERTEX_POINT('',#10566);
#3450=VERTEX_POINT('',#10568);
#3451=VERTEX_POINT('',#10570);
#3452=VERTEX_POINT('',#10572);
#3453=VERTEX_POINT('',#10574);
#3454=VERTEX_POINT('',#10576);
#3455=VERTEX_POINT('',#10578);
#3456=VERTEX_POINT('',#10580);
#3457=VERTEX_POINT('',#10582);
#3458=VERTEX_POINT('',#10584);
#3459=VERTEX_POINT('',#10586);
#3460=VERTEX_POINT('',#10588);
#3461=VERTEX_POINT('',#10590);
#3462=VERTEX_POINT('',#10592);
#3463=VERTEX_POINT('',#10594);
#3464=VERTEX_POINT('',#10596);
#3465=VERTEX_POINT('',#10598);
#3466=VERTEX_POINT('',#10600);
#3467=VERTEX_POINT('',#10602);
#3468=VERTEX_POINT('',#10604);
#3469=VERTEX_POINT('',#10606);
#3470=VERTEX_POINT('',#10608);
#3471=VERTEX_POINT('',#10610);
#3472=VERTEX_POINT('',#10612);
#3473=VERTEX_POINT('',#10614);
#3474=VERTEX_POINT('',#10616);
#3475=VERTEX_POINT('',#10618);
#3476=VERTEX_POINT('',#10620);
#3477=VERTEX_POINT('',#10622);
#3478=VERTEX_POINT('',#10624);
#3479=VERTEX_POINT('',#10626);
#3480=VERTEX_POINT('',#10628);
#3481=VERTEX_POINT('',#10630);
#3482=VERTEX_POINT('',#10632);
#3483=VERTEX_POINT('',#10634);
#3484=VERTEX_POINT('',#10636);
#3485=VERTEX_POINT('',#10638);
#3486=VERTEX_POINT('',#10640);
#3487=VERTEX_POINT('',#10642);
#3488=VERTEX_POINT('',#10644);
#3489=VERTEX_POINT('',#10646);
#3490=VERTEX_POINT('',#10648);
#3491=VERTEX_POINT('',#10650);
#3492=VERTEX_POINT('',#10652);
#3493=VERTEX_POINT('',#10654);
#3494=VERTEX_POINT('',#10656);
#3495=VERTEX_POINT('',#10658);
#3496=VERTEX_POINT('',#10660);
#3497=VERTEX_POINT('',#10662);
#3498=VERTEX_POINT('',#10664);
#3499=VERTEX_POINT('',#10666);
#3500=VERTEX_POINT('',#10668);
#3501=VERTEX_POINT('',#10670);
#3502=VERTEX_POINT('',#10672);
#3503=VERTEX_POINT('',#10674);
#3504=VERTEX_POINT('',#10676);
#3505=VERTEX_POINT('',#10678);
#3506=VERTEX_POINT('',#10680);
#3507=VERTEX_POINT('',#10682);
#3508=VERTEX_POINT('',#10684);
#3509=VERTEX_POINT('',#10686);
#3510=VERTEX_POINT('',#10688);
#3511=VERTEX_POINT('',#10690);
#3512=VERTEX_POINT('',#10692);
#3513=VERTEX_POINT('',#10694);
#3514=VERTEX_POINT('',#10696);
#3515=VERTEX_POINT('',#10698);
#3516=VERTEX_POINT('',#10700);
#3517=VERTEX_POINT('',#10702);
#3518=VERTEX_POINT('',#10704);
#3519=VERTEX_POINT('',#10706);
#3520=VERTEX_POINT('',#10708);
#3521=VERTEX_POINT('',#10710);
#3522=VERTEX_POINT('',#10712);
#3523=VERTEX_POINT('',#10714);
#3524=VERTEX_POINT('',#10716);
#3525=VERTEX_POINT('',#10718);
#3526=VERTEX_POINT('',#10720);
#3527=VERTEX_POINT('',#10722);
#3528=VERTEX_POINT('',#10724);
#3529=VERTEX_POINT('',#10726);
#3530=VERTEX_POINT('',#10728);
#3531=VERTEX_POINT('',#10730);
#3532=VERTEX_POINT('',#10732);
#3533=VERTEX_POINT('',#10734);
#3534=VERTEX_POINT('',#10736);
#3535=VERTEX_POINT('',#10738);
#3536=VERTEX_POINT('',#10740);
#3537=VERTEX_POINT('',#10742);
#3538=VERTEX_POINT('',#10744);
#3539=VERTEX_POINT('',#10746);
#3540=VERTEX_POINT('',#10748);
#3541=VERTEX_POINT('',#10750);
#3542=VERTEX_POINT('',#10752);
#3543=VERTEX_POINT('',#10754);
#3544=VERTEX_POINT('',#10756);
#3545=VERTEX_POINT('',#10758);
#3546=VERTEX_POINT('',#10760);
#3547=VERTEX_POINT('',#10762);
#3548=VERTEX_POINT('',#10764);
#3549=VERTEX_POINT('',#10766);
#3550=VERTEX_POINT('',#10768);
#3551=VERTEX_POINT('',#10770);
#3552=VERTEX_POINT('',#10772);
#3553=VERTEX_POINT('',#10774);
#3554=VERTEX_POINT('',#10776);
#3555=VERTEX_POINT('',#10778);
#3556=VERTEX_POINT('',#10780);
#3557=VERTEX_POINT('',#10782);
#3558=VERTEX_POINT('',#10784);
#3559=VERTEX_POINT('',#10786);
#3560=VERTEX_POINT('',#10788);
#3561=VERTEX_POINT('',#10790);
#3562=VERTEX_POINT('',#10792);
#3563=VERTEX_POINT('',#10794);
#3564=VERTEX_POINT('',#10796);
#3565=VERTEX_POINT('',#10798);
#3566=VERTEX_POINT('',#10800);
#3567=VERTEX_POINT('',#10802);
#3568=VERTEX_POINT('',#10804);
#3569=VERTEX_POINT('',#10806);
#3570=VERTEX_POINT('',#10808);
#3571=VERTEX_POINT('',#10810);
#3572=VERTEX_POINT('',#10812);
#3573=VERTEX_POINT('',#10814);
#3574=VERTEX_POINT('',#10816);
#3575=VERTEX_POINT('',#10818);
#3576=VERTEX_POINT('',#10820);
#3577=VERTEX_POINT('',#10822);
#3578=VERTEX_POINT('',#10824);
#3579=VERTEX_POINT('',#10826);
#3580=VERTEX_POINT('',#10828);
#3581=VERTEX_POINT('',#10830);
#3582=VERTEX_POINT('',#10832);
#3583=VERTEX_POINT('',#10834);
#3584=VERTEX_POINT('',#10836);
#3585=VERTEX_POINT('',#10838);
#3586=VERTEX_POINT('',#10840);
#3587=VERTEX_POINT('',#10842);
#3588=VERTEX_POINT('',#10844);
#3589=VERTEX_POINT('',#10846);
#3590=VERTEX_POINT('',#10848);
#3591=VERTEX_POINT('',#10850);
#3592=VERTEX_POINT('',#10852);
#3593=VERTEX_POINT('',#10854);
#3594=VERTEX_POINT('',#10856);
#3595=VERTEX_POINT('',#10858);
#3596=VERTEX_POINT('',#10860);
#3597=VERTEX_POINT('',#10862);
#3598=VERTEX_POINT('',#10864);
#3599=VERTEX_POINT('',#10866);
#3600=VERTEX_POINT('',#10868);
#3601=VERTEX_POINT('',#10870);
#3602=VERTEX_POINT('',#10872);
#3603=VERTEX_POINT('',#10874);
#3604=VERTEX_POINT('',#10876);
#3605=VERTEX_POINT('',#10878);
#3606=VERTEX_POINT('',#10880);
#3607=VERTEX_POINT('',#10882);
#3608=VERTEX_POINT('',#10884);
#3609=VERTEX_POINT('',#10886);
#3610=VERTEX_POINT('',#10888);
#3611=VERTEX_POINT('',#10890);
#3612=VERTEX_POINT('',#10891);
#3613=VERTEX_POINT('',#10893);
#3614=VERTEX_POINT('',#10895);
#3615=VERTEX_POINT('',#10897);
#3616=VERTEX_POINT('',#10899);
#3617=VERTEX_POINT('',#10901);
#3618=VERTEX_POINT('',#10903);
#3619=VERTEX_POINT('',#10906);
#3620=VERTEX_POINT('',#10908);
#3621=VERTEX_POINT('',#10910);
#3622=VERTEX_POINT('',#10912);
#3623=VERTEX_POINT('',#10914);
#3624=VERTEX_POINT('',#10963);
#3625=VERTEX_POINT('',#10973);
#3626=VERTEX_POINT('',#11237);
#3627=VERTEX_POINT('',#11241);
#3628=VERTEX_POINT('',#11247);
#3629=VERTEX_POINT('',#11252);
#3630=VERTEX_POINT('',#11253);
#3631=CIRCLE('',#6694,0.002);
#3632=CIRCLE('',#6695,0.002);
#3633=CIRCLE('',#6697,0.002);
#3634=CIRCLE('',#6698,0.002);
#3635=CIRCLE('',#6700,0.002);
#3636=CIRCLE('',#6701,0.002);
#3637=CIRCLE('',#6703,0.002);
#3638=CIRCLE('',#6704,0.002);
#3639=CIRCLE('',#6706,0.002);
#3640=CIRCLE('',#6707,0.002);
#3641=CIRCLE('',#6709,0.002);
#3642=CIRCLE('',#6710,0.002);
#3643=CIRCLE('',#6712,0.002);
#3644=CIRCLE('',#6713,0.002);
#3645=CIRCLE('',#6715,0.002);
#3646=CIRCLE('',#6716,0.002);
#3647=CIRCLE('',#6718,0.002);
#3648=CIRCLE('',#6719,0.002);
#3649=CIRCLE('',#6721,0.002);
#3650=CIRCLE('',#6722,0.002);
#3651=CIRCLE('',#6724,0.002);
#3652=CIRCLE('',#6725,0.002);
#3653=CIRCLE('',#6727,0.002);
#3654=CIRCLE('',#6728,0.002);
#3655=CIRCLE('',#6730,0.002);
#3656=CIRCLE('',#6731,0.002);
#3657=CIRCLE('',#6733,0.002);
#3658=CIRCLE('',#6734,0.002);
#3659=CIRCLE('',#6736,0.004);
#3660=CIRCLE('',#6737,0.004);
#3661=CIRCLE('',#6739,0.004);
#3662=CIRCLE('',#6740,0.004);
#3663=CIRCLE('',#6742,0.004);
#3664=CIRCLE('',#6743,0.004);
#3665=CIRCLE('',#6745,0.004);
#3666=CIRCLE('',#6746,0.004);
#3667=CIRCLE('',#6748,0.004);
#3668=CIRCLE('',#6749,0.004);
#3669=CIRCLE('',#6751,0.004);
#3670=CIRCLE('',#6752,0.004);
#3671=CIRCLE('',#6754,0.004);
#3672=CIRCLE('',#6755,0.004);
#3673=CIRCLE('',#6773,0.005);
#3674=CIRCLE('',#6774,0.005);
#3675=CIRCLE('',#6775,0.0026);
#3676=CIRCLE('',#6776,0.0026);
#3677=CIRCLE('',#6777,0.0026);
#3678=CIRCLE('',#6778,0.0026);
#3679=CIRCLE('',#6779,0.0026);
#3680=CIRCLE('',#6781,0.004);
#3681=CIRCLE('',#6782,0.0201);
#3682=CIRCLE('',#6783,0.004);
#3683=CIRCLE('',#6784,0.004);
#3684=CIRCLE('',#6785,0.0201);
#3685=CIRCLE('',#6786,0.004);
#3686=CIRCLE('',#6787,0.004);
#3687=CIRCLE('',#6788,0.0201);
#3688=CIRCLE('',#6789,0.004);
#3689=CIRCLE('',#6790,0.004);
#3690=CIRCLE('',#6791,0.0201);
#3691=CIRCLE('',#6792,0.002);
#3692=CIRCLE('',#6793,0.002);
#3693=CIRCLE('',#6794,0.002);
#3694=CIRCLE('',#6795,0.002);
#3695=CIRCLE('',#6796,0.002);
#3696=CIRCLE('',#6797,0.002);
#3697=CIRCLE('',#6798,0.002);
#3698=CIRCLE('',#6799,0.002);
#3699=CIRCLE('',#6800,0.002);
#3700=CIRCLE('',#6801,0.002);
#3701=CIRCLE('',#6802,0.002);
#3702=CIRCLE('',#6803,0.002);
#3703=CIRCLE('',#6804,0.002);
#3704=CIRCLE('',#6805,0.002);
#3705=CIRCLE('',#6806,0.002);
#3706=CIRCLE('',#6807,0.002);
#3707=CIRCLE('',#6808,0.002);
#3708=CIRCLE('',#6809,0.002);
#3709=CIRCLE('',#6810,0.002);
#3710=CIRCLE('',#6811,0.002);
#3711=CIRCLE('',#6812,0.002);
#3712=CIRCLE('',#6813,0.0032);
#3713=CIRCLE('',#6814,0.002);
#3714=CIRCLE('',#6815,0.002);
#3715=CIRCLE('',#6816,0.002);
#3716=CIRCLE('',#6817,0.002);
#3717=CIRCLE('',#6818,0.002);
#3718=CIRCLE('',#6819,0.002);
#3719=CIRCLE('',#6820,0.00135);
#3720=CIRCLE('',#6821,0.00135);
#3721=CIRCLE('',#6822,0.00135);
#3722=CIRCLE('',#6823,0.00135);
#3723=CIRCLE('',#6824,0.00135);
#3724=CIRCLE('',#6825,0.002);
#3725=CIRCLE('',#6826,0.00135);
#3726=CIRCLE('',#6827,0.00135);
#3727=CIRCLE('',#6828,0.002);
#3728=CIRCLE('',#6829,0.00135);
#3729=CIRCLE('',#6830,0.00135);
#3730=CIRCLE('',#6831,0.002);
#3731=CIRCLE('',#6832,0.002);
#3732=CIRCLE('',#6833,0.002);
#3733=CIRCLE('',#6834,0.00135);
#3734=CIRCLE('',#6835,0.002);
#3735=CIRCLE('',#6836,0.002);
#3736=CIRCLE('',#6837,0.00135);
#3737=CIRCLE('',#6838,0.00135);
#3738=CIRCLE('',#6839,0.00135);
#3739=CIRCLE('',#6840,0.00173891670067736);
#3740=CIRCLE('',#6841,0.002);
#3741=CIRCLE('',#6842,0.00135);
#3742=CIRCLE('',#6843,0.00135);
#3743=CIRCLE('',#6844,0.002);
#3744=CIRCLE('',#6845,0.002);
#3745=CIRCLE('',#6846,0.002);
#3746=CIRCLE('',#6847,0.002);
#3747=CIRCLE('',#6848,0.002);
#3748=CIRCLE('',#6849,0.002);
#3749=CIRCLE('',#6850,0.002);
#3750=CIRCLE('',#6851,0.002);
#3751=CIRCLE('',#6852,0.002);
#3752=CIRCLE('',#6853,0.002);
#3753=CIRCLE('',#6854,0.002);
#3754=CIRCLE('',#6855,0.00135);
#3755=CIRCLE('',#6856,0.00135);
#3756=CIRCLE('',#6857,0.00135);
#3757=CIRCLE('',#6858,0.00135);
#3758=CIRCLE('',#6859,0.00135);
#3759=CIRCLE('',#6860,0.00135);
#3760=CIRCLE('',#6861,0.00135);
#3761=CIRCLE('',#6862,0.00135);
#3762=CIRCLE('',#6863,0.00135);
#3763=CIRCLE('',#6864,0.002);
#3764=CIRCLE('',#6865,0.002);
#3765=CIRCLE('',#6866,0.00135);
#3766=CIRCLE('',#6867,0.00135);
#3767=CIRCLE('',#6868,0.002);
#3768=CIRCLE('',#6869,0.00135);
#3769=CIRCLE('',#6870,0.00135);
#3770=CIRCLE('',#6871,0.00135);
#3771=CIRCLE('',#6872,0.00135);
#3772=CIRCLE('',#6873,0.002);
#3773=CIRCLE('',#6874,0.002);
#3774=CIRCLE('',#6875,0.002);
#3775=CIRCLE('',#6876,0.002);
#3776=CIRCLE('',#6877,0.002);
#3777=CIRCLE('',#6878,0.002);
#3778=CIRCLE('',#6879,0.00135);
#3779=CIRCLE('',#6880,0.00135);
#3780=CIRCLE('',#6881,0.002);
#3781=CIRCLE('',#6882,0.00135);
#3782=CIRCLE('',#6883,0.002);
#3783=CIRCLE('',#6884,0.00135);
#3784=CIRCLE('',#6885,0.00135);
#3785=CIRCLE('',#6886,0.002);
#3786=CIRCLE('',#6887,0.00135);
#3787=CIRCLE('',#6888,0.00135);
#3788=CIRCLE('',#6889,0.00135);
#3789=CIRCLE('',#6890,0.00135);
#3790=CIRCLE('',#6891,0.00135);
#3791=CIRCLE('',#6892,0.00135);
#3792=CIRCLE('',#6893,0.00135);
#3793=CIRCLE('',#6894,0.00135);
#3794=CIRCLE('',#6895,0.00135);
#3795=CIRCLE('',#6896,0.00135);
#3796=CIRCLE('',#6897,0.00135);
#3797=CIRCLE('',#6898,0.002);
#3798=CIRCLE('',#6899,0.002);
#3799=CIRCLE('',#6900,0.002);
#3800=CIRCLE('',#6901,0.002);
#3801=CIRCLE('',#6902,0.002);
#3802=CIRCLE('',#6903,0.002);
#3803=CIRCLE('',#6904,0.002);
#3804=CIRCLE('',#6905,0.002);
#3805=CIRCLE('',#6906,0.002);
#3806=CIRCLE('',#6907,0.002);
#3807=CIRCLE('',#6908,0.002);
#3808=CIRCLE('',#6909,0.002);
#3809=CIRCLE('',#6910,0.00135);
#3810=CIRCLE('',#6911,0.00135);
#3811=CIRCLE('',#6912,0.00135);
#3812=CIRCLE('',#6913,0.00135);
#3813=CIRCLE('',#6914,0.00135);
#3814=CIRCLE('',#6915,0.002);
#3815=CIRCLE('',#6916,0.002);
#3816=CIRCLE('',#6917,0.002);
#3817=CIRCLE('',#6918,0.002);
#3818=CIRCLE('',#6919,0.002);
#3819=CIRCLE('',#6920,0.002);
#3820=CIRCLE('',#6921,0.002);
#3821=CIRCLE('',#6922,0.00135);
#3822=CIRCLE('',#6923,0.00135);
#3823=CIRCLE('',#6924,0.00135);
#3824=CIRCLE('',#6925,0.00135);
#3825=CIRCLE('',#6926,0.002);
#3826=CIRCLE('',#6927,0.002);
#3827=CIRCLE('',#6928,0.002);
#3828=CIRCLE('',#6929,0.002);
#3829=CIRCLE('',#6930,0.002);
#3830=CIRCLE('',#6931,0.002);
#3831=CIRCLE('',#6932,0.002);
#3832=CIRCLE('',#6933,0.002);
#3833=CIRCLE('',#6934,0.00135);
#3834=CIRCLE('',#6935,0.00135);
#3835=CIRCLE('',#6936,0.00135);
#3836=CIRCLE('',#6937,0.00135);
#3837=CIRCLE('',#6938,0.00135);
#3838=CIRCLE('',#6939,0.00135);
#3839=CIRCLE('',#6940,0.00135);
#3840=CIRCLE('',#6941,0.00135);
#3841=CIRCLE('',#6942,0.00135);
#3842=CIRCLE('',#6943,0.002);
#3843=CIRCLE('',#6944,0.002);
#3844=CIRCLE('',#6945,0.002);
#3845=CIRCLE('',#6946,0.002);
#3846=CIRCLE('',#6947,0.002);
#3847=CIRCLE('',#6948,0.002);
#3848=CIRCLE('',#6949,0.002);
#3849=CIRCLE('',#6950,0.002);
#3850=CIRCLE('',#6951,0.002);
#3851=CIRCLE('',#6952,0.00173891670067736);
#3852=CIRCLE('',#6953,0.002);
#3853=CIRCLE('',#6954,0.00135);
#3854=CIRCLE('',#6955,0.00135);
#3855=CIRCLE('',#6956,0.00135);
#3856=CIRCLE('',#6957,0.00135);
#3857=CIRCLE('',#6958,0.00135);
#3858=CIRCLE('',#6959,0.00135);
#3859=CIRCLE('',#6960,0.00135);
#3860=CIRCLE('',#6961,0.00135);
#3861=CIRCLE('',#6962,0.00135);
#3862=CIRCLE('',#6963,0.00173891670067736);
#3863=CIRCLE('',#6964,0.00135);
#3864=CIRCLE('',#6965,0.00135);
#3865=CIRCLE('',#6966,0.00135);
#3866=CIRCLE('',#6967,0.00135);
#3867=CIRCLE('',#6968,0.002);
#3868=CIRCLE('',#6969,0.00135);
#3869=CIRCLE('',#6970,0.002);
#3870=CIRCLE('',#6971,0.00135);
#3871=CIRCLE('',#6972,0.00135);
#3872=CIRCLE('',#6973,0.00135);
#3873=CIRCLE('',#6974,0.00135);
#3874=CIRCLE('',#6975,0.002);
#3875=CIRCLE('',#6976,0.002);
#3876=CIRCLE('',#6977,0.002);
#3877=CIRCLE('',#6978,0.00135);
#3878=CIRCLE('',#6979,0.00135);
#3879=CIRCLE('',#6980,0.002);
#3880=CIRCLE('',#6981,0.00135);
#3881=CIRCLE('',#6982,0.00135);
#3882=CIRCLE('',#6983,0.00135);
#3883=CIRCLE('',#6984,0.002);
#3884=CIRCLE('',#6985,0.00135);
#3885=CIRCLE('',#6986,0.002);
#3886=CIRCLE('',#6987,0.00173891670067736);
#3887=CIRCLE('',#6988,0.00135);
#3888=CIRCLE('',#6989,0.00135);
#3889=CIRCLE('',#6990,0.002);
#3890=CIRCLE('',#6991,0.002);
#3891=CIRCLE('',#6992,0.002);
#3892=CIRCLE('',#6993,0.002);
#3893=CIRCLE('',#6994,0.002);
#3894=CIRCLE('',#6995,0.002);
#3895=CIRCLE('',#6996,0.002);
#3896=CIRCLE('',#6997,0.0027);
#3897=CIRCLE('',#6998,0.0027);
#3898=CIRCLE('',#6999,0.0115);
#3899=CIRCLE('',#7000,0.0027);
#3900=CIRCLE('',#7002,0.002);
#3901=CIRCLE('',#7003,0.002);
#3902=CIRCLE('',#7004,0.002);
#3903=CIRCLE('',#7005,0.002);
#3904=CIRCLE('',#7006,0.002);
#3905=CIRCLE('',#7007,0.002);
#3906=CIRCLE('',#7008,0.004);
#3907=CIRCLE('',#7009,0.0201);
#3908=CIRCLE('',#7010,0.004);
#3909=CIRCLE('',#7011,0.004);
#3910=CIRCLE('',#7012,0.004);
#3911=CIRCLE('',#7013,0.004);
#3912=CIRCLE('',#7014,0.0201);
#3913=CIRCLE('',#7015,0.004);
#3914=CIRCLE('',#7016,0.004);
#3915=CIRCLE('',#7017,0.004);
#3916=CIRCLE('',#7018,0.004);
#3917=CIRCLE('',#7019,0.0201);
#3918=CIRCLE('',#7020,0.004);
#3919=CIRCLE('',#7021,0.004);
#3920=CIRCLE('',#7022,0.004);
#3921=CIRCLE('',#7023,0.004);
#3922=CIRCLE('',#7024,0.0201);
#3923=CIRCLE('',#7025,0.004);
#3924=CIRCLE('',#7026,0.005);
#3925=CIRCLE('',#7027,0.005);
#3926=CIRCLE('',#7028,0.0026);
#3927=CIRCLE('',#7029,0.002);
#3928=CIRCLE('',#7030,0.002);
#3929=CIRCLE('',#7031,0.002);
#3930=CIRCLE('',#7032,0.002);
#3931=CIRCLE('',#7033,0.002);
#3932=CIRCLE('',#7034,0.002);
#3933=CIRCLE('',#7035,0.002);
#3934=CIRCLE('',#7036,0.002);
#3935=CIRCLE('',#7037,0.002);
#3936=CIRCLE('',#7038,0.002);
#3937=CIRCLE('',#7039,0.002);
#3938=CIRCLE('',#7040,0.002);
#3939=CIRCLE('',#7041,0.002);
#3940=CIRCLE('',#7042,0.002);
#3941=CIRCLE('',#7043,0.002);
#3942=CIRCLE('',#7044,0.0032);
#3943=CIRCLE('',#7045,0.002);
#3944=CIRCLE('',#7046,0.002);
#3945=CIRCLE('',#7047,0.002);
#3946=CIRCLE('',#7048,0.002);
#3947=CIRCLE('',#7049,0.002);
#3948=CIRCLE('',#7050,0.002);
#3949=CIRCLE('',#7051,0.00135);
#3950=CIRCLE('',#7052,0.00135);
#3951=CIRCLE('',#7053,0.00135);
#3952=CIRCLE('',#7054,0.00135);
#3953=CIRCLE('',#7055,0.00135);
#3954=CIRCLE('',#7056,0.002);
#3955=CIRCLE('',#7057,0.00135);
#3956=CIRCLE('',#7058,0.00135);
#3957=CIRCLE('',#7059,0.002);
#3958=CIRCLE('',#7060,0.00135);
#3959=CIRCLE('',#7061,0.00135);
#3960=CIRCLE('',#7062,0.002);
#3961=CIRCLE('',#7063,0.002);
#3962=CIRCLE('',#7064,0.002);
#3963=CIRCLE('',#7065,0.00135);
#3964=CIRCLE('',#7066,0.002);
#3965=CIRCLE('',#7067,0.002);
#3966=CIRCLE('',#7068,0.00135);
#3967=CIRCLE('',#7069,0.00135);
#3968=CIRCLE('',#7070,0.00135);
#3969=CIRCLE('',#7071,0.00173891670067736);
#3970=CIRCLE('',#7072,0.002);
#3971=CIRCLE('',#7073,0.00135);
#3972=CIRCLE('',#7074,0.00135);
#3973=CIRCLE('',#7075,0.002);
#3974=CIRCLE('',#7076,0.002);
#3975=CIRCLE('',#7077,0.002);
#3976=CIRCLE('',#7078,0.002);
#3977=CIRCLE('',#7079,0.002);
#3978=CIRCLE('',#7080,0.002);
#3979=CIRCLE('',#7081,0.002);
#3980=CIRCLE('',#7082,0.002);
#3981=CIRCLE('',#7083,0.002);
#3982=CIRCLE('',#7084,0.002);
#3983=CIRCLE('',#7085,0.002);
#3984=CIRCLE('',#7086,0.00135);
#3985=CIRCLE('',#7087,0.00135);
#3986=CIRCLE('',#7088,0.00135);
#3987=CIRCLE('',#7089,0.00135);
#3988=CIRCLE('',#7090,0.00135);
#3989=CIRCLE('',#7091,0.00135);
#3990=CIRCLE('',#7092,0.00135);
#3991=CIRCLE('',#7093,0.00135);
#3992=CIRCLE('',#7094,0.00135);
#3993=CIRCLE('',#7095,0.002);
#3994=CIRCLE('',#7096,0.002);
#3995=CIRCLE('',#7097,0.00135);
#3996=CIRCLE('',#7098,0.00135);
#3997=CIRCLE('',#7099,0.002);
#3998=CIRCLE('',#7100,0.00135);
#3999=CIRCLE('',#7101,0.00135);
#4000=CIRCLE('',#7102,0.00135);
#4001=CIRCLE('',#7103,0.00135);
#4002=CIRCLE('',#7104,0.002);
#4003=CIRCLE('',#7105,0.002);
#4004=CIRCLE('',#7106,0.002);
#4005=CIRCLE('',#7107,0.002);
#4006=CIRCLE('',#7108,0.002);
#4007=CIRCLE('',#7109,0.002);
#4008=CIRCLE('',#7110,0.00135);
#4009=CIRCLE('',#7111,0.00135);
#4010=CIRCLE('',#7112,0.002);
#4011=CIRCLE('',#7113,0.00135);
#4012=CIRCLE('',#7114,0.002);
#4013=CIRCLE('',#7115,0.00135);
#4014=CIRCLE('',#7116,0.00135);
#4015=CIRCLE('',#7117,0.002);
#4016=CIRCLE('',#7118,0.00135);
#4017=CIRCLE('',#7119,0.00135);
#4018=CIRCLE('',#7120,0.00135);
#4019=CIRCLE('',#7121,0.00135);
#4020=CIRCLE('',#7122,0.00135);
#4021=CIRCLE('',#7123,0.00135);
#4022=CIRCLE('',#7124,0.00135);
#4023=CIRCLE('',#7125,0.00135);
#4024=CIRCLE('',#7126,0.00135);
#4025=CIRCLE('',#7127,0.00135);
#4026=CIRCLE('',#7128,0.00135);
#4027=CIRCLE('',#7129,0.002);
#4028=CIRCLE('',#7130,0.002);
#4029=CIRCLE('',#7131,0.002);
#4030=CIRCLE('',#7132,0.002);
#4031=CIRCLE('',#7133,0.002);
#4032=CIRCLE('',#7134,0.002);
#4033=CIRCLE('',#7135,0.002);
#4034=CIRCLE('',#7136,0.002);
#4035=CIRCLE('',#7137,0.002);
#4036=CIRCLE('',#7138,0.002);
#4037=CIRCLE('',#7139,0.002);
#4038=CIRCLE('',#7140,0.002);
#4039=CIRCLE('',#7141,0.00135);
#4040=CIRCLE('',#7142,0.00135);
#4041=CIRCLE('',#7143,0.00135);
#4042=CIRCLE('',#7144,0.00135);
#4043=CIRCLE('',#7145,0.00135);
#4044=CIRCLE('',#7146,0.002);
#4045=CIRCLE('',#7147,0.002);
#4046=CIRCLE('',#7148,0.002);
#4047=CIRCLE('',#7149,0.002);
#4048=CIRCLE('',#7150,0.002);
#4049=CIRCLE('',#7151,0.002);
#4050=CIRCLE('',#7152,0.002);
#4051=CIRCLE('',#7153,0.00135);
#4052=CIRCLE('',#7154,0.00135);
#4053=CIRCLE('',#7155,0.00135);
#4054=CIRCLE('',#7156,0.00135);
#4055=CIRCLE('',#7157,0.002);
#4056=CIRCLE('',#7158,0.002);
#4057=CIRCLE('',#7159,0.002);
#4058=CIRCLE('',#7160,0.002);
#4059=CIRCLE('',#7161,0.002);
#4060=CIRCLE('',#7162,0.002);
#4061=CIRCLE('',#7163,0.002);
#4062=CIRCLE('',#7164,0.002);
#4063=CIRCLE('',#7165,0.00135);
#4064=CIRCLE('',#7166,0.00135);
#4065=CIRCLE('',#7167,0.00135);
#4066=CIRCLE('',#7168,0.00135);
#4067=CIRCLE('',#7169,0.00135);
#4068=CIRCLE('',#7170,0.00135);
#4069=CIRCLE('',#7171,0.00135);
#4070=CIRCLE('',#7172,0.00135);
#4071=CIRCLE('',#7173,0.00135);
#4072=CIRCLE('',#7174,0.002);
#4073=CIRCLE('',#7175,0.002);
#4074=CIRCLE('',#7176,0.002);
#4075=CIRCLE('',#7177,0.002);
#4076=CIRCLE('',#7178,0.002);
#4077=CIRCLE('',#7179,0.002);
#4078=CIRCLE('',#7180,0.002);
#4079=CIRCLE('',#7181,0.002);
#4080=CIRCLE('',#7182,0.002);
#4081=CIRCLE('',#7183,0.00173891670067736);
#4082=CIRCLE('',#7184,0.002);
#4083=CIRCLE('',#7185,0.00135);
#4084=CIRCLE('',#7186,0.00135);
#4085=CIRCLE('',#7187,0.00135);
#4086=CIRCLE('',#7188,0.00135);
#4087=CIRCLE('',#7189,0.00135);
#4088=CIRCLE('',#7190,0.00135);
#4089=CIRCLE('',#7191,0.00135);
#4090=CIRCLE('',#7192,0.00135);
#4091=CIRCLE('',#7193,0.00135);
#4092=CIRCLE('',#7194,0.00173891670067736);
#4093=CIRCLE('',#7195,0.00135);
#4094=CIRCLE('',#7196,0.00135);
#4095=CIRCLE('',#7197,0.00135);
#4096=CIRCLE('',#7198,0.00135);
#4097=CIRCLE('',#7199,0.002);
#4098=CIRCLE('',#7200,0.00135);
#4099=CIRCLE('',#7201,0.002);
#4100=CIRCLE('',#7202,0.00135);
#4101=CIRCLE('',#7203,0.00135);
#4102=CIRCLE('',#7204,0.00135);
#4103=CIRCLE('',#7205,0.00135);
#4104=CIRCLE('',#7206,0.002);
#4105=CIRCLE('',#7207,0.002);
#4106=CIRCLE('',#7208,0.002);
#4107=CIRCLE('',#7209,0.00135);
#4108=CIRCLE('',#7210,0.00135);
#4109=CIRCLE('',#7211,0.002);
#4110=CIRCLE('',#7212,0.00135);
#4111=CIRCLE('',#7213,0.00135);
#4112=CIRCLE('',#7214,0.00135);
#4113=CIRCLE('',#7215,0.002);
#4114=CIRCLE('',#7216,0.00135);
#4115=CIRCLE('',#7217,0.002);
#4116=CIRCLE('',#7218,0.00173891670067736);
#4117=CIRCLE('',#7219,0.00135);
#4118=CIRCLE('',#7220,0.00135);
#4119=CIRCLE('',#7221,0.002);
#4120=CIRCLE('',#7222,0.002);
#4121=CIRCLE('',#7223,0.002);
#4122=CIRCLE('',#7224,0.002);
#4123=CIRCLE('',#7225,0.002);
#4124=CIRCLE('',#7226,0.002);
#4125=CIRCLE('',#7227,0.002);
#4126=CIRCLE('',#7228,0.0027);
#4127=CIRCLE('',#7229,0.0027);
#4128=CIRCLE('',#7230,0.0115);
#4129=CIRCLE('',#7231,0.0027);
#4130=CIRCLE('',#7232,0.0026);
#4131=CIRCLE('',#7483,0.0026);
#4132=CIRCLE('',#7487,0.0026);
#4133=CIRCLE('',#7492,0.0026);
#4134=CIRCLE('',#7497,0.004);
#4135=CIRCLE('',#7499,0.004);
#4136=CIRCLE('',#7501,0.004);
#4137=CIRCLE('',#7503,0.004);
#4138=CIRCLE('',#7505,0.004);
#4139=CIRCLE('',#7507,0.004);
#4140=CIRCLE('',#7509,0.004);
#4141=CIRCLE('',#7515,0.004);
#4142=CIRCLE('',#7518,0.004);
#4143=CIRCLE('',#7521,0.004);
#4144=CIRCLE('',#7524,0.004);
#4145=CIRCLE('',#7527,0.004);
#4146=CIRCLE('',#7530,0.004);
#4147=CIRCLE('',#7533,0.004);
#4148=CIRCLE('',#7536,0.004);
#4149=CIRCLE('',#7539,0.004);
#4150=CIRCLE('',#7542,0.004);
#4151=CIRCLE('',#7545,0.004);
#4152=CIRCLE('',#7548,0.004);
#4153=CIRCLE('',#7551,0.004);
#4154=CIRCLE('',#7554,0.004);
#4155=EDGE_LOOP('',(#617));
#4156=EDGE_LOOP('',(#618));
#4157=EDGE_LOOP('',(#619));
#4158=EDGE_LOOP('',(#620));
#4159=EDGE_LOOP('',(#621));
#4160=EDGE_LOOP('',(#622));
#4161=EDGE_LOOP('',(#623));
#4162=EDGE_LOOP('',(#624));
#4163=EDGE_LOOP('',(#625));
#4164=EDGE_LOOP('',(#626));
#4165=EDGE_LOOP('',(#627));
#4166=EDGE_LOOP('',(#628));
#4167=EDGE_LOOP('',(#629));
#4168=EDGE_LOOP('',(#630));
#4169=EDGE_LOOP('',(#631));
#4170=EDGE_LOOP('',(#632));
#4171=EDGE_LOOP('',(#633));
#4172=EDGE_LOOP('',(#634));
#4173=EDGE_LOOP('',(#635));
#4174=EDGE_LOOP('',(#636));
#4175=EDGE_LOOP('',(#637));
#4176=EDGE_LOOP('',(#638));
#4177=EDGE_LOOP('',(#639));
#4178=EDGE_LOOP('',(#640));
#4179=EDGE_LOOP('',(#641));
#4180=EDGE_LOOP('',(#642));
#4181=EDGE_LOOP('',(#643));
#4182=EDGE_LOOP('',(#644));
#4183=EDGE_LOOP('',(#645,#646,#647,#648));
#4184=EDGE_LOOP('',(#649,#650,#651,#652));
#4185=EDGE_LOOP('',(#653,#654,#655,#656));
#4186=EDGE_LOOP('',(#657,#658,#659,#660));
#4187=EDGE_LOOP('',(#661,#662,#663,#664));
#4188=EDGE_LOOP('',(#665,#666,#667,#668));
#4189=EDGE_LOOP('',(#669,#670,#671,#672));
#4190=EDGE_LOOP('',(#673,#674,#675,#676,#677,#678));
#4191=EDGE_LOOP('',(#679,#680,#681,#682,#683,#684));
#4192=EDGE_LOOP('',(#685,#686,#687,#688,#689,#690));
#4193=EDGE_LOOP('',(#691,#692,#693,#694,#695));
#4194=EDGE_LOOP('',(#696,#697,#698,#699,#700,#701));
#4195=EDGE_LOOP('',(#702,#703,#704,#705,#706,#707));
#4196=EDGE_LOOP('',(#708,#709,#710,#711,#712,#713));
#4197=EDGE_LOOP('',(#714,#715,#716,#717,#718));
#4198=EDGE_LOOP('',(#719,#720,#721,#722,#723));
#4199=EDGE_LOOP('',(#724,#725,#726,#727,#728,#729));
#4200=EDGE_LOOP('',(#730,#731,#732,#733,#734,#735));
#4201=EDGE_LOOP('',(#736,#737,#738,#739,#740,#741));
#4202=EDGE_LOOP('',(#742,#743,#744,#745,#746));
#4203=EDGE_LOOP('',(#747,#748,#749,#750,#751,#752,#753,#754));
#4204=EDGE_LOOP('',(#755,#756,#757,#758,#759));
#4205=EDGE_LOOP('',(#760,#761,#762,#763,#764));
#4206=EDGE_LOOP('',(#765,#766,#767,#768,#769,#770,#771,#772));
#4207=EDGE_LOOP('',(#773,#774,#775,#776));
#4208=EDGE_LOOP('',(#777));
#4209=EDGE_LOOP('',(#778));
#4210=EDGE_LOOP('',(#779));
#4211=EDGE_LOOP('',(#780,#781));
#4212=EDGE_LOOP('',(#782,#783,#784,#785,#786,#787,#788,#789,#790,#791,#792,
#793,#794,#795,#796,#797,#798,#799,#800,#801,#802,#803,#804,#805,#806,#807,
#808,#809,#810,#811,#812,#813,#814,#815,#816,#817,#818,#819,#820,#821,#822,
#823,#824,#825,#826,#827,#828,#829,#830,#831,#832,#833,#834,#835));
#4213=EDGE_LOOP('',(#836,#837,#838,#839,#840,#841));
#4214=EDGE_LOOP('',(#842,#843,#844,#845,#846,#847));
#4215=EDGE_LOOP('',(#848));
#4216=EDGE_LOOP('',(#849));
#4217=EDGE_LOOP('',(#850));
#4218=EDGE_LOOP('',(#851));
#4219=EDGE_LOOP('',(#852));
#4220=EDGE_LOOP('',(#853));
#4221=EDGE_LOOP('',(#854));
#4222=EDGE_LOOP('',(#855,#856,#857,#858,#859,#860,#861,#862));
#4223=EDGE_LOOP('',(#863,#864,#865,#866,#867,#868,#869,#870));
#4224=EDGE_LOOP('',(#871,#872,#873,#874,#875,#876,#877,#878));
#4225=EDGE_LOOP('',(#879));
#4226=EDGE_LOOP('',(#880));
#4227=EDGE_LOOP('',(#881));
#4228=EDGE_LOOP('',(#882));
#4229=EDGE_LOOP('',(#883));
#4230=EDGE_LOOP('',(#884));
#4231=EDGE_LOOP('',(#885));
#4232=EDGE_LOOP('',(#886));
#4233=EDGE_LOOP('',(#887));
#4234=EDGE_LOOP('',(#888));
#4235=EDGE_LOOP('',(#889));
#4236=EDGE_LOOP('',(#890));
#4237=EDGE_LOOP('',(#891));
#4238=EDGE_LOOP('',(#892));
#4239=EDGE_LOOP('',(#893));
#4240=EDGE_LOOP('',(#894));
#4241=EDGE_LOOP('',(#895));
#4242=EDGE_LOOP('',(#896));
#4243=EDGE_LOOP('',(#897));
#4244=EDGE_LOOP('',(#898));
#4245=EDGE_LOOP('',(#899));
#4246=EDGE_LOOP('',(#900));
#4247=EDGE_LOOP('',(#901));
#4248=EDGE_LOOP('',(#902));
#4249=EDGE_LOOP('',(#903));
#4250=EDGE_LOOP('',(#904));
#4251=EDGE_LOOP('',(#905));
#4252=EDGE_LOOP('',(#906));
#4253=EDGE_LOOP('',(#907));
#4254=EDGE_LOOP('',(#908));
#4255=EDGE_LOOP('',(#909));
#4256=EDGE_LOOP('',(#910));
#4257=EDGE_LOOP('',(#911));
#4258=EDGE_LOOP('',(#912));
#4259=EDGE_LOOP('',(#913));
#4260=EDGE_LOOP('',(#914));
#4261=EDGE_LOOP('',(#915));
#4262=EDGE_LOOP('',(#916));
#4263=EDGE_LOOP('',(#917));
#4264=EDGE_LOOP('',(#918));
#4265=EDGE_LOOP('',(#919));
#4266=EDGE_LOOP('',(#920));
#4267=EDGE_LOOP('',(#921));
#4268=EDGE_LOOP('',(#922));
#4269=EDGE_LOOP('',(#923));
#4270=EDGE_LOOP('',(#924));
#4271=EDGE_LOOP('',(#925));
#4272=EDGE_LOOP('',(#926));
#4273=EDGE_LOOP('',(#927));
#4274=EDGE_LOOP('',(#928));
#4275=EDGE_LOOP('',(#929));
#4276=EDGE_LOOP('',(#930));
#4277=EDGE_LOOP('',(#931));
#4278=EDGE_LOOP('',(#932));
#4279=EDGE_LOOP('',(#933));
#4280=EDGE_LOOP('',(#934));
#4281=EDGE_LOOP('',(#935));
#4282=EDGE_LOOP('',(#936));
#4283=EDGE_LOOP('',(#937));
#4284=EDGE_LOOP('',(#938));
#4285=EDGE_LOOP('',(#939));
#4286=EDGE_LOOP('',(#940));
#4287=EDGE_LOOP('',(#941));
#4288=EDGE_LOOP('',(#942));
#4289=EDGE_LOOP('',(#943));
#4290=EDGE_LOOP('',(#944));
#4291=EDGE_LOOP('',(#945));
#4292=EDGE_LOOP('',(#946));
#4293=EDGE_LOOP('',(#947));
#4294=EDGE_LOOP('',(#948));
#4295=EDGE_LOOP('',(#949));
#4296=EDGE_LOOP('',(#950));
#4297=EDGE_LOOP('',(#951));
#4298=EDGE_LOOP('',(#952));
#4299=EDGE_LOOP('',(#953));
#4300=EDGE_LOOP('',(#954));
#4301=EDGE_LOOP('',(#955));
#4302=EDGE_LOOP('',(#956));
#4303=EDGE_LOOP('',(#957));
#4304=EDGE_LOOP('',(#958));
#4305=EDGE_LOOP('',(#959));
#4306=EDGE_LOOP('',(#960));
#4307=EDGE_LOOP('',(#961));
#4308=EDGE_LOOP('',(#962));
#4309=EDGE_LOOP('',(#963));
#4310=EDGE_LOOP('',(#964));
#4311=EDGE_LOOP('',(#965));
#4312=EDGE_LOOP('',(#966));
#4313=EDGE_LOOP('',(#967));
#4314=EDGE_LOOP('',(#968));
#4315=EDGE_LOOP('',(#969));
#4316=EDGE_LOOP('',(#970));
#4317=EDGE_LOOP('',(#971));
#4318=EDGE_LOOP('',(#972));
#4319=EDGE_LOOP('',(#973));
#4320=EDGE_LOOP('',(#974));
#4321=EDGE_LOOP('',(#975));
#4322=EDGE_LOOP('',(#976));
#4323=EDGE_LOOP('',(#977));
#4324=EDGE_LOOP('',(#978));
#4325=EDGE_LOOP('',(#979));
#4326=EDGE_LOOP('',(#980));
#4327=EDGE_LOOP('',(#981));
#4328=EDGE_LOOP('',(#982));
#4329=EDGE_LOOP('',(#983));
#4330=EDGE_LOOP('',(#984));
#4331=EDGE_LOOP('',(#985));
#4332=EDGE_LOOP('',(#986));
#4333=EDGE_LOOP('',(#987));
#4334=EDGE_LOOP('',(#988));
#4335=EDGE_LOOP('',(#989));
#4336=EDGE_LOOP('',(#990));
#4337=EDGE_LOOP('',(#991));
#4338=EDGE_LOOP('',(#992));
#4339=EDGE_LOOP('',(#993));
#4340=EDGE_LOOP('',(#994));
#4341=EDGE_LOOP('',(#995));
#4342=EDGE_LOOP('',(#996));
#4343=EDGE_LOOP('',(#997));
#4344=EDGE_LOOP('',(#998));
#4345=EDGE_LOOP('',(#999));
#4346=EDGE_LOOP('',(#1000));
#4347=EDGE_LOOP('',(#1001));
#4348=EDGE_LOOP('',(#1002));
#4349=EDGE_LOOP('',(#1003));
#4350=EDGE_LOOP('',(#1004));
#4351=EDGE_LOOP('',(#1005));
#4352=EDGE_LOOP('',(#1006));
#4353=EDGE_LOOP('',(#1007));
#4354=EDGE_LOOP('',(#1008));
#4355=EDGE_LOOP('',(#1009));
#4356=EDGE_LOOP('',(#1010));
#4357=EDGE_LOOP('',(#1011));
#4358=EDGE_LOOP('',(#1012));
#4359=EDGE_LOOP('',(#1013));
#4360=EDGE_LOOP('',(#1014));
#4361=EDGE_LOOP('',(#1015));
#4362=EDGE_LOOP('',(#1016));
#4363=EDGE_LOOP('',(#1017));
#4364=EDGE_LOOP('',(#1018));
#4365=EDGE_LOOP('',(#1019));
#4366=EDGE_LOOP('',(#1020));
#4367=EDGE_LOOP('',(#1021));
#4368=EDGE_LOOP('',(#1022));
#4369=EDGE_LOOP('',(#1023));
#4370=EDGE_LOOP('',(#1024));
#4371=EDGE_LOOP('',(#1025));
#4372=EDGE_LOOP('',(#1026));
#4373=EDGE_LOOP('',(#1027));
#4374=EDGE_LOOP('',(#1028));
#4375=EDGE_LOOP('',(#1029));
#4376=EDGE_LOOP('',(#1030));
#4377=EDGE_LOOP('',(#1031));
#4378=EDGE_LOOP('',(#1032));
#4379=EDGE_LOOP('',(#1033));
#4380=EDGE_LOOP('',(#1034));
#4381=EDGE_LOOP('',(#1035));
#4382=EDGE_LOOP('',(#1036));
#4383=EDGE_LOOP('',(#1037));
#4384=EDGE_LOOP('',(#1038));
#4385=EDGE_LOOP('',(#1039));
#4386=EDGE_LOOP('',(#1040));
#4387=EDGE_LOOP('',(#1041));
#4388=EDGE_LOOP('',(#1042));
#4389=EDGE_LOOP('',(#1043));
#4390=EDGE_LOOP('',(#1044));
#4391=EDGE_LOOP('',(#1045));
#4392=EDGE_LOOP('',(#1046));
#4393=EDGE_LOOP('',(#1047));
#4394=EDGE_LOOP('',(#1048));
#4395=EDGE_LOOP('',(#1049));
#4396=EDGE_LOOP('',(#1050));
#4397=EDGE_LOOP('',(#1051));
#4398=EDGE_LOOP('',(#1052));
#4399=EDGE_LOOP('',(#1053));
#4400=EDGE_LOOP('',(#1054));
#4401=EDGE_LOOP('',(#1055));
#4402=EDGE_LOOP('',(#1056));
#4403=EDGE_LOOP('',(#1057));
#4404=EDGE_LOOP('',(#1058));
#4405=EDGE_LOOP('',(#1059));
#4406=EDGE_LOOP('',(#1060,#1061,#1062,#1063,#1064,#1065,#1066,#1067));
#4407=EDGE_LOOP('',(#1068));
#4408=EDGE_LOOP('',(#1069));
#4409=EDGE_LOOP('',(#1070));
#4410=EDGE_LOOP('',(#1071));
#4411=EDGE_LOOP('',(#1072,#1073,#1074,#1075,#1076,#1077));
#4412=EDGE_LOOP('',(#1078,#1079,#1080,#1081,#1082,#1083));
#4413=EDGE_LOOP('',(#1084,#1085,#1086,#1087,#1088,#1089));
#4414=EDGE_LOOP('',(#1090,#1091,#1092,#1093,#1094,#1095,#1096,#1097,#1098,
#1099,#1100,#1101,#1102,#1103,#1104,#1105,#1106,#1107,#1108,#1109,#1110,
#1111,#1112,#1113,#1114,#1115,#1116,#1117,#1118,#1119,#1120,#1121,#1122,
#1123,#1124,#1125,#1126,#1127,#1128,#1129,#1130,#1131,#1132,#1133));
#4415=EDGE_LOOP('',(#1134));
#4416=EDGE_LOOP('',(#1135));
#4417=EDGE_LOOP('',(#1136));
#4418=EDGE_LOOP('',(#1137));
#4419=EDGE_LOOP('',(#1138));
#4420=EDGE_LOOP('',(#1139));
#4421=EDGE_LOOP('',(#1140));
#4422=EDGE_LOOP('',(#1141));
#4423=EDGE_LOOP('',(#1142,#1143,#1144,#1145,#1146,#1147,#1148,#1149));
#4424=EDGE_LOOP('',(#1150,#1151,#1152,#1153,#1154,#1155));
#4425=EDGE_LOOP('',(#1156,#1157,#1158,#1159,#1160,#1161,#1162,#1163));
#4426=EDGE_LOOP('',(#1164,#1165,#1166,#1167,#1168,#1169,#1170,#1171));
#4427=EDGE_LOOP('',(#1172));
#4428=EDGE_LOOP('',(#1173));
#4429=EDGE_LOOP('',(#1174));
#4430=EDGE_LOOP('',(#1175));
#4431=EDGE_LOOP('',(#1176));
#4432=EDGE_LOOP('',(#1177));
#4433=EDGE_LOOP('',(#1178));
#4434=EDGE_LOOP('',(#1179));
#4435=EDGE_LOOP('',(#1180));
#4436=EDGE_LOOP('',(#1181));
#4437=EDGE_LOOP('',(#1182));
#4438=EDGE_LOOP('',(#1183));
#4439=EDGE_LOOP('',(#1184));
#4440=EDGE_LOOP('',(#1185));
#4441=EDGE_LOOP('',(#1186));
#4442=EDGE_LOOP('',(#1187));
#4443=EDGE_LOOP('',(#1188));
#4444=EDGE_LOOP('',(#1189));
#4445=EDGE_LOOP('',(#1190));
#4446=EDGE_LOOP('',(#1191));
#4447=EDGE_LOOP('',(#1192));
#4448=EDGE_LOOP('',(#1193));
#4449=EDGE_LOOP('',(#1194));
#4450=EDGE_LOOP('',(#1195));
#4451=EDGE_LOOP('',(#1196));
#4452=EDGE_LOOP('',(#1197));
#4453=EDGE_LOOP('',(#1198));
#4454=EDGE_LOOP('',(#1199));
#4455=EDGE_LOOP('',(#1200));
#4456=EDGE_LOOP('',(#1201));
#4457=EDGE_LOOP('',(#1202));
#4458=EDGE_LOOP('',(#1203));
#4459=EDGE_LOOP('',(#1204));
#4460=EDGE_LOOP('',(#1205));
#4461=EDGE_LOOP('',(#1206));
#4462=EDGE_LOOP('',(#1207));
#4463=EDGE_LOOP('',(#1208));
#4464=EDGE_LOOP('',(#1209));
#4465=EDGE_LOOP('',(#1210));
#4466=EDGE_LOOP('',(#1211));
#4467=EDGE_LOOP('',(#1212));
#4468=EDGE_LOOP('',(#1213));
#4469=EDGE_LOOP('',(#1214));
#4470=EDGE_LOOP('',(#1215));
#4471=EDGE_LOOP('',(#1216));
#4472=EDGE_LOOP('',(#1217));
#4473=EDGE_LOOP('',(#1218));
#4474=EDGE_LOOP('',(#1219));
#4475=EDGE_LOOP('',(#1220));
#4476=EDGE_LOOP('',(#1221));
#4477=EDGE_LOOP('',(#1222));
#4478=EDGE_LOOP('',(#1223));
#4479=EDGE_LOOP('',(#1224));
#4480=EDGE_LOOP('',(#1225));
#4481=EDGE_LOOP('',(#1226));
#4482=EDGE_LOOP('',(#1227));
#4483=EDGE_LOOP('',(#1228));
#4484=EDGE_LOOP('',(#1229));
#4485=EDGE_LOOP('',(#1230));
#4486=EDGE_LOOP('',(#1231));
#4487=EDGE_LOOP('',(#1232));
#4488=EDGE_LOOP('',(#1233));
#4489=EDGE_LOOP('',(#1234));
#4490=EDGE_LOOP('',(#1235));
#4491=EDGE_LOOP('',(#1236));
#4492=EDGE_LOOP('',(#1237));
#4493=EDGE_LOOP('',(#1238));
#4494=EDGE_LOOP('',(#1239));
#4495=EDGE_LOOP('',(#1240));
#4496=EDGE_LOOP('',(#1241));
#4497=EDGE_LOOP('',(#1242));
#4498=EDGE_LOOP('',(#1243));
#4499=EDGE_LOOP('',(#1244));
#4500=EDGE_LOOP('',(#1245));
#4501=EDGE_LOOP('',(#1246));
#4502=EDGE_LOOP('',(#1247));
#4503=EDGE_LOOP('',(#1248));
#4504=EDGE_LOOP('',(#1249));
#4505=EDGE_LOOP('',(#1250));
#4506=EDGE_LOOP('',(#1251));
#4507=EDGE_LOOP('',(#1252));
#4508=EDGE_LOOP('',(#1253));
#4509=EDGE_LOOP('',(#1254));
#4510=EDGE_LOOP('',(#1255));
#4511=EDGE_LOOP('',(#1256));
#4512=EDGE_LOOP('',(#1257));
#4513=EDGE_LOOP('',(#1258));
#4514=EDGE_LOOP('',(#1259));
#4515=EDGE_LOOP('',(#1260));
#4516=EDGE_LOOP('',(#1261));
#4517=EDGE_LOOP('',(#1262));
#4518=EDGE_LOOP('',(#1263));
#4519=EDGE_LOOP('',(#1264));
#4520=EDGE_LOOP('',(#1265));
#4521=EDGE_LOOP('',(#1266));
#4522=EDGE_LOOP('',(#1267));
#4523=EDGE_LOOP('',(#1268));
#4524=EDGE_LOOP('',(#1269));
#4525=EDGE_LOOP('',(#1270));
#4526=EDGE_LOOP('',(#1271));
#4527=EDGE_LOOP('',(#1272));
#4528=EDGE_LOOP('',(#1273));
#4529=EDGE_LOOP('',(#1274));
#4530=EDGE_LOOP('',(#1275));
#4531=EDGE_LOOP('',(#1276));
#4532=EDGE_LOOP('',(#1277));
#4533=EDGE_LOOP('',(#1278));
#4534=EDGE_LOOP('',(#1279));
#4535=EDGE_LOOP('',(#1280));
#4536=EDGE_LOOP('',(#1281));
#4537=EDGE_LOOP('',(#1282));
#4538=EDGE_LOOP('',(#1283));
#4539=EDGE_LOOP('',(#1284));
#4540=EDGE_LOOP('',(#1285));
#4541=EDGE_LOOP('',(#1286));
#4542=EDGE_LOOP('',(#1287));
#4543=EDGE_LOOP('',(#1288));
#4544=EDGE_LOOP('',(#1289));
#4545=EDGE_LOOP('',(#1290));
#4546=EDGE_LOOP('',(#1291));
#4547=EDGE_LOOP('',(#1292));
#4548=EDGE_LOOP('',(#1293));
#4549=EDGE_LOOP('',(#1294));
#4550=EDGE_LOOP('',(#1295));
#4551=EDGE_LOOP('',(#1296));
#4552=EDGE_LOOP('',(#1297));
#4553=EDGE_LOOP('',(#1298));
#4554=EDGE_LOOP('',(#1299));
#4555=EDGE_LOOP('',(#1300));
#4556=EDGE_LOOP('',(#1301));
#4557=EDGE_LOOP('',(#1302));
#4558=EDGE_LOOP('',(#1303));
#4559=EDGE_LOOP('',(#1304));
#4560=EDGE_LOOP('',(#1305));
#4561=EDGE_LOOP('',(#1306));
#4562=EDGE_LOOP('',(#1307));
#4563=EDGE_LOOP('',(#1308));
#4564=EDGE_LOOP('',(#1309));
#4565=EDGE_LOOP('',(#1310));
#4566=EDGE_LOOP('',(#1311));
#4567=EDGE_LOOP('',(#1312));
#4568=EDGE_LOOP('',(#1313));
#4569=EDGE_LOOP('',(#1314));
#4570=EDGE_LOOP('',(#1315));
#4571=EDGE_LOOP('',(#1316));
#4572=EDGE_LOOP('',(#1317));
#4573=EDGE_LOOP('',(#1318));
#4574=EDGE_LOOP('',(#1319));
#4575=EDGE_LOOP('',(#1320));
#4576=EDGE_LOOP('',(#1321));
#4577=EDGE_LOOP('',(#1322));
#4578=EDGE_LOOP('',(#1323));
#4579=EDGE_LOOP('',(#1324));
#4580=EDGE_LOOP('',(#1325));
#4581=EDGE_LOOP('',(#1326));
#4582=EDGE_LOOP('',(#1327));
#4583=EDGE_LOOP('',(#1328));
#4584=EDGE_LOOP('',(#1329));
#4585=EDGE_LOOP('',(#1330));
#4586=EDGE_LOOP('',(#1331));
#4587=EDGE_LOOP('',(#1332));
#4588=EDGE_LOOP('',(#1333));
#4589=EDGE_LOOP('',(#1334));
#4590=EDGE_LOOP('',(#1335));
#4591=EDGE_LOOP('',(#1336));
#4592=EDGE_LOOP('',(#1337));
#4593=EDGE_LOOP('',(#1338));
#4594=EDGE_LOOP('',(#1339));
#4595=EDGE_LOOP('',(#1340));
#4596=EDGE_LOOP('',(#1341));
#4597=EDGE_LOOP('',(#1342));
#4598=EDGE_LOOP('',(#1343));
#4599=EDGE_LOOP('',(#1344));
#4600=EDGE_LOOP('',(#1345));
#4601=EDGE_LOOP('',(#1346));
#4602=EDGE_LOOP('',(#1347));
#4603=EDGE_LOOP('',(#1348));
#4604=EDGE_LOOP('',(#1349));
#4605=EDGE_LOOP('',(#1350));
#4606=EDGE_LOOP('',(#1351));
#4607=EDGE_LOOP('',(#1352));
#4608=EDGE_LOOP('',(#1353,#1354,#1355,#1356,#1357,#1358,#1359,#1360));
#4609=EDGE_LOOP('',(#1361));
#4610=EDGE_LOOP('',(#1362));
#4611=EDGE_LOOP('',(#1363));
#4612=EDGE_LOOP('',(#1364));
#4613=EDGE_LOOP('',(#1365));
#4614=EDGE_LOOP('',(#1366,#1367,#1368,#1369));
#4615=EDGE_LOOP('',(#1370,#1371,#1372,#1373));
#4616=EDGE_LOOP('',(#1374,#1375,#1376,#1377));
#4617=EDGE_LOOP('',(#1378,#1379,#1380,#1381));
#4618=EDGE_LOOP('',(#1382,#1383,#1384,#1385));
#4619=EDGE_LOOP('',(#1386,#1387,#1388,#1389));
#4620=EDGE_LOOP('',(#1390,#1391,#1392,#1393));
#4621=EDGE_LOOP('',(#1394,#1395,#1396,#1397));
#4622=EDGE_LOOP('',(#1398,#1399,#1400,#1401));
#4623=EDGE_LOOP('',(#1402,#1403,#1404,#1405));
#4624=EDGE_LOOP('',(#1406,#1407,#1408,#1409));
#4625=EDGE_LOOP('',(#1410,#1411,#1412,#1413));
#4626=EDGE_LOOP('',(#1414,#1415,#1416,#1417));
#4627=EDGE_LOOP('',(#1418,#1419,#1420,#1421));
#4628=EDGE_LOOP('',(#1422,#1423,#1424,#1425,#1426,#1427,#1428,#1429));
#4629=EDGE_LOOP('',(#1430,#1431,#1432,#1433,#1434,#1435,#1436,#1437));
#4630=EDGE_LOOP('',(#1438,#1439,#1440,#1441));
#4631=EDGE_LOOP('',(#1442,#1443,#1444,#1445));
#4632=EDGE_LOOP('',(#1446,#1447,#1448,#1449));
#4633=EDGE_LOOP('',(#1450,#1451,#1452,#1453,#1454));
#4634=EDGE_LOOP('',(#1455,#1456,#1457,#1458));
#4635=EDGE_LOOP('',(#1459,#1460,#1461,#1462));
#4636=EDGE_LOOP('',(#1463,#1464,#1465,#1466,#1467));
#4637=EDGE_LOOP('',(#1468,#1469,#1470,#1471,#1472));
#4638=EDGE_LOOP('',(#1473,#1474,#1475,#1476));
#4639=EDGE_LOOP('',(#1477,#1478,#1479,#1480));
#4640=EDGE_LOOP('',(#1481,#1482,#1483,#1484));
#4641=EDGE_LOOP('',(#1485,#1486,#1487,#1488));
#4642=EDGE_LOOP('',(#1489,#1490,#1491,#1492));
#4643=EDGE_LOOP('',(#1493,#1494,#1495,#1496));
#4644=EDGE_LOOP('',(#1497,#1498,#1499,#1500));
#4645=EDGE_LOOP('',(#1501,#1502,#1503,#1504));
#4646=EDGE_LOOP('',(#1505,#1506,#1507,#1508));
#4647=EDGE_LOOP('',(#1509,#1510,#1511,#1512));
#4648=EDGE_LOOP('',(#1513,#1514,#1515,#1516));
#4649=EDGE_LOOP('',(#1517,#1518,#1519,#1520));
#4650=EDGE_LOOP('',(#1521,#1522,#1523,#1524));
#4651=EDGE_LOOP('',(#1525,#1526,#1527,#1528));
#4652=EDGE_LOOP('',(#1529,#1530,#1531,#1532));
#4653=EDGE_LOOP('',(#1533,#1534,#1535,#1536));
#4654=EDGE_LOOP('',(#1537,#1538,#1539,#1540));
#4655=EDGE_LOOP('',(#1541,#1542,#1543,#1544));
#4656=EDGE_LOOP('',(#1545,#1546,#1547,#1548));
#4657=EDGE_LOOP('',(#1549,#1550,#1551,#1552));
#4658=EDGE_LOOP('',(#1553,#1554,#1555,#1556));
#4659=EDGE_LOOP('',(#1557,#1558,#1559,#1560));
#4660=EDGE_LOOP('',(#1561,#1562,#1563,#1564));
#4661=EDGE_LOOP('',(#1565,#1566,#1567,#1568));
#4662=EDGE_LOOP('',(#1569,#1570,#1571,#1572));
#4663=EDGE_LOOP('',(#1573,#1574,#1575,#1576));
#4664=EDGE_LOOP('',(#1577,#1578,#1579,#1580));
#4665=EDGE_LOOP('',(#1581,#1582,#1583,#1584));
#4666=EDGE_LOOP('',(#1585,#1586,#1587,#1588));
#4667=EDGE_LOOP('',(#1589,#1590,#1591,#1592));
#4668=EDGE_LOOP('',(#1593,#1594,#1595,#1596));
#4669=EDGE_LOOP('',(#1597));
#4670=EDGE_LOOP('',(#1598));
#4671=EDGE_LOOP('',(#1599));
#4672=EDGE_LOOP('',(#1600));
#4673=EDGE_LOOP('',(#1601));
#4674=EDGE_LOOP('',(#1602));
#4675=EDGE_LOOP('',(#1603));
#4676=EDGE_LOOP('',(#1604));
#4677=EDGE_LOOP('',(#1605));
#4678=EDGE_LOOP('',(#1606));
#4679=EDGE_LOOP('',(#1607));
#4680=EDGE_LOOP('',(#1608));
#4681=EDGE_LOOP('',(#1609));
#4682=EDGE_LOOP('',(#1610));
#4683=EDGE_LOOP('',(#1611));
#4684=EDGE_LOOP('',(#1612));
#4685=EDGE_LOOP('',(#1613));
#4686=EDGE_LOOP('',(#1614));
#4687=EDGE_LOOP('',(#1615));
#4688=EDGE_LOOP('',(#1616));
#4689=EDGE_LOOP('',(#1617));
#4690=EDGE_LOOP('',(#1618));
#4691=EDGE_LOOP('',(#1619));
#4692=EDGE_LOOP('',(#1620));
#4693=EDGE_LOOP('',(#1621));
#4694=EDGE_LOOP('',(#1622));
#4695=EDGE_LOOP('',(#1623));
#4696=EDGE_LOOP('',(#1624));
#4697=EDGE_LOOP('',(#1625));
#4698=EDGE_LOOP('',(#1626));
#4699=EDGE_LOOP('',(#1627));
#4700=EDGE_LOOP('',(#1628));
#4701=EDGE_LOOP('',(#1629));
#4702=EDGE_LOOP('',(#1630));
#4703=EDGE_LOOP('',(#1631));
#4704=EDGE_LOOP('',(#1632));
#4705=EDGE_LOOP('',(#1633));
#4706=EDGE_LOOP('',(#1634));
#4707=EDGE_LOOP('',(#1635));
#4708=EDGE_LOOP('',(#1636));
#4709=EDGE_LOOP('',(#1637));
#4710=EDGE_LOOP('',(#1638));
#4711=EDGE_LOOP('',(#1639));
#4712=EDGE_LOOP('',(#1640));
#4713=EDGE_LOOP('',(#1641));
#4714=EDGE_LOOP('',(#1642));
#4715=EDGE_LOOP('',(#1643));
#4716=EDGE_LOOP('',(#1644));
#4717=EDGE_LOOP('',(#1645));
#4718=EDGE_LOOP('',(#1646));
#4719=EDGE_LOOP('',(#1647));
#4720=EDGE_LOOP('',(#1648));
#4721=EDGE_LOOP('',(#1649));
#4722=EDGE_LOOP('',(#1650));
#4723=EDGE_LOOP('',(#1651));
#4724=EDGE_LOOP('',(#1652));
#4725=EDGE_LOOP('',(#1653));
#4726=EDGE_LOOP('',(#1654));
#4727=EDGE_LOOP('',(#1655));
#4728=EDGE_LOOP('',(#1656));
#4729=EDGE_LOOP('',(#1657));
#4730=EDGE_LOOP('',(#1658));
#4731=EDGE_LOOP('',(#1659));
#4732=EDGE_LOOP('',(#1660));
#4733=EDGE_LOOP('',(#1661));
#4734=EDGE_LOOP('',(#1662));
#4735=EDGE_LOOP('',(#1663));
#4736=EDGE_LOOP('',(#1664));
#4737=EDGE_LOOP('',(#1665));
#4738=EDGE_LOOP('',(#1666));
#4739=EDGE_LOOP('',(#1667));
#4740=EDGE_LOOP('',(#1668));
#4741=EDGE_LOOP('',(#1669));
#4742=EDGE_LOOP('',(#1670));
#4743=EDGE_LOOP('',(#1671));
#4744=EDGE_LOOP('',(#1672));
#4745=EDGE_LOOP('',(#1673));
#4746=EDGE_LOOP('',(#1674));
#4747=EDGE_LOOP('',(#1675));
#4748=EDGE_LOOP('',(#1676));
#4749=EDGE_LOOP('',(#1677));
#4750=EDGE_LOOP('',(#1678));
#4751=EDGE_LOOP('',(#1679));
#4752=EDGE_LOOP('',(#1680));
#4753=EDGE_LOOP('',(#1681));
#4754=EDGE_LOOP('',(#1682));
#4755=EDGE_LOOP('',(#1683));
#4756=EDGE_LOOP('',(#1684));
#4757=EDGE_LOOP('',(#1685));
#4758=EDGE_LOOP('',(#1686));
#4759=EDGE_LOOP('',(#1687));
#4760=EDGE_LOOP('',(#1688));
#4761=EDGE_LOOP('',(#1689));
#4762=EDGE_LOOP('',(#1690));
#4763=EDGE_LOOP('',(#1691));
#4764=EDGE_LOOP('',(#1692));
#4765=EDGE_LOOP('',(#1693));
#4766=EDGE_LOOP('',(#1694));
#4767=EDGE_LOOP('',(#1695));
#4768=EDGE_LOOP('',(#1696));
#4769=EDGE_LOOP('',(#1697));
#4770=EDGE_LOOP('',(#1698));
#4771=EDGE_LOOP('',(#1699));
#4772=EDGE_LOOP('',(#1700));
#4773=EDGE_LOOP('',(#1701));
#4774=EDGE_LOOP('',(#1702));
#4775=EDGE_LOOP('',(#1703));
#4776=EDGE_LOOP('',(#1704));
#4777=EDGE_LOOP('',(#1705));
#4778=EDGE_LOOP('',(#1706));
#4779=EDGE_LOOP('',(#1707));
#4780=EDGE_LOOP('',(#1708));
#4781=EDGE_LOOP('',(#1709));
#4782=EDGE_LOOP('',(#1710));
#4783=EDGE_LOOP('',(#1711));
#4784=EDGE_LOOP('',(#1712));
#4785=EDGE_LOOP('',(#1713));
#4786=EDGE_LOOP('',(#1714));
#4787=EDGE_LOOP('',(#1715));
#4788=EDGE_LOOP('',(#1716));
#4789=EDGE_LOOP('',(#1717));
#4790=EDGE_LOOP('',(#1718));
#4791=EDGE_LOOP('',(#1719));
#4792=EDGE_LOOP('',(#1720));
#4793=EDGE_LOOP('',(#1721));
#4794=EDGE_LOOP('',(#1722));
#4795=EDGE_LOOP('',(#1723));
#4796=EDGE_LOOP('',(#1724));
#4797=EDGE_LOOP('',(#1725));
#4798=EDGE_LOOP('',(#1726));
#4799=EDGE_LOOP('',(#1727));
#4800=EDGE_LOOP('',(#1728));
#4801=EDGE_LOOP('',(#1729));
#4802=EDGE_LOOP('',(#1730));
#4803=EDGE_LOOP('',(#1731));
#4804=EDGE_LOOP('',(#1732));
#4805=EDGE_LOOP('',(#1733));
#4806=EDGE_LOOP('',(#1734));
#4807=EDGE_LOOP('',(#1735));
#4808=EDGE_LOOP('',(#1736));
#4809=EDGE_LOOP('',(#1737));
#4810=EDGE_LOOP('',(#1738));
#4811=EDGE_LOOP('',(#1739));
#4812=EDGE_LOOP('',(#1740));
#4813=EDGE_LOOP('',(#1741));
#4814=EDGE_LOOP('',(#1742));
#4815=EDGE_LOOP('',(#1743));
#4816=EDGE_LOOP('',(#1744));
#4817=EDGE_LOOP('',(#1745));
#4818=EDGE_LOOP('',(#1746));
#4819=EDGE_LOOP('',(#1747));
#4820=EDGE_LOOP('',(#1748));
#4821=EDGE_LOOP('',(#1749));
#4822=EDGE_LOOP('',(#1750));
#4823=EDGE_LOOP('',(#1751));
#4824=EDGE_LOOP('',(#1752));
#4825=EDGE_LOOP('',(#1753));
#4826=EDGE_LOOP('',(#1754));
#4827=EDGE_LOOP('',(#1755));
#4828=EDGE_LOOP('',(#1756));
#4829=EDGE_LOOP('',(#1757));
#4830=EDGE_LOOP('',(#1758));
#4831=EDGE_LOOP('',(#1759));
#4832=EDGE_LOOP('',(#1760));
#4833=EDGE_LOOP('',(#1761));
#4834=EDGE_LOOP('',(#1762));
#4835=EDGE_LOOP('',(#1763));
#4836=EDGE_LOOP('',(#1764));
#4837=EDGE_LOOP('',(#1765));
#4838=EDGE_LOOP('',(#1766));
#4839=EDGE_LOOP('',(#1767));
#4840=EDGE_LOOP('',(#1768));
#4841=EDGE_LOOP('',(#1769));
#4842=EDGE_LOOP('',(#1770));
#4843=EDGE_LOOP('',(#1771));
#4844=EDGE_LOOP('',(#1772));
#4845=EDGE_LOOP('',(#1773));
#4846=EDGE_LOOP('',(#1774));
#4847=EDGE_LOOP('',(#1775));
#4848=EDGE_LOOP('',(#1776));
#4849=EDGE_LOOP('',(#1777));
#4850=EDGE_LOOP('',(#1778));
#4851=EDGE_LOOP('',(#1779));
#4852=EDGE_LOOP('',(#1780));
#4853=EDGE_LOOP('',(#1781));
#4854=EDGE_LOOP('',(#1782));
#4855=EDGE_LOOP('',(#1783));
#4856=EDGE_LOOP('',(#1784));
#4857=EDGE_LOOP('',(#1785));
#4858=EDGE_LOOP('',(#1786));
#4859=EDGE_LOOP('',(#1787));
#4860=EDGE_LOOP('',(#1788));
#4861=EDGE_LOOP('',(#1789));
#4862=EDGE_LOOP('',(#1790));
#4863=EDGE_LOOP('',(#1791));
#4864=EDGE_LOOP('',(#1792));
#4865=EDGE_LOOP('',(#1793));
#4866=EDGE_LOOP('',(#1794));
#4867=EDGE_LOOP('',(#1795));
#4868=EDGE_LOOP('',(#1796));
#4869=EDGE_LOOP('',(#1797));
#4870=EDGE_LOOP('',(#1798));
#4871=EDGE_LOOP('',(#1799));
#4872=EDGE_LOOP('',(#1800));
#4873=EDGE_LOOP('',(#1801));
#4874=EDGE_LOOP('',(#1802));
#4875=EDGE_LOOP('',(#1803));
#4876=EDGE_LOOP('',(#1804));
#4877=EDGE_LOOP('',(#1805));
#4878=EDGE_LOOP('',(#1806));
#4879=EDGE_LOOP('',(#1807));
#4880=EDGE_LOOP('',(#1808));
#4881=EDGE_LOOP('',(#1809));
#4882=EDGE_LOOP('',(#1810));
#4883=EDGE_LOOP('',(#1811));
#4884=EDGE_LOOP('',(#1812));
#4885=EDGE_LOOP('',(#1813));
#4886=EDGE_LOOP('',(#1814));
#4887=EDGE_LOOP('',(#1815));
#4888=EDGE_LOOP('',(#1816));
#4889=EDGE_LOOP('',(#1817));
#4890=EDGE_LOOP('',(#1818));
#4891=EDGE_LOOP('',(#1819));
#4892=EDGE_LOOP('',(#1820));
#4893=EDGE_LOOP('',(#1821));
#4894=EDGE_LOOP('',(#1822));
#4895=EDGE_LOOP('',(#1823));
#4896=EDGE_LOOP('',(#1824));
#4897=EDGE_LOOP('',(#1825));
#4898=EDGE_LOOP('',(#1826));
#4899=EDGE_LOOP('',(#1827));
#4900=EDGE_LOOP('',(#1828));
#4901=EDGE_LOOP('',(#1829));
#4902=EDGE_LOOP('',(#1830));
#4903=EDGE_LOOP('',(#1831));
#4904=EDGE_LOOP('',(#1832));
#4905=EDGE_LOOP('',(#1833));
#4906=EDGE_LOOP('',(#1834));
#4907=EDGE_LOOP('',(#1835));
#4908=EDGE_LOOP('',(#1836));
#4909=EDGE_LOOP('',(#1837));
#4910=EDGE_LOOP('',(#1838));
#4911=EDGE_LOOP('',(#1839));
#4912=EDGE_LOOP('',(#1840));
#4913=EDGE_LOOP('',(#1841));
#4914=EDGE_LOOP('',(#1842));
#4915=EDGE_LOOP('',(#1843));
#4916=EDGE_LOOP('',(#1844));
#4917=EDGE_LOOP('',(#1845));
#4918=EDGE_LOOP('',(#1846));
#4919=EDGE_LOOP('',(#1847));
#4920=EDGE_LOOP('',(#1848));
#4921=EDGE_LOOP('',(#1849));
#4922=EDGE_LOOP('',(#1850));
#4923=EDGE_LOOP('',(#1851));
#4924=EDGE_LOOP('',(#1852));
#4925=EDGE_LOOP('',(#1853));
#4926=EDGE_LOOP('',(#1854));
#4927=EDGE_LOOP('',(#1855));
#4928=EDGE_LOOP('',(#1856));
#4929=EDGE_LOOP('',(#1857));
#4930=EDGE_LOOP('',(#1858));
#4931=EDGE_LOOP('',(#1859));
#4932=EDGE_LOOP('',(#1860));
#4933=EDGE_LOOP('',(#1861));
#4934=EDGE_LOOP('',(#1862));
#4935=EDGE_LOOP('',(#1863));
#4936=EDGE_LOOP('',(#1864));
#4937=EDGE_LOOP('',(#1865));
#4938=EDGE_LOOP('',(#1866));
#4939=EDGE_LOOP('',(#1867));
#4940=EDGE_LOOP('',(#1868));
#4941=EDGE_LOOP('',(#1869));
#4942=EDGE_LOOP('',(#1870));
#4943=EDGE_LOOP('',(#1871));
#4944=EDGE_LOOP('',(#1872));
#4945=EDGE_LOOP('',(#1873));
#4946=EDGE_LOOP('',(#1874));
#4947=EDGE_LOOP('',(#1875));
#4948=EDGE_LOOP('',(#1876));
#4949=EDGE_LOOP('',(#1877));
#4950=EDGE_LOOP('',(#1878));
#4951=EDGE_LOOP('',(#1879));
#4952=EDGE_LOOP('',(#1880));
#4953=EDGE_LOOP('',(#1881));
#4954=EDGE_LOOP('',(#1882));
#4955=EDGE_LOOP('',(#1883));
#4956=EDGE_LOOP('',(#1884));
#4957=EDGE_LOOP('',(#1885));
#4958=EDGE_LOOP('',(#1886));
#4959=EDGE_LOOP('',(#1887));
#4960=EDGE_LOOP('',(#1888));
#4961=EDGE_LOOP('',(#1889));
#4962=EDGE_LOOP('',(#1890));
#4963=EDGE_LOOP('',(#1891));
#4964=EDGE_LOOP('',(#1892));
#4965=EDGE_LOOP('',(#1893));
#4966=EDGE_LOOP('',(#1894));
#4967=EDGE_LOOP('',(#1895));
#4968=EDGE_LOOP('',(#1896));
#4969=EDGE_LOOP('',(#1897));
#4970=EDGE_LOOP('',(#1898));
#4971=EDGE_LOOP('',(#1899));
#4972=EDGE_LOOP('',(#1900));
#4973=EDGE_LOOP('',(#1901));
#4974=EDGE_LOOP('',(#1902));
#4975=EDGE_LOOP('',(#1903));
#4976=EDGE_LOOP('',(#1904));
#4977=EDGE_LOOP('',(#1905));
#4978=EDGE_LOOP('',(#1906));
#4979=EDGE_LOOP('',(#1907));
#4980=EDGE_LOOP('',(#1908));
#4981=EDGE_LOOP('',(#1909));
#4982=EDGE_LOOP('',(#1910));
#4983=EDGE_LOOP('',(#1911));
#4984=EDGE_LOOP('',(#1912));
#4985=EDGE_LOOP('',(#1913));
#4986=EDGE_LOOP('',(#1914));
#4987=EDGE_LOOP('',(#1915));
#4988=EDGE_LOOP('',(#1916));
#4989=EDGE_LOOP('',(#1917));
#4990=EDGE_LOOP('',(#1918));
#4991=EDGE_LOOP('',(#1919));
#4992=EDGE_LOOP('',(#1920));
#4993=EDGE_LOOP('',(#1921));
#4994=EDGE_LOOP('',(#1922));
#4995=EDGE_LOOP('',(#1923));
#4996=EDGE_LOOP('',(#1924));
#4997=EDGE_LOOP('',(#1925));
#4998=EDGE_LOOP('',(#1926));
#4999=EDGE_LOOP('',(#1927));
#5000=EDGE_LOOP('',(#1928));
#5001=EDGE_LOOP('',(#1929));
#5002=EDGE_LOOP('',(#1930));
#5003=EDGE_LOOP('',(#1931));
#5004=EDGE_LOOP('',(#1932));
#5005=EDGE_LOOP('',(#1933));
#5006=EDGE_LOOP('',(#1934));
#5007=EDGE_LOOP('',(#1935));
#5008=EDGE_LOOP('',(#1936));
#5009=EDGE_LOOP('',(#1937));
#5010=EDGE_LOOP('',(#1938));
#5011=EDGE_LOOP('',(#1939));
#5012=EDGE_LOOP('',(#1940));
#5013=EDGE_LOOP('',(#1941));
#5014=EDGE_LOOP('',(#1942));
#5015=EDGE_LOOP('',(#1943));
#5016=EDGE_LOOP('',(#1944));
#5017=EDGE_LOOP('',(#1945));
#5018=EDGE_LOOP('',(#1946));
#5019=EDGE_LOOP('',(#1947));
#5020=EDGE_LOOP('',(#1948));
#5021=EDGE_LOOP('',(#1949));
#5022=EDGE_LOOP('',(#1950));
#5023=EDGE_LOOP('',(#1951));
#5024=EDGE_LOOP('',(#1952));
#5025=EDGE_LOOP('',(#1953));
#5026=EDGE_LOOP('',(#1954));
#5027=EDGE_LOOP('',(#1955));
#5028=EDGE_LOOP('',(#1956));
#5029=EDGE_LOOP('',(#1957));
#5030=EDGE_LOOP('',(#1958));
#5031=EDGE_LOOP('',(#1959,#1960,#1961,#1962,#1963));
#5032=EDGE_LOOP('',(#1964,#1965,#1966,#1967));
#5033=EDGE_LOOP('',(#1968,#1969,#1970,#1971));
#5034=EDGE_LOOP('',(#1972,#1973,#1974,#1975));
#5035=EDGE_LOOP('',(#1976,#1977,#1978,#1979));
#5036=EDGE_LOOP('',(#1980));
#5037=EDGE_LOOP('',(#1981));
#5038=EDGE_LOOP('',(#1982));
#5039=EDGE_LOOP('',(#1983));
#5040=EDGE_LOOP('',(#1984));
#5041=EDGE_LOOP('',(#1985));
#5042=EDGE_LOOP('',(#1986));
#5043=EDGE_LOOP('',(#1987));
#5044=EDGE_LOOP('',(#1988,#1989,#1990,#1991));
#5045=EDGE_LOOP('',(#1992,#1993,#1994,#1995,#1996,#1997));
#5046=EDGE_LOOP('',(#1998,#1999,#2000,#2001,#2002,#2003));
#5047=EDGE_LOOP('',(#2004,#2005,#2006,#2007));
#5048=EDGE_LOOP('',(#2008));
#5049=EDGE_LOOP('',(#2009));
#5050=EDGE_LOOP('',(#2010));
#5051=EDGE_LOOP('',(#2011));
#5052=EDGE_LOOP('',(#2012));
#5053=EDGE_LOOP('',(#2013));
#5054=EDGE_LOOP('',(#2014,#2015,#2016,#2017));
#5055=EDGE_LOOP('',(#2018,#2019,#2020,#2021));
#5056=EDGE_LOOP('',(#2022,#2023,#2024,#2025,#2026));
#5057=EDGE_LOOP('',(#2027,#2028,#2029,#2030,#2031));
#5058=EDGE_LOOP('',(#2032,#2033,#2034,#2035));
#5059=EDGE_LOOP('',(#2036,#2037,#2038,#2039));
#5060=EDGE_LOOP('',(#2040,#2041,#2042,#2043));
#5061=EDGE_LOOP('',(#2044,#2045));
#5062=EDGE_LOOP('',(#2046));
#5063=EDGE_LOOP('',(#2047,#2048,#2049,#2050));
#5064=EDGE_LOOP('',(#2051,#2052,#2053,#2054));
#5065=EDGE_LOOP('',(#2055,#2056,#2057,#2058));
#5066=EDGE_LOOP('',(#2059,#2060,#2061,#2062));
#5067=EDGE_LOOP('',(#2063,#2064,#2065,#2066));
#5068=EDGE_LOOP('',(#2067,#2068,#2069,#2070));
#5069=EDGE_LOOP('',(#2071,#2072,#2073,#2074));
#5070=EDGE_LOOP('',(#2075,#2076,#2077,#2078));
#5071=EDGE_LOOP('',(#2079,#2080,#2081,#2082));
#5072=EDGE_LOOP('',(#2083,#2084,#2085,#2086));
#5073=EDGE_LOOP('',(#2087,#2088,#2089,#2090));
#5074=EDGE_LOOP('',(#2091,#2092,#2093,#2094));
#5075=EDGE_LOOP('',(#2095,#2096));
#5076=EDGE_LOOP('',(#2097));
#5077=EDGE_LOOP('',(#2098,#2099,#2100,#2101));
#5078=EDGE_LOOP('',(#2102,#2103));
#5079=EDGE_LOOP('',(#2104));
#5080=EDGE_LOOP('',(#2105,#2106,#2107,#2108));
#5081=EDGE_LOOP('',(#2109,#2110));
#5082=EDGE_LOOP('',(#2111));
#5083=EDGE_LOOP('',(#2112,#2113,#2114,#2115));
#5084=EDGE_LOOP('',(#2116,#2117));
#5085=EDGE_LOOP('',(#2118));
#5086=EDGE_LOOP('',(#2119,#2120,#2121,#2122));
#5087=EDGE_LOOP('',(#2123,#2124));
#5088=EDGE_LOOP('',(#2125));
#5089=EDGE_LOOP('',(#2126,#2127,#2128,#2129));
#5090=EDGE_LOOP('',(#2130,#2131));
#5091=EDGE_LOOP('',(#2132));
#5092=EDGE_LOOP('',(#2133,#2134,#2135,#2136));
#5093=EDGE_LOOP('',(#2137,#2138));
#5094=EDGE_LOOP('',(#2139));
#5095=EDGE_LOOP('',(#2140,#2141,#2142,#2143));
#5096=EDGE_LOOP('',(#2144,#2145,#2146,#2147));
#5097=EDGE_LOOP('',(#2148,#2149));
#5098=EDGE_LOOP('',(#2150));
#5099=EDGE_LOOP('',(#2151,#2152,#2153,#2154));
#5100=EDGE_LOOP('',(#2155,#2156));
#5101=EDGE_LOOP('',(#2157));
#5102=EDGE_LOOP('',(#2158,#2159,#2160,#2161));
#5103=EDGE_LOOP('',(#2162,#2163));
#5104=EDGE_LOOP('',(#2164));
#5105=EDGE_LOOP('',(#2165,#2166,#2167,#2168));
#5106=EDGE_LOOP('',(#2169,#2170));
#5107=EDGE_LOOP('',(#2171));
#5108=EDGE_LOOP('',(#2172,#2173,#2174,#2175));
#5109=EDGE_LOOP('',(#2176,#2177));
#5110=EDGE_LOOP('',(#2178));
#5111=EDGE_LOOP('',(#2179,#2180,#2181,#2182));
#5112=EDGE_LOOP('',(#2183,#2184));
#5113=EDGE_LOOP('',(#2185));
#5114=EDGE_LOOP('',(#2186,#2187,#2188,#2189));
#5115=EDGE_LOOP('',(#2190,#2191));
#5116=EDGE_LOOP('',(#2192));
#5117=FACE_BOUND('',#4155,.T.);
#5118=FACE_BOUND('',#4156,.T.);
#5119=FACE_BOUND('',#4157,.T.);
#5120=FACE_BOUND('',#4158,.T.);
#5121=FACE_BOUND('',#4159,.T.);
#5122=FACE_BOUND('',#4160,.T.);
#5123=FACE_BOUND('',#4161,.T.);
#5124=FACE_BOUND('',#4162,.T.);
#5125=FACE_BOUND('',#4163,.T.);
#5126=FACE_BOUND('',#4164,.T.);
#5127=FACE_BOUND('',#4165,.T.);
#5128=FACE_BOUND('',#4166,.T.);
#5129=FACE_BOUND('',#4167,.T.);
#5130=FACE_BOUND('',#4168,.T.);
#5131=FACE_BOUND('',#4169,.T.);
#5132=FACE_BOUND('',#4170,.T.);
#5133=FACE_BOUND('',#4171,.T.);
#5134=FACE_BOUND('',#4172,.T.);
#5135=FACE_BOUND('',#4173,.T.);
#5136=FACE_BOUND('',#4174,.T.);
#5137=FACE_BOUND('',#4175,.T.);
#5138=FACE_BOUND('',#4176,.T.);
#5139=FACE_BOUND('',#4177,.T.);
#5140=FACE_BOUND('',#4178,.T.);
#5141=FACE_BOUND('',#4179,.T.);
#5142=FACE_BOUND('',#4180,.T.);
#5143=FACE_BOUND('',#4181,.T.);
#5144=FACE_BOUND('',#4182,.T.);
#5145=FACE_BOUND('',#4183,.T.);
#5146=FACE_BOUND('',#4184,.T.);
#5147=FACE_BOUND('',#4185,.T.);
#5148=FACE_BOUND('',#4186,.T.);
#5149=FACE_BOUND('',#4187,.T.);
#5150=FACE_BOUND('',#4188,.T.);
#5151=FACE_BOUND('',#4189,.T.);
#5152=FACE_BOUND('',#4190,.T.);
#5153=FACE_BOUND('',#4191,.T.);
#5154=FACE_BOUND('',#4192,.T.);
#5155=FACE_BOUND('',#4193,.T.);
#5156=FACE_BOUND('',#4194,.T.);
#5157=FACE_BOUND('',#4195,.T.);
#5158=FACE_BOUND('',#4196,.T.);
#5159=FACE_BOUND('',#4197,.T.);
#5160=FACE_BOUND('',#4198,.T.);
#5161=FACE_BOUND('',#4199,.T.);
#5162=FACE_BOUND('',#4200,.T.);
#5163=FACE_BOUND('',#4201,.T.);
#5164=FACE_BOUND('',#4202,.T.);
#5165=FACE_BOUND('',#4203,.T.);
#5166=FACE_BOUND('',#4204,.T.);
#5167=FACE_BOUND('',#4205,.T.);
#5168=FACE_BOUND('',#4206,.T.);
#5169=FACE_BOUND('',#4207,.T.);
#5170=FACE_BOUND('',#4208,.T.);
#5171=FACE_BOUND('',#4209,.T.);
#5172=FACE_BOUND('',#4210,.T.);
#5173=FACE_BOUND('',#4211,.T.);
#5174=FACE_BOUND('',#4212,.T.);
#5175=FACE_BOUND('',#4213,.T.);
#5176=FACE_BOUND('',#4214,.T.);
#5177=FACE_BOUND('',#4215,.T.);
#5178=FACE_BOUND('',#4216,.T.);
#5179=FACE_BOUND('',#4217,.T.);
#5180=FACE_BOUND('',#4218,.T.);
#5181=FACE_BOUND('',#4219,.T.);
#5182=FACE_BOUND('',#4220,.T.);
#5183=FACE_BOUND('',#4221,.T.);
#5184=FACE_BOUND('',#4222,.T.);
#5185=FACE_BOUND('',#4223,.T.);
#5186=FACE_BOUND('',#4224,.T.);
#5187=FACE_BOUND('',#4225,.T.);
#5188=FACE_BOUND('',#4226,.T.);
#5189=FACE_BOUND('',#4227,.T.);
#5190=FACE_BOUND('',#4228,.T.);
#5191=FACE_BOUND('',#4229,.T.);
#5192=FACE_BOUND('',#4230,.T.);
#5193=FACE_BOUND('',#4231,.T.);
#5194=FACE_BOUND('',#4232,.T.);
#5195=FACE_BOUND('',#4233,.T.);
#5196=FACE_BOUND('',#4234,.T.);
#5197=FACE_BOUND('',#4235,.T.);
#5198=FACE_BOUND('',#4236,.T.);
#5199=FACE_BOUND('',#4237,.T.);
#5200=FACE_BOUND('',#4238,.T.);
#5201=FACE_BOUND('',#4239,.T.);
#5202=FACE_BOUND('',#4240,.T.);
#5203=FACE_BOUND('',#4241,.T.);
#5204=FACE_BOUND('',#4242,.T.);
#5205=FACE_BOUND('',#4243,.T.);
#5206=FACE_BOUND('',#4244,.T.);
#5207=FACE_BOUND('',#4245,.T.);
#5208=FACE_BOUND('',#4246,.T.);
#5209=FACE_BOUND('',#4247,.T.);
#5210=FACE_BOUND('',#4248,.T.);
#5211=FACE_BOUND('',#4249,.T.);
#5212=FACE_BOUND('',#4250,.T.);
#5213=FACE_BOUND('',#4251,.T.);
#5214=FACE_BOUND('',#4252,.T.);
#5215=FACE_BOUND('',#4253,.T.);
#5216=FACE_BOUND('',#4254,.T.);
#5217=FACE_BOUND('',#4255,.T.);
#5218=FACE_BOUND('',#4256,.T.);
#5219=FACE_BOUND('',#4257,.T.);
#5220=FACE_BOUND('',#4258,.T.);
#5221=FACE_BOUND('',#4259,.T.);
#5222=FACE_BOUND('',#4260,.T.);
#5223=FACE_BOUND('',#4261,.T.);
#5224=FACE_BOUND('',#4262,.T.);
#5225=FACE_BOUND('',#4263,.T.);
#5226=FACE_BOUND('',#4264,.T.);
#5227=FACE_BOUND('',#4265,.T.);
#5228=FACE_BOUND('',#4266,.T.);
#5229=FACE_BOUND('',#4267,.T.);
#5230=FACE_BOUND('',#4268,.T.);
#5231=FACE_BOUND('',#4269,.T.);
#5232=FACE_BOUND('',#4270,.T.);
#5233=FACE_BOUND('',#4271,.T.);
#5234=FACE_BOUND('',#4272,.T.);
#5235=FACE_BOUND('',#4273,.T.);
#5236=FACE_BOUND('',#4274,.T.);
#5237=FACE_BOUND('',#4275,.T.);
#5238=FACE_BOUND('',#4276,.T.);
#5239=FACE_BOUND('',#4277,.T.);
#5240=FACE_BOUND('',#4278,.T.);
#5241=FACE_BOUND('',#4279,.T.);
#5242=FACE_BOUND('',#4280,.T.);
#5243=FACE_BOUND('',#4281,.T.);
#5244=FACE_BOUND('',#4282,.T.);
#5245=FACE_BOUND('',#4283,.T.);
#5246=FACE_BOUND('',#4284,.T.);
#5247=FACE_BOUND('',#4285,.T.);
#5248=FACE_BOUND('',#4286,.T.);
#5249=FACE_BOUND('',#4287,.T.);
#5250=FACE_BOUND('',#4288,.T.);
#5251=FACE_BOUND('',#4289,.T.);
#5252=FACE_BOUND('',#4290,.T.);
#5253=FACE_BOUND('',#4291,.T.);
#5254=FACE_BOUND('',#4292,.T.);
#5255=FACE_BOUND('',#4293,.T.);
#5256=FACE_BOUND('',#4294,.T.);
#5257=FACE_BOUND('',#4295,.T.);
#5258=FACE_BOUND('',#4296,.T.);
#5259=FACE_BOUND('',#4297,.T.);
#5260=FACE_BOUND('',#4298,.T.);
#5261=FACE_BOUND('',#4299,.T.);
#5262=FACE_BOUND('',#4300,.T.);
#5263=FACE_BOUND('',#4301,.T.);
#5264=FACE_BOUND('',#4302,.T.);
#5265=FACE_BOUND('',#4303,.T.);
#5266=FACE_BOUND('',#4304,.T.);
#5267=FACE_BOUND('',#4305,.T.);
#5268=FACE_BOUND('',#4306,.T.);
#5269=FACE_BOUND('',#4307,.T.);
#5270=FACE_BOUND('',#4308,.T.);
#5271=FACE_BOUND('',#4309,.T.);
#5272=FACE_BOUND('',#4310,.T.);
#5273=FACE_BOUND('',#4311,.T.);
#5274=FACE_BOUND('',#4312,.T.);
#5275=FACE_BOUND('',#4313,.T.);
#5276=FACE_BOUND('',#4314,.T.);
#5277=FACE_BOUND('',#4315,.T.);
#5278=FACE_BOUND('',#4316,.T.);
#5279=FACE_BOUND('',#4317,.T.);
#5280=FACE_BOUND('',#4318,.T.);
#5281=FACE_BOUND('',#4319,.T.);
#5282=FACE_BOUND('',#4320,.T.);
#5283=FACE_BOUND('',#4321,.T.);
#5284=FACE_BOUND('',#4322,.T.);
#5285=FACE_BOUND('',#4323,.T.);
#5286=FACE_BOUND('',#4324,.T.);
#5287=FACE_BOUND('',#4325,.T.);
#5288=FACE_BOUND('',#4326,.T.);
#5289=FACE_BOUND('',#4327,.T.);
#5290=FACE_BOUND('',#4328,.T.);
#5291=FACE_BOUND('',#4329,.T.);
#5292=FACE_BOUND('',#4330,.T.);
#5293=FACE_BOUND('',#4331,.T.);
#5294=FACE_BOUND('',#4332,.T.);
#5295=FACE_BOUND('',#4333,.T.);
#5296=FACE_BOUND('',#4334,.T.);
#5297=FACE_BOUND('',#4335,.T.);
#5298=FACE_BOUND('',#4336,.T.);
#5299=FACE_BOUND('',#4337,.T.);
#5300=FACE_BOUND('',#4338,.T.);
#5301=FACE_BOUND('',#4339,.T.);
#5302=FACE_BOUND('',#4340,.T.);
#5303=FACE_BOUND('',#4341,.T.);
#5304=FACE_BOUND('',#4342,.T.);
#5305=FACE_BOUND('',#4343,.T.);
#5306=FACE_BOUND('',#4344,.T.);
#5307=FACE_BOUND('',#4345,.T.);
#5308=FACE_BOUND('',#4346,.T.);
#5309=FACE_BOUND('',#4347,.T.);
#5310=FACE_BOUND('',#4348,.T.);
#5311=FACE_BOUND('',#4349,.T.);
#5312=FACE_BOUND('',#4350,.T.);
#5313=FACE_BOUND('',#4351,.T.);
#5314=FACE_BOUND('',#4352,.T.);
#5315=FACE_BOUND('',#4353,.T.);
#5316=FACE_BOUND('',#4354,.T.);
#5317=FACE_BOUND('',#4355,.T.);
#5318=FACE_BOUND('',#4356,.T.);
#5319=FACE_BOUND('',#4357,.T.);
#5320=FACE_BOUND('',#4358,.T.);
#5321=FACE_BOUND('',#4359,.T.);
#5322=FACE_BOUND('',#4360,.T.);
#5323=FACE_BOUND('',#4361,.T.);
#5324=FACE_BOUND('',#4362,.T.);
#5325=FACE_BOUND('',#4363,.T.);
#5326=FACE_BOUND('',#4364,.T.);
#5327=FACE_BOUND('',#4365,.T.);
#5328=FACE_BOUND('',#4366,.T.);
#5329=FACE_BOUND('',#4367,.T.);
#5330=FACE_BOUND('',#4368,.T.);
#5331=FACE_BOUND('',#4369,.T.);
#5332=FACE_BOUND('',#4370,.T.);
#5333=FACE_BOUND('',#4371,.T.);
#5334=FACE_BOUND('',#4372,.T.);
#5335=FACE_BOUND('',#4373,.T.);
#5336=FACE_BOUND('',#4374,.T.);
#5337=FACE_BOUND('',#4375,.T.);
#5338=FACE_BOUND('',#4376,.T.);
#5339=FACE_BOUND('',#4377,.T.);
#5340=FACE_BOUND('',#4378,.T.);
#5341=FACE_BOUND('',#4379,.T.);
#5342=FACE_BOUND('',#4380,.T.);
#5343=FACE_BOUND('',#4381,.T.);
#5344=FACE_BOUND('',#4382,.T.);
#5345=FACE_BOUND('',#4383,.T.);
#5346=FACE_BOUND('',#4384,.T.);
#5347=FACE_BOUND('',#4385,.T.);
#5348=FACE_BOUND('',#4386,.T.);
#5349=FACE_BOUND('',#4387,.T.);
#5350=FACE_BOUND('',#4388,.T.);
#5351=FACE_BOUND('',#4389,.T.);
#5352=FACE_BOUND('',#4390,.T.);
#5353=FACE_BOUND('',#4391,.T.);
#5354=FACE_BOUND('',#4392,.T.);
#5355=FACE_BOUND('',#4393,.T.);
#5356=FACE_BOUND('',#4394,.T.);
#5357=FACE_BOUND('',#4395,.T.);
#5358=FACE_BOUND('',#4396,.T.);
#5359=FACE_BOUND('',#4397,.T.);
#5360=FACE_BOUND('',#4398,.T.);
#5361=FACE_BOUND('',#4399,.T.);
#5362=FACE_BOUND('',#4400,.T.);
#5363=FACE_BOUND('',#4401,.T.);
#5364=FACE_BOUND('',#4402,.T.);
#5365=FACE_BOUND('',#4403,.T.);
#5366=FACE_BOUND('',#4404,.T.);
#5367=FACE_BOUND('',#4405,.T.);
#5368=FACE_BOUND('',#4406,.T.);
#5369=FACE_BOUND('',#4407,.T.);
#5370=FACE_BOUND('',#4408,.T.);
#5371=FACE_BOUND('',#4409,.T.);
#5372=FACE_BOUND('',#4410,.T.);
#5373=FACE_BOUND('',#4411,.T.);
#5374=FACE_BOUND('',#4412,.T.);
#5375=FACE_BOUND('',#4413,.T.);
#5376=FACE_BOUND('',#4414,.T.);
#5377=FACE_BOUND('',#4415,.T.);
#5378=FACE_BOUND('',#4416,.T.);
#5379=FACE_BOUND('',#4417,.T.);
#5380=FACE_BOUND('',#4418,.T.);
#5381=FACE_BOUND('',#4419,.T.);
#5382=FACE_BOUND('',#4420,.T.);
#5383=FACE_BOUND('',#4421,.T.);
#5384=FACE_BOUND('',#4422,.T.);
#5385=FACE_BOUND('',#4423,.T.);
#5386=FACE_BOUND('',#4424,.T.);
#5387=FACE_BOUND('',#4425,.T.);
#5388=FACE_BOUND('',#4426,.T.);
#5389=FACE_BOUND('',#4427,.T.);
#5390=FACE_BOUND('',#4428,.T.);
#5391=FACE_BOUND('',#4429,.T.);
#5392=FACE_BOUND('',#4430,.T.);
#5393=FACE_BOUND('',#4431,.T.);
#5394=FACE_BOUND('',#4432,.T.);
#5395=FACE_BOUND('',#4433,.T.);
#5396=FACE_BOUND('',#4434,.T.);
#5397=FACE_BOUND('',#4435,.T.);
#5398=FACE_BOUND('',#4436,.T.);
#5399=FACE_BOUND('',#4437,.T.);
#5400=FACE_BOUND('',#4438,.T.);
#5401=FACE_BOUND('',#4439,.T.);
#5402=FACE_BOUND('',#4440,.T.);
#5403=FACE_BOUND('',#4441,.T.);
#5404=FACE_BOUND('',#4442,.T.);
#5405=FACE_BOUND('',#4443,.T.);
#5406=FACE_BOUND('',#4444,.T.);
#5407=FACE_BOUND('',#4445,.T.);
#5408=FACE_BOUND('',#4446,.T.);
#5409=FACE_BOUND('',#4447,.T.);
#5410=FACE_BOUND('',#4448,.T.);
#5411=FACE_BOUND('',#4449,.T.);
#5412=FACE_BOUND('',#4450,.T.);
#5413=FACE_BOUND('',#4451,.T.);
#5414=FACE_BOUND('',#4452,.T.);
#5415=FACE_BOUND('',#4453,.T.);
#5416=FACE_BOUND('',#4454,.T.);
#5417=FACE_BOUND('',#4455,.T.);
#5418=FACE_BOUND('',#4456,.T.);
#5419=FACE_BOUND('',#4457,.T.);
#5420=FACE_BOUND('',#4458,.T.);
#5421=FACE_BOUND('',#4459,.T.);
#5422=FACE_BOUND('',#4460,.T.);
#5423=FACE_BOUND('',#4461,.T.);
#5424=FACE_BOUND('',#4462,.T.);
#5425=FACE_BOUND('',#4463,.T.);
#5426=FACE_BOUND('',#4464,.T.);
#5427=FACE_BOUND('',#4465,.T.);
#5428=FACE_BOUND('',#4466,.T.);
#5429=FACE_BOUND('',#4467,.T.);
#5430=FACE_BOUND('',#4468,.T.);
#5431=FACE_BOUND('',#4469,.T.);
#5432=FACE_BOUND('',#4470,.T.);
#5433=FACE_BOUND('',#4471,.T.);
#5434=FACE_BOUND('',#4472,.T.);
#5435=FACE_BOUND('',#4473,.T.);
#5436=FACE_BOUND('',#4474,.T.);
#5437=FACE_BOUND('',#4475,.T.);
#5438=FACE_BOUND('',#4476,.T.);
#5439=FACE_BOUND('',#4477,.T.);
#5440=FACE_BOUND('',#4478,.T.);
#5441=FACE_BOUND('',#4479,.T.);
#5442=FACE_BOUND('',#4480,.T.);
#5443=FACE_BOUND('',#4481,.T.);
#5444=FACE_BOUND('',#4482,.T.);
#5445=FACE_BOUND('',#4483,.T.);
#5446=FACE_BOUND('',#4484,.T.);
#5447=FACE_BOUND('',#4485,.T.);
#5448=FACE_BOUND('',#4486,.T.);
#5449=FACE_BOUND('',#4487,.T.);
#5450=FACE_BOUND('',#4488,.T.);
#5451=FACE_BOUND('',#4489,.T.);
#5452=FACE_BOUND('',#4490,.T.);
#5453=FACE_BOUND('',#4491,.T.);
#5454=FACE_BOUND('',#4492,.T.);
#5455=FACE_BOUND('',#4493,.T.);
#5456=FACE_BOUND('',#4494,.T.);
#5457=FACE_BOUND('',#4495,.T.);
#5458=FACE_BOUND('',#4496,.T.);
#5459=FACE_BOUND('',#4497,.T.);
#5460=FACE_BOUND('',#4498,.T.);
#5461=FACE_BOUND('',#4499,.T.);
#5462=FACE_BOUND('',#4500,.T.);
#5463=FACE_BOUND('',#4501,.T.);
#5464=FACE_BOUND('',#4502,.T.);
#5465=FACE_BOUND('',#4503,.T.);
#5466=FACE_BOUND('',#4504,.T.);
#5467=FACE_BOUND('',#4505,.T.);
#5468=FACE_BOUND('',#4506,.T.);
#5469=FACE_BOUND('',#4507,.T.);
#5470=FACE_BOUND('',#4508,.T.);
#5471=FACE_BOUND('',#4509,.T.);
#5472=FACE_BOUND('',#4510,.T.);
#5473=FACE_BOUND('',#4511,.T.);
#5474=FACE_BOUND('',#4512,.T.);
#5475=FACE_BOUND('',#4513,.T.);
#5476=FACE_BOUND('',#4514,.T.);
#5477=FACE_BOUND('',#4515,.T.);
#5478=FACE_BOUND('',#4516,.T.);
#5479=FACE_BOUND('',#4517,.T.);
#5480=FACE_BOUND('',#4518,.T.);
#5481=FACE_BOUND('',#4519,.T.);
#5482=FACE_BOUND('',#4520,.T.);
#5483=FACE_BOUND('',#4521,.T.);
#5484=FACE_BOUND('',#4522,.T.);
#5485=FACE_BOUND('',#4523,.T.);
#5486=FACE_BOUND('',#4524,.T.);
#5487=FACE_BOUND('',#4525,.T.);
#5488=FACE_BOUND('',#4526,.T.);
#5489=FACE_BOUND('',#4527,.T.);
#5490=FACE_BOUND('',#4528,.T.);
#5491=FACE_BOUND('',#4529,.T.);
#5492=FACE_BOUND('',#4530,.T.);
#5493=FACE_BOUND('',#4531,.T.);
#5494=FACE_BOUND('',#4532,.T.);
#5495=FACE_BOUND('',#4533,.T.);
#5496=FACE_BOUND('',#4534,.T.);
#5497=FACE_BOUND('',#4535,.T.);
#5498=FACE_BOUND('',#4536,.T.);
#5499=FACE_BOUND('',#4537,.T.);
#5500=FACE_BOUND('',#4538,.T.);
#5501=FACE_BOUND('',#4539,.T.);
#5502=FACE_BOUND('',#4540,.T.);
#5503=FACE_BOUND('',#4541,.T.);
#5504=FACE_BOUND('',#4542,.T.);
#5505=FACE_BOUND('',#4543,.T.);
#5506=FACE_BOUND('',#4544,.T.);
#5507=FACE_BOUND('',#4545,.T.);
#5508=FACE_BOUND('',#4546,.T.);
#5509=FACE_BOUND('',#4547,.T.);
#5510=FACE_BOUND('',#4548,.T.);
#5511=FACE_BOUND('',#4549,.T.);
#5512=FACE_BOUND('',#4550,.T.);
#5513=FACE_BOUND('',#4551,.T.);
#5514=FACE_BOUND('',#4552,.T.);
#5515=FACE_BOUND('',#4553,.T.);
#5516=FACE_BOUND('',#4554,.T.);
#5517=FACE_BOUND('',#4555,.T.);
#5518=FACE_BOUND('',#4556,.T.);
#5519=FACE_BOUND('',#4557,.T.);
#5520=FACE_BOUND('',#4558,.T.);
#5521=FACE_BOUND('',#4559,.T.);
#5522=FACE_BOUND('',#4560,.T.);
#5523=FACE_BOUND('',#4561,.T.);
#5524=FACE_BOUND('',#4562,.T.);
#5525=FACE_BOUND('',#4563,.T.);
#5526=FACE_BOUND('',#4564,.T.);
#5527=FACE_BOUND('',#4565,.T.);
#5528=FACE_BOUND('',#4566,.T.);
#5529=FACE_BOUND('',#4567,.T.);
#5530=FACE_BOUND('',#4568,.T.);
#5531=FACE_BOUND('',#4569,.T.);
#5532=FACE_BOUND('',#4570,.T.);
#5533=FACE_BOUND('',#4571,.T.);
#5534=FACE_BOUND('',#4572,.T.);
#5535=FACE_BOUND('',#4573,.T.);
#5536=FACE_BOUND('',#4574,.T.);
#5537=FACE_BOUND('',#4575,.T.);
#5538=FACE_BOUND('',#4576,.T.);
#5539=FACE_BOUND('',#4577,.T.);
#5540=FACE_BOUND('',#4578,.T.);
#5541=FACE_BOUND('',#4579,.T.);
#5542=FACE_BOUND('',#4580,.T.);
#5543=FACE_BOUND('',#4581,.T.);
#5544=FACE_BOUND('',#4582,.T.);
#5545=FACE_BOUND('',#4583,.T.);
#5546=FACE_BOUND('',#4584,.T.);
#5547=FACE_BOUND('',#4585,.T.);
#5548=FACE_BOUND('',#4586,.T.);
#5549=FACE_BOUND('',#4587,.T.);
#5550=FACE_BOUND('',#4588,.T.);
#5551=FACE_BOUND('',#4589,.T.);
#5552=FACE_BOUND('',#4590,.T.);
#5553=FACE_BOUND('',#4591,.T.);
#5554=FACE_BOUND('',#4592,.T.);
#5555=FACE_BOUND('',#4593,.T.);
#5556=FACE_BOUND('',#4594,.T.);
#5557=FACE_BOUND('',#4595,.T.);
#5558=FACE_BOUND('',#4596,.T.);
#5559=FACE_BOUND('',#4597,.T.);
#5560=FACE_BOUND('',#4598,.T.);
#5561=FACE_BOUND('',#4599,.T.);
#5562=FACE_BOUND('',#4600,.T.);
#5563=FACE_BOUND('',#4601,.T.);
#5564=FACE_BOUND('',#4602,.T.);
#5565=FACE_BOUND('',#4603,.T.);
#5566=FACE_BOUND('',#4604,.T.);
#5567=FACE_BOUND('',#4605,.T.);
#5568=FACE_BOUND('',#4606,.T.);
#5569=FACE_BOUND('',#4607,.T.);
#5570=FACE_BOUND('',#4608,.T.);
#5571=FACE_BOUND('',#4609,.T.);
#5572=FACE_BOUND('',#4610,.T.);
#5573=FACE_BOUND('',#4611,.T.);
#5574=FACE_BOUND('',#4612,.T.);
#5575=FACE_BOUND('',#4613,.T.);
#5576=FACE_BOUND('',#4614,.T.);
#5577=FACE_BOUND('',#4615,.T.);
#5578=FACE_BOUND('',#4616,.T.);
#5579=FACE_BOUND('',#4617,.T.);
#5580=FACE_BOUND('',#4618,.T.);
#5581=FACE_BOUND('',#4619,.T.);
#5582=FACE_BOUND('',#4620,.T.);
#5583=FACE_BOUND('',#4621,.T.);
#5584=FACE_BOUND('',#4622,.T.);
#5585=FACE_BOUND('',#4623,.T.);
#5586=FACE_BOUND('',#4624,.T.);
#5587=FACE_BOUND('',#4625,.T.);
#5588=FACE_BOUND('',#4626,.T.);
#5589=FACE_BOUND('',#4627,.T.);
#5590=FACE_BOUND('',#4628,.T.);
#5591=FACE_BOUND('',#4629,.T.);
#5592=FACE_BOUND('',#4630,.T.);
#5593=FACE_BOUND('',#4631,.T.);
#5594=FACE_BOUND('',#4632,.T.);
#5595=FACE_BOUND('',#4633,.T.);
#5596=FACE_BOUND('',#4634,.T.);
#5597=FACE_BOUND('',#4635,.T.);
#5598=FACE_BOUND('',#4636,.T.);
#5599=FACE_BOUND('',#4637,.T.);
#5600=FACE_BOUND('',#4638,.T.);
#5601=FACE_BOUND('',#4639,.T.);
#5602=FACE_BOUND('',#4640,.T.);
#5603=FACE_BOUND('',#4641,.T.);
#5604=FACE_BOUND('',#4642,.T.);
#5605=FACE_BOUND('',#4643,.T.);
#5606=FACE_BOUND('',#4644,.T.);
#5607=FACE_BOUND('',#4645,.T.);
#5608=FACE_BOUND('',#4646,.T.);
#5609=FACE_BOUND('',#4647,.T.);
#5610=FACE_BOUND('',#4648,.T.);
#5611=FACE_BOUND('',#4649,.T.);
#5612=FACE_BOUND('',#4650,.T.);
#5613=FACE_BOUND('',#4651,.T.);
#5614=FACE_BOUND('',#4652,.T.);
#5615=FACE_BOUND('',#4653,.T.);
#5616=FACE_BOUND('',#4654,.T.);
#5617=FACE_BOUND('',#4655,.T.);
#5618=FACE_BOUND('',#4656,.T.);
#5619=FACE_BOUND('',#4657,.T.);
#5620=FACE_BOUND('',#4658,.T.);
#5621=FACE_BOUND('',#4659,.T.);
#5622=FACE_BOUND('',#4660,.T.);
#5623=FACE_BOUND('',#4661,.T.);
#5624=FACE_BOUND('',#4662,.T.);
#5625=FACE_BOUND('',#4663,.T.);
#5626=FACE_BOUND('',#4664,.T.);
#5627=FACE_BOUND('',#4665,.T.);
#5628=FACE_BOUND('',#4666,.T.);
#5629=FACE_BOUND('',#4667,.T.);
#5630=FACE_BOUND('',#4668,.T.);
#5631=FACE_BOUND('',#4669,.T.);
#5632=FACE_BOUND('',#4670,.T.);
#5633=FACE_BOUND('',#4671,.T.);
#5634=FACE_BOUND('',#4672,.T.);
#5635=FACE_BOUND('',#4673,.T.);
#5636=FACE_BOUND('',#4674,.T.);
#5637=FACE_BOUND('',#4675,.T.);
#5638=FACE_BOUND('',#4676,.T.);
#5639=FACE_BOUND('',#4677,.T.);
#5640=FACE_BOUND('',#4678,.T.);
#5641=FACE_BOUND('',#4679,.T.);
#5642=FACE_BOUND('',#4680,.T.);
#5643=FACE_BOUND('',#4681,.T.);
#5644=FACE_BOUND('',#4682,.T.);
#5645=FACE_BOUND('',#4683,.T.);
#5646=FACE_BOUND('',#4684,.T.);
#5647=FACE_BOUND('',#4685,.T.);
#5648=FACE_BOUND('',#4686,.T.);
#5649=FACE_BOUND('',#4687,.T.);
#5650=FACE_BOUND('',#4688,.T.);
#5651=FACE_BOUND('',#4689,.T.);
#5652=FACE_BOUND('',#4690,.T.);
#5653=FACE_BOUND('',#4691,.T.);
#5654=FACE_BOUND('',#4692,.T.);
#5655=FACE_BOUND('',#4693,.T.);
#5656=FACE_BOUND('',#4694,.T.);
#5657=FACE_BOUND('',#4695,.T.);
#5658=FACE_BOUND('',#4696,.T.);
#5659=FACE_BOUND('',#4697,.T.);
#5660=FACE_BOUND('',#4698,.T.);
#5661=FACE_BOUND('',#4699,.T.);
#5662=FACE_BOUND('',#4700,.T.);
#5663=FACE_BOUND('',#4701,.T.);
#5664=FACE_BOUND('',#4702,.T.);
#5665=FACE_BOUND('',#4703,.T.);
#5666=FACE_BOUND('',#4704,.T.);
#5667=FACE_BOUND('',#4705,.T.);
#5668=FACE_BOUND('',#4706,.T.);
#5669=FACE_BOUND('',#4707,.T.);
#5670=FACE_BOUND('',#4708,.T.);
#5671=FACE_BOUND('',#4709,.T.);
#5672=FACE_BOUND('',#4710,.T.);
#5673=FACE_BOUND('',#4711,.T.);
#5674=FACE_BOUND('',#4712,.T.);
#5675=FACE_BOUND('',#4713,.T.);
#5676=FACE_BOUND('',#4714,.T.);
#5677=FACE_BOUND('',#4715,.T.);
#5678=FACE_BOUND('',#4716,.T.);
#5679=FACE_BOUND('',#4717,.T.);
#5680=FACE_BOUND('',#4718,.T.);
#5681=FACE_BOUND('',#4719,.T.);
#5682=FACE_BOUND('',#4720,.T.);
#5683=FACE_BOUND('',#4721,.T.);
#5684=FACE_BOUND('',#4722,.T.);
#5685=FACE_BOUND('',#4723,.T.);
#5686=FACE_BOUND('',#4724,.T.);
#5687=FACE_BOUND('',#4725,.T.);
#5688=FACE_BOUND('',#4726,.T.);
#5689=FACE_BOUND('',#4727,.T.);
#5690=FACE_BOUND('',#4728,.T.);
#5691=FACE_BOUND('',#4729,.T.);
#5692=FACE_BOUND('',#4730,.T.);
#5693=FACE_BOUND('',#4731,.T.);
#5694=FACE_BOUND('',#4732,.T.);
#5695=FACE_BOUND('',#4733,.T.);
#5696=FACE_BOUND('',#4734,.T.);
#5697=FACE_BOUND('',#4735,.T.);
#5698=FACE_BOUND('',#4736,.T.);
#5699=FACE_BOUND('',#4737,.T.);
#5700=FACE_BOUND('',#4738,.T.);
#5701=FACE_BOUND('',#4739,.T.);
#5702=FACE_BOUND('',#4740,.T.);
#5703=FACE_BOUND('',#4741,.T.);
#5704=FACE_BOUND('',#4742,.T.);
#5705=FACE_BOUND('',#4743,.T.);
#5706=FACE_BOUND('',#4744,.T.);
#5707=FACE_BOUND('',#4745,.T.);
#5708=FACE_BOUND('',#4746,.T.);
#5709=FACE_BOUND('',#4747,.T.);
#5710=FACE_BOUND('',#4748,.T.);
#5711=FACE_BOUND('',#4749,.T.);
#5712=FACE_BOUND('',#4750,.T.);
#5713=FACE_BOUND('',#4751,.T.);
#5714=FACE_BOUND('',#4752,.T.);
#5715=FACE_BOUND('',#4753,.T.);
#5716=FACE_BOUND('',#4754,.T.);
#5717=FACE_BOUND('',#4755,.T.);
#5718=FACE_BOUND('',#4756,.T.);
#5719=FACE_BOUND('',#4757,.T.);
#5720=FACE_BOUND('',#4758,.T.);
#5721=FACE_BOUND('',#4759,.T.);
#5722=FACE_BOUND('',#4760,.T.);
#5723=FACE_BOUND('',#4761,.T.);
#5724=FACE_BOUND('',#4762,.T.);
#5725=FACE_BOUND('',#4763,.T.);
#5726=FACE_BOUND('',#4764,.T.);
#5727=FACE_BOUND('',#4765,.T.);
#5728=FACE_BOUND('',#4766,.T.);
#5729=FACE_BOUND('',#4767,.T.);
#5730=FACE_BOUND('',#4768,.T.);
#5731=FACE_BOUND('',#4769,.T.);
#5732=FACE_BOUND('',#4770,.T.);
#5733=FACE_BOUND('',#4771,.T.);
#5734=FACE_BOUND('',#4772,.T.);
#5735=FACE_BOUND('',#4773,.T.);
#5736=FACE_BOUND('',#4774,.T.);
#5737=FACE_BOUND('',#4775,.T.);
#5738=FACE_BOUND('',#4776,.T.);
#5739=FACE_BOUND('',#4777,.T.);
#5740=FACE_BOUND('',#4778,.T.);
#5741=FACE_BOUND('',#4779,.T.);
#5742=FACE_BOUND('',#4780,.T.);
#5743=FACE_BOUND('',#4781,.T.);
#5744=FACE_BOUND('',#4782,.T.);
#5745=FACE_BOUND('',#4783,.T.);
#5746=FACE_BOUND('',#4784,.T.);
#5747=FACE_BOUND('',#4785,.T.);
#5748=FACE_BOUND('',#4786,.T.);
#5749=FACE_BOUND('',#4787,.T.);
#5750=FACE_BOUND('',#4788,.T.);
#5751=FACE_BOUND('',#4789,.T.);
#5752=FACE_BOUND('',#4790,.T.);
#5753=FACE_BOUND('',#4791,.T.);
#5754=FACE_BOUND('',#4792,.T.);
#5755=FACE_BOUND('',#4793,.T.);
#5756=FACE_BOUND('',#4794,.T.);
#5757=FACE_BOUND('',#4795,.T.);
#5758=FACE_BOUND('',#4796,.T.);
#5759=FACE_BOUND('',#4797,.T.);
#5760=FACE_BOUND('',#4798,.T.);
#5761=FACE_BOUND('',#4799,.T.);
#5762=FACE_BOUND('',#4800,.T.);
#5763=FACE_BOUND('',#4801,.T.);
#5764=FACE_BOUND('',#4802,.T.);
#5765=FACE_BOUND('',#4803,.T.);
#5766=FACE_BOUND('',#4804,.T.);
#5767=FACE_BOUND('',#4805,.T.);
#5768=FACE_BOUND('',#4806,.T.);
#5769=FACE_BOUND('',#4807,.T.);
#5770=FACE_BOUND('',#4808,.T.);
#5771=FACE_BOUND('',#4809,.T.);
#5772=FACE_BOUND('',#4810,.T.);
#5773=FACE_BOUND('',#4811,.T.);
#5774=FACE_BOUND('',#4812,.T.);
#5775=FACE_BOUND('',#4813,.T.);
#5776=FACE_BOUND('',#4814,.T.);
#5777=FACE_BOUND('',#4815,.T.);
#5778=FACE_BOUND('',#4816,.T.);
#5779=FACE_BOUND('',#4817,.T.);
#5780=FACE_BOUND('',#4818,.T.);
#5781=FACE_BOUND('',#4819,.T.);
#5782=FACE_BOUND('',#4820,.T.);
#5783=FACE_BOUND('',#4821,.T.);
#5784=FACE_BOUND('',#4822,.T.);
#5785=FACE_BOUND('',#4823,.T.);
#5786=FACE_BOUND('',#4824,.T.);
#5787=FACE_BOUND('',#4825,.T.);
#5788=FACE_BOUND('',#4826,.T.);
#5789=FACE_BOUND('',#4827,.T.);
#5790=FACE_BOUND('',#4828,.T.);
#5791=FACE_BOUND('',#4829,.T.);
#5792=FACE_BOUND('',#4830,.T.);
#5793=FACE_BOUND('',#4831,.T.);
#5794=FACE_BOUND('',#4832,.T.);
#5795=FACE_BOUND('',#4833,.T.);
#5796=FACE_BOUND('',#4834,.T.);
#5797=FACE_BOUND('',#4835,.T.);
#5798=FACE_BOUND('',#4836,.T.);
#5799=FACE_BOUND('',#4837,.T.);
#5800=FACE_BOUND('',#4838,.T.);
#5801=FACE_BOUND('',#4839,.T.);
#5802=FACE_BOUND('',#4840,.T.);
#5803=FACE_BOUND('',#4841,.T.);
#5804=FACE_BOUND('',#4842,.T.);
#5805=FACE_BOUND('',#4843,.T.);
#5806=FACE_BOUND('',#4844,.T.);
#5807=FACE_BOUND('',#4845,.T.);
#5808=FACE_BOUND('',#4846,.T.);
#5809=FACE_BOUND('',#4847,.T.);
#5810=FACE_BOUND('',#4848,.T.);
#5811=FACE_BOUND('',#4849,.T.);
#5812=FACE_BOUND('',#4850,.T.);
#5813=FACE_BOUND('',#4851,.T.);
#5814=FACE_BOUND('',#4852,.T.);
#5815=FACE_BOUND('',#4853,.T.);
#5816=FACE_BOUND('',#4854,.T.);
#5817=FACE_BOUND('',#4855,.T.);
#5818=FACE_BOUND('',#4856,.T.);
#5819=FACE_BOUND('',#4857,.T.);
#5820=FACE_BOUND('',#4858,.T.);
#5821=FACE_BOUND('',#4859,.T.);
#5822=FACE_BOUND('',#4860,.T.);
#5823=FACE_BOUND('',#4861,.T.);
#5824=FACE_BOUND('',#4862,.T.);
#5825=FACE_BOUND('',#4863,.T.);
#5826=FACE_BOUND('',#4864,.T.);
#5827=FACE_BOUND('',#4865,.T.);
#5828=FACE_BOUND('',#4866,.T.);
#5829=FACE_BOUND('',#4867,.T.);
#5830=FACE_BOUND('',#4868,.T.);
#5831=FACE_BOUND('',#4869,.T.);
#5832=FACE_BOUND('',#4870,.T.);
#5833=FACE_BOUND('',#4871,.T.);
#5834=FACE_BOUND('',#4872,.T.);
#5835=FACE_BOUND('',#4873,.T.);
#5836=FACE_BOUND('',#4874,.T.);
#5837=FACE_BOUND('',#4875,.T.);
#5838=FACE_BOUND('',#4876,.T.);
#5839=FACE_BOUND('',#4877,.T.);
#5840=FACE_BOUND('',#4878,.T.);
#5841=FACE_BOUND('',#4879,.T.);
#5842=FACE_BOUND('',#4880,.T.);
#5843=FACE_BOUND('',#4881,.T.);
#5844=FACE_BOUND('',#4882,.T.);
#5845=FACE_BOUND('',#4883,.T.);
#5846=FACE_BOUND('',#4884,.T.);
#5847=FACE_BOUND('',#4885,.T.);
#5848=FACE_BOUND('',#4886,.T.);
#5849=FACE_BOUND('',#4887,.T.);
#5850=FACE_BOUND('',#4888,.T.);
#5851=FACE_BOUND('',#4889,.T.);
#5852=FACE_BOUND('',#4890,.T.);
#5853=FACE_BOUND('',#4891,.T.);
#5854=FACE_BOUND('',#4892,.T.);
#5855=FACE_BOUND('',#4893,.T.);
#5856=FACE_BOUND('',#4894,.T.);
#5857=FACE_BOUND('',#4895,.T.);
#5858=FACE_BOUND('',#4896,.T.);
#5859=FACE_BOUND('',#4897,.T.);
#5860=FACE_BOUND('',#4898,.T.);
#5861=FACE_BOUND('',#4899,.T.);
#5862=FACE_BOUND('',#4900,.T.);
#5863=FACE_BOUND('',#4901,.T.);
#5864=FACE_BOUND('',#4902,.T.);
#5865=FACE_BOUND('',#4903,.T.);
#5866=FACE_BOUND('',#4904,.T.);
#5867=FACE_BOUND('',#4905,.T.);
#5868=FACE_BOUND('',#4906,.T.);
#5869=FACE_BOUND('',#4907,.T.);
#5870=FACE_BOUND('',#4908,.T.);
#5871=FACE_BOUND('',#4909,.T.);
#5872=FACE_BOUND('',#4910,.T.);
#5873=FACE_BOUND('',#4911,.T.);
#5874=FACE_BOUND('',#4912,.T.);
#5875=FACE_BOUND('',#4913,.T.);
#5876=FACE_BOUND('',#4914,.T.);
#5877=FACE_BOUND('',#4915,.T.);
#5878=FACE_BOUND('',#4916,.T.);
#5879=FACE_BOUND('',#4917,.T.);
#5880=FACE_BOUND('',#4918,.T.);
#5881=FACE_BOUND('',#4919,.T.);
#5882=FACE_BOUND('',#4920,.T.);
#5883=FACE_BOUND('',#4921,.T.);
#5884=FACE_BOUND('',#4922,.T.);
#5885=FACE_BOUND('',#4923,.T.);
#5886=FACE_BOUND('',#4924,.T.);
#5887=FACE_BOUND('',#4925,.T.);
#5888=FACE_BOUND('',#4926,.T.);
#5889=FACE_BOUND('',#4927,.T.);
#5890=FACE_BOUND('',#4928,.T.);
#5891=FACE_BOUND('',#4929,.T.);
#5892=FACE_BOUND('',#4930,.T.);
#5893=FACE_BOUND('',#4931,.T.);
#5894=FACE_BOUND('',#4932,.T.);
#5895=FACE_BOUND('',#4933,.T.);
#5896=FACE_BOUND('',#4934,.T.);
#5897=FACE_BOUND('',#4935,.T.);
#5898=FACE_BOUND('',#4936,.T.);
#5899=FACE_BOUND('',#4937,.T.);
#5900=FACE_BOUND('',#4938,.T.);
#5901=FACE_BOUND('',#4939,.T.);
#5902=FACE_BOUND('',#4940,.T.);
#5903=FACE_BOUND('',#4941,.T.);
#5904=FACE_BOUND('',#4942,.T.);
#5905=FACE_BOUND('',#4943,.T.);
#5906=FACE_BOUND('',#4944,.T.);
#5907=FACE_BOUND('',#4945,.T.);
#5908=FACE_BOUND('',#4946,.T.);
#5909=FACE_BOUND('',#4947,.T.);
#5910=FACE_BOUND('',#4948,.T.);
#5911=FACE_BOUND('',#4949,.T.);
#5912=FACE_BOUND('',#4950,.T.);
#5913=FACE_BOUND('',#4951,.T.);
#5914=FACE_BOUND('',#4952,.T.);
#5915=FACE_BOUND('',#4953,.T.);
#5916=FACE_BOUND('',#4954,.T.);
#5917=FACE_BOUND('',#4955,.T.);
#5918=FACE_BOUND('',#4956,.T.);
#5919=FACE_BOUND('',#4957,.T.);
#5920=FACE_BOUND('',#4958,.T.);
#5921=FACE_BOUND('',#4959,.T.);
#5922=FACE_BOUND('',#4960,.T.);
#5923=FACE_BOUND('',#4961,.T.);
#5924=FACE_BOUND('',#4962,.T.);
#5925=FACE_BOUND('',#4963,.T.);
#5926=FACE_BOUND('',#4964,.T.);
#5927=FACE_BOUND('',#4965,.T.);
#5928=FACE_BOUND('',#4966,.T.);
#5929=FACE_BOUND('',#4967,.T.);
#5930=FACE_BOUND('',#4968,.T.);
#5931=FACE_BOUND('',#4969,.T.);
#5932=FACE_BOUND('',#4970,.T.);
#5933=FACE_BOUND('',#4971,.T.);
#5934=FACE_BOUND('',#4972,.T.);
#5935=FACE_BOUND('',#4973,.T.);
#5936=FACE_BOUND('',#4974,.T.);
#5937=FACE_BOUND('',#4975,.T.);
#5938=FACE_BOUND('',#4976,.T.);
#5939=FACE_BOUND('',#4977,.T.);
#5940=FACE_BOUND('',#4978,.T.);
#5941=FACE_BOUND('',#4979,.T.);
#5942=FACE_BOUND('',#4980,.T.);
#5943=FACE_BOUND('',#4981,.T.);
#5944=FACE_BOUND('',#4982,.T.);
#5945=FACE_BOUND('',#4983,.T.);
#5946=FACE_BOUND('',#4984,.T.);
#5947=FACE_BOUND('',#4985,.T.);
#5948=FACE_BOUND('',#4986,.T.);
#5949=FACE_BOUND('',#4987,.T.);
#5950=FACE_BOUND('',#4988,.T.);
#5951=FACE_BOUND('',#4989,.T.);
#5952=FACE_BOUND('',#4990,.T.);
#5953=FACE_BOUND('',#4991,.T.);
#5954=FACE_BOUND('',#4992,.T.);
#5955=FACE_BOUND('',#4993,.T.);
#5956=FACE_BOUND('',#4994,.T.);
#5957=FACE_BOUND('',#4995,.T.);
#5958=FACE_BOUND('',#4996,.T.);
#5959=FACE_BOUND('',#4997,.T.);
#5960=FACE_BOUND('',#4998,.T.);
#5961=FACE_BOUND('',#4999,.T.);
#5962=FACE_BOUND('',#5000,.T.);
#5963=FACE_BOUND('',#5001,.T.);
#5964=FACE_BOUND('',#5002,.T.);
#5965=FACE_BOUND('',#5003,.T.);
#5966=FACE_BOUND('',#5004,.T.);
#5967=FACE_BOUND('',#5005,.T.);
#5968=FACE_BOUND('',#5006,.T.);
#5969=FACE_BOUND('',#5007,.T.);
#5970=FACE_BOUND('',#5008,.T.);
#5971=FACE_BOUND('',#5009,.T.);
#5972=FACE_BOUND('',#5010,.T.);
#5973=FACE_BOUND('',#5011,.T.);
#5974=FACE_BOUND('',#5012,.T.);
#5975=FACE_BOUND('',#5013,.T.);
#5976=FACE_BOUND('',#5014,.T.);
#5977=FACE_BOUND('',#5015,.T.);
#5978=FACE_BOUND('',#5016,.T.);
#5979=FACE_BOUND('',#5017,.T.);
#5980=FACE_BOUND('',#5018,.T.);
#5981=FACE_BOUND('',#5019,.T.);
#5982=FACE_BOUND('',#5020,.T.);
#5983=FACE_BOUND('',#5021,.T.);
#5984=FACE_BOUND('',#5022,.T.);
#5985=FACE_BOUND('',#5023,.T.);
#5986=FACE_BOUND('',#5024,.T.);
#5987=FACE_BOUND('',#5025,.T.);
#5988=FACE_BOUND('',#5026,.T.);
#5989=FACE_BOUND('',#5027,.T.);
#5990=FACE_BOUND('',#5028,.T.);
#5991=FACE_BOUND('',#5029,.T.);
#5992=FACE_BOUND('',#5030,.T.);
#5993=FACE_BOUND('',#5031,.T.);
#5994=FACE_BOUND('',#5032,.T.);
#5995=FACE_BOUND('',#5033,.T.);
#5996=FACE_BOUND('',#5034,.T.);
#5997=FACE_BOUND('',#5035,.T.);
#5998=FACE_BOUND('',#5036,.T.);
#5999=FACE_BOUND('',#5037,.T.);
#6000=FACE_BOUND('',#5038,.T.);
#6001=FACE_BOUND('',#5039,.T.);
#6002=FACE_BOUND('',#5040,.T.);
#6003=FACE_BOUND('',#5041,.T.);
#6004=FACE_BOUND('',#5042,.T.);
#6005=FACE_BOUND('',#5043,.T.);
#6006=FACE_BOUND('',#5044,.T.);
#6007=FACE_BOUND('',#5045,.T.);
#6008=FACE_BOUND('',#5046,.T.);
#6009=FACE_BOUND('',#5047,.T.);
#6010=FACE_BOUND('',#5048,.T.);
#6011=FACE_BOUND('',#5049,.T.);
#6012=FACE_BOUND('',#5050,.T.);
#6013=FACE_BOUND('',#5051,.T.);
#6014=FACE_BOUND('',#5052,.T.);
#6015=FACE_BOUND('',#5053,.T.);
#6016=FACE_BOUND('',#5054,.T.);
#6017=FACE_BOUND('',#5055,.T.);
#6018=FACE_BOUND('',#5056,.T.);
#6019=FACE_BOUND('',#5057,.T.);
#6020=FACE_BOUND('',#5058,.T.);
#6021=FACE_BOUND('',#5059,.T.);
#6022=FACE_BOUND('',#5060,.T.);
#6023=FACE_BOUND('',#5061,.T.);
#6024=FACE_BOUND('',#5062,.T.);
#6025=FACE_BOUND('',#5063,.T.);
#6026=FACE_BOUND('',#5064,.T.);
#6027=FACE_BOUND('',#5065,.T.);
#6028=FACE_BOUND('',#5066,.T.);
#6029=FACE_BOUND('',#5067,.T.);
#6030=FACE_BOUND('',#5068,.T.);
#6031=FACE_BOUND('',#5069,.T.);
#6032=FACE_BOUND('',#5070,.T.);
#6033=FACE_BOUND('',#5071,.T.);
#6034=FACE_BOUND('',#5072,.T.);
#6035=FACE_BOUND('',#5073,.T.);
#6036=FACE_BOUND('',#5074,.T.);
#6037=FACE_BOUND('',#5075,.T.);
#6038=FACE_BOUND('',#5076,.T.);
#6039=FACE_BOUND('',#5077,.T.);
#6040=FACE_BOUND('',#5078,.T.);
#6041=FACE_BOUND('',#5079,.T.);
#6042=FACE_BOUND('',#5080,.T.);
#6043=FACE_BOUND('',#5081,.T.);
#6044=FACE_BOUND('',#5082,.T.);
#6045=FACE_BOUND('',#5083,.T.);
#6046=FACE_BOUND('',#5084,.T.);
#6047=FACE_BOUND('',#5085,.T.);
#6048=FACE_BOUND('',#5086,.T.);
#6049=FACE_BOUND('',#5087,.T.);
#6050=FACE_BOUND('',#5088,.T.);
#6051=FACE_BOUND('',#5089,.T.);
#6052=FACE_BOUND('',#5090,.T.);
#6053=FACE_BOUND('',#5091,.T.);
#6054=FACE_BOUND('',#5092,.T.);
#6055=FACE_BOUND('',#5093,.T.);
#6056=FACE_BOUND('',#5094,.T.);
#6057=FACE_BOUND('',#5095,.T.);
#6058=FACE_BOUND('',#5096,.T.);
#6059=FACE_BOUND('',#5097,.T.);
#6060=FACE_BOUND('',#5098,.T.);
#6061=FACE_BOUND('',#5099,.T.);
#6062=FACE_BOUND('',#5100,.T.);
#6063=FACE_BOUND('',#5101,.T.);
#6064=FACE_BOUND('',#5102,.T.);
#6065=FACE_BOUND('',#5103,.T.);
#6066=FACE_BOUND('',#5104,.T.);
#6067=FACE_BOUND('',#5105,.T.);
#6068=FACE_BOUND('',#5106,.T.);
#6069=FACE_BOUND('',#5107,.T.);
#6070=FACE_BOUND('',#5108,.T.);
#6071=FACE_BOUND('',#5109,.T.);
#6072=FACE_BOUND('',#5110,.T.);
#6073=FACE_BOUND('',#5111,.T.);
#6074=FACE_BOUND('',#5112,.T.);
#6075=FACE_BOUND('',#5113,.T.);
#6076=FACE_BOUND('',#5114,.T.);
#6077=FACE_BOUND('',#5115,.T.);
#6078=FACE_BOUND('',#5116,.T.);
#6079=CYLINDRICAL_SURFACE('',#6693,0.002);
#6080=CYLINDRICAL_SURFACE('',#6696,0.002);
#6081=CYLINDRICAL_SURFACE('',#6699,0.002);
#6082=CYLINDRICAL_SURFACE('',#6702,0.002);
#6083=CYLINDRICAL_SURFACE('',#6705,0.002);
#6084=CYLINDRICAL_SURFACE('',#6708,0.002);
#6085=CYLINDRICAL_SURFACE('',#6711,0.002);
#6086=CYLINDRICAL_SURFACE('',#6714,0.002);
#6087=CYLINDRICAL_SURFACE('',#6717,0.002);
#6088=CYLINDRICAL_SURFACE('',#6720,0.002);
#6089=CYLINDRICAL_SURFACE('',#6723,0.002);
#6090=CYLINDRICAL_SURFACE('',#6726,0.002);
#6091=CYLINDRICAL_SURFACE('',#6729,0.002);
#6092=CYLINDRICAL_SURFACE('',#6732,0.002);
#6093=CYLINDRICAL_SURFACE('',#6735,0.004);
#6094=CYLINDRICAL_SURFACE('',#6738,0.004);
#6095=CYLINDRICAL_SURFACE('',#6741,0.004);
#6096=CYLINDRICAL_SURFACE('',#6744,0.004);
#6097=CYLINDRICAL_SURFACE('',#6747,0.004);
#6098=CYLINDRICAL_SURFACE('',#6750,0.004);
#6099=CYLINDRICAL_SURFACE('',#6753,0.004);
#6100=CYLINDRICAL_SURFACE('',#7234,0.002);
#6101=CYLINDRICAL_SURFACE('',#7236,0.002);
#6102=CYLINDRICAL_SURFACE('',#7237,0.002);
#6103=CYLINDRICAL_SURFACE('',#7239,0.002);
#6104=CYLINDRICAL_SURFACE('',#7241,0.002);
#6105=CYLINDRICAL_SURFACE('',#7243,0.002);
#6106=CYLINDRICAL_SURFACE('',#7244,0.002);
#6107=CYLINDRICAL_SURFACE('',#7246,0.002);
#6108=CYLINDRICAL_SURFACE('',#7249,0.002);
#6109=CYLINDRICAL_SURFACE('',#7251,0.002);
#6110=CYLINDRICAL_SURFACE('',#7253,0.0201);
#6111=CYLINDRICAL_SURFACE('',#7254,0.0201);
#6112=CYLINDRICAL_SURFACE('',#7257,0.0201);
#6113=CYLINDRICAL_SURFACE('',#7258,0.0201);
#6114=CYLINDRICAL_SURFACE('',#7260,0.002);
#6115=CYLINDRICAL_SURFACE('',#7262,0.002);
#6116=CYLINDRICAL_SURFACE('',#7264,0.002);
#6117=CYLINDRICAL_SURFACE('',#7267,0.002);
#6118=CYLINDRICAL_SURFACE('',#7269,0.002);
#6119=CYLINDRICAL_SURFACE('',#7271,0.002);
#6120=CYLINDRICAL_SURFACE('',#7274,0.002);
#6121=CYLINDRICAL_SURFACE('',#7276,0.002);
#6122=CYLINDRICAL_SURFACE('',#7278,0.002);
#6123=CYLINDRICAL_SURFACE('',#7280,0.002);
#6124=CYLINDRICAL_SURFACE('',#7282,0.002);
#6125=CYLINDRICAL_SURFACE('',#7284,0.002);
#6126=CYLINDRICAL_SURFACE('',#7288,0.002);
#6127=CYLINDRICAL_SURFACE('',#7289,0.002);
#6128=CYLINDRICAL_SURFACE('',#7290,0.002);
#6129=CYLINDRICAL_SURFACE('',#7291,0.00135);
#6130=CYLINDRICAL_SURFACE('',#7292,0.00135);
#6131=CYLINDRICAL_SURFACE('',#7293,0.00173891670067736);
#6132=CYLINDRICAL_SURFACE('',#7294,0.002);
#6133=CYLINDRICAL_SURFACE('',#7295,0.00135);
#6134=CYLINDRICAL_SURFACE('',#7296,0.002);
#6135=CYLINDRICAL_SURFACE('',#7297,0.00135);
#6136=CYLINDRICAL_SURFACE('',#7298,0.00135);
#6137=CYLINDRICAL_SURFACE('',#7299,0.00135);
#6138=CYLINDRICAL_SURFACE('',#7300,0.002);
#6139=CYLINDRICAL_SURFACE('',#7301,0.00135);
#6140=CYLINDRICAL_SURFACE('',#7302,0.00135);
#6141=CYLINDRICAL_SURFACE('',#7303,0.002);
#6142=CYLINDRICAL_SURFACE('',#7304,0.002);
#6143=CYLINDRICAL_SURFACE('',#7305,0.002);
#6144=CYLINDRICAL_SURFACE('',#7306,0.00135);
#6145=CYLINDRICAL_SURFACE('',#7307,0.00135);
#6146=CYLINDRICAL_SURFACE('',#7308,0.00135);
#6147=CYLINDRICAL_SURFACE('',#7309,0.00135);
#6148=CYLINDRICAL_SURFACE('',#7310,0.002);
#6149=CYLINDRICAL_SURFACE('',#7311,0.00135);
#6150=CYLINDRICAL_SURFACE('',#7312,0.002);
#6151=CYLINDRICAL_SURFACE('',#7313,0.00135);
#6152=CYLINDRICAL_SURFACE('',#7314,0.00135);
#6153=CYLINDRICAL_SURFACE('',#7315,0.00135);
#6154=CYLINDRICAL_SURFACE('',#7316,0.00135);
#6155=CYLINDRICAL_SURFACE('',#7317,0.00173891670067736);
#6156=CYLINDRICAL_SURFACE('',#7318,0.00135);
#6157=CYLINDRICAL_SURFACE('',#7319,0.00135);
#6158=CYLINDRICAL_SURFACE('',#7320,0.00135);
#6159=CYLINDRICAL_SURFACE('',#7321,0.00135);
#6160=CYLINDRICAL_SURFACE('',#7322,0.00135);
#6161=CYLINDRICAL_SURFACE('',#7323,0.00135);
#6162=CYLINDRICAL_SURFACE('',#7324,0.00135);
#6163=CYLINDRICAL_SURFACE('',#7325,0.00135);
#6164=CYLINDRICAL_SURFACE('',#7326,0.00135);
#6165=CYLINDRICAL_SURFACE('',#7327,0.002);
#6166=CYLINDRICAL_SURFACE('',#7328,0.00173891670067736);
#6167=CYLINDRICAL_SURFACE('',#7329,0.002);
#6168=CYLINDRICAL_SURFACE('',#7330,0.002);
#6169=CYLINDRICAL_SURFACE('',#7331,0.002);
#6170=CYLINDRICAL_SURFACE('',#7332,0.002);
#6171=CYLINDRICAL_SURFACE('',#7333,0.002);
#6172=CYLINDRICAL_SURFACE('',#7334,0.002);
#6173=CYLINDRICAL_SURFACE('',#7335,0.002);
#6174=CYLINDRICAL_SURFACE('',#7336,0.002);
#6175=CYLINDRICAL_SURFACE('',#7337,0.002);
#6176=CYLINDRICAL_SURFACE('',#7338,0.00135);
#6177=CYLINDRICAL_SURFACE('',#7339,0.00135);
#6178=CYLINDRICAL_SURFACE('',#7340,0.00135);
#6179=CYLINDRICAL_SURFACE('',#7341,0.00135);
#6180=CYLINDRICAL_SURFACE('',#7342,0.00135);
#6181=CYLINDRICAL_SURFACE('',#7343,0.00135);
#6182=CYLINDRICAL_SURFACE('',#7344,0.00135);
#6183=CYLINDRICAL_SURFACE('',#7345,0.00135);
#6184=CYLINDRICAL_SURFACE('',#7346,0.00135);
#6185=CYLINDRICAL_SURFACE('',#7347,0.002);
#6186=CYLINDRICAL_SURFACE('',#7348,0.002);
#6187=CYLINDRICAL_SURFACE('',#7349,0.002);
#6188=CYLINDRICAL_SURFACE('',#7350,0.002);
#6189=CYLINDRICAL_SURFACE('',#7351,0.002);
#6190=CYLINDRICAL_SURFACE('',#7352,0.002);
#6191=CYLINDRICAL_SURFACE('',#7353,0.002);
#6192=CYLINDRICAL_SURFACE('',#7354,0.002);
#6193=CYLINDRICAL_SURFACE('',#7355,0.00135);
#6194=CYLINDRICAL_SURFACE('',#7356,0.00135);
#6195=CYLINDRICAL_SURFACE('',#7357,0.00135);
#6196=CYLINDRICAL_SURFACE('',#7358,0.00135);
#6197=CYLINDRICAL_SURFACE('',#7359,0.002);
#6198=CYLINDRICAL_SURFACE('',#7360,0.002);
#6199=CYLINDRICAL_SURFACE('',#7361,0.002);
#6200=CYLINDRICAL_SURFACE('',#7362,0.002);
#6201=CYLINDRICAL_SURFACE('',#7363,0.002);
#6202=CYLINDRICAL_SURFACE('',#7364,0.002);
#6203=CYLINDRICAL_SURFACE('',#7365,0.002);
#6204=CYLINDRICAL_SURFACE('',#7366,0.00135);
#6205=CYLINDRICAL_SURFACE('',#7367,0.00135);
#6206=CYLINDRICAL_SURFACE('',#7368,0.00135);
#6207=CYLINDRICAL_SURFACE('',#7369,0.00135);
#6208=CYLINDRICAL_SURFACE('',#7370,0.00135);
#6209=CYLINDRICAL_SURFACE('',#7371,0.002);
#6210=CYLINDRICAL_SURFACE('',#7372,0.002);
#6211=CYLINDRICAL_SURFACE('',#7373,0.002);
#6212=CYLINDRICAL_SURFACE('',#7374,0.002);
#6213=CYLINDRICAL_SURFACE('',#7375,0.002);
#6214=CYLINDRICAL_SURFACE('',#7376,0.002);
#6215=CYLINDRICAL_SURFACE('',#7377,0.002);
#6216=CYLINDRICAL_SURFACE('',#7378,0.002);
#6217=CYLINDRICAL_SURFACE('',#7379,0.002);
#6218=CYLINDRICAL_SURFACE('',#7380,0.002);
#6219=CYLINDRICAL_SURFACE('',#7381,0.002);
#6220=CYLINDRICAL_SURFACE('',#7382,0.002);
#6221=CYLINDRICAL_SURFACE('',#7383,0.00135);
#6222=CYLINDRICAL_SURFACE('',#7384,0.00135);
#6223=CYLINDRICAL_SURFACE('',#7385,0.00135);
#6224=CYLINDRICAL_SURFACE('',#7386,0.00135);
#6225=CYLINDRICAL_SURFACE('',#7387,0.00135);
#6226=CYLINDRICAL_SURFACE('',#7388,0.00135);
#6227=CYLINDRICAL_SURFACE('',#7389,0.00135);
#6228=CYLINDRICAL_SURFACE('',#7390,0.00135);
#6229=CYLINDRICAL_SURFACE('',#7391,0.00135);
#6230=CYLINDRICAL_SURFACE('',#7392,0.00135);
#6231=CYLINDRICAL_SURFACE('',#7393,0.00135);
#6232=CYLINDRICAL_SURFACE('',#7394,0.002);
#6233=CYLINDRICAL_SURFACE('',#7395,0.00135);
#6234=CYLINDRICAL_SURFACE('',#7396,0.00135);
#6235=CYLINDRICAL_SURFACE('',#7397,0.002);
#6236=CYLINDRICAL_SURFACE('',#7398,0.00135);
#6237=CYLINDRICAL_SURFACE('',#7399,0.002);
#6238=CYLINDRICAL_SURFACE('',#7400,0.00135);
#6239=CYLINDRICAL_SURFACE('',#7401,0.00135);
#6240=CYLINDRICAL_SURFACE('',#7402,0.002);
#6241=CYLINDRICAL_SURFACE('',#7403,0.002);
#6242=CYLINDRICAL_SURFACE('',#7404,0.002);
#6243=CYLINDRICAL_SURFACE('',#7405,0.002);
#6244=CYLINDRICAL_SURFACE('',#7406,0.002);
#6245=CYLINDRICAL_SURFACE('',#7407,0.002);
#6246=CYLINDRICAL_SURFACE('',#7408,0.00135);
#6247=CYLINDRICAL_SURFACE('',#7409,0.00135);
#6248=CYLINDRICAL_SURFACE('',#7410,0.00135);
#6249=CYLINDRICAL_SURFACE('',#7411,0.00135);
#6250=CYLINDRICAL_SURFACE('',#7412,0.002);
#6251=CYLINDRICAL_SURFACE('',#7413,0.00135);
#6252=CYLINDRICAL_SURFACE('',#7414,0.00135);
#6253=CYLINDRICAL_SURFACE('',#7415,0.002);
#6254=CYLINDRICAL_SURFACE('',#7416,0.002);
#6255=CYLINDRICAL_SURFACE('',#7417,0.00135);
#6256=CYLINDRICAL_SURFACE('',#7418,0.00135);
#6257=CYLINDRICAL_SURFACE('',#7419,0.00135);
#6258=CYLINDRICAL_SURFACE('',#7420,0.00135);
#6259=CYLINDRICAL_SURFACE('',#7421,0.00135);
#6260=CYLINDRICAL_SURFACE('',#7422,0.00135);
#6261=CYLINDRICAL_SURFACE('',#7423,0.00135);
#6262=CYLINDRICAL_SURFACE('',#7424,0.00135);
#6263=CYLINDRICAL_SURFACE('',#7425,0.00135);
#6264=CYLINDRICAL_SURFACE('',#7426,0.002);
#6265=CYLINDRICAL_SURFACE('',#7427,0.002);
#6266=CYLINDRICAL_SURFACE('',#7428,0.002);
#6267=CYLINDRICAL_SURFACE('',#7429,0.002);
#6268=CYLINDRICAL_SURFACE('',#7430,0.002);
#6269=CYLINDRICAL_SURFACE('',#7431,0.002);
#6270=CYLINDRICAL_SURFACE('',#7432,0.002);
#6271=CYLINDRICAL_SURFACE('',#7433,0.002);
#6272=CYLINDRICAL_SURFACE('',#7434,0.002);
#6273=CYLINDRICAL_SURFACE('',#7435,0.002);
#6274=CYLINDRICAL_SURFACE('',#7436,0.002);
#6275=CYLINDRICAL_SURFACE('',#7437,0.00135);
#6276=CYLINDRICAL_SURFACE('',#7438,0.00135);
#6277=CYLINDRICAL_SURFACE('',#7439,0.002);
#6278=CYLINDRICAL_SURFACE('',#7440,0.00173891670067736);
#6279=CYLINDRICAL_SURFACE('',#7441,0.00135);
#6280=CYLINDRICAL_SURFACE('',#7442,0.00135);
#6281=CYLINDRICAL_SURFACE('',#7443,0.00135);
#6282=CYLINDRICAL_SURFACE('',#7444,0.002);
#6283=CYLINDRICAL_SURFACE('',#7445,0.002);
#6284=CYLINDRICAL_SURFACE('',#7446,0.00135);
#6285=CYLINDRICAL_SURFACE('',#7447,0.002);
#6286=CYLINDRICAL_SURFACE('',#7448,0.002);
#6287=CYLINDRICAL_SURFACE('',#7449,0.002);
#6288=CYLINDRICAL_SURFACE('',#7450,0.00135);
#6289=CYLINDRICAL_SURFACE('',#7451,0.00135);
#6290=CYLINDRICAL_SURFACE('',#7452,0.002);
#6291=CYLINDRICAL_SURFACE('',#7453,0.00135);
#6292=CYLINDRICAL_SURFACE('',#7454,0.00135);
#6293=CYLINDRICAL_SURFACE('',#7455,0.002);
#6294=CYLINDRICAL_SURFACE('',#7456,0.00135);
#6295=CYLINDRICAL_SURFACE('',#7457,0.00135);
#6296=CYLINDRICAL_SURFACE('',#7458,0.00135);
#6297=CYLINDRICAL_SURFACE('',#7459,0.00135);
#6298=CYLINDRICAL_SURFACE('',#7460,0.00135);
#6299=CYLINDRICAL_SURFACE('',#7461,0.002);
#6300=CYLINDRICAL_SURFACE('',#7462,0.002);
#6301=CYLINDRICAL_SURFACE('',#7463,0.002);
#6302=CYLINDRICAL_SURFACE('',#7464,0.002);
#6303=CYLINDRICAL_SURFACE('',#7465,0.002);
#6304=CYLINDRICAL_SURFACE('',#7466,0.002);
#6305=CYLINDRICAL_SURFACE('',#7467,0.0032);
#6306=CYLINDRICAL_SURFACE('',#7468,0.002);
#6307=CYLINDRICAL_SURFACE('',#7470,0.002);
#6308=CYLINDRICAL_SURFACE('',#7471,0.002);
#6309=CYLINDRICAL_SURFACE('',#7474,0.0027);
#6310=CYLINDRICAL_SURFACE('',#7475,0.0027);
#6311=CYLINDRICAL_SURFACE('',#7476,0.0115);
#6312=CYLINDRICAL_SURFACE('',#7477,0.0027);
#6313=CYLINDRICAL_SURFACE('',#7482,0.0026);
#6314=CYLINDRICAL_SURFACE('',#7484,0.0026);
#6315=CYLINDRICAL_SURFACE('',#7485,0.0026);
#6316=CYLINDRICAL_SURFACE('',#7486,0.0026);
#6317=CYLINDRICAL_SURFACE('',#7489,0.005);
#6318=CYLINDRICAL_SURFACE('',#7490,0.005);
#6319=CYLINDRICAL_SURFACE('',#7491,0.0026);
#6320=CYLINDRICAL_SURFACE('',#7496,0.004);
#6321=CYLINDRICAL_SURFACE('',#7498,0.004);
#6322=CYLINDRICAL_SURFACE('',#7500,0.004);
#6323=CYLINDRICAL_SURFACE('',#7502,0.004);
#6324=CYLINDRICAL_SURFACE('',#7504,0.004);
#6325=CYLINDRICAL_SURFACE('',#7506,0.004);
#6326=CYLINDRICAL_SURFACE('',#7508,0.004);
#6327=CYLINDRICAL_SURFACE('',#7516,0.004);
#6328=CYLINDRICAL_SURFACE('',#7519,0.004);
#6329=CYLINDRICAL_SURFACE('',#7522,0.004);
#6330=CYLINDRICAL_SURFACE('',#7525,0.004);
#6331=CYLINDRICAL_SURFACE('',#7528,0.004);
#6332=CYLINDRICAL_SURFACE('',#7531,0.004);
#6333=CYLINDRICAL_SURFACE('',#7534,0.004);
#6334=CYLINDRICAL_SURFACE('',#7535,0.004);
#6335=CYLINDRICAL_SURFACE('',#7538,0.004);
#6336=CYLINDRICAL_SURFACE('',#7541,0.004);
#6337=CYLINDRICAL_SURFACE('',#7544,0.004);
#6338=CYLINDRICAL_SURFACE('',#7547,0.004);
#6339=CYLINDRICAL_SURFACE('',#7550,0.004);
#6340=CYLINDRICAL_SURFACE('',#7553,0.004);
#6341=ADVANCED_FACE('',(#5117,#5118),#6079,.F.);
#6342=ADVANCED_FACE('',(#5119,#5120),#6080,.F.);
#6343=ADVANCED_FACE('',(#5121,#5122),#6081,.F.);
#6344=ADVANCED_FACE('',(#5123,#5124),#6082,.F.);
#6345=ADVANCED_FACE('',(#5125,#5126),#6083,.F.);
#6346=ADVANCED_FACE('',(#5127,#5128),#6084,.F.);
#6347=ADVANCED_FACE('',(#5129,#5130),#6085,.F.);
#6348=ADVANCED_FACE('',(#5131,#5132),#6086,.F.);
#6349=ADVANCED_FACE('',(#5133,#5134),#6087,.F.);
#6350=ADVANCED_FACE('',(#5135,#5136),#6088,.F.);
#6351=ADVANCED_FACE('',(#5137,#5138),#6089,.F.);
#6352=ADVANCED_FACE('',(#5139,#5140),#6090,.F.);
#6353=ADVANCED_FACE('',(#5141,#5142),#6091,.F.);
#6354=ADVANCED_FACE('',(#5143,#5144),#6092,.F.);
#6355=ADVANCED_FACE('',(#5145),#6093,.T.);
#6356=ADVANCED_FACE('',(#5146),#6094,.T.);
#6357=ADVANCED_FACE('',(#5147),#6095,.T.);
#6358=ADVANCED_FACE('',(#5148),#6096,.T.);
#6359=ADVANCED_FACE('',(#5149),#6097,.T.);
#6360=ADVANCED_FACE('',(#5150),#6098,.T.);
#6361=ADVANCED_FACE('',(#5151),#6099,.T.);
#6362=ADVANCED_FACE('',(#5152),#12,.T.);
#6363=ADVANCED_FACE('',(#5153),#13,.T.);
#6364=ADVANCED_FACE('',(#5154),#14,.F.);
#6365=ADVANCED_FACE('',(#5155),#15,.T.);
#6366=ADVANCED_FACE('',(#5156),#16,.T.);
#6367=ADVANCED_FACE('',(#5157),#17,.T.);
#6368=ADVANCED_FACE('',(#5158),#18,.F.);
#6369=ADVANCED_FACE('',(#5159),#19,.F.);
#6370=ADVANCED_FACE('',(#5160),#20,.T.);
#6371=ADVANCED_FACE('',(#5161),#21,.T.);
#6372=ADVANCED_FACE('',(#5162),#22,.T.);
#6373=ADVANCED_FACE('',(#5163),#23,.F.);
#6374=ADVANCED_FACE('',(#5164),#24,.F.);
#6375=ADVANCED_FACE('',(#5165),#25,.F.);
#6376=ADVANCED_FACE('',(#5166),#26,.F.);
#6377=ADVANCED_FACE('',(#5167),#27,.T.);
#6378=ADVANCED_FACE('',(#5168,#5169,#5170,#5171,#5172,#5173),#28,.T.);
#6379=ADVANCED_FACE('',(#5174,#5175,#5176,#5177,#5178,#5179,#5180,#5181,
#5182,#5183,#5184,#5185,#5186,#5187,#5188,#5189,#5190,#5191,#5192,#5193,
#5194,#5195,#5196,#5197,#5198,#5199,#5200,#5201,#5202,#5203,#5204,#5205,
#5206,#5207,#5208,#5209,#5210,#5211,#5212,#5213,#5214,#5215,#5216,#5217,
#5218,#5219,#5220,#5221,#5222,#5223,#5224,#5225,#5226,#5227,#5228,#5229,
#5230,#5231,#5232,#5233,#5234,#5235,#5236,#5237,#5238,#5239,#5240,#5241,
#5242,#5243,#5244,#5245,#5246,#5247,#5248,#5249,#5250,#5251,#5252,#5253,
#5254,#5255,#5256,#5257,#5258,#5259,#5260,#5261,#5262,#5263,#5264,#5265,
#5266,#5267,#5268,#5269,#5270,#5271,#5272,#5273,#5274,#5275,#5276,#5277,
#5278,#5279,#5280,#5281,#5282,#5283,#5284,#5285,#5286,#5287,#5288,#5289,
#5290,#5291,#5292,#5293,#5294,#5295,#5296,#5297,#5298,#5299,#5300,#5301,
#5302,#5303,#5304,#5305,#5306,#5307,#5308,#5309,#5310,#5311,#5312,#5313,
#5314,#5315,#5316,#5317,#5318,#5319,#5320,#5321,#5322,#5323,#5324,#5325,
#5326,#5327,#5328,#5329,#5330,#5331,#5332,#5333,#5334,#5335,#5336,#5337,
#5338,#5339,#5340,#5341,#5342,#5343,#5344,#5345,#5346,#5347,#5348,#5349,
#5350,#5351,#5352,#5353,#5354,#5355,#5356,#5357,#5358,#5359,#5360,#5361,
#5362,#5363,#5364,#5365,#5366,#5367,#5368,#5369,#5370,#5371,#5372),#29,
 .T.);
#6380=ADVANCED_FACE('',(#5373,#5374,#5375,#5376,#5377,#5378,#5379,#5380,
#5381,#5382,#5383,#5384,#5385,#5386,#5387,#5388,#5389,#5390,#5391,#5392,
#5393,#5394,#5395,#5396,#5397,#5398,#5399,#5400,#5401,#5402,#5403,#5404,
#5405,#5406,#5407,#5408,#5409,#5410,#5411,#5412,#5413,#5414,#5415,#5416,
#5417,#5418,#5419,#5420,#5421,#5422,#5423,#5424,#5425,#5426,#5427,#5428,
#5429,#5430,#5431,#5432,#5433,#5434,#5435,#5436,#5437,#5438,#5439,#5440,
#5441,#5442,#5443,#5444,#5445,#5446,#5447,#5448,#5449,#5450,#5451,#5452,
#5453,#5454,#5455,#5456,#5457,#5458,#5459,#5460,#5461,#5462,#5463,#5464,
#5465,#5466,#5467,#5468,#5469,#5470,#5471,#5472,#5473,#5474,#5475,#5476,
#5477,#5478,#5479,#5480,#5481,#5482,#5483,#5484,#5485,#5486,#5487,#5488,
#5489,#5490,#5491,#5492,#5493,#5494,#5495,#5496,#5497,#5498,#5499,#5500,
#5501,#5502,#5503,#5504,#5505,#5506,#5507,#5508,#5509,#5510,#5511,#5512,
#5513,#5514,#5515,#5516,#5517,#5518,#5519,#5520,#5521,#5522,#5523,#5524,
#5525,#5526,#5527,#5528,#5529,#5530,#5531,#5532,#5533,#5534,#5535,#5536,
#5537,#5538,#5539,#5540,#5541,#5542,#5543,#5544,#5545,#5546,#5547,#5548,
#5549,#5550,#5551,#5552,#5553,#5554,#5555,#5556,#5557,#5558,#5559,#5560,
#5561,#5562,#5563,#5564,#5565,#5566,#5567,#5568,#5569,#5570,#5571,#5572,
#5573,#5574,#5575),#30,.F.);
#6381=ADVANCED_FACE('',(#5576),#31,.T.);
#6382=ADVANCED_FACE('',(#5577),#6100,.F.);
#6383=ADVANCED_FACE('',(#5578),#32,.T.);
#6384=ADVANCED_FACE('',(#5579),#6101,.F.);
#6385=ADVANCED_FACE('',(#5580),#6102,.F.);
#6386=ADVANCED_FACE('',(#5581),#33,.F.);
#6387=ADVANCED_FACE('',(#5582),#6103,.F.);
#6388=ADVANCED_FACE('',(#5583),#34,.T.);
#6389=ADVANCED_FACE('',(#5584),#6104,.F.);
#6390=ADVANCED_FACE('',(#5585),#35,.T.);
#6391=ADVANCED_FACE('',(#5586),#6105,.F.);
#6392=ADVANCED_FACE('',(#5587),#6106,.F.);
#6393=ADVANCED_FACE('',(#5588),#36,.F.);
#6394=ADVANCED_FACE('',(#5589),#6107,.F.);
#6395=ADVANCED_FACE('',(#5590),#37,.F.);
#6396=ADVANCED_FACE('',(#5591),#38,.T.);
#6397=ADVANCED_FACE('',(#5592),#6108,.F.);
#6398=ADVANCED_FACE('',(#5593),#39,.T.);
#6399=ADVANCED_FACE('',(#5594),#6109,.F.);
#6400=ADVANCED_FACE('',(#5595),#40,.T.);
#6401=ADVANCED_FACE('',(#5596),#6110,.F.);
#6402=ADVANCED_FACE('',(#5597),#6111,.F.);
#6403=ADVANCED_FACE('',(#5598),#41,.F.);
#6404=ADVANCED_FACE('',(#5599),#42,.T.);
#6405=ADVANCED_FACE('',(#5600),#6112,.F.);
#6406=ADVANCED_FACE('',(#5601),#6113,.F.);
#6407=ADVANCED_FACE('',(#5602),#43,.T.);
#6408=ADVANCED_FACE('',(#5603),#6114,.F.);
#6409=ADVANCED_FACE('',(#5604),#44,.T.);
#6410=ADVANCED_FACE('',(#5605),#6115,.F.);
#6411=ADVANCED_FACE('',(#5606),#45,.F.);
#6412=ADVANCED_FACE('',(#5607),#6116,.F.);
#6413=ADVANCED_FACE('',(#5608),#46,.F.);
#6414=ADVANCED_FACE('',(#5609),#47,.T.);
#6415=ADVANCED_FACE('',(#5610),#6117,.F.);
#6416=ADVANCED_FACE('',(#5611),#48,.F.);
#6417=ADVANCED_FACE('',(#5612),#6118,.F.);
#6418=ADVANCED_FACE('',(#5613),#49,.F.);
#6419=ADVANCED_FACE('',(#5614),#6119,.F.);
#6420=ADVANCED_FACE('',(#5615),#50,.T.);
#6421=ADVANCED_FACE('',(#5616),#51,.T.);
#6422=ADVANCED_FACE('',(#5617),#6120,.F.);
#6423=ADVANCED_FACE('',(#5618),#52,.F.);
#6424=ADVANCED_FACE('',(#5619),#6121,.F.);
#6425=ADVANCED_FACE('',(#5620),#53,.F.);
#6426=ADVANCED_FACE('',(#5621),#6122,.F.);
#6427=ADVANCED_FACE('',(#5622),#54,.T.);
#6428=ADVANCED_FACE('',(#5623),#6123,.F.);
#6429=ADVANCED_FACE('',(#5624),#55,.F.);
#6430=ADVANCED_FACE('',(#5625),#6124,.F.);
#6431=ADVANCED_FACE('',(#5626),#56,.F.);
#6432=ADVANCED_FACE('',(#5627),#6125,.F.);
#6433=ADVANCED_FACE('',(#5628),#57,.F.);
#6434=ADVANCED_FACE('',(#5629),#58,.T.);
#6435=ADVANCED_FACE('',(#5630),#59,.F.);
#6436=ADVANCED_FACE('',(#5631,#5632),#6126,.F.);
#6437=ADVANCED_FACE('',(#5633,#5634),#6127,.F.);
#6438=ADVANCED_FACE('',(#5635,#5636),#6128,.F.);
#6439=ADVANCED_FACE('',(#5637,#5638),#6129,.F.);
#6440=ADVANCED_FACE('',(#5639,#5640),#6130,.F.);
#6441=ADVANCED_FACE('',(#5641,#5642),#6131,.F.);
#6442=ADVANCED_FACE('',(#5643,#5644),#6132,.F.);
#6443=ADVANCED_FACE('',(#5645,#5646),#6133,.F.);
#6444=ADVANCED_FACE('',(#5647,#5648),#6134,.F.);
#6445=ADVANCED_FACE('',(#5649,#5650),#6135,.F.);
#6446=ADVANCED_FACE('',(#5651,#5652),#6136,.F.);
#6447=ADVANCED_FACE('',(#5653,#5654),#6137,.F.);
#6448=ADVANCED_FACE('',(#5655,#5656),#6138,.F.);
#6449=ADVANCED_FACE('',(#5657,#5658),#6139,.F.);
#6450=ADVANCED_FACE('',(#5659,#5660),#6140,.F.);
#6451=ADVANCED_FACE('',(#5661,#5662),#6141,.F.);
#6452=ADVANCED_FACE('',(#5663,#5664),#6142,.F.);
#6453=ADVANCED_FACE('',(#5665,#5666),#6143,.F.);
#6454=ADVANCED_FACE('',(#5667,#5668),#6144,.F.);
#6455=ADVANCED_FACE('',(#5669,#5670),#6145,.F.);
#6456=ADVANCED_FACE('',(#5671,#5672),#6146,.F.);
#6457=ADVANCED_FACE('',(#5673,#5674),#6147,.F.);
#6458=ADVANCED_FACE('',(#5675,#5676),#6148,.F.);
#6459=ADVANCED_FACE('',(#5677,#5678),#6149,.F.);
#6460=ADVANCED_FACE('',(#5679,#5680),#6150,.F.);
#6461=ADVANCED_FACE('',(#5681,#5682),#6151,.F.);
#6462=ADVANCED_FACE('',(#5683,#5684),#6152,.F.);
#6463=ADVANCED_FACE('',(#5685,#5686),#6153,.F.);
#6464=ADVANCED_FACE('',(#5687,#5688),#6154,.F.);
#6465=ADVANCED_FACE('',(#5689,#5690),#6155,.F.);
#6466=ADVANCED_FACE('',(#5691,#5692),#6156,.F.);
#6467=ADVANCED_FACE('',(#5693,#5694),#6157,.F.);
#6468=ADVANCED_FACE('',(#5695,#5696),#6158,.F.);
#6469=ADVANCED_FACE('',(#5697,#5698),#6159,.F.);
#6470=ADVANCED_FACE('',(#5699,#5700),#6160,.F.);
#6471=ADVANCED_FACE('',(#5701,#5702),#6161,.F.);
#6472=ADVANCED_FACE('',(#5703,#5704),#6162,.F.);
#6473=ADVANCED_FACE('',(#5705,#5706),#6163,.F.);
#6474=ADVANCED_FACE('',(#5707,#5708),#6164,.F.);
#6475=ADVANCED_FACE('',(#5709,#5710),#6165,.F.);
#6476=ADVANCED_FACE('',(#5711,#5712),#6166,.F.);
#6477=ADVANCED_FACE('',(#5713,#5714),#6167,.F.);
#6478=ADVANCED_FACE('',(#5715,#5716),#6168,.F.);
#6479=ADVANCED_FACE('',(#5717,#5718),#6169,.F.);
#6480=ADVANCED_FACE('',(#5719,#5720),#6170,.F.);
#6481=ADVANCED_FACE('',(#5721,#5722),#6171,.F.);
#6482=ADVANCED_FACE('',(#5723,#5724),#6172,.F.);
#6483=ADVANCED_FACE('',(#5725,#5726),#6173,.F.);
#6484=ADVANCED_FACE('',(#5727,#5728),#6174,.F.);
#6485=ADVANCED_FACE('',(#5729,#5730),#6175,.F.);
#6486=ADVANCED_FACE('',(#5731,#5732),#6176,.F.);
#6487=ADVANCED_FACE('',(#5733,#5734),#6177,.F.);
#6488=ADVANCED_FACE('',(#5735,#5736),#6178,.F.);
#6489=ADVANCED_FACE('',(#5737,#5738),#6179,.F.);
#6490=ADVANCED_FACE('',(#5739,#5740),#6180,.F.);
#6491=ADVANCED_FACE('',(#5741,#5742),#6181,.F.);
#6492=ADVANCED_FACE('',(#5743,#5744),#6182,.F.);
#6493=ADVANCED_FACE('',(#5745,#5746),#6183,.F.);
#6494=ADVANCED_FACE('',(#5747,#5748),#6184,.F.);
#6495=ADVANCED_FACE('',(#5749,#5750),#6185,.F.);
#6496=ADVANCED_FACE('',(#5751,#5752),#6186,.F.);
#6497=ADVANCED_FACE('',(#5753,#5754),#6187,.F.);
#6498=ADVANCED_FACE('',(#5755,#5756),#6188,.F.);
#6499=ADVANCED_FACE('',(#5757,#5758),#6189,.F.);
#6500=ADVANCED_FACE('',(#5759,#5760),#6190,.F.);
#6501=ADVANCED_FACE('',(#5761,#5762),#6191,.F.);
#6502=ADVANCED_FACE('',(#5763,#5764),#6192,.F.);
#6503=ADVANCED_FACE('',(#5765,#5766),#6193,.F.);
#6504=ADVANCED_FACE('',(#5767,#5768),#6194,.F.);
#6505=ADVANCED_FACE('',(#5769,#5770),#6195,.F.);
#6506=ADVANCED_FACE('',(#5771,#5772),#6196,.F.);
#6507=ADVANCED_FACE('',(#5773,#5774),#6197,.F.);
#6508=ADVANCED_FACE('',(#5775,#5776),#6198,.F.);
#6509=ADVANCED_FACE('',(#5777,#5778),#6199,.F.);
#6510=ADVANCED_FACE('',(#5779,#5780),#6200,.F.);
#6511=ADVANCED_FACE('',(#5781,#5782),#6201,.F.);
#6512=ADVANCED_FACE('',(#5783,#5784),#6202,.F.);
#6513=ADVANCED_FACE('',(#5785,#5786),#6203,.F.);
#6514=ADVANCED_FACE('',(#5787,#5788),#6204,.F.);
#6515=ADVANCED_FACE('',(#5789,#5790),#6205,.F.);
#6516=ADVANCED_FACE('',(#5791,#5792),#6206,.F.);
#6517=ADVANCED_FACE('',(#5793,#5794),#6207,.F.);
#6518=ADVANCED_FACE('',(#5795,#5796),#6208,.F.);
#6519=ADVANCED_FACE('',(#5797,#5798),#6209,.F.);
#6520=ADVANCED_FACE('',(#5799,#5800),#6210,.F.);
#6521=ADVANCED_FACE('',(#5801,#5802),#6211,.F.);
#6522=ADVANCED_FACE('',(#5803,#5804),#6212,.F.);
#6523=ADVANCED_FACE('',(#5805,#5806),#6213,.F.);
#6524=ADVANCED_FACE('',(#5807,#5808),#6214,.F.);
#6525=ADVANCED_FACE('',(#5809,#5810),#6215,.F.);
#6526=ADVANCED_FACE('',(#5811,#5812),#6216,.F.);
#6527=ADVANCED_FACE('',(#5813,#5814),#6217,.F.);
#6528=ADVANCED_FACE('',(#5815,#5816),#6218,.F.);
#6529=ADVANCED_FACE('',(#5817,#5818),#6219,.F.);
#6530=ADVANCED_FACE('',(#5819,#5820),#6220,.F.);
#6531=ADVANCED_FACE('',(#5821,#5822),#6221,.F.);
#6532=ADVANCED_FACE('',(#5823,#5824),#6222,.F.);
#6533=ADVANCED_FACE('',(#5825,#5826),#6223,.F.);
#6534=ADVANCED_FACE('',(#5827,#5828),#6224,.F.);
#6535=ADVANCED_FACE('',(#5829,#5830),#6225,.F.);
#6536=ADVANCED_FACE('',(#5831,#5832),#6226,.F.);
#6537=ADVANCED_FACE('',(#5833,#5834),#6227,.F.);
#6538=ADVANCED_FACE('',(#5835,#5836),#6228,.F.);
#6539=ADVANCED_FACE('',(#5837,#5838),#6229,.F.);
#6540=ADVANCED_FACE('',(#5839,#5840),#6230,.F.);
#6541=ADVANCED_FACE('',(#5841,#5842),#6231,.F.);
#6542=ADVANCED_FACE('',(#5843,#5844),#6232,.F.);
#6543=ADVANCED_FACE('',(#5845,#5846),#6233,.F.);
#6544=ADVANCED_FACE('',(#5847,#5848),#6234,.F.);
#6545=ADVANCED_FACE('',(#5849,#5850),#6235,.F.);
#6546=ADVANCED_FACE('',(#5851,#5852),#6236,.F.);
#6547=ADVANCED_FACE('',(#5853,#5854),#6237,.F.);
#6548=ADVANCED_FACE('',(#5855,#5856),#6238,.F.);
#6549=ADVANCED_FACE('',(#5857,#5858),#6239,.F.);
#6550=ADVANCED_FACE('',(#5859,#5860),#6240,.F.);
#6551=ADVANCED_FACE('',(#5861,#5862),#6241,.F.);
#6552=ADVANCED_FACE('',(#5863,#5864),#6242,.F.);
#6553=ADVANCED_FACE('',(#5865,#5866),#6243,.F.);
#6554=ADVANCED_FACE('',(#5867,#5868),#6244,.F.);
#6555=ADVANCED_FACE('',(#5869,#5870),#6245,.F.);
#6556=ADVANCED_FACE('',(#5871,#5872),#6246,.F.);
#6557=ADVANCED_FACE('',(#5873,#5874),#6247,.F.);
#6558=ADVANCED_FACE('',(#5875,#5876),#6248,.F.);
#6559=ADVANCED_FACE('',(#5877,#5878),#6249,.F.);
#6560=ADVANCED_FACE('',(#5879,#5880),#6250,.F.);
#6561=ADVANCED_FACE('',(#5881,#5882),#6251,.F.);
#6562=ADVANCED_FACE('',(#5883,#5884),#6252,.F.);
#6563=ADVANCED_FACE('',(#5885,#5886),#6253,.F.);
#6564=ADVANCED_FACE('',(#5887,#5888),#6254,.F.);
#6565=ADVANCED_FACE('',(#5889,#5890),#6255,.F.);
#6566=ADVANCED_FACE('',(#5891,#5892),#6256,.F.);
#6567=ADVANCED_FACE('',(#5893,#5894),#6257,.F.);
#6568=ADVANCED_FACE('',(#5895,#5896),#6258,.F.);
#6569=ADVANCED_FACE('',(#5897,#5898),#6259,.F.);
#6570=ADVANCED_FACE('',(#5899,#5900),#6260,.F.);
#6571=ADVANCED_FACE('',(#5901,#5902),#6261,.F.);
#6572=ADVANCED_FACE('',(#5903,#5904),#6262,.F.);
#6573=ADVANCED_FACE('',(#5905,#5906),#6263,.F.);
#6574=ADVANCED_FACE('',(#5907,#5908),#6264,.F.);
#6575=ADVANCED_FACE('',(#5909,#5910),#6265,.F.);
#6576=ADVANCED_FACE('',(#5911,#5912),#6266,.F.);
#6577=ADVANCED_FACE('',(#5913,#5914),#6267,.F.);
#6578=ADVANCED_FACE('',(#5915,#5916),#6268,.F.);
#6579=ADVANCED_FACE('',(#5917,#5918),#6269,.F.);
#6580=ADVANCED_FACE('',(#5919,#5920),#6270,.F.);
#6581=ADVANCED_FACE('',(#5921,#5922),#6271,.F.);
#6582=ADVANCED_FACE('',(#5923,#5924),#6272,.F.);
#6583=ADVANCED_FACE('',(#5925,#5926),#6273,.F.);
#6584=ADVANCED_FACE('',(#5927,#5928),#6274,.F.);
#6585=ADVANCED_FACE('',(#5929,#5930),#6275,.F.);
#6586=ADVANCED_FACE('',(#5931,#5932),#6276,.F.);
#6587=ADVANCED_FACE('',(#5933,#5934),#6277,.F.);
#6588=ADVANCED_FACE('',(#5935,#5936),#6278,.F.);
#6589=ADVANCED_FACE('',(#5937,#5938),#6279,.F.);
#6590=ADVANCED_FACE('',(#5939,#5940),#6280,.F.);
#6591=ADVANCED_FACE('',(#5941,#5942),#6281,.F.);
#6592=ADVANCED_FACE('',(#5943,#5944),#6282,.F.);
#6593=ADVANCED_FACE('',(#5945,#5946),#6283,.F.);
#6594=ADVANCED_FACE('',(#5947,#5948),#6284,.F.);
#6595=ADVANCED_FACE('',(#5949,#5950),#6285,.F.);
#6596=ADVANCED_FACE('',(#5951,#5952),#6286,.F.);
#6597=ADVANCED_FACE('',(#5953,#5954),#6287,.F.);
#6598=ADVANCED_FACE('',(#5955,#5956),#6288,.F.);
#6599=ADVANCED_FACE('',(#5957,#5958),#6289,.F.);
#6600=ADVANCED_FACE('',(#5959,#5960),#6290,.F.);
#6601=ADVANCED_FACE('',(#5961,#5962),#6291,.F.);
#6602=ADVANCED_FACE('',(#5963,#5964),#6292,.F.);
#6603=ADVANCED_FACE('',(#5965,#5966),#6293,.F.);
#6604=ADVANCED_FACE('',(#5967,#5968),#6294,.F.);
#6605=ADVANCED_FACE('',(#5969,#5970),#6295,.F.);
#6606=ADVANCED_FACE('',(#5971,#5972),#6296,.F.);
#6607=ADVANCED_FACE('',(#5973,#5974),#6297,.F.);
#6608=ADVANCED_FACE('',(#5975,#5976),#6298,.F.);
#6609=ADVANCED_FACE('',(#5977,#5978),#6299,.F.);
#6610=ADVANCED_FACE('',(#5979,#5980),#6300,.F.);
#6611=ADVANCED_FACE('',(#5981,#5982),#6301,.F.);
#6612=ADVANCED_FACE('',(#5983,#5984),#6302,.F.);
#6613=ADVANCED_FACE('',(#5985,#5986),#6303,.F.);
#6614=ADVANCED_FACE('',(#5987,#5988),#6304,.F.);
#6615=ADVANCED_FACE('',(#5989,#5990),#6305,.F.);
#6616=ADVANCED_FACE('',(#5991,#5992),#6306,.F.);
#6617=ADVANCED_FACE('',(#5993),#60,.F.);
#6618=ADVANCED_FACE('',(#5994),#6307,.F.);
#6619=ADVANCED_FACE('',(#5995),#6308,.F.);
#6620=ADVANCED_FACE('',(#5996),#61,.T.);
#6621=ADVANCED_FACE('',(#5997),#62,.F.);
#6622=ADVANCED_FACE('',(#5998,#5999),#6309,.F.);
#6623=ADVANCED_FACE('',(#6000,#6001),#6310,.F.);
#6624=ADVANCED_FACE('',(#6002,#6003),#6311,.F.);
#6625=ADVANCED_FACE('',(#6004,#6005),#6312,.F.);
#6626=ADVANCED_FACE('',(#6006),#63,.T.);
#6627=ADVANCED_FACE('',(#6007),#64,.T.);
#6628=ADVANCED_FACE('',(#6008),#65,.F.);
#6629=ADVANCED_FACE('',(#6009),#66,.F.);
#6630=ADVANCED_FACE('',(#6010,#6011),#6313,.F.);
#6631=ADVANCED_FACE('',(#6012,#6013),#6314,.F.);
#6632=ADVANCED_FACE('',(#6014,#6015),#6315,.F.);
#6633=ADVANCED_FACE('',(#6016),#6316,.F.);
#6634=ADVANCED_FACE('',(#6017),#67,.T.);
#6635=ADVANCED_FACE('',(#6018),#6317,.T.);
#6636=ADVANCED_FACE('',(#6019),#6318,.T.);
#6637=ADVANCED_FACE('',(#6020),#6319,.F.);
#6638=ADVANCED_FACE('',(#6021),#68,.T.);
#6639=ADVANCED_FACE('',(#6022),#69,.F.);
#6640=ADVANCED_FACE('',(#6023,#6024,#6025),#70,.F.);
#6641=ADVANCED_FACE('',(#6026),#6320,.T.);
#6642=ADVANCED_FACE('',(#6027),#6321,.T.);
#6643=ADVANCED_FACE('',(#6028),#6322,.T.);
#6644=ADVANCED_FACE('',(#6029),#6323,.T.);
#6645=ADVANCED_FACE('',(#6030),#6324,.T.);
#6646=ADVANCED_FACE('',(#6031),#6325,.T.);
#6647=ADVANCED_FACE('',(#6032),#6326,.T.);
#6648=ADVANCED_FACE('',(#6033),#71,.T.);
#6649=ADVANCED_FACE('',(#6034),#72,.F.);
#6650=ADVANCED_FACE('',(#6035),#73,.F.);
#6651=ADVANCED_FACE('',(#6036),#74,.T.);
#6652=ADVANCED_FACE('',(#6037,#6038),#75,.T.);
#6653=ADVANCED_FACE('',(#6039),#6327,.F.);
#6654=ADVANCED_FACE('',(#6040,#6041),#76,.T.);
#6655=ADVANCED_FACE('',(#6042),#6328,.F.);
#6656=ADVANCED_FACE('',(#6043,#6044),#77,.T.);
#6657=ADVANCED_FACE('',(#6045),#6329,.F.);
#6658=ADVANCED_FACE('',(#6046,#6047),#78,.T.);
#6659=ADVANCED_FACE('',(#6048),#6330,.F.);
#6660=ADVANCED_FACE('',(#6049,#6050),#79,.T.);
#6661=ADVANCED_FACE('',(#6051),#6331,.F.);
#6662=ADVANCED_FACE('',(#6052,#6053),#80,.T.);
#6663=ADVANCED_FACE('',(#6054),#6332,.F.);
#6664=ADVANCED_FACE('',(#6055,#6056),#81,.T.);
#6665=ADVANCED_FACE('',(#6057),#6333,.F.);
#6666=ADVANCED_FACE('',(#6058),#6334,.F.);
#6667=ADVANCED_FACE('',(#6059,#6060),#82,.T.);
#6668=ADVANCED_FACE('',(#6061),#6335,.F.);
#6669=ADVANCED_FACE('',(#6062,#6063),#83,.T.);
#6670=ADVANCED_FACE('',(#6064),#6336,.F.);
#6671=ADVANCED_FACE('',(#6065,#6066),#84,.T.);
#6672=ADVANCED_FACE('',(#6067),#6337,.F.);
#6673=ADVANCED_FACE('',(#6068,#6069),#85,.T.);
#6674=ADVANCED_FACE('',(#6070),#6338,.F.);
#6675=ADVANCED_FACE('',(#6071,#6072),#86,.T.);
#6676=ADVANCED_FACE('',(#6073),#6339,.F.);
#6677=ADVANCED_FACE('',(#6074,#6075),#87,.T.);
#6678=ADVANCED_FACE('',(#6076),#6340,.F.);
#6679=ADVANCED_FACE('',(#6077,#6078),#88,.T.);
#6680=CLOSED_SHELL('',(#6341,#6342,#6343,#6344,#6345,#6346,#6347,#6348,
#6349,#6350,#6351,#6352,#6353,#6354,#6355,#6356,#6357,#6358,#6359,#6360,
#6361,#6362,#6363,#6364,#6365,#6366,#6367,#6368,#6369,#6370,#6371,#6372,
#6373,#6374,#6375,#6376,#6377,#6378,#6379,#6380,#6381,#6382,#6383,#6384,
#6385,#6386,#6387,#6388,#6389,#6390,#6391,#6392,#6393,#6394,#6395,#6396,
#6397,#6398,#6399,#6400,#6401,#6402,#6403,#6404,#6405,#6406,#6407,#6408,
#6409,#6410,#6411,#6412,#6413,#6414,#6415,#6416,#6417,#6418,#6419,#6420,
#6421,#6422,#6423,#6424,#6425,#6426,#6427,#6428,#6429,#6430,#6431,#6432,
#6433,#6434,#6435,#6436,#6437,#6438,#6439,#6440,#6441,#6442,#6443,#6444,
#6445,#6446,#6447,#6448,#6449,#6450,#6451,#6452,#6453,#6454,#6455,#6456,
#6457,#6458,#6459,#6460,#6461,#6462,#6463,#6464,#6465,#6466,#6467,#6468,
#6469,#6470,#6471,#6472,#6473,#6474,#6475,#6476,#6477,#6478,#6479,#6480,
#6481,#6482,#6483,#6484,#6485,#6486,#6487,#6488,#6489,#6490,#6491,#6492,
#6493,#6494,#6495,#6496,#6497,#6498,#6499,#6500,#6501,#6502,#6503,#6504,
#6505,#6506,#6507,#6508,#6509,#6510,#6511,#6512,#6513,#6514,#6515,#6516,
#6517,#6518,#6519,#6520,#6521,#6522,#6523,#6524,#6525,#6526,#6527,#6528,
#6529,#6530,#6531,#6532,#6533,#6534,#6535,#6536,#6537,#6538,#6539,#6540,
#6541,#6542,#6543,#6544,#6545,#6546,#6547,#6548,#6549,#6550,#6551,#6552,
#6553,#6554,#6555,#6556,#6557,#6558,#6559,#6560,#6561,#6562,#6563,#6564,
#6565,#6566,#6567,#6568,#6569,#6570,#6571,#6572,#6573,#6574,#6575,#6576,
#6577,#6578,#6579,#6580,#6581,#6582,#6583,#6584,#6585,#6586,#6587,#6588,
#6589,#6590,#6591,#6592,#6593,#6594,#6595,#6596,#6597,#6598,#6599,#6600,
#6601,#6602,#6603,#6604,#6605,#6606,#6607,#6608,#6609,#6610,#6611,#6612,
#6613,#6614,#6615,#6616,#6617,#6618,#6619,#6620,#6621,#6622,#6623,#6624,
#6625,#6626,#6627,#6628,#6629,#6630,#6631,#6632,#6633,#6634,#6635,#6636,
#6637,#6638,#6639,#6640,#6641,#6642,#6643,#6644,#6645,#6646,#6647,#6648,
#6649,#6650,#6651,#6652,#6653,#6654,#6655,#6656,#6657,#6658,#6659,#6660,
#6661,#6662,#6663,#6664,#6665,#6666,#6667,#6668,#6669,#6670,#6671,#6672,
#6673,#6674,#6675,#6676,#6677,#6678,#6679));
#6681=STYLED_ITEM('',(#6682),#6689);
#6682=PRESENTATION_STYLE_ASSIGNMENT((#6683));
#6683=SURFACE_STYLE_USAGE(.BOTH.,#6684);
#6684=SURFACE_SIDE_STYLE('',(#6685));
#6685=SURFACE_STYLE_FILL_AREA(#6686);
#6686=FILL_AREA_STYLE('',(#6687));
#6687=FILL_AREA_STYLE_COLOUR('',#6688);
#6688=COLOUR_RGB('',0.6,0.6,0.6);
#6689=MANIFOLD_SOLID_BREP('Part 1',#6680);
#6690=SHAPE_DEFINITION_REPRESENTATION(#11332,#6691);
#6691=SHAPE_REPRESENTATION('Part 1',(#6692),#11327);
#6692=AXIS2_PLACEMENT_3D('',#9548,#7556,#7557);
#6693=AXIS2_PLACEMENT_3D('',#9549,#7558,#7559);
#6694=AXIS2_PLACEMENT_3D('',#9550,#7560,#7561);
#6695=AXIS2_PLACEMENT_3D('',#9552,#7562,#7563);
#6696=AXIS2_PLACEMENT_3D('',#9554,#7564,#7565);
#6697=AXIS2_PLACEMENT_3D('',#9555,#7566,#7567);
#6698=AXIS2_PLACEMENT_3D('',#9557,#7568,#7569);
#6699=AXIS2_PLACEMENT_3D('',#9559,#7570,#7571);
#6700=AXIS2_PLACEMENT_3D('',#9560,#7572,#7573);
#6701=AXIS2_PLACEMENT_3D('',#9562,#7574,#7575);
#6702=AXIS2_PLACEMENT_3D('',#9564,#7576,#7577);
#6703=AXIS2_PLACEMENT_3D('',#9565,#7578,#7579);
#6704=AXIS2_PLACEMENT_3D('',#9567,#7580,#7581);
#6705=AXIS2_PLACEMENT_3D('',#9569,#7582,#7583);
#6706=AXIS2_PLACEMENT_3D('',#9570,#7584,#7585);
#6707=AXIS2_PLACEMENT_3D('',#9572,#7586,#7587);
#6708=AXIS2_PLACEMENT_3D('',#9574,#7588,#7589);
#6709=AXIS2_PLACEMENT_3D('',#9575,#7590,#7591);
#6710=AXIS2_PLACEMENT_3D('',#9577,#7592,#7593);
#6711=AXIS2_PLACEMENT_3D('',#9579,#7594,#7595);
#6712=AXIS2_PLACEMENT_3D('',#9580,#7596,#7597);
#6713=AXIS2_PLACEMENT_3D('',#9582,#7598,#7599);
#6714=AXIS2_PLACEMENT_3D('',#9584,#7600,#7601);
#6715=AXIS2_PLACEMENT_3D('',#9585,#7602,#7603);
#6716=AXIS2_PLACEMENT_3D('',#9587,#7604,#7605);
#6717=AXIS2_PLACEMENT_3D('',#9589,#7606,#7607);
#6718=AXIS2_PLACEMENT_3D('',#9590,#7608,#7609);
#6719=AXIS2_PLACEMENT_3D('',#9592,#7610,#7611);
#6720=AXIS2_PLACEMENT_3D('',#9594,#7612,#7613);
#6721=AXIS2_PLACEMENT_3D('',#9595,#7614,#7615);
#6722=AXIS2_PLACEMENT_3D('',#9597,#7616,#7617);
#6723=AXIS2_PLACEMENT_3D('',#9599,#7618,#7619);
#6724=AXIS2_PLACEMENT_3D('',#9600,#7620,#7621);
#6725=AXIS2_PLACEMENT_3D('',#9602,#7622,#7623);
#6726=AXIS2_PLACEMENT_3D('',#9604,#7624,#7625);
#6727=AXIS2_PLACEMENT_3D('',#9605,#7626,#7627);
#6728=AXIS2_PLACEMENT_3D('',#9607,#7628,#7629);
#6729=AXIS2_PLACEMENT_3D('',#9609,#7630,#7631);
#6730=AXIS2_PLACEMENT_3D('',#9610,#7632,#7633);
#6731=AXIS2_PLACEMENT_3D('',#9612,#7634,#7635);
#6732=AXIS2_PLACEMENT_3D('',#9614,#7636,#7637);
#6733=AXIS2_PLACEMENT_3D('',#9615,#7638,#7639);
#6734=AXIS2_PLACEMENT_3D('',#9617,#7640,#7641);
#6735=AXIS2_PLACEMENT_3D('',#9619,#7642,#7643);
#6736=AXIS2_PLACEMENT_3D('',#9623,#7645,#7646);
#6737=AXIS2_PLACEMENT_3D('',#9627,#7648,#7649);
#6738=AXIS2_PLACEMENT_3D('',#9628,#7650,#7651);
#6739=AXIS2_PLACEMENT_3D('',#9632,#7653,#7654);
#6740=AXIS2_PLACEMENT_3D('',#9636,#7656,#7657);
#6741=AXIS2_PLACEMENT_3D('',#9637,#7658,#7659);
#6742=AXIS2_PLACEMENT_3D('',#9641,#7661,#7662);
#6743=AXIS2_PLACEMENT_3D('',#9645,#7664,#7665);
#6744=AXIS2_PLACEMENT_3D('',#9646,#7666,#7667);
#6745=AXIS2_PLACEMENT_3D('',#9650,#7669,#7670);
#6746=AXIS2_PLACEMENT_3D('',#9654,#7672,#7673);
#6747=AXIS2_PLACEMENT_3D('',#9655,#7674,#7675);
#6748=AXIS2_PLACEMENT_3D('',#9659,#7677,#7678);
#6749=AXIS2_PLACEMENT_3D('',#9663,#7680,#7681);
#6750=AXIS2_PLACEMENT_3D('',#9664,#7682,#7683);
#6751=AXIS2_PLACEMENT_3D('',#9668,#7685,#7686);
#6752=AXIS2_PLACEMENT_3D('',#9672,#7688,#7689);
#6753=AXIS2_PLACEMENT_3D('',#9673,#7690,#7691);
#6754=AXIS2_PLACEMENT_3D('',#9677,#7693,#7694);
#6755=AXIS2_PLACEMENT_3D('',#9681,#7696,#7697);
#6756=AXIS2_PLACEMENT_3D('',#9682,#7698,#7699);
#6757=AXIS2_PLACEMENT_3D('',#9692,#7705,#7706);
#6758=AXIS2_PLACEMENT_3D('',#9702,#7712,#7713);
#6759=AXIS2_PLACEMENT_3D('',#9712,#7719,#7720);
#6760=AXIS2_PLACEMENT_3D('',#9720,#7725,#7726);
#6761=AXIS2_PLACEMENT_3D('',#9730,#7732,#7733);
#6762=AXIS2_PLACEMENT_3D('',#9740,#7739,#7740);
#6763=AXIS2_PLACEMENT_3D('',#9750,#7746,#7747);
#6764=AXIS2_PLACEMENT_3D('',#9761,#7753,#7754);
#6765=AXIS2_PLACEMENT_3D('',#9769,#7759,#7760);
#6766=AXIS2_PLACEMENT_3D('',#9779,#7766,#7767);
#6767=AXIS2_PLACEMENT_3D('',#9789,#7773,#7774);
#6768=AXIS2_PLACEMENT_3D('',#9799,#7780,#7781);
#6769=AXIS2_PLACEMENT_3D('',#9810,#7787,#7788);
#6770=AXIS2_PLACEMENT_3D('',#9827,#7797,#7798);
#6771=AXIS2_PLACEMENT_3D('',#9838,#7804,#7805);
#6772=AXIS2_PLACEMENT_3D('',#9846,#7810,#7811);
#6773=AXIS2_PLACEMENT_3D('',#9858,#7817,#7818);
#6774=AXIS2_PLACEMENT_3D('',#9859,#7819,#7820);
#6775=AXIS2_PLACEMENT_3D('',#9868,#7825,#7826);
#6776=AXIS2_PLACEMENT_3D('',#9870,#7827,#7828);
#6777=AXIS2_PLACEMENT_3D('',#9872,#7829,#7830);
#6778=AXIS2_PLACEMENT_3D('',#9874,#7831,#7832);
#6779=AXIS2_PLACEMENT_3D('',#9877,#7833,#7834);
#6780=AXIS2_PLACEMENT_3D('',#9878,#7835,#7836);
#6781=AXIS2_PLACEMENT_3D('',#9879,#7837,#7838);
#6782=AXIS2_PLACEMENT_3D('',#9883,#7840,#7841);
#6783=AXIS2_PLACEMENT_3D('',#9884,#7842,#7843);
#6784=AXIS2_PLACEMENT_3D('',#9885,#7844,#7845);
#6785=AXIS2_PLACEMENT_3D('',#9886,#7846,#7847);
#6786=AXIS2_PLACEMENT_3D('',#9889,#7849,#7850);
#6787=AXIS2_PLACEMENT_3D('',#9890,#7851,#7852);
#6788=AXIS2_PLACEMENT_3D('',#9894,#7854,#7855);
#6789=AXIS2_PLACEMENT_3D('',#9895,#7856,#7857);
#6790=AXIS2_PLACEMENT_3D('',#9896,#7858,#7859);
#6791=AXIS2_PLACEMENT_3D('',#9897,#7860,#7861);
#6792=AXIS2_PLACEMENT_3D('',#9908,#7867,#7868);
#6793=AXIS2_PLACEMENT_3D('',#9912,#7870,#7871);
#6794=AXIS2_PLACEMENT_3D('',#9920,#7875,#7876);
#6795=AXIS2_PLACEMENT_3D('',#9924,#7878,#7879);
#6796=AXIS2_PLACEMENT_3D('',#9940,#7887,#7888);
#6797=AXIS2_PLACEMENT_3D('',#9944,#7890,#7891);
#6798=AXIS2_PLACEMENT_3D('',#9950,#7894,#7895);
#6799=AXIS2_PLACEMENT_3D('',#9954,#7897,#7898);
#6800=AXIS2_PLACEMENT_3D('',#9957,#7900,#7901);
#6801=AXIS2_PLACEMENT_3D('',#9962,#7903,#7904);
#6802=AXIS2_PLACEMENT_3D('',#9966,#7906,#7907);
#6803=AXIS2_PLACEMENT_3D('',#9970,#7909,#7910);
#6804=AXIS2_PLACEMENT_3D('',#9976,#7913,#7914);
#6805=AXIS2_PLACEMENT_3D('',#9980,#7916,#7917);
#6806=AXIS2_PLACEMENT_3D('',#9984,#7919,#7920);
#6807=AXIS2_PLACEMENT_3D('',#9988,#7922,#7923);
#6808=AXIS2_PLACEMENT_3D('',#9992,#7925,#7926);
#6809=AXIS2_PLACEMENT_3D('',#9996,#7928,#7929);
#6810=AXIS2_PLACEMENT_3D('',#10000,#7931,#7932);
#6811=AXIS2_PLACEMENT_3D('',#10004,#7934,#7935);
#6812=AXIS2_PLACEMENT_3D('',#10005,#7936,#7937);
#6813=AXIS2_PLACEMENT_3D('',#10007,#7938,#7939);
#6814=AXIS2_PLACEMENT_3D('',#10009,#7940,#7941);
#6815=AXIS2_PLACEMENT_3D('',#10011,#7942,#7943);
#6816=AXIS2_PLACEMENT_3D('',#10013,#7944,#7945);
#6817=AXIS2_PLACEMENT_3D('',#10015,#7946,#7947);
#6818=AXIS2_PLACEMENT_3D('',#10017,#7948,#7949);
#6819=AXIS2_PLACEMENT_3D('',#10019,#7950,#7951);
#6820=AXIS2_PLACEMENT_3D('',#10021,#7952,#7953);
#6821=AXIS2_PLACEMENT_3D('',#10023,#7954,#7955);
#6822=AXIS2_PLACEMENT_3D('',#10025,#7956,#7957);
#6823=AXIS2_PLACEMENT_3D('',#10027,#7958,#7959);
#6824=AXIS2_PLACEMENT_3D('',#10029,#7960,#7961);
#6825=AXIS2_PLACEMENT_3D('',#10031,#7962,#7963);
#6826=AXIS2_PLACEMENT_3D('',#10033,#7964,#7965);
#6827=AXIS2_PLACEMENT_3D('',#10035,#7966,#7967);
#6828=AXIS2_PLACEMENT_3D('',#10037,#7968,#7969);
#6829=AXIS2_PLACEMENT_3D('',#10039,#7970,#7971);
#6830=AXIS2_PLACEMENT_3D('',#10041,#7972,#7973);
#6831=AXIS2_PLACEMENT_3D('',#10043,#7974,#7975);
#6832=AXIS2_PLACEMENT_3D('',#10045,#7976,#7977);
#6833=AXIS2_PLACEMENT_3D('',#10047,#7978,#7979);
#6834=AXIS2_PLACEMENT_3D('',#10049,#7980,#7981);
#6835=AXIS2_PLACEMENT_3D('',#10051,#7982,#7983);
#6836=AXIS2_PLACEMENT_3D('',#10053,#7984,#7985);
#6837=AXIS2_PLACEMENT_3D('',#10055,#7986,#7987);
#6838=AXIS2_PLACEMENT_3D('',#10057,#7988,#7989);
#6839=AXIS2_PLACEMENT_3D('',#10059,#7990,#7991);
#6840=AXIS2_PLACEMENT_3D('',#10061,#7992,#7993);
#6841=AXIS2_PLACEMENT_3D('',#10063,#7994,#7995);
#6842=AXIS2_PLACEMENT_3D('',#10065,#7996,#7997);
#6843=AXIS2_PLACEMENT_3D('',#10067,#7998,#7999);
#6844=AXIS2_PLACEMENT_3D('',#10069,#8000,#8001);
#6845=AXIS2_PLACEMENT_3D('',#10071,#8002,#8003);
#6846=AXIS2_PLACEMENT_3D('',#10073,#8004,#8005);
#6847=AXIS2_PLACEMENT_3D('',#10075,#8006,#8007);
#6848=AXIS2_PLACEMENT_3D('',#10077,#8008,#8009);
#6849=AXIS2_PLACEMENT_3D('',#10079,#8010,#8011);
#6850=AXIS2_PLACEMENT_3D('',#10081,#8012,#8013);
#6851=AXIS2_PLACEMENT_3D('',#10083,#8014,#8015);
#6852=AXIS2_PLACEMENT_3D('',#10085,#8016,#8017);
#6853=AXIS2_PLACEMENT_3D('',#10087,#8018,#8019);
#6854=AXIS2_PLACEMENT_3D('',#10089,#8020,#8021);
#6855=AXIS2_PLACEMENT_3D('',#10091,#8022,#8023);
#6856=AXIS2_PLACEMENT_3D('',#10093,#8024,#8025);
#6857=AXIS2_PLACEMENT_3D('',#10095,#8026,#8027);
#6858=AXIS2_PLACEMENT_3D('',#10097,#8028,#8029);
#6859=AXIS2_PLACEMENT_3D('',#10099,#8030,#8031);
#6860=AXIS2_PLACEMENT_3D('',#10101,#8032,#8033);
#6861=AXIS2_PLACEMENT_3D('',#10103,#8034,#8035);
#6862=AXIS2_PLACEMENT_3D('',#10105,#8036,#8037);
#6863=AXIS2_PLACEMENT_3D('',#10107,#8038,#8039);
#6864=AXIS2_PLACEMENT_3D('',#10109,#8040,#8041);
#6865=AXIS2_PLACEMENT_3D('',#10111,#8042,#8043);
#6866=AXIS2_PLACEMENT_3D('',#10113,#8044,#8045);
#6867=AXIS2_PLACEMENT_3D('',#10115,#8046,#8047);
#6868=AXIS2_PLACEMENT_3D('',#10117,#8048,#8049);
#6869=AXIS2_PLACEMENT_3D('',#10119,#8050,#8051);
#6870=AXIS2_PLACEMENT_3D('',#10121,#8052,#8053);
#6871=AXIS2_PLACEMENT_3D('',#10123,#8054,#8055);
#6872=AXIS2_PLACEMENT_3D('',#10125,#8056,#8057);
#6873=AXIS2_PLACEMENT_3D('',#10127,#8058,#8059);
#6874=AXIS2_PLACEMENT_3D('',#10129,#8060,#8061);
#6875=AXIS2_PLACEMENT_3D('',#10131,#8062,#8063);
#6876=AXIS2_PLACEMENT_3D('',#10133,#8064,#8065);
#6877=AXIS2_PLACEMENT_3D('',#10135,#8066,#8067);
#6878=AXIS2_PLACEMENT_3D('',#10137,#8068,#8069);
#6879=AXIS2_PLACEMENT_3D('',#10139,#8070,#8071);
#6880=AXIS2_PLACEMENT_3D('',#10141,#8072,#8073);
#6881=AXIS2_PLACEMENT_3D('',#10143,#8074,#8075);
#6882=AXIS2_PLACEMENT_3D('',#10145,#8076,#8077);
#6883=AXIS2_PLACEMENT_3D('',#10147,#8078,#8079);
#6884=AXIS2_PLACEMENT_3D('',#10149,#8080,#8081);
#6885=AXIS2_PLACEMENT_3D('',#10151,#8082,#8083);
#6886=AXIS2_PLACEMENT_3D('',#10153,#8084,#8085);
#6887=AXIS2_PLACEMENT_3D('',#10155,#8086,#8087);
#6888=AXIS2_PLACEMENT_3D('',#10157,#8088,#8089);
#6889=AXIS2_PLACEMENT_3D('',#10159,#8090,#8091);
#6890=AXIS2_PLACEMENT_3D('',#10161,#8092,#8093);
#6891=AXIS2_PLACEMENT_3D('',#10163,#8094,#8095);
#6892=AXIS2_PLACEMENT_3D('',#10165,#8096,#8097);
#6893=AXIS2_PLACEMENT_3D('',#10167,#8098,#8099);
#6894=AXIS2_PLACEMENT_3D('',#10169,#8100,#8101);
#6895=AXIS2_PLACEMENT_3D('',#10171,#8102,#8103);
#6896=AXIS2_PLACEMENT_3D('',#10173,#8104,#8105);
#6897=AXIS2_PLACEMENT_3D('',#10175,#8106,#8107);
#6898=AXIS2_PLACEMENT_3D('',#10177,#8108,#8109);
#6899=AXIS2_PLACEMENT_3D('',#10179,#8110,#8111);
#6900=AXIS2_PLACEMENT_3D('',#10181,#8112,#8113);
#6901=AXIS2_PLACEMENT_3D('',#10183,#8114,#8115);
#6902=AXIS2_PLACEMENT_3D('',#10185,#8116,#8117);
#6903=AXIS2_PLACEMENT_3D('',#10187,#8118,#8119);
#6904=AXIS2_PLACEMENT_3D('',#10189,#8120,#8121);
#6905=AXIS2_PLACEMENT_3D('',#10191,#8122,#8123);
#6906=AXIS2_PLACEMENT_3D('',#10193,#8124,#8125);
#6907=AXIS2_PLACEMENT_3D('',#10195,#8126,#8127);
#6908=AXIS2_PLACEMENT_3D('',#10197,#8128,#8129);
#6909=AXIS2_PLACEMENT_3D('',#10199,#8130,#8131);
#6910=AXIS2_PLACEMENT_3D('',#10201,#8132,#8133);
#6911=AXIS2_PLACEMENT_3D('',#10203,#8134,#8135);
#6912=AXIS2_PLACEMENT_3D('',#10205,#8136,#8137);
#6913=AXIS2_PLACEMENT_3D('',#10207,#8138,#8139);
#6914=AXIS2_PLACEMENT_3D('',#10209,#8140,#8141);
#6915=AXIS2_PLACEMENT_3D('',#10211,#8142,#8143);
#6916=AXIS2_PLACEMENT_3D('',#10213,#8144,#8145);
#6917=AXIS2_PLACEMENT_3D('',#10215,#8146,#8147);
#6918=AXIS2_PLACEMENT_3D('',#10217,#8148,#8149);
#6919=AXIS2_PLACEMENT_3D('',#10219,#8150,#8151);
#6920=AXIS2_PLACEMENT_3D('',#10221,#8152,#8153);
#6921=AXIS2_PLACEMENT_3D('',#10223,#8154,#8155);
#6922=AXIS2_PLACEMENT_3D('',#10225,#8156,#8157);
#6923=AXIS2_PLACEMENT_3D('',#10227,#8158,#8159);
#6924=AXIS2_PLACEMENT_3D('',#10229,#8160,#8161);
#6925=AXIS2_PLACEMENT_3D('',#10231,#8162,#8163);
#6926=AXIS2_PLACEMENT_3D('',#10233,#8164,#8165);
#6927=AXIS2_PLACEMENT_3D('',#10235,#8166,#8167);
#6928=AXIS2_PLACEMENT_3D('',#10237,#8168,#8169);
#6929=AXIS2_PLACEMENT_3D('',#10239,#8170,#8171);
#6930=AXIS2_PLACEMENT_3D('',#10241,#8172,#8173);
#6931=AXIS2_PLACEMENT_3D('',#10243,#8174,#8175);
#6932=AXIS2_PLACEMENT_3D('',#10245,#8176,#8177);
#6933=AXIS2_PLACEMENT_3D('',#10247,#8178,#8179);
#6934=AXIS2_PLACEMENT_3D('',#10249,#8180,#8181);
#6935=AXIS2_PLACEMENT_3D('',#10251,#8182,#8183);
#6936=AXIS2_PLACEMENT_3D('',#10253,#8184,#8185);
#6937=AXIS2_PLACEMENT_3D('',#10255,#8186,#8187);
#6938=AXIS2_PLACEMENT_3D('',#10257,#8188,#8189);
#6939=AXIS2_PLACEMENT_3D('',#10259,#8190,#8191);
#6940=AXIS2_PLACEMENT_3D('',#10261,#8192,#8193);
#6941=AXIS2_PLACEMENT_3D('',#10263,#8194,#8195);
#6942=AXIS2_PLACEMENT_3D('',#10265,#8196,#8197);
#6943=AXIS2_PLACEMENT_3D('',#10267,#8198,#8199);
#6944=AXIS2_PLACEMENT_3D('',#10269,#8200,#8201);
#6945=AXIS2_PLACEMENT_3D('',#10271,#8202,#8203);
#6946=AXIS2_PLACEMENT_3D('',#10273,#8204,#8205);
#6947=AXIS2_PLACEMENT_3D('',#10275,#8206,#8207);
#6948=AXIS2_PLACEMENT_3D('',#10277,#8208,#8209);
#6949=AXIS2_PLACEMENT_3D('',#10279,#8210,#8211);
#6950=AXIS2_PLACEMENT_3D('',#10281,#8212,#8213);
#6951=AXIS2_PLACEMENT_3D('',#10283,#8214,#8215);
#6952=AXIS2_PLACEMENT_3D('',#10285,#8216,#8217);
#6953=AXIS2_PLACEMENT_3D('',#10287,#8218,#8219);
#6954=AXIS2_PLACEMENT_3D('',#10289,#8220,#8221);
#6955=AXIS2_PLACEMENT_3D('',#10291,#8222,#8223);
#6956=AXIS2_PLACEMENT_3D('',#10293,#8224,#8225);
#6957=AXIS2_PLACEMENT_3D('',#10295,#8226,#8227);
#6958=AXIS2_PLACEMENT_3D('',#10297,#8228,#8229);
#6959=AXIS2_PLACEMENT_3D('',#10299,#8230,#8231);
#6960=AXIS2_PLACEMENT_3D('',#10301,#8232,#8233);
#6961=AXIS2_PLACEMENT_3D('',#10303,#8234,#8235);
#6962=AXIS2_PLACEMENT_3D('',#10305,#8236,#8237);
#6963=AXIS2_PLACEMENT_3D('',#10307,#8238,#8239);
#6964=AXIS2_PLACEMENT_3D('',#10309,#8240,#8241);
#6965=AXIS2_PLACEMENT_3D('',#10311,#8242,#8243);
#6966=AXIS2_PLACEMENT_3D('',#10313,#8244,#8245);
#6967=AXIS2_PLACEMENT_3D('',#10315,#8246,#8247);
#6968=AXIS2_PLACEMENT_3D('',#10317,#8248,#8249);
#6969=AXIS2_PLACEMENT_3D('',#10319,#8250,#8251);
#6970=AXIS2_PLACEMENT_3D('',#10321,#8252,#8253);
#6971=AXIS2_PLACEMENT_3D('',#10323,#8254,#8255);
#6972=AXIS2_PLACEMENT_3D('',#10325,#8256,#8257);
#6973=AXIS2_PLACEMENT_3D('',#10327,#8258,#8259);
#6974=AXIS2_PLACEMENT_3D('',#10329,#8260,#8261);
#6975=AXIS2_PLACEMENT_3D('',#10331,#8262,#8263);
#6976=AXIS2_PLACEMENT_3D('',#10333,#8264,#8265);
#6977=AXIS2_PLACEMENT_3D('',#10335,#8266,#8267);
#6978=AXIS2_PLACEMENT_3D('',#10337,#8268,#8269);
#6979=AXIS2_PLACEMENT_3D('',#10339,#8270,#8271);
#6980=AXIS2_PLACEMENT_3D('',#10341,#8272,#8273);
#6981=AXIS2_PLACEMENT_3D('',#10343,#8274,#8275);
#6982=AXIS2_PLACEMENT_3D('',#10345,#8276,#8277);
#6983=AXIS2_PLACEMENT_3D('',#10347,#8278,#8279);
#6984=AXIS2_PLACEMENT_3D('',#10349,#8280,#8281);
#6985=AXIS2_PLACEMENT_3D('',#10351,#8282,#8283);
#6986=AXIS2_PLACEMENT_3D('',#10353,#8284,#8285);
#6987=AXIS2_PLACEMENT_3D('',#10355,#8286,#8287);
#6988=AXIS2_PLACEMENT_3D('',#10357,#8288,#8289);
#6989=AXIS2_PLACEMENT_3D('',#10359,#8290,#8291);
#6990=AXIS2_PLACEMENT_3D('',#10361,#8292,#8293);
#6991=AXIS2_PLACEMENT_3D('',#10363,#8294,#8295);
#6992=AXIS2_PLACEMENT_3D('',#10365,#8296,#8297);
#6993=AXIS2_PLACEMENT_3D('',#10367,#8298,#8299);
#6994=AXIS2_PLACEMENT_3D('',#10372,#8301,#8302);
#6995=AXIS2_PLACEMENT_3D('',#10376,#8304,#8305);
#6996=AXIS2_PLACEMENT_3D('',#10380,#8307,#8308);
#6997=AXIS2_PLACEMENT_3D('',#10383,#8310,#8311);
#6998=AXIS2_PLACEMENT_3D('',#10385,#8312,#8313);
#6999=AXIS2_PLACEMENT_3D('',#10387,#8314,#8315);
#7000=AXIS2_PLACEMENT_3D('',#10389,#8316,#8317);
#7001=AXIS2_PLACEMENT_3D('',#10391,#8318,#8319);
#7002=AXIS2_PLACEMENT_3D('',#10397,#8322,#8323);
#7003=AXIS2_PLACEMENT_3D('',#10401,#8325,#8326);
#7004=AXIS2_PLACEMENT_3D('',#10409,#8330,#8331);
#7005=AXIS2_PLACEMENT_3D('',#10413,#8333,#8334);
#7006=AXIS2_PLACEMENT_3D('',#10423,#8339,#8340);
#7007=AXIS2_PLACEMENT_3D('',#10427,#8342,#8343);
#7008=AXIS2_PLACEMENT_3D('',#10428,#8344,#8345);
#7009=AXIS2_PLACEMENT_3D('',#10432,#8347,#8348);
#7010=AXIS2_PLACEMENT_3D('',#10433,#8349,#8350);
#7011=AXIS2_PLACEMENT_3D('',#10434,#8351,#8352);
#7012=AXIS2_PLACEMENT_3D('',#10435,#8353,#8354);
#7013=AXIS2_PLACEMENT_3D('',#10436,#8355,#8356);
#7014=AXIS2_PLACEMENT_3D('',#10437,#8357,#8358);
#7015=AXIS2_PLACEMENT_3D('',#10441,#8360,#8361);
#7016=AXIS2_PLACEMENT_3D('',#10442,#8362,#8363);
#7017=AXIS2_PLACEMENT_3D('',#10443,#8364,#8365);
#7018=AXIS2_PLACEMENT_3D('',#10444,#8366,#8367);
#7019=AXIS2_PLACEMENT_3D('',#10448,#8369,#8370);
#7020=AXIS2_PLACEMENT_3D('',#10449,#8371,#8372);
#7021=AXIS2_PLACEMENT_3D('',#10450,#8373,#8374);
#7022=AXIS2_PLACEMENT_3D('',#10451,#8375,#8376);
#7023=AXIS2_PLACEMENT_3D('',#10452,#8377,#8378);
#7024=AXIS2_PLACEMENT_3D('',#10453,#8379,#8380);
#7025=AXIS2_PLACEMENT_3D('',#10457,#8382,#8383);
#7026=AXIS2_PLACEMENT_3D('',#10458,#8384,#8385);
#7027=AXIS2_PLACEMENT_3D('',#10464,#8389,#8390);
#7028=AXIS2_PLACEMENT_3D('',#10465,#8391,#8392);
#7029=AXIS2_PLACEMENT_3D('',#10467,#8393,#8394);
#7030=AXIS2_PLACEMENT_3D('',#10472,#8396,#8397);
#7031=AXIS2_PLACEMENT_3D('',#10476,#8399,#8400);
#7032=AXIS2_PLACEMENT_3D('',#10480,#8402,#8403);
#7033=AXIS2_PLACEMENT_3D('',#10488,#8407,#8408);
#7034=AXIS2_PLACEMENT_3D('',#10492,#8410,#8411);
#7035=AXIS2_PLACEMENT_3D('',#10498,#8414,#8415);
#7036=AXIS2_PLACEMENT_3D('',#10502,#8417,#8418);
#7037=AXIS2_PLACEMENT_3D('',#10506,#8420,#8421);
#7038=AXIS2_PLACEMENT_3D('',#10510,#8423,#8424);
#7039=AXIS2_PLACEMENT_3D('',#10514,#8426,#8427);
#7040=AXIS2_PLACEMENT_3D('',#10518,#8429,#8430);
#7041=AXIS2_PLACEMENT_3D('',#10522,#8432,#8433);
#7042=AXIS2_PLACEMENT_3D('',#10526,#8435,#8436);
#7043=AXIS2_PLACEMENT_3D('',#10527,#8437,#8438);
#7044=AXIS2_PLACEMENT_3D('',#10529,#8439,#8440);
#7045=AXIS2_PLACEMENT_3D('',#10531,#8441,#8442);
#7046=AXIS2_PLACEMENT_3D('',#10533,#8443,#8444);
#7047=AXIS2_PLACEMENT_3D('',#10535,#8445,#8446);
#7048=AXIS2_PLACEMENT_3D('',#10537,#8447,#8448);
#7049=AXIS2_PLACEMENT_3D('',#10539,#8449,#8450);
#7050=AXIS2_PLACEMENT_3D('',#10541,#8451,#8452);
#7051=AXIS2_PLACEMENT_3D('',#10543,#8453,#8454);
#7052=AXIS2_PLACEMENT_3D('',#10545,#8455,#8456);
#7053=AXIS2_PLACEMENT_3D('',#10547,#8457,#8458);
#7054=AXIS2_PLACEMENT_3D('',#10549,#8459,#8460);
#7055=AXIS2_PLACEMENT_3D('',#10551,#8461,#8462);
#7056=AXIS2_PLACEMENT_3D('',#10553,#8463,#8464);
#7057=AXIS2_PLACEMENT_3D('',#10555,#8465,#8466);
#7058=AXIS2_PLACEMENT_3D('',#10557,#8467,#8468);
#7059=AXIS2_PLACEMENT_3D('',#10559,#8469,#8470);
#7060=AXIS2_PLACEMENT_3D('',#10561,#8471,#8472);
#7061=AXIS2_PLACEMENT_3D('',#10563,#8473,#8474);
#7062=AXIS2_PLACEMENT_3D('',#10565,#8475,#8476);
#7063=AXIS2_PLACEMENT_3D('',#10567,#8477,#8478);
#7064=AXIS2_PLACEMENT_3D('',#10569,#8479,#8480);
#7065=AXIS2_PLACEMENT_3D('',#10571,#8481,#8482);
#7066=AXIS2_PLACEMENT_3D('',#10573,#8483,#8484);
#7067=AXIS2_PLACEMENT_3D('',#10575,#8485,#8486);
#7068=AXIS2_PLACEMENT_3D('',#10577,#8487,#8488);
#7069=AXIS2_PLACEMENT_3D('',#10579,#8489,#8490);
#7070=AXIS2_PLACEMENT_3D('',#10581,#8491,#8492);
#7071=AXIS2_PLACEMENT_3D('',#10583,#8493,#8494);
#7072=AXIS2_PLACEMENT_3D('',#10585,#8495,#8496);
#7073=AXIS2_PLACEMENT_3D('',#10587,#8497,#8498);
#7074=AXIS2_PLACEMENT_3D('',#10589,#8499,#8500);
#7075=AXIS2_PLACEMENT_3D('',#10591,#8501,#8502);
#7076=AXIS2_PLACEMENT_3D('',#10593,#8503,#8504);
#7077=AXIS2_PLACEMENT_3D('',#10595,#8505,#8506);
#7078=AXIS2_PLACEMENT_3D('',#10597,#8507,#8508);
#7079=AXIS2_PLACEMENT_3D('',#10599,#8509,#8510);
#7080=AXIS2_PLACEMENT_3D('',#10601,#8511,#8512);
#7081=AXIS2_PLACEMENT_3D('',#10603,#8513,#8514);
#7082=AXIS2_PLACEMENT_3D('',#10605,#8515,#8516);
#7083=AXIS2_PLACEMENT_3D('',#10607,#8517,#8518);
#7084=AXIS2_PLACEMENT_3D('',#10609,#8519,#8520);
#7085=AXIS2_PLACEMENT_3D('',#10611,#8521,#8522);
#7086=AXIS2_PLACEMENT_3D('',#10613,#8523,#8524);
#7087=AXIS2_PLACEMENT_3D('',#10615,#8525,#8526);
#7088=AXIS2_PLACEMENT_3D('',#10617,#8527,#8528);
#7089=AXIS2_PLACEMENT_3D('',#10619,#8529,#8530);
#7090=AXIS2_PLACEMENT_3D('',#10621,#8531,#8532);
#7091=AXIS2_PLACEMENT_3D('',#10623,#8533,#8534);
#7092=AXIS2_PLACEMENT_3D('',#10625,#8535,#8536);
#7093=AXIS2_PLACEMENT_3D('',#10627,#8537,#8538);
#7094=AXIS2_PLACEMENT_3D('',#10629,#8539,#8540);
#7095=AXIS2_PLACEMENT_3D('',#10631,#8541,#8542);
#7096=AXIS2_PLACEMENT_3D('',#10633,#8543,#8544);
#7097=AXIS2_PLACEMENT_3D('',#10635,#8545,#8546);
#7098=AXIS2_PLACEMENT_3D('',#10637,#8547,#8548);
#7099=AXIS2_PLACEMENT_3D('',#10639,#8549,#8550);
#7100=AXIS2_PLACEMENT_3D('',#10641,#8551,#8552);
#7101=AXIS2_PLACEMENT_3D('',#10643,#8553,#8554);
#7102=AXIS2_PLACEMENT_3D('',#10645,#8555,#8556);
#7103=AXIS2_PLACEMENT_3D('',#10647,#8557,#8558);
#7104=AXIS2_PLACEMENT_3D('',#10649,#8559,#8560);
#7105=AXIS2_PLACEMENT_3D('',#10651,#8561,#8562);
#7106=AXIS2_PLACEMENT_3D('',#10653,#8563,#8564);
#7107=AXIS2_PLACEMENT_3D('',#10655,#8565,#8566);
#7108=AXIS2_PLACEMENT_3D('',#10657,#8567,#8568);
#7109=AXIS2_PLACEMENT_3D('',#10659,#8569,#8570);
#7110=AXIS2_PLACEMENT_3D('',#10661,#8571,#8572);
#7111=AXIS2_PLACEMENT_3D('',#10663,#8573,#8574);
#7112=AXIS2_PLACEMENT_3D('',#10665,#8575,#8576);
#7113=AXIS2_PLACEMENT_3D('',#10667,#8577,#8578);
#7114=AXIS2_PLACEMENT_3D('',#10669,#8579,#8580);
#7115=AXIS2_PLACEMENT_3D('',#10671,#8581,#8582);
#7116=AXIS2_PLACEMENT_3D('',#10673,#8583,#8584);
#7117=AXIS2_PLACEMENT_3D('',#10675,#8585,#8586);
#7118=AXIS2_PLACEMENT_3D('',#10677,#8587,#8588);
#7119=AXIS2_PLACEMENT_3D('',#10679,#8589,#8590);
#7120=AXIS2_PLACEMENT_3D('',#10681,#8591,#8592);
#7121=AXIS2_PLACEMENT_3D('',#10683,#8593,#8594);
#7122=AXIS2_PLACEMENT_3D('',#10685,#8595,#8596);
#7123=AXIS2_PLACEMENT_3D('',#10687,#8597,#8598);
#7124=AXIS2_PLACEMENT_3D('',#10689,#8599,#8600);
#7125=AXIS2_PLACEMENT_3D('',#10691,#8601,#8602);
#7126=AXIS2_PLACEMENT_3D('',#10693,#8603,#8604);
#7127=AXIS2_PLACEMENT_3D('',#10695,#8605,#8606);
#7128=AXIS2_PLACEMENT_3D('',#10697,#8607,#8608);
#7129=AXIS2_PLACEMENT_3D('',#10699,#8609,#8610);
#7130=AXIS2_PLACEMENT_3D('',#10701,#8611,#8612);
#7131=AXIS2_PLACEMENT_3D('',#10703,#8613,#8614);
#7132=AXIS2_PLACEMENT_3D('',#10705,#8615,#8616);
#7133=AXIS2_PLACEMENT_3D('',#10707,#8617,#8618);
#7134=AXIS2_PLACEMENT_3D('',#10709,#8619,#8620);
#7135=AXIS2_PLACEMENT_3D('',#10711,#8621,#8622);
#7136=AXIS2_PLACEMENT_3D('',#10713,#8623,#8624);
#7137=AXIS2_PLACEMENT_3D('',#10715,#8625,#8626);
#7138=AXIS2_PLACEMENT_3D('',#10717,#8627,#8628);
#7139=AXIS2_PLACEMENT_3D('',#10719,#8629,#8630);
#7140=AXIS2_PLACEMENT_3D('',#10721,#8631,#8632);
#7141=AXIS2_PLACEMENT_3D('',#10723,#8633,#8634);
#7142=AXIS2_PLACEMENT_3D('',#10725,#8635,#8636);
#7143=AXIS2_PLACEMENT_3D('',#10727,#8637,#8638);
#7144=AXIS2_PLACEMENT_3D('',#10729,#8639,#8640);
#7145=AXIS2_PLACEMENT_3D('',#10731,#8641,#8642);
#7146=AXIS2_PLACEMENT_3D('',#10733,#8643,#8644);
#7147=AXIS2_PLACEMENT_3D('',#10735,#8645,#8646);
#7148=AXIS2_PLACEMENT_3D('',#10737,#8647,#8648);
#7149=AXIS2_PLACEMENT_3D('',#10739,#8649,#8650);
#7150=AXIS2_PLACEMENT_3D('',#10741,#8651,#8652);
#7151=AXIS2_PLACEMENT_3D('',#10743,#8653,#8654);
#7152=AXIS2_PLACEMENT_3D('',#10745,#8655,#8656);
#7153=AXIS2_PLACEMENT_3D('',#10747,#8657,#8658);
#7154=AXIS2_PLACEMENT_3D('',#10749,#8659,#8660);
#7155=AXIS2_PLACEMENT_3D('',#10751,#8661,#8662);
#7156=AXIS2_PLACEMENT_3D('',#10753,#8663,#8664);
#7157=AXIS2_PLACEMENT_3D('',#10755,#8665,#8666);
#7158=AXIS2_PLACEMENT_3D('',#10757,#8667,#8668);
#7159=AXIS2_PLACEMENT_3D('',#10759,#8669,#8670);
#7160=AXIS2_PLACEMENT_3D('',#10761,#8671,#8672);
#7161=AXIS2_PLACEMENT_3D('',#10763,#8673,#8674);
#7162=AXIS2_PLACEMENT_3D('',#10765,#8675,#8676);
#7163=AXIS2_PLACEMENT_3D('',#10767,#8677,#8678);
#7164=AXIS2_PLACEMENT_3D('',#10769,#8679,#8680);
#7165=AXIS2_PLACEMENT_3D('',#10771,#8681,#8682);
#7166=AXIS2_PLACEMENT_3D('',#10773,#8683,#8684);
#7167=AXIS2_PLACEMENT_3D('',#10775,#8685,#8686);
#7168=AXIS2_PLACEMENT_3D('',#10777,#8687,#8688);
#7169=AXIS2_PLACEMENT_3D('',#10779,#8689,#8690);
#7170=AXIS2_PLACEMENT_3D('',#10781,#8691,#8692);
#7171=AXIS2_PLACEMENT_3D('',#10783,#8693,#8694);
#7172=AXIS2_PLACEMENT_3D('',#10785,#8695,#8696);
#7173=AXIS2_PLACEMENT_3D('',#10787,#8697,#8698);
#7174=AXIS2_PLACEMENT_3D('',#10789,#8699,#8700);
#7175=AXIS2_PLACEMENT_3D('',#10791,#8701,#8702);
#7176=AXIS2_PLACEMENT_3D('',#10793,#8703,#8704);
#7177=AXIS2_PLACEMENT_3D('',#10795,#8705,#8706);
#7178=AXIS2_PLACEMENT_3D('',#10797,#8707,#8708);
#7179=AXIS2_PLACEMENT_3D('',#10799,#8709,#8710);
#7180=AXIS2_PLACEMENT_3D('',#10801,#8711,#8712);
#7181=AXIS2_PLACEMENT_3D('',#10803,#8713,#8714);
#7182=AXIS2_PLACEMENT_3D('',#10805,#8715,#8716);
#7183=AXIS2_PLACEMENT_3D('',#10807,#8717,#8718);
#7184=AXIS2_PLACEMENT_3D('',#10809,#8719,#8720);
#7185=AXIS2_PLACEMENT_3D('',#10811,#8721,#8722);
#7186=AXIS2_PLACEMENT_3D('',#10813,#8723,#8724);
#7187=AXIS2_PLACEMENT_3D('',#10815,#8725,#8726);
#7188=AXIS2_PLACEMENT_3D('',#10817,#8727,#8728);
#7189=AXIS2_PLACEMENT_3D('',#10819,#8729,#8730);
#7190=AXIS2_PLACEMENT_3D('',#10821,#8731,#8732);
#7191=AXIS2_PLACEMENT_3D('',#10823,#8733,#8734);
#7192=AXIS2_PLACEMENT_3D('',#10825,#8735,#8736);
#7193=AXIS2_PLACEMENT_3D('',#10827,#8737,#8738);
#7194=AXIS2_PLACEMENT_3D('',#10829,#8739,#8740);
#7195=AXIS2_PLACEMENT_3D('',#10831,#8741,#8742);
#7196=AXIS2_PLACEMENT_3D('',#10833,#8743,#8744);
#7197=AXIS2_PLACEMENT_3D('',#10835,#8745,#8746);
#7198=AXIS2_PLACEMENT_3D('',#10837,#8747,#8748);
#7199=AXIS2_PLACEMENT_3D('',#10839,#8749,#8750);
#7200=AXIS2_PLACEMENT_3D('',#10841,#8751,#8752);
#7201=AXIS2_PLACEMENT_3D('',#10843,#8753,#8754);
#7202=AXIS2_PLACEMENT_3D('',#10845,#8755,#8756);
#7203=AXIS2_PLACEMENT_3D('',#10847,#8757,#8758);
#7204=AXIS2_PLACEMENT_3D('',#10849,#8759,#8760);
#7205=AXIS2_PLACEMENT_3D('',#10851,#8761,#8762);
#7206=AXIS2_PLACEMENT_3D('',#10853,#8763,#8764);
#7207=AXIS2_PLACEMENT_3D('',#10855,#8765,#8766);
#7208=AXIS2_PLACEMENT_3D('',#10857,#8767,#8768);
#7209=AXIS2_PLACEMENT_3D('',#10859,#8769,#8770);
#7210=AXIS2_PLACEMENT_3D('',#10861,#8771,#8772);
#7211=AXIS2_PLACEMENT_3D('',#10863,#8773,#8774);
#7212=AXIS2_PLACEMENT_3D('',#10865,#8775,#8776);
#7213=AXIS2_PLACEMENT_3D('',#10867,#8777,#8778);
#7214=AXIS2_PLACEMENT_3D('',#10869,#8779,#8780);
#7215=AXIS2_PLACEMENT_3D('',#10871,#8781,#8782);
#7216=AXIS2_PLACEMENT_3D('',#10873,#8783,#8784);
#7217=AXIS2_PLACEMENT_3D('',#10875,#8785,#8786);
#7218=AXIS2_PLACEMENT_3D('',#10877,#8787,#8788);
#7219=AXIS2_PLACEMENT_3D('',#10879,#8789,#8790);
#7220=AXIS2_PLACEMENT_3D('',#10881,#8791,#8792);
#7221=AXIS2_PLACEMENT_3D('',#10883,#8793,#8794);
#7222=AXIS2_PLACEMENT_3D('',#10885,#8795,#8796);
#7223=AXIS2_PLACEMENT_3D('',#10887,#8797,#8798);
#7224=AXIS2_PLACEMENT_3D('',#10889,#8799,#8800);
#7225=AXIS2_PLACEMENT_3D('',#10894,#8802,#8803);
#7226=AXIS2_PLACEMENT_3D('',#10898,#8805,#8806);
#7227=AXIS2_PLACEMENT_3D('',#10902,#8808,#8809);
#7228=AXIS2_PLACEMENT_3D('',#10905,#8811,#8812);
#7229=AXIS2_PLACEMENT_3D('',#10907,#8813,#8814);
#7230=AXIS2_PLACEMENT_3D('',#10909,#8815,#8816);
#7231=AXIS2_PLACEMENT_3D('',#10911,#8817,#8818);
#7232=AXIS2_PLACEMENT_3D('',#10913,#8819,#8820);
#7233=AXIS2_PLACEMENT_3D('',#10915,#8821,#8822);
#7234=AXIS2_PLACEMENT_3D('',#10918,#8825,#8826);
#7235=AXIS2_PLACEMENT_3D('',#10920,#8828,#8829);
#7236=AXIS2_PLACEMENT_3D('',#10922,#8831,#8832);
#7237=AXIS2_PLACEMENT_3D('',#10924,#8834,#8835);
#7238=AXIS2_PLACEMENT_3D('',#10927,#8838,#8839);
#7239=AXIS2_PLACEMENT_3D('',#10929,#8841,#8842);
#7240=AXIS2_PLACEMENT_3D('',#10931,#8844,#8845);
#7241=AXIS2_PLACEMENT_3D('',#10933,#8847,#8848);
#7242=AXIS2_PLACEMENT_3D('',#10935,#8850,#8851);
#7243=AXIS2_PLACEMENT_3D('',#10937,#8853,#8854);
#7244=AXIS2_PLACEMENT_3D('',#10939,#8856,#8857);
#7245=AXIS2_PLACEMENT_3D('',#10942,#8860,#8861);
#7246=AXIS2_PLACEMENT_3D('',#10944,#8863,#8864);
#7247=AXIS2_PLACEMENT_3D('',#10946,#8866,#8867);
#7248=AXIS2_PLACEMENT_3D('',#10950,#8871,#8872);
#7249=AXIS2_PLACEMENT_3D('',#10955,#8877,#8878);
#7250=AXIS2_PLACEMENT_3D('',#10957,#8880,#8881);
#7251=AXIS2_PLACEMENT_3D('',#10959,#8883,#8884);
#7252=AXIS2_PLACEMENT_3D('',#10961,#8886,#8887);
#7253=AXIS2_PLACEMENT_3D('',#10966,#8891,#8892);
#7254=AXIS2_PLACEMENT_3D('',#10967,#8893,#8894);
#7255=AXIS2_PLACEMENT_3D('',#10969,#8896,#8897);
#7256=AXIS2_PLACEMENT_3D('',#10971,#8899,#8900);
#7257=AXIS2_PLACEMENT_3D('',#10976,#8904,#8905);
#7258=AXIS2_PLACEMENT_3D('',#10977,#8906,#8907);
#7259=AXIS2_PLACEMENT_3D('',#10979,#8909,#8910);
#7260=AXIS2_PLACEMENT_3D('',#10982,#8913,#8914);
#7261=AXIS2_PLACEMENT_3D('',#10984,#8916,#8917);
#7262=AXIS2_PLACEMENT_3D('',#10986,#8919,#8920);
#7263=AXIS2_PLACEMENT_3D('',#10988,#8922,#8923);
#7264=AXIS2_PLACEMENT_3D('',#10990,#8925,#8926);
#7265=AXIS2_PLACEMENT_3D('',#10992,#8928,#8929);
#7266=AXIS2_PLACEMENT_3D('',#10994,#8931,#8932);
#7267=AXIS2_PLACEMENT_3D('',#10997,#8935,#8936);
#7268=AXIS2_PLACEMENT_3D('',#10999,#8938,#8939);
#7269=AXIS2_PLACEMENT_3D('',#11001,#8941,#8942);
#7270=AXIS2_PLACEMENT_3D('',#11003,#8944,#8945);
#7271=AXIS2_PLACEMENT_3D('',#11005,#8947,#8948);
#7272=AXIS2_PLACEMENT_3D('',#11007,#8950,#8951);
#7273=AXIS2_PLACEMENT_3D('',#11009,#8953,#8954);
#7274=AXIS2_PLACEMENT_3D('',#11012,#8957,#8958);
#7275=AXIS2_PLACEMENT_3D('',#11014,#8960,#8961);
#7276=AXIS2_PLACEMENT_3D('',#11016,#8963,#8964);
#7277=AXIS2_PLACEMENT_3D('',#11018,#8966,#8967);
#7278=AXIS2_PLACEMENT_3D('',#11020,#8969,#8970);
#7279=AXIS2_PLACEMENT_3D('',#11023,#8973,#8974);
#7280=AXIS2_PLACEMENT_3D('',#11025,#8976,#8977);
#7281=AXIS2_PLACEMENT_3D('',#11027,#8979,#8980);
#7282=AXIS2_PLACEMENT_3D('',#11029,#8982,#8983);
#7283=AXIS2_PLACEMENT_3D('',#11031,#8985,#8986);
#7284=AXIS2_PLACEMENT_3D('',#11033,#8988,#8989);
#7285=AXIS2_PLACEMENT_3D('',#11035,#8991,#8992);
#7286=AXIS2_PLACEMENT_3D('',#11036,#8993,#8994);
#7287=AXIS2_PLACEMENT_3D('',#11038,#8996,#8997);
#7288=AXIS2_PLACEMENT_3D('',#11040,#8999,#9000);
#7289=AXIS2_PLACEMENT_3D('',#11041,#9001,#9002);
#7290=AXIS2_PLACEMENT_3D('',#11042,#9003,#9004);
#7291=AXIS2_PLACEMENT_3D('',#11043,#9005,#9006);
#7292=AXIS2_PLACEMENT_3D('',#11044,#9007,#9008);
#7293=AXIS2_PLACEMENT_3D('',#11045,#9009,#9010);
#7294=AXIS2_PLACEMENT_3D('',#11046,#9011,#9012);
#7295=AXIS2_PLACEMENT_3D('',#11047,#9013,#9014);
#7296=AXIS2_PLACEMENT_3D('',#11048,#9015,#9016);
#7297=AXIS2_PLACEMENT_3D('',#11049,#9017,#9018);
#7298=AXIS2_PLACEMENT_3D('',#11050,#9019,#9020);
#7299=AXIS2_PLACEMENT_3D('',#11051,#9021,#9022);
#7300=AXIS2_PLACEMENT_3D('',#11052,#9023,#9024);
#7301=AXIS2_PLACEMENT_3D('',#11053,#9025,#9026);
#7302=AXIS2_PLACEMENT_3D('',#11054,#9027,#9028);
#7303=AXIS2_PLACEMENT_3D('',#11055,#9029,#9030);
#7304=AXIS2_PLACEMENT_3D('',#11056,#9031,#9032);
#7305=AXIS2_PLACEMENT_3D('',#11057,#9033,#9034);
#7306=AXIS2_PLACEMENT_3D('',#11058,#9035,#9036);
#7307=AXIS2_PLACEMENT_3D('',#11059,#9037,#9038);
#7308=AXIS2_PLACEMENT_3D('',#11060,#9039,#9040);
#7309=AXIS2_PLACEMENT_3D('',#11061,#9041,#9042);
#7310=AXIS2_PLACEMENT_3D('',#11062,#9043,#9044);
#7311=AXIS2_PLACEMENT_3D('',#11063,#9045,#9046);
#7312=AXIS2_PLACEMENT_3D('',#11064,#9047,#9048);
#7313=AXIS2_PLACEMENT_3D('',#11065,#9049,#9050);
#7314=AXIS2_PLACEMENT_3D('',#11066,#9051,#9052);
#7315=AXIS2_PLACEMENT_3D('',#11067,#9053,#9054);
#7316=AXIS2_PLACEMENT_3D('',#11068,#9055,#9056);
#7317=AXIS2_PLACEMENT_3D('',#11069,#9057,#9058);
#7318=AXIS2_PLACEMENT_3D('',#11070,#9059,#9060);
#7319=AXIS2_PLACEMENT_3D('',#11071,#9061,#9062);
#7320=AXIS2_PLACEMENT_3D('',#11072,#9063,#9064);
#7321=AXIS2_PLACEMENT_3D('',#11073,#9065,#9066);
#7322=AXIS2_PLACEMENT_3D('',#11074,#9067,#9068);
#7323=AXIS2_PLACEMENT_3D('',#11075,#9069,#9070);
#7324=AXIS2_PLACEMENT_3D('',#11076,#9071,#9072);
#7325=AXIS2_PLACEMENT_3D('',#11077,#9073,#9074);
#7326=AXIS2_PLACEMENT_3D('',#11078,#9075,#9076);
#7327=AXIS2_PLACEMENT_3D('',#11079,#9077,#9078);
#7328=AXIS2_PLACEMENT_3D('',#11080,#9079,#9080);
#7329=AXIS2_PLACEMENT_3D('',#11081,#9081,#9082);
#7330=AXIS2_PLACEMENT_3D('',#11082,#9083,#9084);
#7331=AXIS2_PLACEMENT_3D('',#11083,#9085,#9086);
#7332=AXIS2_PLACEMENT_3D('',#11084,#9087,#9088);
#7333=AXIS2_PLACEMENT_3D('',#11085,#9089,#9090);
#7334=AXIS2_PLACEMENT_3D('',#11086,#9091,#9092);
#7335=AXIS2_PLACEMENT_3D('',#11087,#9093,#9094);
#7336=AXIS2_PLACEMENT_3D('',#11088,#9095,#9096);
#7337=AXIS2_PLACEMENT_3D('',#11089,#9097,#9098);
#7338=AXIS2_PLACEMENT_3D('',#11090,#9099,#9100);
#7339=AXIS2_PLACEMENT_3D('',#11091,#9101,#9102);
#7340=AXIS2_PLACEMENT_3D('',#11092,#9103,#9104);
#7341=AXIS2_PLACEMENT_3D('',#11093,#9105,#9106);
#7342=AXIS2_PLACEMENT_3D('',#11094,#9107,#9108);
#7343=AXIS2_PLACEMENT_3D('',#11095,#9109,#9110);
#7344=AXIS2_PLACEMENT_3D('',#11096,#9111,#9112);
#7345=AXIS2_PLACEMENT_3D('',#11097,#9113,#9114);
#7346=AXIS2_PLACEMENT_3D('',#11098,#9115,#9116);
#7347=AXIS2_PLACEMENT_3D('',#11099,#9117,#9118);
#7348=AXIS2_PLACEMENT_3D('',#11100,#9119,#9120);
#7349=AXIS2_PLACEMENT_3D('',#11101,#9121,#9122);
#7350=AXIS2_PLACEMENT_3D('',#11102,#9123,#9124);
#7351=AXIS2_PLACEMENT_3D('',#11103,#9125,#9126);
#7352=AXIS2_PLACEMENT_3D('',#11104,#9127,#9128);
#7353=AXIS2_PLACEMENT_3D('',#11105,#9129,#9130);
#7354=AXIS2_PLACEMENT_3D('',#11106,#9131,#9132);
#7355=AXIS2_PLACEMENT_3D('',#11107,#9133,#9134);
#7356=AXIS2_PLACEMENT_3D('',#11108,#9135,#9136);
#7357=AXIS2_PLACEMENT_3D('',#11109,#9137,#9138);
#7358=AXIS2_PLACEMENT_3D('',#11110,#9139,#9140);
#7359=AXIS2_PLACEMENT_3D('',#11111,#9141,#9142);
#7360=AXIS2_PLACEMENT_3D('',#11112,#9143,#9144);
#7361=AXIS2_PLACEMENT_3D('',#11113,#9145,#9146);
#7362=AXIS2_PLACEMENT_3D('',#11114,#9147,#9148);
#7363=AXIS2_PLACEMENT_3D('',#11115,#9149,#9150);
#7364=AXIS2_PLACEMENT_3D('',#11116,#9151,#9152);
#7365=AXIS2_PLACEMENT_3D('',#11117,#9153,#9154);
#7366=AXIS2_PLACEMENT_3D('',#11118,#9155,#9156);
#7367=AXIS2_PLACEMENT_3D('',#11119,#9157,#9158);
#7368=AXIS2_PLACEMENT_3D('',#11120,#9159,#9160);
#7369=AXIS2_PLACEMENT_3D('',#11121,#9161,#9162);
#7370=AXIS2_PLACEMENT_3D('',#11122,#9163,#9164);
#7371=AXIS2_PLACEMENT_3D('',#11123,#9165,#9166);
#7372=AXIS2_PLACEMENT_3D('',#11124,#9167,#9168);
#7373=AXIS2_PLACEMENT_3D('',#11125,#9169,#9170);
#7374=AXIS2_PLACEMENT_3D('',#11126,#9171,#9172);
#7375=AXIS2_PLACEMENT_3D('',#11127,#9173,#9174);
#7376=AXIS2_PLACEMENT_3D('',#11128,#9175,#9176);
#7377=AXIS2_PLACEMENT_3D('',#11129,#9177,#9178);
#7378=AXIS2_PLACEMENT_3D('',#11130,#9179,#9180);
#7379=AXIS2_PLACEMENT_3D('',#11131,#9181,#9182);
#7380=AXIS2_PLACEMENT_3D('',#11132,#9183,#9184);
#7381=AXIS2_PLACEMENT_3D('',#11133,#9185,#9186);
#7382=AXIS2_PLACEMENT_3D('',#11134,#9187,#9188);
#7383=AXIS2_PLACEMENT_3D('',#11135,#9189,#9190);
#7384=AXIS2_PLACEMENT_3D('',#11136,#9191,#9192);
#7385=AXIS2_PLACEMENT_3D('',#11137,#9193,#9194);
#7386=AXIS2_PLACEMENT_3D('',#11138,#9195,#9196);
#7387=AXIS2_PLACEMENT_3D('',#11139,#9197,#9198);
#7388=AXIS2_PLACEMENT_3D('',#11140,#9199,#9200);
#7389=AXIS2_PLACEMENT_3D('',#11141,#9201,#9202);
#7390=AXIS2_PLACEMENT_3D('',#11142,#9203,#9204);
#7391=AXIS2_PLACEMENT_3D('',#11143,#9205,#9206);
#7392=AXIS2_PLACEMENT_3D('',#11144,#9207,#9208);
#7393=AXIS2_PLACEMENT_3D('',#11145,#9209,#9210);
#7394=AXIS2_PLACEMENT_3D('',#11146,#9211,#9212);
#7395=AXIS2_PLACEMENT_3D('',#11147,#9213,#9214);
#7396=AXIS2_PLACEMENT_3D('',#11148,#9215,#9216);
#7397=AXIS2_PLACEMENT_3D('',#11149,#9217,#9218);
#7398=AXIS2_PLACEMENT_3D('',#11150,#9219,#9220);
#7399=AXIS2_PLACEMENT_3D('',#11151,#9221,#9222);
#7400=AXIS2_PLACEMENT_3D('',#11152,#9223,#9224);
#7401=AXIS2_PLACEMENT_3D('',#11153,#9225,#9226);
#7402=AXIS2_PLACEMENT_3D('',#11154,#9227,#9228);
#7403=AXIS2_PLACEMENT_3D('',#11155,#9229,#9230);
#7404=AXIS2_PLACEMENT_3D('',#11156,#9231,#9232);
#7405=AXIS2_PLACEMENT_3D('',#11157,#9233,#9234);
#7406=AXIS2_PLACEMENT_3D('',#11158,#9235,#9236);
#7407=AXIS2_PLACEMENT_3D('',#11159,#9237,#9238);
#7408=AXIS2_PLACEMENT_3D('',#11160,#9239,#9240);
#7409=AXIS2_PLACEMENT_3D('',#11161,#9241,#9242);
#7410=AXIS2_PLACEMENT_3D('',#11162,#9243,#9244);
#7411=AXIS2_PLACEMENT_3D('',#11163,#9245,#9246);
#7412=AXIS2_PLACEMENT_3D('',#11164,#9247,#9248);
#7413=AXIS2_PLACEMENT_3D('',#11165,#9249,#9250);
#7414=AXIS2_PLACEMENT_3D('',#11166,#9251,#9252);
#7415=AXIS2_PLACEMENT_3D('',#11167,#9253,#9254);
#7416=AXIS2_PLACEMENT_3D('',#11168,#9255,#9256);
#7417=AXIS2_PLACEMENT_3D('',#11169,#9257,#9258);
#7418=AXIS2_PLACEMENT_3D('',#11170,#9259,#9260);
#7419=AXIS2_PLACEMENT_3D('',#11171,#9261,#9262);
#7420=AXIS2_PLACEMENT_3D('',#11172,#9263,#9264);
#7421=AXIS2_PLACEMENT_3D('',#11173,#9265,#9266);
#7422=AXIS2_PLACEMENT_3D('',#11174,#9267,#9268);
#7423=AXIS2_PLACEMENT_3D('',#11175,#9269,#9270);
#7424=AXIS2_PLACEMENT_3D('',#11176,#9271,#9272);
#7425=AXIS2_PLACEMENT_3D('',#11177,#9273,#9274);
#7426=AXIS2_PLACEMENT_3D('',#11178,#9275,#9276);
#7427=AXIS2_PLACEMENT_3D('',#11179,#9277,#9278);
#7428=AXIS2_PLACEMENT_3D('',#11180,#9279,#9280);
#7429=AXIS2_PLACEMENT_3D('',#11181,#9281,#9282);
#7430=AXIS2_PLACEMENT_3D('',#11182,#9283,#9284);
#7431=AXIS2_PLACEMENT_3D('',#11183,#9285,#9286);
#7432=AXIS2_PLACEMENT_3D('',#11184,#9287,#9288);
#7433=AXIS2_PLACEMENT_3D('',#11185,#9289,#9290);
#7434=AXIS2_PLACEMENT_3D('',#11186,#9291,#9292);
#7435=AXIS2_PLACEMENT_3D('',#11187,#9293,#9294);
#7436=AXIS2_PLACEMENT_3D('',#11188,#9295,#9296);
#7437=AXIS2_PLACEMENT_3D('',#11189,#9297,#9298);
#7438=AXIS2_PLACEMENT_3D('',#11190,#9299,#9300);
#7439=AXIS2_PLACEMENT_3D('',#11191,#9301,#9302);
#7440=AXIS2_PLACEMENT_3D('',#11192,#9303,#9304);
#7441=AXIS2_PLACEMENT_3D('',#11193,#9305,#9306);
#7442=AXIS2_PLACEMENT_3D('',#11194,#9307,#9308);
#7443=AXIS2_PLACEMENT_3D('',#11195,#9309,#9310);
#7444=AXIS2_PLACEMENT_3D('',#11196,#9311,#9312);
#7445=AXIS2_PLACEMENT_3D('',#11197,#9313,#9314);
#7446=AXIS2_PLACEMENT_3D('',#11198,#9315,#9316);
#7447=AXIS2_PLACEMENT_3D('',#11199,#9317,#9318);
#7448=AXIS2_PLACEMENT_3D('',#11200,#9319,#9320);
#7449=AXIS2_PLACEMENT_3D('',#11201,#9321,#9322);
#7450=AXIS2_PLACEMENT_3D('',#11202,#9323,#9324);
#7451=AXIS2_PLACEMENT_3D('',#11203,#9325,#9326);
#7452=AXIS2_PLACEMENT_3D('',#11204,#9327,#9328);
#7453=AXIS2_PLACEMENT_3D('',#11205,#9329,#9330);
#7454=AXIS2_PLACEMENT_3D('',#11206,#9331,#9332);
#7455=AXIS2_PLACEMENT_3D('',#11207,#9333,#9334);
#7456=AXIS2_PLACEMENT_3D('',#11208,#9335,#9336);
#7457=AXIS2_PLACEMENT_3D('',#11209,#9337,#9338);
#7458=AXIS2_PLACEMENT_3D('',#11210,#9339,#9340);
#7459=AXIS2_PLACEMENT_3D('',#11211,#9341,#9342);
#7460=AXIS2_PLACEMENT_3D('',#11212,#9343,#9344);
#7461=AXIS2_PLACEMENT_3D('',#11213,#9345,#9346);
#7462=AXIS2_PLACEMENT_3D('',#11214,#9347,#9348);
#7463=AXIS2_PLACEMENT_3D('',#11215,#9349,#9350);
#7464=AXIS2_PLACEMENT_3D('',#11216,#9351,#9352);
#7465=AXIS2_PLACEMENT_3D('',#11217,#9353,#9354);
#7466=AXIS2_PLACEMENT_3D('',#11218,#9355,#9356);
#7467=AXIS2_PLACEMENT_3D('',#11219,#9357,#9358);
#7468=AXIS2_PLACEMENT_3D('',#11220,#9359,#9360);
#7469=AXIS2_PLACEMENT_3D('',#11221,#9361,#9362);
#7470=AXIS2_PLACEMENT_3D('',#11223,#9364,#9365);
#7471=AXIS2_PLACEMENT_3D('',#11224,#9366,#9367);
#7472=AXIS2_PLACEMENT_3D('',#11225,#9368,#9369);
#7473=AXIS2_PLACEMENT_3D('',#11226,#9370,#9371);
#7474=AXIS2_PLACEMENT_3D('',#11228,#9373,#9374);
#7475=AXIS2_PLACEMENT_3D('',#11229,#9375,#9376);
#7476=AXIS2_PLACEMENT_3D('',#11230,#9377,#9378);
#7477=AXIS2_PLACEMENT_3D('',#11231,#9379,#9380);
#7478=AXIS2_PLACEMENT_3D('',#11232,#9381,#9382);
#7479=AXIS2_PLACEMENT_3D('',#11235,#9385,#9386);
#7480=AXIS2_PLACEMENT_3D('',#11239,#9389,#9390);
#7481=AXIS2_PLACEMENT_3D('',#11243,#9393,#9394);
#7482=AXIS2_PLACEMENT_3D('',#11245,#9396,#9397);
#7483=AXIS2_PLACEMENT_3D('',#11246,#9398,#9399);
#7484=AXIS2_PLACEMENT_3D('',#11248,#9400,#9401);
#7485=AXIS2_PLACEMENT_3D('',#11249,#9402,#9403);
#7486=AXIS2_PLACEMENT_3D('',#11250,#9404,#9405);
#7487=AXIS2_PLACEMENT_3D('',#11251,#9406,#9407);
#7488=AXIS2_PLACEMENT_3D('',#11256,#9410,#9411);
#7489=AXIS2_PLACEMENT_3D('',#11257,#9412,#9413);
#7490=AXIS2_PLACEMENT_3D('',#11259,#9415,#9416);
#7491=AXIS2_PLACEMENT_3D('',#11261,#9418,#9419);
#7492=AXIS2_PLACEMENT_3D('',#11262,#9420,#9421);
#7493=AXIS2_PLACEMENT_3D('',#11263,#9422,#9423);
#7494=AXIS2_PLACEMENT_3D('',#11264,#9424,#9425);
#7495=AXIS2_PLACEMENT_3D('',#11265,#9426,#9427);
#7496=AXIS2_PLACEMENT_3D('',#11266,#9428,#9429);
#7497=AXIS2_PLACEMENT_3D('',#11267,#9430,#9431);
#7498=AXIS2_PLACEMENT_3D('',#11268,#9432,#9433);
#7499=AXIS2_PLACEMENT_3D('',#11269,#9434,#9435);
#7500=AXIS2_PLACEMENT_3D('',#11270,#9436,#9437);
#7501=AXIS2_PLACEMENT_3D('',#11271,#9438,#9439);
#7502=AXIS2_PLACEMENT_3D('',#11272,#9440,#9441);
#7503=AXIS2_PLACEMENT_3D('',#11273,#9442,#9443);
#7504=AXIS2_PLACEMENT_3D('',#11274,#9444,#9445);
#7505=AXIS2_PLACEMENT_3D('',#11275,#9446,#9447);
#7506=AXIS2_PLACEMENT_3D('',#11276,#9448,#9449);
#7507=AXIS2_PLACEMENT_3D('',#11277,#9450,#9451);
#7508=AXIS2_PLACEMENT_3D('',#11278,#9452,#9453);
#7509=AXIS2_PLACEMENT_3D('',#11279,#9454,#9455);
#7510=AXIS2_PLACEMENT_3D('',#11280,#9456,#9457);
#7511=AXIS2_PLACEMENT_3D('',#11281,#9458,#9459);
#7512=AXIS2_PLACEMENT_3D('',#11282,#9460,#9461);
#7513=AXIS2_PLACEMENT_3D('',#11283,#9462,#9463);
#7514=AXIS2_PLACEMENT_3D('',#11284,#9464,#9465);
#7515=AXIS2_PLACEMENT_3D('',#11285,#9466,#9467);
#7516=AXIS2_PLACEMENT_3D('',#11286,#9468,#9469);
#7517=AXIS2_PLACEMENT_3D('',#11287,#9470,#9471);
#7518=AXIS2_PLACEMENT_3D('',#11288,#9472,#9473);
#7519=AXIS2_PLACEMENT_3D('',#11289,#9474,#9475);
#7520=AXIS2_PLACEMENT_3D('',#11290,#9476,#9477);
#7521=AXIS2_PLACEMENT_3D('',#11291,#9478,#9479);
#7522=AXIS2_PLACEMENT_3D('',#11292,#9480,#9481);
#7523=AXIS2_PLACEMENT_3D('',#11293,#9482,#9483);
#7524=AXIS2_PLACEMENT_3D('',#11294,#9484,#9485);
#7525=AXIS2_PLACEMENT_3D('',#11295,#9486,#9487);
#7526=AXIS2_PLACEMENT_3D('',#11296,#9488,#9489);
#7527=AXIS2_PLACEMENT_3D('',#11297,#9490,#9491);
#7528=AXIS2_PLACEMENT_3D('',#11298,#9492,#9493);
#7529=AXIS2_PLACEMENT_3D('',#11299,#9494,#9495);
#7530=AXIS2_PLACEMENT_3D('',#11300,#9496,#9497);
#7531=AXIS2_PLACEMENT_3D('',#11301,#9498,#9499);
#7532=AXIS2_PLACEMENT_3D('',#11302,#9500,#9501);
#7533=AXIS2_PLACEMENT_3D('',#11303,#9502,#9503);
#7534=AXIS2_PLACEMENT_3D('',#11304,#9504,#9505);
#7535=AXIS2_PLACEMENT_3D('',#11305,#9506,#9507);
#7536=AXIS2_PLACEMENT_3D('',#11306,#9508,#9509);
#7537=AXIS2_PLACEMENT_3D('',#11307,#9510,#9511);
#7538=AXIS2_PLACEMENT_3D('',#11308,#9512,#9513);
#7539=AXIS2_PLACEMENT_3D('',#11309,#9514,#9515);
#7540=AXIS2_PLACEMENT_3D('',#11310,#9516,#9517);
#7541=AXIS2_PLACEMENT_3D('',#11311,#9518,#9519);
#7542=AXIS2_PLACEMENT_3D('',#11312,#9520,#9521);
#7543=AXIS2_PLACEMENT_3D('',#11313,#9522,#9523);
#7544=AXIS2_PLACEMENT_3D('',#11314,#9524,#9525);
#7545=AXIS2_PLACEMENT_3D('',#11315,#9526,#9527);
#7546=AXIS2_PLACEMENT_3D('',#11316,#9528,#9529);
#7547=AXIS2_PLACEMENT_3D('',#11317,#9530,#9531);
#7548=AXIS2_PLACEMENT_3D('',#11318,#9532,#9533);
#7549=AXIS2_PLACEMENT_3D('',#11319,#9534,#9535);
#7550=AXIS2_PLACEMENT_3D('',#11320,#9536,#9537);
#7551=AXIS2_PLACEMENT_3D('',#11321,#9538,#9539);
#7552=AXIS2_PLACEMENT_3D('',#11322,#9540,#9541);
#7553=AXIS2_PLACEMENT_3D('',#11323,#9542,#9543);
#7554=AXIS2_PLACEMENT_3D('',#11324,#9544,#9545);
#7555=AXIS2_PLACEMENT_3D('',#11325,#9546,#9547);
#7556=DIRECTION('',(0.,0.,1.));
#7557=DIRECTION('',(1.,0.,0.));
#7558=DIRECTION('',(0.,0.,1.));
#7559=DIRECTION('',(1.,0.,0.));
#7560=DIRECTION('',(0.,0.,1.));
#7561=DIRECTION('',(1.,0.,0.));
#7562=DIRECTION('',(0.,0.,1.));
#7563=DIRECTION('',(1.,0.,0.));
#7564=DIRECTION('',(0.,0.,1.));
#7565=DIRECTION('',(1.,0.,0.));
#7566=DIRECTION('',(0.,0.,1.));
#7567=DIRECTION('',(1.,0.,0.));
#7568=DIRECTION('',(0.,0.,1.));
#7569=DIRECTION('',(1.,0.,0.));
#7570=DIRECTION('',(0.,0.,1.));
#7571=DIRECTION('',(1.,0.,0.));
#7572=DIRECTION('',(0.,0.,1.));
#7573=DIRECTION('',(1.,0.,0.));
#7574=DIRECTION('',(0.,0.,1.));
#7575=DIRECTION('',(1.,0.,0.));
#7576=DIRECTION('',(0.,0.,1.));
#7577=DIRECTION('',(1.,0.,0.));
#7578=DIRECTION('',(0.,0.,1.));
#7579=DIRECTION('',(1.,0.,0.));
#7580=DIRECTION('',(0.,0.,1.));
#7581=DIRECTION('',(1.,0.,0.));
#7582=DIRECTION('',(0.,0.,1.));
#7583=DIRECTION('',(1.,0.,0.));
#7584=DIRECTION('',(0.,0.,1.));
#7585=DIRECTION('',(1.,0.,0.));
#7586=DIRECTION('',(0.,0.,1.));
#7587=DIRECTION('',(1.,0.,0.));
#7588=DIRECTION('',(0.,0.,1.));
#7589=DIRECTION('',(1.,0.,0.));
#7590=DIRECTION('',(0.,0.,1.));
#7591=DIRECTION('',(1.,0.,0.));
#7592=DIRECTION('',(0.,0.,1.));
#7593=DIRECTION('',(1.,0.,0.));
#7594=DIRECTION('',(0.,0.,1.));
#7595=DIRECTION('',(1.,0.,0.));
#7596=DIRECTION('',(0.,0.,1.));
#7597=DIRECTION('',(1.,0.,0.));
#7598=DIRECTION('',(0.,0.,1.));
#7599=DIRECTION('',(1.,0.,0.));
#7600=DIRECTION('',(0.,0.,1.));
#7601=DIRECTION('',(1.,0.,0.));
#7602=DIRECTION('',(0.,0.,1.));
#7603=DIRECTION('',(1.,0.,0.));
#7604=DIRECTION('',(0.,0.,-1.));
#7605=DIRECTION('',(-1.,0.,0.));
#7606=DIRECTION('',(0.,0.,1.));
#7607=DIRECTION('',(1.,0.,0.));
#7608=DIRECTION('',(0.,0.,1.));
#7609=DIRECTION('',(1.,0.,0.));
#7610=DIRECTION('',(0.,0.,-1.));
#7611=DIRECTION('',(-1.,0.,0.));
#7612=DIRECTION('',(0.,0.,1.));
#7613=DIRECTION('',(1.,0.,0.));
#7614=DIRECTION('',(0.,0.,1.));
#7615=DIRECTION('',(1.,0.,0.));
#7616=DIRECTION('',(0.,0.,-1.));
#7617=DIRECTION('',(-1.,0.,0.));
#7618=DIRECTION('',(0.,0.,1.));
#7619=DIRECTION('',(1.,0.,0.));
#7620=DIRECTION('',(0.,0.,1.));
#7621=DIRECTION('',(1.,0.,0.));
#7622=DIRECTION('',(0.,0.,-1.));
#7623=DIRECTION('',(-1.,0.,0.));
#7624=DIRECTION('',(0.,0.,1.));
#7625=DIRECTION('',(1.,0.,0.));
#7626=DIRECTION('',(0.,0.,1.));
#7627=DIRECTION('',(1.,0.,0.));
#7628=DIRECTION('',(0.,0.,-1.));
#7629=DIRECTION('',(-1.,0.,0.));
#7630=DIRECTION('',(0.,0.,1.));
#7631=DIRECTION('',(1.,0.,0.));
#7632=DIRECTION('',(0.,0.,1.));
#7633=DIRECTION('',(1.,0.,0.));
#7634=DIRECTION('',(0.,0.,-1.));
#7635=DIRECTION('',(-1.,0.,0.));
#7636=DIRECTION('',(0.,0.,1.));
#7637=DIRECTION('',(1.,0.,0.));
#7638=DIRECTION('',(0.,0.,1.));
#7639=DIRECTION('',(1.,0.,0.));
#7640=DIRECTION('',(0.,0.,-1.));
#7641=DIRECTION('',(-1.,0.,0.));
#7642=DIRECTION('',(0.,0.,1.));
#7643=DIRECTION('',(1.,0.,0.));
#7644=DIRECTION('',(0.,0.,1.));
#7645=DIRECTION('',(0.,0.,1.));
#7646=DIRECTION('',(1.,0.,0.));
#7647=DIRECTION('',(0.,0.,1.));
#7648=DIRECTION('',(0.,0.,1.));
#7649=DIRECTION('',(1.,0.,0.));
#7650=DIRECTION('',(0.,0.,1.));
#7651=DIRECTION('',(1.,0.,0.));
#7652=DIRECTION('',(0.,0.,1.));
#7653=DIRECTION('',(0.,0.,1.));
#7654=DIRECTION('',(1.,0.,0.));
#7655=DIRECTION('',(0.,0.,1.));
#7656=DIRECTION('',(0.,0.,1.));
#7657=DIRECTION('',(1.,0.,0.));
#7658=DIRECTION('',(0.,0.,1.));
#7659=DIRECTION('',(1.,0.,0.));
#7660=DIRECTION('',(0.,0.,1.));
#7661=DIRECTION('',(0.,0.,1.));
#7662=DIRECTION('',(1.,0.,0.));
#7663=DIRECTION('',(0.,0.,1.));
#7664=DIRECTION('',(0.,0.,1.));
#7665=DIRECTION('',(1.,0.,0.));
#7666=DIRECTION('',(0.,0.,1.));
#7667=DIRECTION('',(1.,0.,0.));
#7668=DIRECTION('',(0.,0.,1.));
#7669=DIRECTION('',(0.,0.,1.));
#7670=DIRECTION('',(1.,0.,0.));
#7671=DIRECTION('',(0.,0.,1.));
#7672=DIRECTION('',(0.,0.,1.));
#7673=DIRECTION('',(1.,0.,0.));
#7674=DIRECTION('',(0.,0.,1.));
#7675=DIRECTION('',(1.,0.,0.));
#7676=DIRECTION('',(0.,0.,1.));
#7677=DIRECTION('',(0.,0.,1.));
#7678=DIRECTION('',(1.,0.,0.));
#7679=DIRECTION('',(0.,0.,1.));
#7680=DIRECTION('',(0.,0.,1.));
#7681=DIRECTION('',(1.,0.,0.));
#7682=DIRECTION('',(0.,0.,1.));
#7683=DIRECTION('',(1.,0.,0.));
#7684=DIRECTION('',(0.,0.,1.));
#7685=DIRECTION('',(0.,0.,1.));
#7686=DIRECTION('',(1.,0.,0.));
#7687=DIRECTION('',(0.,0.,1.));
#7688=DIRECTION('',(0.,0.,1.));
#7689=DIRECTION('',(1.,0.,0.));
#7690=DIRECTION('',(0.,0.,1.));
#7691=DIRECTION('',(1.,0.,0.));
#7692=DIRECTION('',(0.,0.,1.));
#7693=DIRECTION('',(0.,0.,1.));
#7694=DIRECTION('',(1.,0.,0.));
#7695=DIRECTION('',(0.,0.,1.));
#7696=DIRECTION('',(0.,0.,1.));
#7697=DIRECTION('',(1.,0.,0.));
#7698=DIRECTION('',(1.,0.,0.));
#7699=DIRECTION('',(0.,0.,-1.));
#7700=DIRECTION('',(0.,-1.,0.));
#7701=DIRECTION('',(0.,0.,1.));
#7702=DIRECTION('',(0.,0.,1.));
#7703=DIRECTION('',(0.,-1.,0.));
#7704=DIRECTION('',(0.,0.,1.));
#7705=DIRECTION('',(1.,0.,0.));
#7706=DIRECTION('',(0.,0.,-1.));
#7707=DIRECTION('',(0.,-1.,0.));
#7708=DIRECTION('',(0.,0.,1.));
#7709=DIRECTION('',(0.,-1.,0.));
#7710=DIRECTION('',(0.,0.,1.));
#7711=DIRECTION('',(0.,0.,1.));
#7712=DIRECTION('',(-1.,0.,0.));
#7713=DIRECTION('',(0.,0.,1.));
#7714=DIRECTION('',(0.,1.,0.));
#7715=DIRECTION('',(0.,0.,1.));
#7716=DIRECTION('',(0.,0.,1.));
#7717=DIRECTION('',(0.,1.,0.));
#7718=DIRECTION('',(0.,0.,1.));
#7719=DIRECTION('',(0.,1.,0.));
#7720=DIRECTION('',(0.,0.,1.));
#7721=DIRECTION('',(1.,0.,0.));
#7722=DIRECTION('',(0.,0.,1.));
#7723=DIRECTION('',(1.,0.,0.));
#7724=DIRECTION('',(0.,0.,-1.));
#7725=DIRECTION('',(0.,1.,0.));
#7726=DIRECTION('',(0.,0.,1.));
#7727=DIRECTION('',(1.,0.,0.));
#7728=DIRECTION('',(0.,0.,1.));
#7729=DIRECTION('',(0.,0.,1.));
#7730=DIRECTION('',(1.,0.,0.));
#7731=DIRECTION('',(0.,0.,1.));
#7732=DIRECTION('',(0.,1.,0.));
#7733=DIRECTION('',(0.,0.,1.));
#7734=DIRECTION('',(1.,0.,0.));
#7735=DIRECTION('',(0.,0.,1.));
#7736=DIRECTION('',(1.,0.,0.));
#7737=DIRECTION('',(0.,0.,1.));
#7738=DIRECTION('',(0.,0.,1.));
#7739=DIRECTION('',(0.,-1.,0.));
#7740=DIRECTION('',(0.,0.,-1.));
#7741=DIRECTION('',(0.,0.,1.));
#7742=DIRECTION('',(-1.,0.,0.));
#7743=DIRECTION('',(0.,0.,1.));
#7744=DIRECTION('',(0.,0.,1.));
#7745=DIRECTION('',(-1.,0.,0.));
#7746=DIRECTION('',(0.,-1.,0.));
#7747=DIRECTION('',(0.,0.,-1.));
#7748=DIRECTION('',(0.,0.,1.));
#7749=DIRECTION('',(-1.,0.,0.));
#7750=DIRECTION('',(0.,0.,-1.));
#7751=DIRECTION('',(-1.,0.,0.));
#7752=DIRECTION('',(0.,0.,1.));
#7753=DIRECTION('',(0.,-1.,0.));
#7754=DIRECTION('',(0.,0.,-1.));
#7755=DIRECTION('',(-1.,0.,0.));
#7756=DIRECTION('',(0.,0.,1.));
#7757=DIRECTION('',(-1.,0.,0.));
#7758=DIRECTION('',(0.,0.,-1.));
#7759=DIRECTION('',(0.,-1.,0.));
#7760=DIRECTION('',(0.,0.,-1.));
#7761=DIRECTION('',(-1.,0.,0.));
#7762=DIRECTION('',(0.,0.,1.));
#7763=DIRECTION('',(0.,0.,1.));
#7764=DIRECTION('',(-1.,0.,0.));
#7765=DIRECTION('',(0.,0.,1.));
#7766=DIRECTION('',(0.,-1.,0.));
#7767=DIRECTION('',(0.,0.,-1.));
#7768=DIRECTION('',(-1.,0.,0.));
#7769=DIRECTION('',(0.,0.,1.));
#7770=DIRECTION('',(-1.,0.,0.));
#7771=DIRECTION('',(0.,0.,1.));
#7772=DIRECTION('',(0.,0.,1.));
#7773=DIRECTION('',(0.,1.,0.));
#7774=DIRECTION('',(0.,0.,1.));
#7775=DIRECTION('',(1.,0.,0.));
#7776=DIRECTION('',(0.,0.,1.));
#7777=DIRECTION('',(0.,0.,1.));
#7778=DIRECTION('',(1.,0.,0.));
#7779=DIRECTION('',(0.,0.,1.));
#7780=DIRECTION('',(0.,1.,0.));
#7781=DIRECTION('',(0.,0.,1.));
#7782=DIRECTION('',(0.,0.,1.));
#7783=DIRECTION('',(1.,0.,0.));
#7784=DIRECTION('',(0.,0.,-1.));
#7785=DIRECTION('',(1.,0.,0.));
#7786=DIRECTION('',(0.,0.,1.));
#7787=DIRECTION('',(1.,0.,0.));
#7788=DIRECTION('',(0.,0.,-1.));
#7789=DIRECTION('',(0.,0.,1.));
#7790=DIRECTION('',(0.,-1.,0.));
#7791=DIRECTION('',(0.,0.,-1.));
#7792=DIRECTION('',(0.,-1.,0.));
#7793=DIRECTION('',(0.,0.,-1.));
#7794=DIRECTION('',(0.,-1.,0.));
#7795=DIRECTION('',(0.,3.46944695195362E-16,1.));
#7796=DIRECTION('',(0.,1.,-1.7347234759768E-16));
#7797=DIRECTION('',(0.336336396998156,0.941741911594838,0.));
#7798=DIRECTION('',(-0.941741911594838,0.336336396998156,0.));
#7799=DIRECTION('',(0.941741911594838,-0.336336396998156,0.));
#7800=DIRECTION('',(0.,0.,1.));
#7801=DIRECTION('',(0.,0.,1.));
#7802=DIRECTION('',(0.941741911594838,-0.336336396998156,0.));
#7803=DIRECTION('',(0.,0.,-1.));
#7804=DIRECTION('',(-0.336336396998156,0.941741911594838,0.));
#7805=DIRECTION('',(-0.941741911594838,-0.336336396998156,0.));
#7806=DIRECTION('',(0.,0.,1.));
#7807=DIRECTION('',(0.941741911594838,0.336336396998156,0.));
#7808=DIRECTION('',(0.,0.,-1.));
#7809=DIRECTION('',(0.941741911594838,0.336336396998156,0.));
#7810=DIRECTION('',(0.,0.,1.));
#7811=DIRECTION('',(1.,0.,0.));
#7812=DIRECTION('',(-0.998849225365731,-0.0479606608198722,0.));
#7813=DIRECTION('',(-1.,0.,0.));
#7814=DIRECTION('',(0.,-1.,0.));
#7815=DIRECTION('',(-1.,0.,0.));
#7816=DIRECTION('',(-0.998849225365731,0.0479606608198722,0.));
#7817=DIRECTION('',(0.,0.,1.));
#7818=DIRECTION('',(1.,0.,0.));
#7819=DIRECTION('',(0.,0.,1.));
#7820=DIRECTION('',(1.,0.,0.));
#7821=DIRECTION('',(0.,-1.,0.));
#7822=DIRECTION('',(1.,0.,0.));
#7823=DIRECTION('',(0.,-1.,0.));
#7824=DIRECTION('',(1.,0.,0.));
#7825=DIRECTION('',(0.,0.,1.));
#7826=DIRECTION('',(1.,0.,0.));
#7827=DIRECTION('',(0.,0.,-1.));
#7828=DIRECTION('',(1.,0.,0.));
#7829=DIRECTION('',(0.,0.,1.));
#7830=DIRECTION('',(1.,0.,0.));
#7831=DIRECTION('',(0.,0.,-1.));
#7832=DIRECTION('',(1.,0.,0.));
#7833=DIRECTION('',(0.,0.,-1.));
#7834=DIRECTION('',(1.,0.,0.));
#7835=DIRECTION('',(0.,0.,1.));
#7836=DIRECTION('',(1.,0.,0.));
#7837=DIRECTION('',(0.,0.,1.));
#7838=DIRECTION('',(1.,0.,0.));
#7839=DIRECTION('',(0.,1.,0.));
#7840=DIRECTION('',(0.,0.,1.));
#7841=DIRECTION('',(1.,0.,0.));
#7842=DIRECTION('',(0.,0.,1.));
#7843=DIRECTION('',(1.,0.,0.));
#7844=DIRECTION('',(0.,0.,1.));
#7845=DIRECTION('',(1.,0.,0.));
#7846=DIRECTION('',(0.,0.,-1.));
#7847=DIRECTION('',(1.,0.,0.));
#7848=DIRECTION('',(0.,1.,0.));
#7849=DIRECTION('',(0.,0.,1.));
#7850=DIRECTION('',(1.,0.,0.));
#7851=DIRECTION('',(0.,0.,1.));
#7852=DIRECTION('',(1.,0.,0.));
#7853=DIRECTION('',(0.,-1.,0.));
#7854=DIRECTION('',(0.,0.,1.));
#7855=DIRECTION('',(1.,0.,0.));
#7856=DIRECTION('',(0.,0.,1.));
#7857=DIRECTION('',(1.,0.,0.));
#7858=DIRECTION('',(0.,0.,1.));
#7859=DIRECTION('',(1.,0.,0.));
#7860=DIRECTION('',(0.,0.,-1.));
#7861=DIRECTION('',(1.,0.,0.));
#7862=DIRECTION('',(0.,-1.,0.));
#7863=DIRECTION('',(-0.998849225365731,0.0479606608198722,0.));
#7864=DIRECTION('',(-1.,0.,0.));
#7865=DIRECTION('',(0.,1.,0.));
#7866=DIRECTION('',(-1.,0.,0.));
#7867=DIRECTION('',(0.,0.,-1.));
#7868=DIRECTION('',(1.,0.,0.));
#7869=DIRECTION('',(0.,-1.,0.));
#7870=DIRECTION('',(0.,0.,-1.));
#7871=DIRECTION('',(1.,0.,0.));
#7872=DIRECTION('',(-1.,0.,0.));
#7873=DIRECTION('',(0.,-1.,0.));
#7874=DIRECTION('',(-1.,0.,0.));
#7875=DIRECTION('',(0.,0.,1.));
#7876=DIRECTION('',(1.,0.,0.));
#7877=DIRECTION('',(0.,1.,0.));
#7878=DIRECTION('',(0.,0.,1.));
#7879=DIRECTION('',(1.,0.,0.));
#7880=DIRECTION('',(-1.,0.,0.));
#7881=DIRECTION('',(0.,1.,0.));
#7882=DIRECTION('',(-1.,0.,0.));
#7883=DIRECTION('',(-0.998849225365731,-0.0479606608198722,0.));
#7884=DIRECTION('',(1.,0.,0.));
#7885=DIRECTION('',(0.,1.,0.));
#7886=DIRECTION('',(1.,0.,0.));
#7887=DIRECTION('',(0.,0.,1.));
#7888=DIRECTION('',(1.,0.,0.));
#7889=DIRECTION('',(0.,-1.,0.));
#7890=DIRECTION('',(0.,0.,1.));
#7891=DIRECTION('',(1.,0.,0.));
#7892=DIRECTION('',(0.,1.,0.));
#7893=DIRECTION('',(1.,0.,0.));
#7894=DIRECTION('',(0.,0.,-1.));
#7895=DIRECTION('',(1.,0.,0.));
#7896=DIRECTION('',(0.,1.,0.));
#7897=DIRECTION('',(0.,0.,-1.));
#7898=DIRECTION('',(1.,0.,0.));
#7899=DIRECTION('',(1.,0.,0.));
#7900=DIRECTION('',(0.,0.,1.));
#7901=DIRECTION('',(1.,0.,0.));
#7902=DIRECTION('',(0.,-1.,0.));
#7903=DIRECTION('',(0.,0.,1.));
#7904=DIRECTION('',(1.,0.,0.));
#7905=DIRECTION('',(1.,0.,0.));
#7906=DIRECTION('',(0.,0.,1.));
#7907=DIRECTION('',(1.,0.,0.));
#7908=DIRECTION('',(0.,-1.,0.));
#7909=DIRECTION('',(0.,0.,1.));
#7910=DIRECTION('',(1.,0.,0.));
#7911=DIRECTION('',(1.,0.,0.));
#7912=DIRECTION('',(-1.,0.,0.));
#7913=DIRECTION('',(0.,0.,-1.));
#7914=DIRECTION('',(1.,0.,0.));
#7915=DIRECTION('',(0.,-1.,0.));
#7916=DIRECTION('',(0.,0.,-1.));
#7917=DIRECTION('',(1.,0.,0.));
#7918=DIRECTION('',(-1.,0.,0.));
#7919=DIRECTION('',(0.,0.,-1.));
#7920=DIRECTION('',(1.,0.,0.));
#7921=DIRECTION('',(0.,-1.,0.));
#7922=DIRECTION('',(0.,0.,-1.));
#7923=DIRECTION('',(1.,0.,0.));
#7924=DIRECTION('',(-1.,0.,0.));
#7925=DIRECTION('',(0.,0.,1.));
#7926=DIRECTION('',(1.,0.,0.));
#7927=DIRECTION('',(0.,1.,0.));
#7928=DIRECTION('',(0.,0.,1.));
#7929=DIRECTION('',(1.,0.,0.));
#7930=DIRECTION('',(-1.,0.,0.));
#7931=DIRECTION('',(0.,0.,1.));
#7932=DIRECTION('',(1.,0.,0.));
#7933=DIRECTION('',(0.,1.,0.));
#7934=DIRECTION('',(0.,0.,1.));
#7935=DIRECTION('',(1.,0.,0.));
#7936=DIRECTION('',(0.,0.,1.));
#7937=DIRECTION('',(1.,0.,0.));
#7938=DIRECTION('',(0.,0.,1.));
#7939=DIRECTION('',(1.,0.,0.));
#7940=DIRECTION('',(0.,0.,1.));
#7941=DIRECTION('',(1.,0.,0.));
#7942=DIRECTION('',(0.,0.,1.));
#7943=DIRECTION('',(1.,0.,0.));
#7944=DIRECTION('',(0.,0.,1.));
#7945=DIRECTION('',(1.,0.,0.));
#7946=DIRECTION('',(0.,0.,1.));
#7947=DIRECTION('',(1.,0.,0.));
#7948=DIRECTION('',(0.,0.,1.));
#7949=DIRECTION('',(1.,0.,0.));
#7950=DIRECTION('',(0.,0.,1.));
#7951=DIRECTION('',(1.,0.,0.));
#7952=DIRECTION('',(0.,0.,1.));
#7953=DIRECTION('',(1.,0.,0.));
#7954=DIRECTION('',(0.,0.,1.));
#7955=DIRECTION('',(1.,0.,0.));
#7956=DIRECTION('',(0.,0.,1.));
#7957=DIRECTION('',(1.,0.,0.));
#7958=DIRECTION('',(0.,0.,1.));
#7959=DIRECTION('',(1.,0.,0.));
#7960=DIRECTION('',(0.,0.,1.));
#7961=DIRECTION('',(1.,0.,0.));
#7962=DIRECTION('',(0.,0.,1.));
#7963=DIRECTION('',(1.,0.,0.));
#7964=DIRECTION('',(0.,0.,1.));
#7965=DIRECTION('',(1.,0.,0.));
#7966=DIRECTION('',(0.,0.,1.));
#7967=DIRECTION('',(1.,0.,0.));
#7968=DIRECTION('',(0.,0.,1.));
#7969=DIRECTION('',(1.,0.,0.));
#7970=DIRECTION('',(0.,0.,1.));
#7971=DIRECTION('',(1.,0.,0.));
#7972=DIRECTION('',(0.,0.,1.));
#7973=DIRECTION('',(1.,0.,0.));
#7974=DIRECTION('',(0.,0.,1.));
#7975=DIRECTION('',(1.,0.,0.));
#7976=DIRECTION('',(0.,0.,1.));
#7977=DIRECTION('',(1.,0.,0.));
#7978=DIRECTION('',(0.,0.,1.));
#7979=DIRECTION('',(1.,0.,0.));
#7980=DIRECTION('',(0.,0.,1.));
#7981=DIRECTION('',(1.,0.,0.));
#7982=DIRECTION('',(0.,0.,1.));
#7983=DIRECTION('',(1.,0.,0.));
#7984=DIRECTION('',(0.,0.,1.));
#7985=DIRECTION('',(1.,0.,0.));
#7986=DIRECTION('',(0.,0.,1.));
#7987=DIRECTION('',(1.,0.,0.));
#7988=DIRECTION('',(0.,0.,1.));
#7989=DIRECTION('',(1.,0.,0.));
#7990=DIRECTION('',(0.,0.,1.));
#7991=DIRECTION('',(1.,0.,0.));
#7992=DIRECTION('',(0.,0.,1.));
#7993=DIRECTION('',(1.,0.,0.));
#7994=DIRECTION('',(0.,0.,1.));
#7995=DIRECTION('',(1.,0.,0.));
#7996=DIRECTION('',(0.,0.,1.));
#7997=DIRECTION('',(1.,0.,0.));
#7998=DIRECTION('',(0.,0.,1.));
#7999=DIRECTION('',(1.,0.,0.));
#8000=DIRECTION('',(0.,0.,1.));
#8001=DIRECTION('',(1.,0.,0.));
#8002=DIRECTION('',(0.,0.,1.));
#8003=DIRECTION('',(1.,0.,0.));
#8004=DIRECTION('',(0.,0.,1.));
#8005=DIRECTION('',(1.,0.,0.));
#8006=DIRECTION('',(0.,0.,1.));
#8007=DIRECTION('',(1.,0.,0.));
#8008=DIRECTION('',(0.,0.,1.));
#8009=DIRECTION('',(1.,0.,0.));
#8010=DIRECTION('',(0.,0.,1.));
#8011=DIRECTION('',(1.,0.,0.));
#8012=DIRECTION('',(0.,0.,1.));
#8013=DIRECTION('',(1.,0.,0.));
#8014=DIRECTION('',(0.,0.,1.));
#8015=DIRECTION('',(1.,0.,0.));
#8016=DIRECTION('',(0.,0.,1.));
#8017=DIRECTION('',(1.,0.,0.));
#8018=DIRECTION('',(0.,0.,1.));
#8019=DIRECTION('',(1.,0.,0.));
#8020=DIRECTION('',(0.,0.,1.));
#8021=DIRECTION('',(1.,0.,0.));
#8022=DIRECTION('',(0.,0.,1.));
#8023=DIRECTION('',(1.,0.,0.));
#8024=DIRECTION('',(0.,0.,1.));
#8025=DIRECTION('',(1.,0.,0.));
#8026=DIRECTION('',(0.,0.,1.));
#8027=DIRECTION('',(1.,0.,0.));
#8028=DIRECTION('',(0.,0.,1.));
#8029=DIRECTION('',(1.,0.,0.));
#8030=DIRECTION('',(0.,0.,1.));
#8031=DIRECTION('',(1.,0.,0.));
#8032=DIRECTION('',(0.,0.,1.));
#8033=DIRECTION('',(1.,0.,0.));
#8034=DIRECTION('',(0.,0.,1.));
#8035=DIRECTION('',(1.,0.,0.));
#8036=DIRECTION('',(0.,0.,1.));
#8037=DIRECTION('',(1.,0.,0.));
#8038=DIRECTION('',(0.,0.,1.));
#8039=DIRECTION('',(1.,0.,0.));
#8040=DIRECTION('',(0.,0.,-1.));
#8041=DIRECTION('',(1.,0.,0.));
#8042=DIRECTION('',(0.,0.,-1.));
#8043=DIRECTION('',(1.,0.,0.));
#8044=DIRECTION('',(0.,0.,-1.));
#8045=DIRECTION('',(1.,0.,0.));
#8046=DIRECTION('',(0.,0.,-1.));
#8047=DIRECTION('',(1.,0.,0.));
#8048=DIRECTION('',(0.,0.,-1.));
#8049=DIRECTION('',(1.,0.,0.));
#8050=DIRECTION('',(0.,0.,-1.));
#8051=DIRECTION('',(1.,0.,0.));
#8052=DIRECTION('',(0.,0.,-1.));
#8053=DIRECTION('',(1.,0.,0.));
#8054=DIRECTION('',(0.,0.,-1.));
#8055=DIRECTION('',(1.,0.,0.));
#8056=DIRECTION('',(0.,0.,-1.));
#8057=DIRECTION('',(1.,0.,0.));
#8058=DIRECTION('',(0.,0.,-1.));
#8059=DIRECTION('',(1.,0.,0.));
#8060=DIRECTION('',(0.,0.,-1.));
#8061=DIRECTION('',(1.,0.,0.));
#8062=DIRECTION('',(0.,0.,-1.));
#8063=DIRECTION('',(1.,0.,0.));
#8064=DIRECTION('',(0.,0.,-1.));
#8065=DIRECTION('',(1.,0.,0.));
#8066=DIRECTION('',(0.,0.,-1.));
#8067=DIRECTION('',(1.,0.,0.));
#8068=DIRECTION('',(0.,0.,-1.));
#8069=DIRECTION('',(1.,0.,0.));
#8070=DIRECTION('',(0.,0.,-1.));
#8071=DIRECTION('',(1.,0.,0.));
#8072=DIRECTION('',(0.,0.,-1.));
#8073=DIRECTION('',(1.,0.,0.));
#8074=DIRECTION('',(0.,0.,-1.));
#8075=DIRECTION('',(1.,0.,0.));
#8076=DIRECTION('',(0.,0.,-1.));
#8077=DIRECTION('',(1.,0.,0.));
#8078=DIRECTION('',(0.,0.,-1.));
#8079=DIRECTION('',(1.,0.,0.));
#8080=DIRECTION('',(0.,0.,-1.));
#8081=DIRECTION('',(1.,0.,0.));
#8082=DIRECTION('',(0.,0.,-1.));
#8083=DIRECTION('',(1.,0.,0.));
#8084=DIRECTION('',(0.,0.,-1.));
#8085=DIRECTION('',(1.,0.,0.));
#8086=DIRECTION('',(0.,0.,-1.));
#8087=DIRECTION('',(1.,0.,0.));
#8088=DIRECTION('',(0.,0.,1.));
#8089=DIRECTION('',(1.,0.,0.));
#8090=DIRECTION('',(0.,0.,1.));
#8091=DIRECTION('',(1.,0.,0.));
#8092=DIRECTION('',(0.,0.,1.));
#8093=DIRECTION('',(1.,0.,0.));
#8094=DIRECTION('',(0.,0.,-1.));
#8095=DIRECTION('',(1.,0.,0.));
#8096=DIRECTION('',(0.,0.,1.));
#8097=DIRECTION('',(1.,0.,0.));
#8098=DIRECTION('',(0.,0.,-1.));
#8099=DIRECTION('',(1.,0.,0.));
#8100=DIRECTION('',(0.,0.,-1.));
#8101=DIRECTION('',(1.,0.,0.));
#8102=DIRECTION('',(0.,0.,-1.));
#8103=DIRECTION('',(1.,0.,0.));
#8104=DIRECTION('',(0.,0.,-1.));
#8105=DIRECTION('',(1.,0.,0.));
#8106=DIRECTION('',(0.,0.,1.));
#8107=DIRECTION('',(1.,0.,0.));
#8108=DIRECTION('',(0.,0.,1.));
#8109=DIRECTION('',(1.,0.,0.));
#8110=DIRECTION('',(0.,0.,1.));
#8111=DIRECTION('',(1.,0.,0.));
#8112=DIRECTION('',(0.,0.,1.));
#8113=DIRECTION('',(1.,0.,0.));
#8114=DIRECTION('',(0.,0.,-1.));
#8115=DIRECTION('',(1.,0.,0.));
#8116=DIRECTION('',(0.,0.,-1.));
#8117=DIRECTION('',(1.,0.,0.));
#8118=DIRECTION('',(0.,0.,-1.));
#8119=DIRECTION('',(1.,0.,0.));
#8120=DIRECTION('',(0.,0.,1.));
#8121=DIRECTION('',(1.,0.,0.));
#8122=DIRECTION('',(0.,0.,1.));
#8123=DIRECTION('',(1.,0.,0.));
#8124=DIRECTION('',(0.,0.,1.));
#8125=DIRECTION('',(1.,0.,0.));
#8126=DIRECTION('',(0.,0.,-1.));
#8127=DIRECTION('',(1.,0.,0.));
#8128=DIRECTION('',(0.,0.,-1.));
#8129=DIRECTION('',(1.,0.,0.));
#8130=DIRECTION('',(0.,0.,-1.));
#8131=DIRECTION('',(1.,0.,0.));
#8132=DIRECTION('',(0.,0.,-1.));
#8133=DIRECTION('',(1.,0.,0.));
#8134=DIRECTION('',(0.,0.,-1.));
#8135=DIRECTION('',(1.,0.,0.));
#8136=DIRECTION('',(0.,0.,-1.));
#8137=DIRECTION('',(1.,0.,0.));
#8138=DIRECTION('',(0.,0.,-1.));
#8139=DIRECTION('',(1.,0.,0.));
#8140=DIRECTION('',(0.,0.,-1.));
#8141=DIRECTION('',(1.,0.,0.));
#8142=DIRECTION('',(0.,0.,-1.));
#8143=DIRECTION('',(1.,0.,0.));
#8144=DIRECTION('',(0.,0.,-1.));
#8145=DIRECTION('',(1.,0.,0.));
#8146=DIRECTION('',(0.,0.,-1.));
#8147=DIRECTION('',(1.,0.,0.));
#8148=DIRECTION('',(0.,0.,-1.));
#8149=DIRECTION('',(1.,0.,0.));
#8150=DIRECTION('',(0.,0.,-1.));
#8151=DIRECTION('',(1.,0.,0.));
#8152=DIRECTION('',(0.,0.,-1.));
#8153=DIRECTION('',(1.,0.,0.));
#8154=DIRECTION('',(0.,0.,-1.));
#8155=DIRECTION('',(1.,0.,0.));
#8156=DIRECTION('',(0.,0.,-1.));
#8157=DIRECTION('',(1.,0.,0.));
#8158=DIRECTION('',(0.,0.,-1.));
#8159=DIRECTION('',(1.,0.,0.));
#8160=DIRECTION('',(0.,0.,-1.));
#8161=DIRECTION('',(1.,0.,0.));
#8162=DIRECTION('',(0.,0.,-1.));
#8163=DIRECTION('',(1.,0.,0.));
#8164=DIRECTION('',(0.,0.,1.));
#8165=DIRECTION('',(1.,0.,0.));
#8166=DIRECTION('',(0.,0.,1.));
#8167=DIRECTION('',(1.,0.,0.));
#8168=DIRECTION('',(0.,0.,1.));
#8169=DIRECTION('',(1.,0.,0.));
#8170=DIRECTION('',(0.,0.,1.));
#8171=DIRECTION('',(1.,0.,0.));
#8172=DIRECTION('',(0.,0.,1.));
#8173=DIRECTION('',(1.,0.,0.));
#8174=DIRECTION('',(0.,0.,1.));
#8175=DIRECTION('',(1.,0.,0.));
#8176=DIRECTION('',(0.,0.,1.));
#8177=DIRECTION('',(1.,0.,0.));
#8178=DIRECTION('',(0.,0.,1.));
#8179=DIRECTION('',(1.,0.,0.));
#8180=DIRECTION('',(0.,0.,1.));
#8181=DIRECTION('',(1.,0.,0.));
#8182=DIRECTION('',(0.,0.,1.));
#8183=DIRECTION('',(1.,0.,0.));
#8184=DIRECTION('',(0.,0.,1.));
#8185=DIRECTION('',(1.,0.,0.));
#8186=DIRECTION('',(0.,0.,1.));
#8187=DIRECTION('',(1.,0.,0.));
#8188=DIRECTION('',(0.,0.,1.));
#8189=DIRECTION('',(1.,0.,0.));
#8190=DIRECTION('',(0.,0.,1.));
#8191=DIRECTION('',(1.,0.,0.));
#8192=DIRECTION('',(0.,0.,1.));
#8193=DIRECTION('',(1.,0.,0.));
#8194=DIRECTION('',(0.,0.,1.));
#8195=DIRECTION('',(1.,0.,0.));
#8196=DIRECTION('',(0.,0.,1.));
#8197=DIRECTION('',(1.,0.,0.));
#8198=DIRECTION('',(0.,0.,-1.));
#8199=DIRECTION('',(1.,0.,0.));
#8200=DIRECTION('',(0.,0.,-1.));
#8201=DIRECTION('',(1.,0.,0.));
#8202=DIRECTION('',(0.,0.,1.));
#8203=DIRECTION('',(1.,0.,0.));
#8204=DIRECTION('',(0.,0.,1.));
#8205=DIRECTION('',(1.,0.,0.));
#8206=DIRECTION('',(0.,0.,1.));
#8207=DIRECTION('',(1.,0.,0.));
#8208=DIRECTION('',(0.,0.,-1.));
#8209=DIRECTION('',(1.,0.,0.));
#8210=DIRECTION('',(0.,0.,1.));
#8211=DIRECTION('',(1.,0.,0.));
#8212=DIRECTION('',(0.,0.,1.));
#8213=DIRECTION('',(1.,0.,0.));
#8214=DIRECTION('',(0.,0.,-1.));
#8215=DIRECTION('',(1.,0.,0.));
#8216=DIRECTION('',(0.,0.,-1.));
#8217=DIRECTION('',(1.,0.,0.));
#8218=DIRECTION('',(0.,0.,-1.));
#8219=DIRECTION('',(1.,0.,0.));
#8220=DIRECTION('',(0.,0.,1.));
#8221=DIRECTION('',(1.,0.,0.));
#8222=DIRECTION('',(0.,0.,-1.));
#8223=DIRECTION('',(1.,0.,0.));
#8224=DIRECTION('',(0.,0.,-1.));
#8225=DIRECTION('',(1.,0.,0.));
#8226=DIRECTION('',(0.,0.,1.));
#8227=DIRECTION('',(1.,0.,0.));
#8228=DIRECTION('',(0.,0.,1.));
#8229=DIRECTION('',(1.,0.,0.));
#8230=DIRECTION('',(0.,0.,-1.));
#8231=DIRECTION('',(1.,0.,0.));
#8232=DIRECTION('',(0.,0.,-1.));
#8233=DIRECTION('',(1.,0.,0.));
#8234=DIRECTION('',(0.,0.,-1.));
#8235=DIRECTION('',(1.,0.,0.));
#8236=DIRECTION('',(0.,0.,1.));
#8237=DIRECTION('',(1.,0.,0.));
#8238=DIRECTION('',(0.,0.,1.));
#8239=DIRECTION('',(1.,0.,0.));
#8240=DIRECTION('',(0.,0.,1.));
#8241=DIRECTION('',(1.,0.,0.));
#8242=DIRECTION('',(0.,0.,-1.));
#8243=DIRECTION('',(1.,0.,0.));
#8244=DIRECTION('',(0.,0.,1.));
#8245=DIRECTION('',(1.,0.,0.));
#8246=DIRECTION('',(0.,0.,1.));
#8247=DIRECTION('',(1.,0.,0.));
#8248=DIRECTION('',(0.,0.,-1.));
#8249=DIRECTION('',(1.,0.,0.));
#8250=DIRECTION('',(0.,0.,-1.));
#8251=DIRECTION('',(1.,0.,0.));
#8252=DIRECTION('',(0.,0.,-1.));
#8253=DIRECTION('',(1.,0.,0.));
#8254=DIRECTION('',(0.,0.,-1.));
#8255=DIRECTION('',(1.,0.,0.));
#8256=DIRECTION('',(0.,0.,-1.));
#8257=DIRECTION('',(1.,0.,0.));
#8258=DIRECTION('',(0.,0.,-1.));
#8259=DIRECTION('',(1.,0.,0.));
#8260=DIRECTION('',(0.,0.,-1.));
#8261=DIRECTION('',(1.,0.,0.));
#8262=DIRECTION('',(0.,0.,-1.));
#8263=DIRECTION('',(1.,0.,0.));
#8264=DIRECTION('',(0.,0.,-1.));
#8265=DIRECTION('',(1.,0.,0.));
#8266=DIRECTION('',(0.,0.,-1.));
#8267=DIRECTION('',(1.,0.,0.));
#8268=DIRECTION('',(0.,0.,-1.));
#8269=DIRECTION('',(1.,0.,0.));
#8270=DIRECTION('',(0.,0.,-1.));
#8271=DIRECTION('',(1.,0.,0.));
#8272=DIRECTION('',(0.,0.,-1.));
#8273=DIRECTION('',(1.,0.,0.));
#8274=DIRECTION('',(0.,0.,-1.));
#8275=DIRECTION('',(1.,0.,0.));
#8276=DIRECTION('',(0.,0.,-1.));
#8277=DIRECTION('',(1.,0.,0.));
#8278=DIRECTION('',(0.,0.,-1.));
#8279=DIRECTION('',(1.,0.,0.));
#8280=DIRECTION('',(0.,0.,-1.));
#8281=DIRECTION('',(1.,0.,0.));
#8282=DIRECTION('',(0.,0.,-1.));
#8283=DIRECTION('',(1.,0.,0.));
#8284=DIRECTION('',(0.,0.,-1.));
#8285=DIRECTION('',(1.,0.,0.));
#8286=DIRECTION('',(0.,0.,-1.));
#8287=DIRECTION('',(1.,0.,0.));
#8288=DIRECTION('',(0.,0.,-1.));
#8289=DIRECTION('',(1.,0.,0.));
#8290=DIRECTION('',(0.,0.,-1.));
#8291=DIRECTION('',(1.,0.,0.));
#8292=DIRECTION('',(0.,0.,-1.));
#8293=DIRECTION('',(1.,0.,0.));
#8294=DIRECTION('',(0.,0.,-1.));
#8295=DIRECTION('',(1.,0.,0.));
#8296=DIRECTION('',(0.,0.,-1.));
#8297=DIRECTION('',(1.,0.,0.));
#8298=DIRECTION('',(0.,0.,-1.));
#8299=DIRECTION('',(1.,0.,0.));
#8300=DIRECTION('',(1.,0.,0.));
#8301=DIRECTION('',(0.,0.,-1.));
#8302=DIRECTION('',(1.,0.,0.));
#8303=DIRECTION('',(0.,1.,0.));
#8304=DIRECTION('',(0.,0.,-1.));
#8305=DIRECTION('',(1.,0.,0.));
#8306=DIRECTION('',(1.,0.,0.));
#8307=DIRECTION('',(0.,0.,-1.));
#8308=DIRECTION('',(1.,0.,0.));
#8309=DIRECTION('',(0.,1.,0.));
#8310=DIRECTION('',(0.,0.,1.));
#8311=DIRECTION('',(1.,0.,0.));
#8312=DIRECTION('',(0.,0.,1.));
#8313=DIRECTION('',(1.,0.,0.));
#8314=DIRECTION('',(0.,0.,1.));
#8315=DIRECTION('',(1.,0.,0.));
#8316=DIRECTION('',(0.,0.,1.));
#8317=DIRECTION('',(1.,0.,0.));
#8318=DIRECTION('',(0.,0.,1.));
#8319=DIRECTION('',(1.,0.,0.));
#8320=DIRECTION('',(0.,1.,0.));
#8321=DIRECTION('',(1.,0.,0.));
#8322=DIRECTION('',(0.,0.,1.));
#8323=DIRECTION('',(1.,0.,0.));
#8324=DIRECTION('',(0.,-1.,0.));
#8325=DIRECTION('',(0.,0.,1.));
#8326=DIRECTION('',(1.,0.,0.));
#8327=DIRECTION('',(1.,0.,0.));
#8328=DIRECTION('',(0.,1.,0.));
#8329=DIRECTION('',(-1.,0.,0.));
#8330=DIRECTION('',(0.,0.,1.));
#8331=DIRECTION('',(1.,0.,0.));
#8332=DIRECTION('',(0.,1.,0.));
#8333=DIRECTION('',(0.,0.,1.));
#8334=DIRECTION('',(1.,0.,0.));
#8335=DIRECTION('',(-1.,0.,0.));
#8336=DIRECTION('',(-1.,0.,0.));
#8337=DIRECTION('',(0.,1.,0.));
#8338=DIRECTION('',(-1.,0.,0.));
#8339=DIRECTION('',(0.,0.,-1.));
#8340=DIRECTION('',(1.,0.,0.));
#8341=DIRECTION('',(0.,-1.,0.));
#8342=DIRECTION('',(0.,0.,-1.));
#8343=DIRECTION('',(1.,0.,0.));
#8344=DIRECTION('',(0.,0.,1.));
#8345=DIRECTION('',(1.,0.,0.));
#8346=DIRECTION('',(0.,-1.,0.));
#8347=DIRECTION('',(0.,0.,-1.));
#8348=DIRECTION('',(1.,0.,0.));
#8349=DIRECTION('',(0.,0.,1.));
#8350=DIRECTION('',(1.,0.,0.));
#8351=DIRECTION('',(0.,0.,1.));
#8352=DIRECTION('',(1.,0.,0.));
#8353=DIRECTION('',(0.,0.,1.));
#8354=DIRECTION('',(1.,0.,0.));
#8355=DIRECTION('',(0.,0.,1.));
#8356=DIRECTION('',(1.,0.,0.));
#8357=DIRECTION('',(0.,0.,1.));
#8358=DIRECTION('',(1.,0.,0.));
#8359=DIRECTION('',(0.,-1.,0.));
#8360=DIRECTION('',(0.,0.,1.));
#8361=DIRECTION('',(1.,0.,0.));
#8362=DIRECTION('',(0.,0.,1.));
#8363=DIRECTION('',(1.,0.,0.));
#8364=DIRECTION('',(0.,0.,1.));
#8365=DIRECTION('',(1.,0.,0.));
#8366=DIRECTION('',(0.,0.,1.));
#8367=DIRECTION('',(1.,0.,0.));
#8368=DIRECTION('',(0.,1.,0.));
#8369=DIRECTION('',(0.,0.,-1.));
#8370=DIRECTION('',(1.,0.,0.));
#8371=DIRECTION('',(0.,0.,1.));
#8372=DIRECTION('',(1.,0.,0.));
#8373=DIRECTION('',(0.,0.,1.));
#8374=DIRECTION('',(1.,0.,0.));
#8375=DIRECTION('',(0.,0.,1.));
#8376=DIRECTION('',(1.,0.,0.));
#8377=DIRECTION('',(0.,0.,1.));
#8378=DIRECTION('',(1.,0.,0.));
#8379=DIRECTION('',(0.,0.,1.));
#8380=DIRECTION('',(1.,0.,0.));
#8381=DIRECTION('',(0.,1.,0.));
#8382=DIRECTION('',(0.,0.,1.));
#8383=DIRECTION('',(1.,0.,0.));
#8384=DIRECTION('',(0.,0.,1.));
#8385=DIRECTION('',(1.,0.,0.));
#8386=DIRECTION('',(1.,0.,0.));
#8387=DIRECTION('',(0.,-1.,0.));
#8388=DIRECTION('',(1.,0.,0.));
#8389=DIRECTION('',(0.,0.,1.));
#8390=DIRECTION('',(1.,0.,0.));
#8391=DIRECTION('',(0.,0.,1.));
#8392=DIRECTION('',(1.,0.,0.));
#8393=DIRECTION('',(0.,0.,1.));
#8394=DIRECTION('',(1.,0.,0.));
#8395=DIRECTION('',(1.,0.,0.));
#8396=DIRECTION('',(0.,0.,1.));
#8397=DIRECTION('',(1.,0.,0.));
#8398=DIRECTION('',(0.,-1.,0.));
#8399=DIRECTION('',(0.,0.,1.));
#8400=DIRECTION('',(1.,0.,0.));
#8401=DIRECTION('',(1.,0.,0.));
#8402=DIRECTION('',(0.,0.,1.));
#8403=DIRECTION('',(1.,0.,0.));
#8404=DIRECTION('',(0.,-1.,0.));
#8405=DIRECTION('',(0.,1.,0.));
#8406=DIRECTION('',(1.,0.,0.));
#8407=DIRECTION('',(0.,0.,-1.));
#8408=DIRECTION('',(1.,0.,0.));
#8409=DIRECTION('',(0.,1.,0.));
#8410=DIRECTION('',(0.,0.,-1.));
#8411=DIRECTION('',(1.,0.,0.));
#8412=DIRECTION('',(1.,0.,0.));
#8413=DIRECTION('',(-1.,0.,0.));
#8414=DIRECTION('',(0.,0.,-1.));
#8415=DIRECTION('',(1.,0.,0.));
#8416=DIRECTION('',(0.,-1.,0.));
#8417=DIRECTION('',(0.,0.,-1.));
#8418=DIRECTION('',(1.,0.,0.));
#8419=DIRECTION('',(-1.,0.,0.));
#8420=DIRECTION('',(0.,0.,-1.));
#8421=DIRECTION('',(1.,0.,0.));
#8422=DIRECTION('',(0.,-1.,0.));
#8423=DIRECTION('',(0.,0.,-1.));
#8424=DIRECTION('',(1.,0.,0.));
#8425=DIRECTION('',(-1.,0.,0.));
#8426=DIRECTION('',(0.,0.,1.));
#8427=DIRECTION('',(1.,0.,0.));
#8428=DIRECTION('',(0.,1.,0.));
#8429=DIRECTION('',(0.,0.,1.));
#8430=DIRECTION('',(1.,0.,0.));
#8431=DIRECTION('',(-1.,0.,0.));
#8432=DIRECTION('',(0.,0.,1.));
#8433=DIRECTION('',(1.,0.,0.));
#8434=DIRECTION('',(0.,1.,0.));
#8435=DIRECTION('',(0.,0.,1.));
#8436=DIRECTION('',(1.,0.,0.));
#8437=DIRECTION('',(0.,0.,1.));
#8438=DIRECTION('',(1.,0.,0.));
#8439=DIRECTION('',(0.,0.,1.));
#8440=DIRECTION('',(1.,0.,0.));
#8441=DIRECTION('',(0.,0.,1.));
#8442=DIRECTION('',(1.,0.,0.));
#8443=DIRECTION('',(0.,0.,1.));
#8444=DIRECTION('',(1.,0.,0.));
#8445=DIRECTION('',(0.,0.,1.));
#8446=DIRECTION('',(1.,0.,0.));
#8447=DIRECTION('',(0.,0.,1.));
#8448=DIRECTION('',(1.,0.,0.));
#8449=DIRECTION('',(0.,0.,1.));
#8450=DIRECTION('',(1.,0.,0.));
#8451=DIRECTION('',(0.,0.,1.));
#8452=DIRECTION('',(1.,0.,0.));
#8453=DIRECTION('',(0.,0.,1.));
#8454=DIRECTION('',(1.,0.,0.));
#8455=DIRECTION('',(0.,0.,1.));
#8456=DIRECTION('',(1.,0.,0.));
#8457=DIRECTION('',(0.,0.,1.));
#8458=DIRECTION('',(1.,0.,0.));
#8459=DIRECTION('',(0.,0.,1.));
#8460=DIRECTION('',(1.,0.,0.));
#8461=DIRECTION('',(0.,0.,1.));
#8462=DIRECTION('',(1.,0.,0.));
#8463=DIRECTION('',(0.,0.,1.));
#8464=DIRECTION('',(1.,0.,0.));
#8465=DIRECTION('',(0.,0.,1.));
#8466=DIRECTION('',(1.,0.,0.));
#8467=DIRECTION('',(0.,0.,1.));
#8468=DIRECTION('',(1.,0.,0.));
#8469=DIRECTION('',(0.,0.,1.));
#8470=DIRECTION('',(1.,0.,0.));
#8471=DIRECTION('',(0.,0.,1.));
#8472=DIRECTION('',(1.,0.,0.));
#8473=DIRECTION('',(0.,0.,1.));
#8474=DIRECTION('',(1.,0.,0.));
#8475=DIRECTION('',(0.,0.,1.));
#8476=DIRECTION('',(1.,0.,0.));
#8477=DIRECTION('',(0.,0.,1.));
#8478=DIRECTION('',(1.,0.,0.));
#8479=DIRECTION('',(0.,0.,1.));
#8480=DIRECTION('',(1.,0.,0.));
#8481=DIRECTION('',(0.,0.,1.));
#8482=DIRECTION('',(1.,0.,0.));
#8483=DIRECTION('',(0.,0.,1.));
#8484=DIRECTION('',(1.,0.,0.));
#8485=DIRECTION('',(0.,0.,1.));
#8486=DIRECTION('',(1.,0.,0.));
#8487=DIRECTION('',(0.,0.,1.));
#8488=DIRECTION('',(1.,0.,0.));
#8489=DIRECTION('',(0.,0.,1.));
#8490=DIRECTION('',(1.,0.,0.));
#8491=DIRECTION('',(0.,0.,1.));
#8492=DIRECTION('',(1.,0.,0.));
#8493=DIRECTION('',(0.,0.,1.));
#8494=DIRECTION('',(1.,0.,0.));
#8495=DIRECTION('',(0.,0.,1.));
#8496=DIRECTION('',(1.,0.,0.));
#8497=DIRECTION('',(0.,0.,1.));
#8498=DIRECTION('',(1.,0.,0.));
#8499=DIRECTION('',(0.,0.,1.));
#8500=DIRECTION('',(1.,0.,0.));
#8501=DIRECTION('',(0.,0.,1.));
#8502=DIRECTION('',(1.,0.,0.));
#8503=DIRECTION('',(0.,0.,1.));
#8504=DIRECTION('',(1.,0.,0.));
#8505=DIRECTION('',(0.,0.,1.));
#8506=DIRECTION('',(1.,0.,0.));
#8507=DIRECTION('',(0.,0.,1.));
#8508=DIRECTION('',(1.,0.,0.));
#8509=DIRECTION('',(0.,0.,1.));
#8510=DIRECTION('',(1.,0.,0.));
#8511=DIRECTION('',(0.,0.,1.));
#8512=DIRECTION('',(1.,0.,0.));
#8513=DIRECTION('',(0.,0.,1.));
#8514=DIRECTION('',(1.,0.,0.));
#8515=DIRECTION('',(0.,0.,1.));
#8516=DIRECTION('',(1.,0.,0.));
#8517=DIRECTION('',(0.,0.,1.));
#8518=DIRECTION('',(1.,0.,0.));
#8519=DIRECTION('',(0.,0.,1.));
#8520=DIRECTION('',(1.,0.,0.));
#8521=DIRECTION('',(0.,0.,1.));
#8522=DIRECTION('',(1.,0.,0.));
#8523=DIRECTION('',(0.,0.,1.));
#8524=DIRECTION('',(1.,0.,0.));
#8525=DIRECTION('',(0.,0.,1.));
#8526=DIRECTION('',(1.,0.,0.));
#8527=DIRECTION('',(0.,0.,1.));
#8528=DIRECTION('',(1.,0.,0.));
#8529=DIRECTION('',(0.,0.,1.));
#8530=DIRECTION('',(1.,0.,0.));
#8531=DIRECTION('',(0.,0.,1.));
#8532=DIRECTION('',(1.,0.,0.));
#8533=DIRECTION('',(0.,0.,1.));
#8534=DIRECTION('',(1.,0.,0.));
#8535=DIRECTION('',(0.,0.,1.));
#8536=DIRECTION('',(1.,0.,0.));
#8537=DIRECTION('',(0.,0.,1.));
#8538=DIRECTION('',(1.,0.,0.));
#8539=DIRECTION('',(0.,0.,1.));
#8540=DIRECTION('',(1.,0.,0.));
#8541=DIRECTION('',(0.,0.,-1.));
#8542=DIRECTION('',(1.,0.,0.));
#8543=DIRECTION('',(0.,0.,-1.));
#8544=DIRECTION('',(1.,0.,0.));
#8545=DIRECTION('',(0.,0.,-1.));
#8546=DIRECTION('',(1.,0.,0.));
#8547=DIRECTION('',(0.,0.,-1.));
#8548=DIRECTION('',(1.,0.,0.));
#8549=DIRECTION('',(0.,0.,-1.));
#8550=DIRECTION('',(1.,0.,0.));
#8551=DIRECTION('',(0.,0.,-1.));
#8552=DIRECTION('',(1.,0.,0.));
#8553=DIRECTION('',(0.,0.,-1.));
#8554=DIRECTION('',(1.,0.,0.));
#8555=DIRECTION('',(0.,0.,-1.));
#8556=DIRECTION('',(1.,0.,0.));
#8557=DIRECTION('',(0.,0.,-1.));
#8558=DIRECTION('',(1.,0.,0.));
#8559=DIRECTION('',(0.,0.,-1.));
#8560=DIRECTION('',(1.,0.,0.));
#8561=DIRECTION('',(0.,0.,-1.));
#8562=DIRECTION('',(1.,0.,0.));
#8563=DIRECTION('',(0.,0.,-1.));
#8564=DIRECTION('',(1.,0.,0.));
#8565=DIRECTION('',(0.,0.,-1.));
#8566=DIRECTION('',(1.,0.,0.));
#8567=DIRECTION('',(0.,0.,-1.));
#8568=DIRECTION('',(1.,0.,0.));
#8569=DIRECTION('',(0.,0.,-1.));
#8570=DIRECTION('',(1.,0.,0.));
#8571=DIRECTION('',(0.,0.,-1.));
#8572=DIRECTION('',(1.,0.,0.));
#8573=DIRECTION('',(0.,0.,-1.));
#8574=DIRECTION('',(1.,0.,0.));
#8575=DIRECTION('',(0.,0.,-1.));
#8576=DIRECTION('',(1.,0.,0.));
#8577=DIRECTION('',(0.,0.,-1.));
#8578=DIRECTION('',(1.,0.,0.));
#8579=DIRECTION('',(0.,0.,-1.));
#8580=DIRECTION('',(1.,0.,0.));
#8581=DIRECTION('',(0.,0.,-1.));
#8582=DIRECTION('',(1.,0.,0.));
#8583=DIRECTION('',(0.,0.,-1.));
#8584=DIRECTION('',(1.,0.,0.));
#8585=DIRECTION('',(0.,0.,-1.));
#8586=DIRECTION('',(1.,0.,0.));
#8587=DIRECTION('',(0.,0.,-1.));
#8588=DIRECTION('',(1.,0.,0.));
#8589=DIRECTION('',(0.,0.,1.));
#8590=DIRECTION('',(1.,0.,0.));
#8591=DIRECTION('',(0.,0.,1.));
#8592=DIRECTION('',(1.,0.,0.));
#8593=DIRECTION('',(0.,0.,1.));
#8594=DIRECTION('',(1.,0.,0.));
#8595=DIRECTION('',(0.,0.,-1.));
#8596=DIRECTION('',(1.,0.,0.));
#8597=DIRECTION('',(0.,0.,1.));
#8598=DIRECTION('',(1.,0.,0.));
#8599=DIRECTION('',(0.,0.,-1.));
#8600=DIRECTION('',(1.,0.,0.));
#8601=DIRECTION('',(0.,0.,-1.));
#8602=DIRECTION('',(1.,0.,0.));
#8603=DIRECTION('',(0.,0.,-1.));
#8604=DIRECTION('',(1.,0.,0.));
#8605=DIRECTION('',(0.,0.,-1.));
#8606=DIRECTION('',(1.,0.,0.));
#8607=DIRECTION('',(0.,0.,1.));
#8608=DIRECTION('',(1.,0.,0.));
#8609=DIRECTION('',(0.,0.,1.));
#8610=DIRECTION('',(1.,0.,0.));
#8611=DIRECTION('',(0.,0.,1.));
#8612=DIRECTION('',(1.,0.,0.));
#8613=DIRECTION('',(0.,0.,1.));
#8614=DIRECTION('',(1.,0.,0.));
#8615=DIRECTION('',(0.,0.,-1.));
#8616=DIRECTION('',(1.,0.,0.));
#8617=DIRECTION('',(0.,0.,-1.));
#8618=DIRECTION('',(1.,0.,0.));
#8619=DIRECTION('',(0.,0.,-1.));
#8620=DIRECTION('',(1.,0.,0.));
#8621=DIRECTION('',(0.,0.,1.));
#8622=DIRECTION('',(1.,0.,0.));
#8623=DIRECTION('',(0.,0.,1.));
#8624=DIRECTION('',(1.,0.,0.));
#8625=DIRECTION('',(0.,0.,1.));
#8626=DIRECTION('',(1.,0.,0.));
#8627=DIRECTION('',(0.,0.,-1.));
#8628=DIRECTION('',(1.,0.,0.));
#8629=DIRECTION('',(0.,0.,-1.));
#8630=DIRECTION('',(1.,0.,0.));
#8631=DIRECTION('',(0.,0.,-1.));
#8632=DIRECTION('',(1.,0.,0.));
#8633=DIRECTION('',(0.,0.,-1.));
#8634=DIRECTION('',(1.,0.,0.));
#8635=DIRECTION('',(0.,0.,-1.));
#8636=DIRECTION('',(1.,0.,0.));
#8637=DIRECTION('',(0.,0.,-1.));
#8638=DIRECTION('',(1.,0.,0.));
#8639=DIRECTION('',(0.,0.,-1.));
#8640=DIRECTION('',(1.,0.,0.));
#8641=DIRECTION('',(0.,0.,-1.));
#8642=DIRECTION('',(1.,0.,0.));
#8643=DIRECTION('',(0.,0.,-1.));
#8644=DIRECTION('',(1.,0.,0.));
#8645=DIRECTION('',(0.,0.,-1.));
#8646=DIRECTION('',(1.,0.,0.));
#8647=DIRECTION('',(0.,0.,-1.));
#8648=DIRECTION('',(1.,0.,0.));
#8649=DIRECTION('',(0.,0.,-1.));
#8650=DIRECTION('',(1.,0.,0.));
#8651=DIRECTION('',(0.,0.,-1.));
#8652=DIRECTION('',(1.,0.,0.));
#8653=DIRECTION('',(0.,0.,-1.));
#8654=DIRECTION('',(1.,0.,0.));
#8655=DIRECTION('',(0.,0.,-1.));
#8656=DIRECTION('',(1.,0.,0.));
#8657=DIRECTION('',(0.,0.,-1.));
#8658=DIRECTION('',(1.,0.,0.));
#8659=DIRECTION('',(0.,0.,-1.));
#8660=DIRECTION('',(1.,0.,0.));
#8661=DIRECTION('',(0.,0.,-1.));
#8662=DIRECTION('',(1.,0.,0.));
#8663=DIRECTION('',(0.,0.,-1.));
#8664=DIRECTION('',(1.,0.,0.));
#8665=DIRECTION('',(0.,0.,1.));
#8666=DIRECTION('',(1.,0.,0.));
#8667=DIRECTION('',(0.,0.,1.));
#8668=DIRECTION('',(1.,0.,0.));
#8669=DIRECTION('',(0.,0.,1.));
#8670=DIRECTION('',(1.,0.,0.));
#8671=DIRECTION('',(0.,0.,1.));
#8672=DIRECTION('',(1.,0.,0.));
#8673=DIRECTION('',(0.,0.,1.));
#8674=DIRECTION('',(1.,0.,0.));
#8675=DIRECTION('',(0.,0.,1.));
#8676=DIRECTION('',(1.,0.,0.));
#8677=DIRECTION('',(0.,0.,1.));
#8678=DIRECTION('',(1.,0.,0.));
#8679=DIRECTION('',(0.,0.,1.));
#8680=DIRECTION('',(1.,0.,0.));
#8681=DIRECTION('',(0.,0.,1.));
#8682=DIRECTION('',(1.,0.,0.));
#8683=DIRECTION('',(0.,0.,1.));
#8684=DIRECTION('',(1.,0.,0.));
#8685=DIRECTION('',(0.,0.,1.));
#8686=DIRECTION('',(1.,0.,0.));
#8687=DIRECTION('',(0.,0.,1.));
#8688=DIRECTION('',(1.,0.,0.));
#8689=DIRECTION('',(0.,0.,1.));
#8690=DIRECTION('',(1.,0.,0.));
#8691=DIRECTION('',(0.,0.,1.));
#8692=DIRECTION('',(1.,0.,0.));
#8693=DIRECTION('',(0.,0.,1.));
#8694=DIRECTION('',(1.,0.,0.));
#8695=DIRECTION('',(0.,0.,1.));
#8696=DIRECTION('',(1.,0.,0.));
#8697=DIRECTION('',(0.,0.,1.));
#8698=DIRECTION('',(1.,0.,0.));
#8699=DIRECTION('',(0.,0.,-1.));
#8700=DIRECTION('',(1.,0.,0.));
#8701=DIRECTION('',(0.,0.,-1.));
#8702=DIRECTION('',(1.,0.,0.));
#8703=DIRECTION('',(0.,0.,1.));
#8704=DIRECTION('',(1.,0.,0.));
#8705=DIRECTION('',(0.,0.,1.));
#8706=DIRECTION('',(1.,0.,0.));
#8707=DIRECTION('',(0.,0.,1.));
#8708=DIRECTION('',(1.,0.,0.));
#8709=DIRECTION('',(0.,0.,-1.));
#8710=DIRECTION('',(1.,0.,0.));
#8711=DIRECTION('',(0.,0.,1.));
#8712=DIRECTION('',(1.,0.,0.));
#8713=DIRECTION('',(0.,0.,1.));
#8714=DIRECTION('',(1.,0.,0.));
#8715=DIRECTION('',(0.,0.,-1.));
#8716=DIRECTION('',(1.,0.,0.));
#8717=DIRECTION('',(0.,0.,-1.));
#8718=DIRECTION('',(1.,0.,0.));
#8719=DIRECTION('',(0.,0.,-1.));
#8720=DIRECTION('',(1.,0.,0.));
#8721=DIRECTION('',(0.,0.,1.));
#8722=DIRECTION('',(1.,0.,0.));
#8723=DIRECTION('',(0.,0.,-1.));
#8724=DIRECTION('',(1.,0.,0.));
#8725=DIRECTION('',(0.,0.,-1.));
#8726=DIRECTION('',(1.,0.,0.));
#8727=DIRECTION('',(0.,0.,1.));
#8728=DIRECTION('',(1.,0.,0.));
#8729=DIRECTION('',(0.,0.,1.));
#8730=DIRECTION('',(1.,0.,0.));
#8731=DIRECTION('',(0.,0.,-1.));
#8732=DIRECTION('',(1.,0.,0.));
#8733=DIRECTION('',(0.,0.,-1.));
#8734=DIRECTION('',(1.,0.,0.));
#8735=DIRECTION('',(0.,0.,-1.));
#8736=DIRECTION('',(1.,0.,0.));
#8737=DIRECTION('',(0.,0.,1.));
#8738=DIRECTION('',(1.,0.,0.));
#8739=DIRECTION('',(0.,0.,1.));
#8740=DIRECTION('',(1.,0.,0.));
#8741=DIRECTION('',(0.,0.,1.));
#8742=DIRECTION('',(1.,0.,0.));
#8743=DIRECTION('',(0.,0.,-1.));
#8744=DIRECTION('',(1.,0.,0.));
#8745=DIRECTION('',(0.,0.,1.));
#8746=DIRECTION('',(1.,0.,0.));
#8747=DIRECTION('',(0.,0.,1.));
#8748=DIRECTION('',(1.,0.,0.));
#8749=DIRECTION('',(0.,0.,-1.));
#8750=DIRECTION('',(1.,0.,0.));
#8751=DIRECTION('',(0.,0.,-1.));
#8752=DIRECTION('',(1.,0.,0.));
#8753=DIRECTION('',(0.,0.,-1.));
#8754=DIRECTION('',(1.,0.,0.));
#8755=DIRECTION('',(0.,0.,-1.));
#8756=DIRECTION('',(1.,0.,0.));
#8757=DIRECTION('',(0.,0.,-1.));
#8758=DIRECTION('',(1.,0.,0.));
#8759=DIRECTION('',(0.,0.,-1.));
#8760=DIRECTION('',(1.,0.,0.));
#8761=DIRECTION('',(0.,0.,-1.));
#8762=DIRECTION('',(1.,0.,0.));
#8763=DIRECTION('',(0.,0.,-1.));
#8764=DIRECTION('',(1.,0.,0.));
#8765=DIRECTION('',(0.,0.,-1.));
#8766=DIRECTION('',(1.,0.,0.));
#8767=DIRECTION('',(0.,0.,-1.));
#8768=DIRECTION('',(1.,0.,0.));
#8769=DIRECTION('',(0.,0.,-1.));
#8770=DIRECTION('',(1.,0.,0.));
#8771=DIRECTION('',(0.,0.,-1.));
#8772=DIRECTION('',(1.,0.,0.));
#8773=DIRECTION('',(0.,0.,-1.));
#8774=DIRECTION('',(1.,0.,0.));
#8775=DIRECTION('',(0.,0.,-1.));
#8776=DIRECTION('',(1.,0.,0.));
#8777=DIRECTION('',(0.,0.,-1.));
#8778=DIRECTION('',(1.,0.,0.));
#8779=DIRECTION('',(0.,0.,-1.));
#8780=DIRECTION('',(1.,0.,0.));
#8781=DIRECTION('',(0.,0.,-1.));
#8782=DIRECTION('',(1.,0.,0.));
#8783=DIRECTION('',(0.,0.,-1.));
#8784=DIRECTION('',(1.,0.,0.));
#8785=DIRECTION('',(0.,0.,-1.));
#8786=DIRECTION('',(1.,0.,0.));
#8787=DIRECTION('',(0.,0.,-1.));
#8788=DIRECTION('',(1.,0.,0.));
#8789=DIRECTION('',(0.,0.,-1.));
#8790=DIRECTION('',(1.,0.,0.));
#8791=DIRECTION('',(0.,0.,-1.));
#8792=DIRECTION('',(1.,0.,0.));
#8793=DIRECTION('',(0.,0.,-1.));
#8794=DIRECTION('',(1.,0.,0.));
#8795=DIRECTION('',(0.,0.,-1.));
#8796=DIRECTION('',(1.,0.,0.));
#8797=DIRECTION('',(0.,0.,-1.));
#8798=DIRECTION('',(1.,0.,0.));
#8799=DIRECTION('',(0.,0.,-1.));
#8800=DIRECTION('',(1.,0.,0.));
#8801=DIRECTION('',(0.,1.,0.));
#8802=DIRECTION('',(0.,0.,-1.));
#8803=DIRECTION('',(1.,0.,0.));
#8804=DIRECTION('',(1.,0.,0.));
#8805=DIRECTION('',(0.,0.,-1.));
#8806=DIRECTION('',(1.,0.,0.));
#8807=DIRECTION('',(0.,1.,0.));
#8808=DIRECTION('',(0.,0.,-1.));
#8809=DIRECTION('',(1.,0.,0.));
#8810=DIRECTION('',(1.,0.,0.));
#8811=DIRECTION('',(0.,0.,1.));
#8812=DIRECTION('',(1.,0.,0.));
#8813=DIRECTION('',(0.,0.,1.));
#8814=DIRECTION('',(1.,0.,0.));
#8815=DIRECTION('',(0.,0.,1.));
#8816=DIRECTION('',(1.,0.,0.));
#8817=DIRECTION('',(0.,0.,1.));
#8818=DIRECTION('',(1.,0.,0.));
#8819=DIRECTION('',(0.,0.,1.));
#8820=DIRECTION('',(1.,0.,0.));
#8821=DIRECTION('',(0.,1.,0.));
#8822=DIRECTION('',(0.,0.,1.));
#8823=DIRECTION('',(0.,0.,-1.));
#8824=DIRECTION('',(0.,0.,-1.));
#8825=DIRECTION('',(0.,0.,-1.));
#8826=DIRECTION('',(-1.,0.,0.));
#8827=DIRECTION('',(0.,0.,-1.));
#8828=DIRECTION('',(1.,0.,0.));
#8829=DIRECTION('',(0.,0.,-1.));
#8830=DIRECTION('',(0.,0.,-1.));
#8831=DIRECTION('',(0.,0.,-1.));
#8832=DIRECTION('',(-1.,0.,0.));
#8833=DIRECTION('',(0.,0.,-1.));
#8834=DIRECTION('',(0.,0.,-1.));
#8835=DIRECTION('',(-1.,0.,0.));
#8836=DIRECTION('',(0.,0.,-1.));
#8837=DIRECTION('',(0.,0.,-1.));
#8838=DIRECTION('',(0.,1.,0.));
#8839=DIRECTION('',(0.,0.,1.));
#8840=DIRECTION('',(0.,0.,-1.));
#8841=DIRECTION('',(0.,0.,-1.));
#8842=DIRECTION('',(-1.,0.,0.));
#8843=DIRECTION('',(0.,0.,-1.));
#8844=DIRECTION('',(-1.,0.,0.));
#8845=DIRECTION('',(0.,0.,1.));
#8846=DIRECTION('',(0.,0.,-1.));
#8847=DIRECTION('',(0.,0.,-1.));
#8848=DIRECTION('',(-1.,0.,0.));
#8849=DIRECTION('',(0.,0.,-1.));
#8850=DIRECTION('',(0.,1.,0.));
#8851=DIRECTION('',(0.,0.,1.));
#8852=DIRECTION('',(0.,0.,-1.));
#8853=DIRECTION('',(0.,0.,-1.));
#8854=DIRECTION('',(-1.,0.,0.));
#8855=DIRECTION('',(0.,0.,-1.));
#8856=DIRECTION('',(0.,0.,-1.));
#8857=DIRECTION('',(-1.,0.,0.));
#8858=DIRECTION('',(0.,0.,-1.));
#8859=DIRECTION('',(0.,0.,-1.));
#8860=DIRECTION('',(1.,0.,0.));
#8861=DIRECTION('',(0.,0.,-1.));
#8862=DIRECTION('',(0.,0.,-1.));
#8863=DIRECTION('',(0.,0.,-1.));
#8864=DIRECTION('',(-1.,0.,0.));
#8865=DIRECTION('',(0.,0.,-1.));
#8866=DIRECTION('',(0.,-1.,0.));
#8867=DIRECTION('',(0.,0.,-1.));
#8868=DIRECTION('',(0.,0.,-1.));
#8869=DIRECTION('',(0.,0.,-1.));
#8870=DIRECTION('',(0.,0.,-1.));
#8871=DIRECTION('',(0.,-1.,0.));
#8872=DIRECTION('',(0.,0.,-1.));
#8873=DIRECTION('',(0.,0.,-1.));
#8874=DIRECTION('',(0.,0.,-1.));
#8875=DIRECTION('',(0.,0.,-1.));
#8876=DIRECTION('',(0.,0.,-1.));
#8877=DIRECTION('',(0.,0.,-1.));
#8878=DIRECTION('',(-1.,0.,0.));
#8879=DIRECTION('',(0.,0.,-1.));
#8880=DIRECTION('',(-1.,0.,0.));
#8881=DIRECTION('',(0.,0.,1.));
#8882=DIRECTION('',(0.,0.,-1.));
#8883=DIRECTION('',(0.,0.,-1.));
#8884=DIRECTION('',(-1.,0.,0.));
#8885=DIRECTION('',(0.,0.,-1.));
#8886=DIRECTION('',(1.,0.,0.));
#8887=DIRECTION('',(0.,0.,-1.));
#8888=DIRECTION('',(0.,0.,1.));
#8889=DIRECTION('',(0.,0.,-1.));
#8890=DIRECTION('',(0.,0.,1.));
#8891=DIRECTION('',(0.,0.,-1.));
#8892=DIRECTION('',(-1.,0.,0.));
#8893=DIRECTION('',(0.,0.,-1.));
#8894=DIRECTION('',(-1.,0.,0.));
#8895=DIRECTION('',(0.,0.,-1.));
#8896=DIRECTION('',(1.,0.,0.));
#8897=DIRECTION('',(0.,0.,-1.));
#8898=DIRECTION('',(0.,0.,1.));
#8899=DIRECTION('',(-1.,0.,0.));
#8900=DIRECTION('',(0.,0.,1.));
#8901=DIRECTION('',(0.,0.,1.));
#8902=DIRECTION('',(0.,0.,-1.));
#8903=DIRECTION('',(0.,0.,1.));
#8904=DIRECTION('',(0.,0.,-1.));
#8905=DIRECTION('',(-1.,0.,0.));
#8906=DIRECTION('',(0.,0.,-1.));
#8907=DIRECTION('',(-1.,0.,0.));
#8908=DIRECTION('',(0.,0.,-1.));
#8909=DIRECTION('',(0.,-1.,0.));
#8910=DIRECTION('',(0.,0.,-1.));
#8911=DIRECTION('',(0.,0.,-1.));
#8912=DIRECTION('',(0.,0.,-1.));
#8913=DIRECTION('',(0.,0.,-1.));
#8914=DIRECTION('',(-1.,0.,0.));
#8915=DIRECTION('',(0.,0.,-1.));
#8916=DIRECTION('',(-1.,0.,0.));
#8917=DIRECTION('',(0.,0.,1.));
#8918=DIRECTION('',(0.,0.,-1.));
#8919=DIRECTION('',(0.,0.,-1.));
#8920=DIRECTION('',(-1.,0.,0.));
#8921=DIRECTION('',(0.,0.,-1.));
#8922=DIRECTION('',(0.,-1.,0.));
#8923=DIRECTION('',(0.,0.,-1.));
#8924=DIRECTION('',(0.,0.,-1.));
#8925=DIRECTION('',(0.,0.,-1.));
#8926=DIRECTION('',(-1.,0.,0.));
#8927=DIRECTION('',(0.,0.,-1.));
#8928=DIRECTION('',(-1.,0.,0.));
#8929=DIRECTION('',(0.,0.,1.));
#8930=DIRECTION('',(0.,0.,-1.));
#8931=DIRECTION('',(0.,-1.,0.));
#8932=DIRECTION('',(0.,0.,-1.));
#8933=DIRECTION('',(0.,0.,-1.));
#8934=DIRECTION('',(0.,0.,-1.));
#8935=DIRECTION('',(0.,0.,-1.));
#8936=DIRECTION('',(-1.,0.,0.));
#8937=DIRECTION('',(0.,0.,-1.));
#8938=DIRECTION('',(1.,0.,0.));
#8939=DIRECTION('',(0.,0.,-1.));
#8940=DIRECTION('',(0.,0.,-1.));
#8941=DIRECTION('',(0.,0.,-1.));
#8942=DIRECTION('',(-1.,0.,0.));
#8943=DIRECTION('',(0.,0.,-1.));
#8944=DIRECTION('',(0.,-1.,0.));
#8945=DIRECTION('',(0.,0.,-1.));
#8946=DIRECTION('',(0.,0.,-1.));
#8947=DIRECTION('',(0.,0.,-1.));
#8948=DIRECTION('',(-1.,0.,0.));
#8949=DIRECTION('',(0.,0.,-1.));
#8950=DIRECTION('',(1.,0.,0.));
#8951=DIRECTION('',(0.,0.,-1.));
#8952=DIRECTION('',(0.,0.,-1.));
#8953=DIRECTION('',(0.,1.,0.));
#8954=DIRECTION('',(0.,0.,1.));
#8955=DIRECTION('',(0.,0.,-1.));
#8956=DIRECTION('',(0.,0.,-1.));
#8957=DIRECTION('',(0.,0.,-1.));
#8958=DIRECTION('',(-1.,0.,0.));
#8959=DIRECTION('',(0.,0.,-1.));
#8960=DIRECTION('',(-1.,0.,0.));
#8961=DIRECTION('',(0.,0.,1.));
#8962=DIRECTION('',(0.,0.,-1.));
#8963=DIRECTION('',(0.,0.,-1.));
#8964=DIRECTION('',(-1.,0.,0.));
#8965=DIRECTION('',(0.,0.,-1.));
#8966=DIRECTION('',(0.,1.,0.));
#8967=DIRECTION('',(0.,0.,1.));
#8968=DIRECTION('',(0.,0.,-1.));
#8969=DIRECTION('',(0.,0.,-1.));
#8970=DIRECTION('',(-1.,0.,0.));
#8971=DIRECTION('',(0.,0.,-1.));
#8972=DIRECTION('',(0.,0.,-1.));
#8973=DIRECTION('',(1.,0.,0.));
#8974=DIRECTION('',(0.,0.,-1.));
#8975=DIRECTION('',(0.,0.,-1.));
#8976=DIRECTION('',(0.,0.,-1.));
#8977=DIRECTION('',(-1.,0.,0.));
#8978=DIRECTION('',(0.,0.,-1.));
#8979=DIRECTION('',(0.,1.,0.));
#8980=DIRECTION('',(0.,0.,1.));
#8981=DIRECTION('',(0.,0.,-1.));
#8982=DIRECTION('',(0.,0.,-1.));
#8983=DIRECTION('',(-1.,0.,0.));
#8984=DIRECTION('',(0.,0.,-1.));
#8985=DIRECTION('',(1.,0.,0.));
#8986=DIRECTION('',(0.,0.,-1.));
#8987=DIRECTION('',(0.,0.,-1.));
#8988=DIRECTION('',(0.,0.,-1.));
#8989=DIRECTION('',(-1.,0.,0.));
#8990=DIRECTION('',(0.,0.,-1.));
#8991=DIRECTION('',(-1.,0.,0.));
#8992=DIRECTION('',(0.,0.,1.));
#8993=DIRECTION('',(0.,-1.,0.));
#8994=DIRECTION('',(0.,0.,-1.));
#8995=DIRECTION('',(0.,0.,-1.));
#8996=DIRECTION('',(0.,-1.,0.));
#8997=DIRECTION('',(0.,0.,-1.));
#8998=DIRECTION('',(0.,0.,-1.));
#8999=DIRECTION('',(0.,0.,-1.));
#9000=DIRECTION('',(-1.,0.,0.));
#9001=DIRECTION('',(0.,0.,-1.));
#9002=DIRECTION('',(-1.,0.,0.));
#9003=DIRECTION('',(0.,0.,-1.));
#9004=DIRECTION('',(-1.,0.,0.));
#9005=DIRECTION('',(0.,0.,-1.));
#9006=DIRECTION('',(-1.,0.,0.));
#9007=DIRECTION('',(0.,0.,-1.));
#9008=DIRECTION('',(-1.,0.,0.));
#9009=DIRECTION('',(0.,0.,-1.));
#9010=DIRECTION('',(-1.,0.,0.));
#9011=DIRECTION('',(0.,0.,-1.));
#9012=DIRECTION('',(-1.,0.,0.));
#9013=DIRECTION('',(0.,0.,-1.));
#9014=DIRECTION('',(-1.,0.,0.));
#9015=DIRECTION('',(0.,0.,-1.));
#9016=DIRECTION('',(-1.,0.,0.));
#9017=DIRECTION('',(0.,0.,-1.));
#9018=DIRECTION('',(-1.,0.,0.));
#9019=DIRECTION('',(0.,0.,-1.));
#9020=DIRECTION('',(-1.,0.,0.));
#9021=DIRECTION('',(0.,0.,-1.));
#9022=DIRECTION('',(-1.,0.,0.));
#9023=DIRECTION('',(0.,0.,-1.));
#9024=DIRECTION('',(-1.,0.,0.));
#9025=DIRECTION('',(0.,0.,-1.));
#9026=DIRECTION('',(-1.,0.,0.));
#9027=DIRECTION('',(0.,0.,-1.));
#9028=DIRECTION('',(-1.,0.,0.));
#9029=DIRECTION('',(0.,0.,-1.));
#9030=DIRECTION('',(-1.,0.,0.));
#9031=DIRECTION('',(0.,0.,-1.));
#9032=DIRECTION('',(-1.,0.,0.));
#9033=DIRECTION('',(0.,0.,-1.));
#9034=DIRECTION('',(-1.,0.,0.));
#9035=DIRECTION('',(0.,0.,-1.));
#9036=DIRECTION('',(-1.,0.,0.));
#9037=DIRECTION('',(0.,0.,-1.));
#9038=DIRECTION('',(-1.,0.,0.));
#9039=DIRECTION('',(0.,0.,-1.));
#9040=DIRECTION('',(-1.,0.,0.));
#9041=DIRECTION('',(0.,0.,-1.));
#9042=DIRECTION('',(-1.,0.,0.));
#9043=DIRECTION('',(0.,0.,-1.));
#9044=DIRECTION('',(-1.,0.,0.));
#9045=DIRECTION('',(0.,0.,-1.));
#9046=DIRECTION('',(-1.,0.,0.));
#9047=DIRECTION('',(0.,0.,-1.));
#9048=DIRECTION('',(-1.,0.,0.));
#9049=DIRECTION('',(0.,0.,-1.));
#9050=DIRECTION('',(-1.,0.,0.));
#9051=DIRECTION('',(0.,0.,-1.));
#9052=DIRECTION('',(-1.,0.,0.));
#9053=DIRECTION('',(0.,0.,-1.));
#9054=DIRECTION('',(-1.,0.,0.));
#9055=DIRECTION('',(0.,0.,-1.));
#9056=DIRECTION('',(-1.,0.,0.));
#9057=DIRECTION('',(0.,0.,-1.));
#9058=DIRECTION('',(-1.,0.,0.));
#9059=DIRECTION('',(0.,0.,-1.));
#9060=DIRECTION('',(-1.,0.,0.));
#9061=DIRECTION('',(0.,0.,-1.));
#9062=DIRECTION('',(-1.,0.,0.));
#9063=DIRECTION('',(0.,0.,-1.));
#9064=DIRECTION('',(-1.,0.,0.));
#9065=DIRECTION('',(0.,0.,-1.));
#9066=DIRECTION('',(-1.,0.,0.));
#9067=DIRECTION('',(0.,0.,-1.));
#9068=DIRECTION('',(-1.,0.,0.));
#9069=DIRECTION('',(0.,0.,-1.));
#9070=DIRECTION('',(-1.,0.,0.));
#9071=DIRECTION('',(0.,0.,-1.));
#9072=DIRECTION('',(-1.,0.,0.));
#9073=DIRECTION('',(0.,0.,-1.));
#9074=DIRECTION('',(-1.,0.,0.));
#9075=DIRECTION('',(0.,0.,-1.));
#9076=DIRECTION('',(-1.,0.,0.));
#9077=DIRECTION('',(0.,0.,-1.));
#9078=DIRECTION('',(-1.,0.,0.));
#9079=DIRECTION('',(0.,0.,-1.));
#9080=DIRECTION('',(-1.,0.,0.));
#9081=DIRECTION('',(0.,0.,-1.));
#9082=DIRECTION('',(-1.,0.,0.));
#9083=DIRECTION('',(0.,0.,-1.));
#9084=DIRECTION('',(-1.,0.,0.));
#9085=DIRECTION('',(0.,0.,-1.));
#9086=DIRECTION('',(-1.,0.,0.));
#9087=DIRECTION('',(0.,0.,-1.));
#9088=DIRECTION('',(-1.,0.,0.));
#9089=DIRECTION('',(0.,0.,-1.));
#9090=DIRECTION('',(-1.,0.,0.));
#9091=DIRECTION('',(0.,0.,-1.));
#9092=DIRECTION('',(-1.,0.,0.));
#9093=DIRECTION('',(0.,0.,-1.));
#9094=DIRECTION('',(-1.,0.,0.));
#9095=DIRECTION('',(0.,0.,-1.));
#9096=DIRECTION('',(-1.,0.,0.));
#9097=DIRECTION('',(0.,0.,-1.));
#9098=DIRECTION('',(-1.,0.,0.));
#9099=DIRECTION('',(0.,0.,-1.));
#9100=DIRECTION('',(-1.,0.,0.));
#9101=DIRECTION('',(0.,0.,-1.));
#9102=DIRECTION('',(-1.,0.,0.));
#9103=DIRECTION('',(0.,0.,-1.));
#9104=DIRECTION('',(-1.,0.,0.));
#9105=DIRECTION('',(0.,0.,-1.));
#9106=DIRECTION('',(-1.,0.,0.));
#9107=DIRECTION('',(0.,0.,-1.));
#9108=DIRECTION('',(-1.,0.,0.));
#9109=DIRECTION('',(0.,0.,-1.));
#9110=DIRECTION('',(-1.,0.,0.));
#9111=DIRECTION('',(0.,0.,-1.));
#9112=DIRECTION('',(-1.,0.,0.));
#9113=DIRECTION('',(0.,0.,-1.));
#9114=DIRECTION('',(-1.,0.,0.));
#9115=DIRECTION('',(0.,0.,-1.));
#9116=DIRECTION('',(-1.,0.,0.));
#9117=DIRECTION('',(0.,0.,-1.));
#9118=DIRECTION('',(-1.,0.,0.));
#9119=DIRECTION('',(0.,0.,-1.));
#9120=DIRECTION('',(-1.,0.,0.));
#9121=DIRECTION('',(0.,0.,-1.));
#9122=DIRECTION('',(-1.,0.,0.));
#9123=DIRECTION('',(0.,0.,-1.));
#9124=DIRECTION('',(-1.,0.,0.));
#9125=DIRECTION('',(0.,0.,-1.));
#9126=DIRECTION('',(-1.,0.,0.));
#9127=DIRECTION('',(0.,0.,-1.));
#9128=DIRECTION('',(-1.,0.,0.));
#9129=DIRECTION('',(0.,0.,-1.));
#9130=DIRECTION('',(-1.,0.,0.));
#9131=DIRECTION('',(0.,0.,-1.));
#9132=DIRECTION('',(-1.,0.,0.));
#9133=DIRECTION('',(0.,0.,-1.));
#9134=DIRECTION('',(-1.,0.,0.));
#9135=DIRECTION('',(0.,0.,-1.));
#9136=DIRECTION('',(-1.,0.,0.));
#9137=DIRECTION('',(0.,0.,-1.));
#9138=DIRECTION('',(-1.,0.,0.));
#9139=DIRECTION('',(0.,0.,-1.));
#9140=DIRECTION('',(-1.,0.,0.));
#9141=DIRECTION('',(0.,0.,-1.));
#9142=DIRECTION('',(-1.,0.,0.));
#9143=DIRECTION('',(0.,0.,-1.));
#9144=DIRECTION('',(-1.,0.,0.));
#9145=DIRECTION('',(0.,0.,-1.));
#9146=DIRECTION('',(-1.,0.,0.));
#9147=DIRECTION('',(0.,0.,-1.));
#9148=DIRECTION('',(-1.,0.,0.));
#9149=DIRECTION('',(0.,0.,-1.));
#9150=DIRECTION('',(-1.,0.,0.));
#9151=DIRECTION('',(0.,0.,-1.));
#9152=DIRECTION('',(-1.,0.,0.));
#9153=DIRECTION('',(0.,0.,-1.));
#9154=DIRECTION('',(-1.,0.,0.));
#9155=DIRECTION('',(0.,0.,-1.));
#9156=DIRECTION('',(-1.,0.,0.));
#9157=DIRECTION('',(0.,0.,-1.));
#9158=DIRECTION('',(-1.,0.,0.));
#9159=DIRECTION('',(0.,0.,-1.));
#9160=DIRECTION('',(-1.,0.,0.));
#9161=DIRECTION('',(0.,0.,-1.));
#9162=DIRECTION('',(-1.,0.,0.));
#9163=DIRECTION('',(0.,0.,-1.));
#9164=DIRECTION('',(-1.,0.,0.));
#9165=DIRECTION('',(0.,0.,-1.));
#9166=DIRECTION('',(-1.,0.,0.));
#9167=DIRECTION('',(0.,0.,-1.));
#9168=DIRECTION('',(-1.,0.,0.));
#9169=DIRECTION('',(0.,0.,-1.));
#9170=DIRECTION('',(-1.,0.,0.));
#9171=DIRECTION('',(0.,0.,-1.));
#9172=DIRECTION('',(-1.,0.,0.));
#9173=DIRECTION('',(0.,0.,-1.));
#9174=DIRECTION('',(-1.,0.,0.));
#9175=DIRECTION('',(0.,0.,-1.));
#9176=DIRECTION('',(-1.,0.,0.));
#9177=DIRECTION('',(0.,0.,-1.));
#9178=DIRECTION('',(-1.,0.,0.));
#9179=DIRECTION('',(0.,0.,-1.));
#9180=DIRECTION('',(-1.,0.,0.));
#9181=DIRECTION('',(0.,0.,-1.));
#9182=DIRECTION('',(-1.,0.,0.));
#9183=DIRECTION('',(0.,0.,-1.));
#9184=DIRECTION('',(-1.,0.,0.));
#9185=DIRECTION('',(0.,0.,-1.));
#9186=DIRECTION('',(-1.,0.,0.));
#9187=DIRECTION('',(0.,0.,-1.));
#9188=DIRECTION('',(-1.,0.,0.));
#9189=DIRECTION('',(0.,0.,-1.));
#9190=DIRECTION('',(-1.,0.,0.));
#9191=DIRECTION('',(0.,0.,-1.));
#9192=DIRECTION('',(-1.,0.,0.));
#9193=DIRECTION('',(0.,0.,-1.));
#9194=DIRECTION('',(-1.,0.,0.));
#9195=DIRECTION('',(0.,0.,-1.));
#9196=DIRECTION('',(-1.,0.,0.));
#9197=DIRECTION('',(0.,0.,-1.));
#9198=DIRECTION('',(-1.,0.,0.));
#9199=DIRECTION('',(0.,0.,-1.));
#9200=DIRECTION('',(-1.,0.,0.));
#9201=DIRECTION('',(0.,0.,-1.));
#9202=DIRECTION('',(-1.,0.,0.));
#9203=DIRECTION('',(0.,0.,-1.));
#9204=DIRECTION('',(-1.,0.,0.));
#9205=DIRECTION('',(0.,0.,-1.));
#9206=DIRECTION('',(-1.,0.,0.));
#9207=DIRECTION('',(0.,0.,-1.));
#9208=DIRECTION('',(-1.,0.,0.));
#9209=DIRECTION('',(0.,0.,-1.));
#9210=DIRECTION('',(-1.,0.,0.));
#9211=DIRECTION('',(0.,0.,-1.));
#9212=DIRECTION('',(-1.,0.,0.));
#9213=DIRECTION('',(0.,0.,-1.));
#9214=DIRECTION('',(-1.,0.,0.));
#9215=DIRECTION('',(0.,0.,-1.));
#9216=DIRECTION('',(-1.,0.,0.));
#9217=DIRECTION('',(0.,0.,-1.));
#9218=DIRECTION('',(-1.,0.,0.));
#9219=DIRECTION('',(0.,0.,-1.));
#9220=DIRECTION('',(-1.,0.,0.));
#9221=DIRECTION('',(0.,0.,-1.));
#9222=DIRECTION('',(-1.,0.,0.));
#9223=DIRECTION('',(0.,0.,-1.));
#9224=DIRECTION('',(-1.,0.,0.));
#9225=DIRECTION('',(0.,0.,-1.));
#9226=DIRECTION('',(-1.,0.,0.));
#9227=DIRECTION('',(0.,0.,-1.));
#9228=DIRECTION('',(-1.,0.,0.));
#9229=DIRECTION('',(0.,0.,-1.));
#9230=DIRECTION('',(-1.,0.,0.));
#9231=DIRECTION('',(0.,0.,-1.));
#9232=DIRECTION('',(-1.,0.,0.));
#9233=DIRECTION('',(0.,0.,-1.));
#9234=DIRECTION('',(-1.,0.,0.));
#9235=DIRECTION('',(0.,0.,-1.));
#9236=DIRECTION('',(-1.,0.,0.));
#9237=DIRECTION('',(0.,0.,-1.));
#9238=DIRECTION('',(-1.,0.,0.));
#9239=DIRECTION('',(0.,0.,-1.));
#9240=DIRECTION('',(-1.,0.,0.));
#9241=DIRECTION('',(0.,0.,-1.));
#9242=DIRECTION('',(-1.,0.,0.));
#9243=DIRECTION('',(0.,0.,-1.));
#9244=DIRECTION('',(-1.,0.,0.));
#9245=DIRECTION('',(0.,0.,-1.));
#9246=DIRECTION('',(-1.,0.,0.));
#9247=DIRECTION('',(0.,0.,-1.));
#9248=DIRECTION('',(-1.,0.,0.));
#9249=DIRECTION('',(0.,0.,-1.));
#9250=DIRECTION('',(-1.,0.,0.));
#9251=DIRECTION('',(0.,0.,-1.));
#9252=DIRECTION('',(-1.,0.,0.));
#9253=DIRECTION('',(0.,0.,-1.));
#9254=DIRECTION('',(-1.,0.,0.));
#9255=DIRECTION('',(0.,0.,-1.));
#9256=DIRECTION('',(-1.,0.,0.));
#9257=DIRECTION('',(0.,0.,-1.));
#9258=DIRECTION('',(-1.,0.,0.));
#9259=DIRECTION('',(0.,0.,-1.));
#9260=DIRECTION('',(-1.,0.,0.));
#9261=DIRECTION('',(0.,0.,-1.));
#9262=DIRECTION('',(-1.,0.,0.));
#9263=DIRECTION('',(0.,0.,-1.));
#9264=DIRECTION('',(-1.,0.,0.));
#9265=DIRECTION('',(0.,0.,-1.));
#9266=DIRECTION('',(-1.,0.,0.));
#9267=DIRECTION('',(0.,0.,-1.));
#9268=DIRECTION('',(-1.,0.,0.));
#9269=DIRECTION('',(0.,0.,-1.));
#9270=DIRECTION('',(-1.,0.,0.));
#9271=DIRECTION('',(0.,0.,-1.));
#9272=DIRECTION('',(-1.,0.,0.));
#9273=DIRECTION('',(0.,0.,-1.));
#9274=DIRECTION('',(-1.,0.,0.));
#9275=DIRECTION('',(0.,0.,-1.));
#9276=DIRECTION('',(-1.,0.,0.));
#9277=DIRECTION('',(0.,0.,-1.));
#9278=DIRECTION('',(-1.,0.,0.));
#9279=DIRECTION('',(0.,0.,-1.));
#9280=DIRECTION('',(-1.,0.,0.));
#9281=DIRECTION('',(0.,0.,-1.));
#9282=DIRECTION('',(-1.,0.,0.));
#9283=DIRECTION('',(0.,0.,-1.));
#9284=DIRECTION('',(-1.,0.,0.));
#9285=DIRECTION('',(0.,0.,-1.));
#9286=DIRECTION('',(-1.,0.,0.));
#9287=DIRECTION('',(0.,0.,-1.));
#9288=DIRECTION('',(-1.,0.,0.));
#9289=DIRECTION('',(0.,0.,-1.));
#9290=DIRECTION('',(-1.,0.,0.));
#9291=DIRECTION('',(0.,0.,-1.));
#9292=DIRECTION('',(-1.,0.,0.));
#9293=DIRECTION('',(0.,0.,-1.));
#9294=DIRECTION('',(-1.,0.,0.));
#9295=DIRECTION('',(0.,0.,-1.));
#9296=DIRECTION('',(-1.,0.,0.));
#9297=DIRECTION('',(0.,0.,-1.));
#9298=DIRECTION('',(-1.,0.,0.));
#9299=DIRECTION('',(0.,0.,-1.));
#9300=DIRECTION('',(-1.,0.,0.));
#9301=DIRECTION('',(0.,0.,-1.));
#9302=DIRECTION('',(-1.,0.,0.));
#9303=DIRECTION('',(0.,0.,-1.));
#9304=DIRECTION('',(-1.,0.,0.));
#9305=DIRECTION('',(0.,0.,-1.));
#9306=DIRECTION('',(-1.,0.,0.));
#9307=DIRECTION('',(0.,0.,-1.));
#9308=DIRECTION('',(-1.,0.,0.));
#9309=DIRECTION('',(0.,0.,-1.));
#9310=DIRECTION('',(-1.,0.,0.));
#9311=DIRECTION('',(0.,0.,-1.));
#9312=DIRECTION('',(-1.,0.,0.));
#9313=DIRECTION('',(0.,0.,-1.));
#9314=DIRECTION('',(-1.,0.,0.));
#9315=DIRECTION('',(0.,0.,-1.));
#9316=DIRECTION('',(-1.,0.,0.));
#9317=DIRECTION('',(0.,0.,-1.));
#9318=DIRECTION('',(-1.,0.,0.));
#9319=DIRECTION('',(0.,0.,-1.));
#9320=DIRECTION('',(-1.,0.,0.));
#9321=DIRECTION('',(0.,0.,-1.));
#9322=DIRECTION('',(-1.,0.,0.));
#9323=DIRECTION('',(0.,0.,-1.));
#9324=DIRECTION('',(-1.,0.,0.));
#9325=DIRECTION('',(0.,0.,-1.));
#9326=DIRECTION('',(-1.,0.,0.));
#9327=DIRECTION('',(0.,0.,-1.));
#9328=DIRECTION('',(-1.,0.,0.));
#9329=DIRECTION('',(0.,0.,-1.));
#9330=DIRECTION('',(-1.,0.,0.));
#9331=DIRECTION('',(0.,0.,-1.));
#9332=DIRECTION('',(-1.,0.,0.));
#9333=DIRECTION('',(0.,0.,-1.));
#9334=DIRECTION('',(-1.,0.,0.));
#9335=DIRECTION('',(0.,0.,-1.));
#9336=DIRECTION('',(-1.,0.,0.));
#9337=DIRECTION('',(0.,0.,-1.));
#9338=DIRECTION('',(-1.,0.,0.));
#9339=DIRECTION('',(0.,0.,-1.));
#9340=DIRECTION('',(-1.,0.,0.));
#9341=DIRECTION('',(0.,0.,-1.));
#9342=DIRECTION('',(-1.,0.,0.));
#9343=DIRECTION('',(0.,0.,-1.));
#9344=DIRECTION('',(-1.,0.,0.));
#9345=DIRECTION('',(0.,0.,-1.));
#9346=DIRECTION('',(-1.,0.,0.));
#9347=DIRECTION('',(0.,0.,-1.));
#9348=DIRECTION('',(-1.,0.,0.));
#9349=DIRECTION('',(0.,0.,-1.));
#9350=DIRECTION('',(-1.,0.,0.));
#9351=DIRECTION('',(0.,0.,-1.));
#9352=DIRECTION('',(-1.,0.,0.));
#9353=DIRECTION('',(0.,0.,-1.));
#9354=DIRECTION('',(-1.,0.,0.));
#9355=DIRECTION('',(0.,0.,-1.));
#9356=DIRECTION('',(-1.,0.,0.));
#9357=DIRECTION('',(0.,0.,-1.));
#9358=DIRECTION('',(-1.,0.,0.));
#9359=DIRECTION('',(0.,0.,-1.));
#9360=DIRECTION('',(-1.,0.,0.));
#9361=DIRECTION('',(-1.,0.,0.));
#9362=DIRECTION('',(0.,0.,1.));
#9363=DIRECTION('',(0.,0.,1.));
#9364=DIRECTION('',(0.,0.,-1.));
#9365=DIRECTION('',(-1.,0.,0.));
#9366=DIRECTION('',(0.,0.,-1.));
#9367=DIRECTION('',(-1.,0.,0.));
#9368=DIRECTION('',(0.,1.,0.));
#9369=DIRECTION('',(0.,0.,1.));
#9370=DIRECTION('',(0.,1.,0.));
#9371=DIRECTION('',(0.,0.,1.));
#9372=DIRECTION('',(0.,0.,-1.));
#9373=DIRECTION('',(0.,0.,1.));
#9374=DIRECTION('',(1.,0.,0.));
#9375=DIRECTION('',(0.,0.,1.));
#9376=DIRECTION('',(1.,0.,0.));
#9377=DIRECTION('',(0.,0.,1.));
#9378=DIRECTION('',(1.,0.,0.));
#9379=DIRECTION('',(0.,0.,1.));
#9380=DIRECTION('',(1.,0.,0.));
#9381=DIRECTION('',(-1.,0.,0.));
#9382=DIRECTION('',(0.,0.,1.));
#9383=DIRECTION('',(0.,0.,1.));
#9384=DIRECTION('',(0.,0.,1.));
#9385=DIRECTION('',(0.,-1.,0.));
#9386=DIRECTION('',(0.,0.,-1.));
#9387=DIRECTION('',(0.,0.,1.));
#9388=DIRECTION('',(-1.,0.,0.));
#9389=DIRECTION('',(0.,-1.,0.));
#9390=DIRECTION('',(0.,0.,-1.));
#9391=DIRECTION('',(-1.,0.,0.));
#9392=DIRECTION('',(0.,0.,1.));
#9393=DIRECTION('',(-1.,0.,0.));
#9394=DIRECTION('',(0.,0.,1.));
#9395=DIRECTION('',(0.,1.,-1.7347234759768E-16));
#9396=DIRECTION('',(0.,0.,1.));
#9397=DIRECTION('',(1.,0.,0.));
#9398=DIRECTION('',(0.,1.7347234759768E-16,1.));
#9399=DIRECTION('',(0.,-1.,1.7347234759768E-16));
#9400=DIRECTION('',(0.,0.,1.));
#9401=DIRECTION('',(1.,0.,0.));
#9402=DIRECTION('',(0.,0.,1.));
#9403=DIRECTION('',(1.,0.,0.));
#9404=DIRECTION('',(0.,0.,1.));
#9405=DIRECTION('',(1.,0.,0.));
#9406=DIRECTION('',(0.,1.7347234759768E-16,1.));
#9407=DIRECTION('',(0.,-1.,1.7347234759768E-16));
#9408=DIRECTION('',(0.,0.,-1.));
#9409=DIRECTION('',(0.,0.,-1.));
#9410=DIRECTION('',(1.,0.,0.));
#9411=DIRECTION('',(0.,0.,-1.));
#9412=DIRECTION('',(0.,0.,-1.));
#9413=DIRECTION('',(-1.,0.,0.));
#9414=DIRECTION('',(0.,0.,-1.));
#9415=DIRECTION('',(0.,0.,-1.));
#9416=DIRECTION('',(-1.,0.,0.));
#9417=DIRECTION('',(0.,0.,-1.));
#9418=DIRECTION('',(0.,0.,-1.));
#9419=DIRECTION('',(-1.,0.,0.));
#9420=DIRECTION('',(0.,1.7347234759768E-16,1.));
#9421=DIRECTION('',(0.,-1.,1.7347234759768E-16));
#9422=DIRECTION('',(0.0479606608198722,0.998849225365731,0.));
#9423=DIRECTION('',(-0.998849225365731,0.0479606608198722,0.));
#9424=DIRECTION('',(-0.0479606608198722,0.998849225365731,0.));
#9425=DIRECTION('',(-0.998849225365731,-0.0479606608198722,0.));
#9426=DIRECTION('',(0.,1.7347234759768E-16,1.));
#9427=DIRECTION('',(0.,-1.,1.7347234759768E-16));
#9428=DIRECTION('',(0.,0.,1.));
#9429=DIRECTION('',(1.,0.,0.));
#9430=DIRECTION('',(0.,0.,1.));
#9431=DIRECTION('',(1.,0.,0.));
#9432=DIRECTION('',(0.,0.,1.));
#9433=DIRECTION('',(1.,0.,0.));
#9434=DIRECTION('',(0.,0.,1.));
#9435=DIRECTION('',(1.,0.,0.));
#9436=DIRECTION('',(0.,0.,1.));
#9437=DIRECTION('',(1.,0.,0.));
#9438=DIRECTION('',(0.,0.,1.));
#9439=DIRECTION('',(1.,0.,0.));
#9440=DIRECTION('',(0.,0.,1.));
#9441=DIRECTION('',(1.,0.,0.));
#9442=DIRECTION('',(0.,0.,1.));
#9443=DIRECTION('',(1.,0.,0.));
#9444=DIRECTION('',(0.,0.,1.));
#9445=DIRECTION('',(1.,0.,0.));
#9446=DIRECTION('',(0.,0.,1.));
#9447=DIRECTION('',(1.,0.,0.));
#9448=DIRECTION('',(0.,0.,1.));
#9449=DIRECTION('',(1.,0.,0.));
#9450=DIRECTION('',(0.,0.,1.));
#9451=DIRECTION('',(1.,0.,0.));
#9452=DIRECTION('',(0.,0.,1.));
#9453=DIRECTION('',(1.,0.,0.));
#9454=DIRECTION('',(0.,0.,1.));
#9455=DIRECTION('',(1.,0.,0.));
#9456=DIRECTION('',(-1.,0.,0.));
#9457=DIRECTION('',(0.,0.,1.));
#9458=DIRECTION('',(-1.,0.,0.));
#9459=DIRECTION('',(0.,0.,1.));
#9460=DIRECTION('',(-1.,0.,0.));
#9461=DIRECTION('',(0.,0.,1.));
#9462=DIRECTION('',(-1.,0.,0.));
#9463=DIRECTION('',(0.,0.,1.));
#9464=DIRECTION('',(0.,0.,-1.));
#9465=DIRECTION('',(1.,0.,0.));
#9466=DIRECTION('',(0.,0.,1.));
#9467=DIRECTION('',(1.,0.,0.));
#9468=DIRECTION('',(0.,0.,-1.));
#9469=DIRECTION('',(-1.,0.,0.));
#9470=DIRECTION('',(0.,0.,-1.));
#9471=DIRECTION('',(1.,0.,0.));
#9472=DIRECTION('',(0.,0.,1.));
#9473=DIRECTION('',(1.,0.,0.));
#9474=DIRECTION('',(0.,0.,-1.));
#9475=DIRECTION('',(-1.,0.,0.));
#9476=DIRECTION('',(0.,0.,-1.));
#9477=DIRECTION('',(1.,0.,0.));
#9478=DIRECTION('',(0.,0.,1.));
#9479=DIRECTION('',(1.,0.,0.));
#9480=DIRECTION('',(0.,0.,-1.));
#9481=DIRECTION('',(-1.,0.,0.));
#9482=DIRECTION('',(0.,0.,-1.));
#9483=DIRECTION('',(1.,0.,0.));
#9484=DIRECTION('',(0.,0.,1.));
#9485=DIRECTION('',(1.,0.,0.));
#9486=DIRECTION('',(0.,0.,-1.));
#9487=DIRECTION('',(-1.,0.,0.));
#9488=DIRECTION('',(0.,0.,-1.));
#9489=DIRECTION('',(1.,0.,0.));
#9490=DIRECTION('',(0.,0.,1.));
#9491=DIRECTION('',(1.,0.,0.));
#9492=DIRECTION('',(0.,0.,-1.));
#9493=DIRECTION('',(-1.,0.,0.));
#9494=DIRECTION('',(0.,0.,-1.));
#9495=DIRECTION('',(1.,0.,0.));
#9496=DIRECTION('',(0.,0.,1.));
#9497=DIRECTION('',(1.,0.,0.));
#9498=DIRECTION('',(0.,0.,-1.));
#9499=DIRECTION('',(-1.,0.,0.));
#9500=DIRECTION('',(0.,0.,-1.));
#9501=DIRECTION('',(1.,0.,0.));
#9502=DIRECTION('',(0.,0.,1.));
#9503=DIRECTION('',(1.,0.,0.));
#9504=DIRECTION('',(0.,0.,-1.));
#9505=DIRECTION('',(-1.,0.,0.));
#9506=DIRECTION('',(0.,0.,1.));
#9507=DIRECTION('',(1.,0.,0.));
#9508=DIRECTION('',(0.,0.,1.));
#9509=DIRECTION('',(1.,0.,0.));
#9510=DIRECTION('',(0.,0.,1.));
#9511=DIRECTION('',(1.,0.,0.));
#9512=DIRECTION('',(0.,0.,1.));
#9513=DIRECTION('',(1.,0.,0.));
#9514=DIRECTION('',(0.,0.,1.));
#9515=DIRECTION('',(1.,0.,0.));
#9516=DIRECTION('',(0.,0.,1.));
#9517=DIRECTION('',(1.,0.,0.));
#9518=DIRECTION('',(0.,0.,1.));
#9519=DIRECTION('',(1.,0.,0.));
#9520=DIRECTION('',(0.,0.,1.));
#9521=DIRECTION('',(1.,0.,0.));
#9522=DIRECTION('',(0.,0.,1.));
#9523=DIRECTION('',(1.,0.,0.));
#9524=DIRECTION('',(0.,0.,1.));
#9525=DIRECTION('',(1.,0.,0.));
#9526=DIRECTION('',(0.,0.,1.));
#9527=DIRECTION('',(1.,0.,0.));
#9528=DIRECTION('',(0.,0.,1.));
#9529=DIRECTION('',(1.,0.,0.));
#9530=DIRECTION('',(0.,0.,1.));
#9531=DIRECTION('',(1.,0.,0.));
#9532=DIRECTION('',(0.,0.,1.));
#9533=DIRECTION('',(1.,0.,0.));
#9534=DIRECTION('',(0.,0.,1.));
#9535=DIRECTION('',(1.,0.,0.));
#9536=DIRECTION('',(0.,0.,1.));
#9537=DIRECTION('',(1.,0.,0.));
#9538=DIRECTION('',(0.,0.,1.));
#9539=DIRECTION('',(1.,0.,0.));
#9540=DIRECTION('',(0.,0.,1.));
#9541=DIRECTION('',(1.,0.,0.));
#9542=DIRECTION('',(0.,0.,1.));
#9543=DIRECTION('',(1.,0.,0.));
#9544=DIRECTION('',(0.,0.,1.));
#9545=DIRECTION('',(1.,0.,0.));
#9546=DIRECTION('',(0.,0.,1.));
#9547=DIRECTION('',(1.,0.,0.));
#9548=CARTESIAN_POINT('',(0.,0.,0.));
#9549=CARTESIAN_POINT('',(0.064,0.024,-0.016));
#9550=CARTESIAN_POINT('',(0.064,0.024,0.));
#9551=CARTESIAN_POINT('',(0.066,0.024,0.));
#9552=CARTESIAN_POINT('',(0.064,0.024,0.004));
#9553=CARTESIAN_POINT('',(0.066,0.024,0.004));
#9554=CARTESIAN_POINT('',(-0.024,0.064,-0.016));
#9555=CARTESIAN_POINT('',(-0.024,0.064,0.));
#9556=CARTESIAN_POINT('',(-0.022,0.064,0.));
#9557=CARTESIAN_POINT('',(-0.024,0.064,0.004));
#9558=CARTESIAN_POINT('',(-0.022,0.064,0.004));
#9559=CARTESIAN_POINT('',(0.012,0.064,-0.016));
#9560=CARTESIAN_POINT('',(0.012,0.064,0.));
#9561=CARTESIAN_POINT('',(0.014,0.064,0.));
#9562=CARTESIAN_POINT('',(0.012,0.064,0.004));
#9563=CARTESIAN_POINT('',(0.014,0.064,0.004));
#9564=CARTESIAN_POINT('',(0.064,-0.012,-0.016));
#9565=CARTESIAN_POINT('',(0.064,-0.012,0.));
#9566=CARTESIAN_POINT('',(0.066,-0.012,0.));
#9567=CARTESIAN_POINT('',(0.064,-0.012,0.004));
#9568=CARTESIAN_POINT('',(0.066,-0.012,0.004));
#9569=CARTESIAN_POINT('',(0.024,-0.064,-0.016));
#9570=CARTESIAN_POINT('',(0.024,-0.064,0.));
#9571=CARTESIAN_POINT('',(0.026,-0.064,0.));
#9572=CARTESIAN_POINT('',(0.024,-0.064,0.004));
#9573=CARTESIAN_POINT('',(0.026,-0.064,0.004));
#9574=CARTESIAN_POINT('',(-0.012,-0.064,-0.016));
#9575=CARTESIAN_POINT('',(-0.012,-0.064,0.));
#9576=CARTESIAN_POINT('',(-0.01,-0.064,0.));
#9577=CARTESIAN_POINT('',(-0.012,-0.064,0.004));
#9578=CARTESIAN_POINT('',(-0.01,-0.064,0.004));
#9579=CARTESIAN_POINT('',(-0.064,-0.024,-0.016));
#9580=CARTESIAN_POINT('',(-0.064,-0.024,0.));
#9581=CARTESIAN_POINT('',(-0.062,-0.024,0.));
#9582=CARTESIAN_POINT('',(-0.064,-0.024,0.004));
#9583=CARTESIAN_POINT('',(-0.062,-0.024,0.004));
#9584=CARTESIAN_POINT('',(-0.012,0.064,-0.016));
#9585=CARTESIAN_POINT('',(-0.012,0.064,0.009));
#9586=CARTESIAN_POINT('',(-0.01,0.064,0.009));
#9587=CARTESIAN_POINT('',(-0.012,0.064,0.005));
#9588=CARTESIAN_POINT('',(-0.014,0.064,0.005));
#9589=CARTESIAN_POINT('',(0.024,0.064,-0.016));
#9590=CARTESIAN_POINT('',(0.024,0.064,0.009));
#9591=CARTESIAN_POINT('',(0.026,0.064,0.009));
#9592=CARTESIAN_POINT('',(0.024,0.064,0.005));
#9593=CARTESIAN_POINT('',(0.022,0.064,0.005));
#9594=CARTESIAN_POINT('',(0.064,0.012,-0.016));
#9595=CARTESIAN_POINT('',(0.064,0.012,0.009));
#9596=CARTESIAN_POINT('',(0.066,0.012,0.009));
#9597=CARTESIAN_POINT('',(0.064,0.012,0.005));
#9598=CARTESIAN_POINT('',(0.062,0.012,0.005));
#9599=CARTESIAN_POINT('',(0.012,-0.064,-0.016));
#9600=CARTESIAN_POINT('',(0.012,-0.064,0.009));
#9601=CARTESIAN_POINT('',(0.014,-0.064,0.009));
#9602=CARTESIAN_POINT('',(0.012,-0.064,0.005));
#9603=CARTESIAN_POINT('',(0.01,-0.064,0.005));
#9604=CARTESIAN_POINT('',(-0.024,-0.064,-0.016));
#9605=CARTESIAN_POINT('',(-0.024,-0.064,0.009));
#9606=CARTESIAN_POINT('',(-0.022,-0.064,0.009));
#9607=CARTESIAN_POINT('',(-0.024,-0.064,0.005));
#9608=CARTESIAN_POINT('',(-0.026,-0.064,0.005));
#9609=CARTESIAN_POINT('',(0.064,-0.024,-0.016));
#9610=CARTESIAN_POINT('',(0.064,-0.024,0.009));
#9611=CARTESIAN_POINT('',(0.066,-0.024,0.009));
#9612=CARTESIAN_POINT('',(0.064,-0.024,0.005));
#9613=CARTESIAN_POINT('',(0.062,-0.024,0.005));
#9614=CARTESIAN_POINT('',(-0.064,0.024,-0.016));
#9615=CARTESIAN_POINT('',(-0.064,0.024,0.009));
#9616=CARTESIAN_POINT('',(-0.062,0.024,0.009));
#9617=CARTESIAN_POINT('',(-0.064,0.024,0.005));
#9618=CARTESIAN_POINT('',(-0.066,0.024,0.005));
#9619=CARTESIAN_POINT('',(0.064,-0.024,0.));
#9620=CARTESIAN_POINT('',(0.064,-0.028,0.));
#9621=CARTESIAN_POINT('',(0.064,-0.028,0.005));
#9622=CARTESIAN_POINT('',(0.064,-0.028,0.009));
#9623=CARTESIAN_POINT('',(0.064,-0.024,0.005));
#9624=CARTESIAN_POINT('',(0.064,-0.02,0.005));
#9625=CARTESIAN_POINT('',(0.064,-0.02,0.));
#9626=CARTESIAN_POINT('',(0.064,-0.02,0.009));
#9627=CARTESIAN_POINT('',(0.064,-0.024,0.009));
#9628=CARTESIAN_POINT('',(0.012,-0.064,0.));
#9629=CARTESIAN_POINT('',(0.008,-0.064,0.));
#9630=CARTESIAN_POINT('',(0.008,-0.064,0.005));
#9631=CARTESIAN_POINT('',(0.008,-0.064,0.009));
#9632=CARTESIAN_POINT('',(0.012,-0.064,0.005));
#9633=CARTESIAN_POINT('',(0.016,-0.064,0.005));
#9634=CARTESIAN_POINT('',(0.016,-0.064,0.));
#9635=CARTESIAN_POINT('',(0.016,-0.064,0.009));
#9636=CARTESIAN_POINT('',(0.012,-0.064,0.009));
#9637=CARTESIAN_POINT('',(-0.024,-0.064,0.));
#9638=CARTESIAN_POINT('',(-0.028,-0.064,0.));
#9639=CARTESIAN_POINT('',(-0.028,-0.064,0.005));
#9640=CARTESIAN_POINT('',(-0.028,-0.064,0.009));
#9641=CARTESIAN_POINT('',(-0.024,-0.064,0.005));
#9642=CARTESIAN_POINT('',(-0.02,-0.064,0.005));
#9643=CARTESIAN_POINT('',(-0.02,-0.064,0.));
#9644=CARTESIAN_POINT('',(-0.02,-0.064,0.009));
#9645=CARTESIAN_POINT('',(-0.024,-0.064,0.009));
#9646=CARTESIAN_POINT('',(-0.064,0.024,0.));
#9647=CARTESIAN_POINT('',(-0.064,0.028,0.));
#9648=CARTESIAN_POINT('',(-0.064,0.028,0.005));
#9649=CARTESIAN_POINT('',(-0.064,0.028,0.009));
#9650=CARTESIAN_POINT('',(-0.064,0.024,0.005));
#9651=CARTESIAN_POINT('',(-0.0679960744472052,0.0238228305545696,0.005));
#9652=CARTESIAN_POINT('',(-0.0679960744472052,0.0238228305545696,0.));
#9653=CARTESIAN_POINT('',(-0.0679960744472052,0.0238228305545696,0.009));
#9654=CARTESIAN_POINT('',(-0.064,0.024,0.009));
#9655=CARTESIAN_POINT('',(-0.012,0.064,0.));
#9656=CARTESIAN_POINT('',(-0.008,0.064,0.));
#9657=CARTESIAN_POINT('',(-0.008,0.064,0.005));
#9658=CARTESIAN_POINT('',(-0.008,0.064,0.009));
#9659=CARTESIAN_POINT('',(-0.012,0.064,0.005));
#9660=CARTESIAN_POINT('',(-0.016,0.064,0.005));
#9661=CARTESIAN_POINT('',(-0.016,0.064,0.));
#9662=CARTESIAN_POINT('',(-0.016,0.064,0.009));
#9663=CARTESIAN_POINT('',(-0.012,0.064,0.009));
#9664=CARTESIAN_POINT('',(0.024,0.064,0.));
#9665=CARTESIAN_POINT('',(0.028,0.064,0.));
#9666=CARTESIAN_POINT('',(0.028,0.064,0.005));
#9667=CARTESIAN_POINT('',(0.028,0.064,0.009));
#9668=CARTESIAN_POINT('',(0.024,0.064,0.005));
#9669=CARTESIAN_POINT('',(0.02,0.064,0.005));
#9670=CARTESIAN_POINT('',(0.02,0.064,0.));
#9671=CARTESIAN_POINT('',(0.02,0.064,0.009));
#9672=CARTESIAN_POINT('',(0.024,0.064,0.009));
#9673=CARTESIAN_POINT('',(0.064,0.012,0.));
#9674=CARTESIAN_POINT('',(0.064,0.008,0.));
#9675=CARTESIAN_POINT('',(0.064,0.008,0.005));
#9676=CARTESIAN_POINT('',(0.064,0.008,0.009));
#9677=CARTESIAN_POINT('',(0.064,0.012,0.005));
#9678=CARTESIAN_POINT('',(0.064,0.016,0.005));
#9679=CARTESIAN_POINT('',(0.064,0.016,0.));
#9680=CARTESIAN_POINT('',(0.064,0.016,0.009));
#9681=CARTESIAN_POINT('',(0.064,0.012,0.009));
#9682=CARTESIAN_POINT('',(0.064,-0.018,0.009));
#9683=CARTESIAN_POINT('',(0.064,-0.018,0.));
#9684=CARTESIAN_POINT('',(0.064,-0.016,0.));
#9685=CARTESIAN_POINT('',(0.064,-0.02,0.));
#9686=CARTESIAN_POINT('',(0.064,-0.016,0.));
#9687=CARTESIAN_POINT('',(0.064,-0.016,0.004));
#9688=CARTESIAN_POINT('',(0.064,-0.016,0.));
#9689=CARTESIAN_POINT('',(0.064,-0.016,0.009));
#9690=CARTESIAN_POINT('',(0.064,-0.018,0.009));
#9691=CARTESIAN_POINT('',(0.064,-0.02,0.));
#9692=CARTESIAN_POINT('',(0.064,-0.00425,0.009));
#9693=CARTESIAN_POINT('',(0.064,-0.00425,0.));
#9694=CARTESIAN_POINT('',(0.064,0.008,0.));
#9695=CARTESIAN_POINT('',(0.064,-0.008,0.));
#9696=CARTESIAN_POINT('',(0.064,0.008,0.));
#9697=CARTESIAN_POINT('',(0.064,-0.00425,0.009));
#9698=CARTESIAN_POINT('',(0.064,-0.008,0.009));
#9699=CARTESIAN_POINT('',(0.064,-0.008,0.));
#9700=CARTESIAN_POINT('',(0.064,-0.008,0.004));
#9701=CARTESIAN_POINT('',(0.064,-0.008,0.));
#9702=CARTESIAN_POINT('',(0.064,0.018,0.009));
#9703=CARTESIAN_POINT('',(0.064,0.018,0.));
#9704=CARTESIAN_POINT('',(0.064,0.016,0.));
#9705=CARTESIAN_POINT('',(0.064,0.02,0.));
#9706=CARTESIAN_POINT('',(0.064,0.02,0.));
#9707=CARTESIAN_POINT('',(0.064,0.02,0.004));
#9708=CARTESIAN_POINT('',(0.064,0.02,0.));
#9709=CARTESIAN_POINT('',(0.064,0.02,0.009));
#9710=CARTESIAN_POINT('',(0.064,0.018,0.009));
#9711=CARTESIAN_POINT('',(0.064,0.016,0.));
#9712=CARTESIAN_POINT('',(0.0357,0.064,0.009));
#9713=CARTESIAN_POINT('',(0.0357,0.064,0.));
#9714=CARTESIAN_POINT('',(0.028,0.064,0.));
#9715=CARTESIAN_POINT('',(0.0439,0.064,0.));
#9716=CARTESIAN_POINT('',(0.028,0.064,0.));
#9717=CARTESIAN_POINT('',(0.0357,0.064,0.009));
#9718=CARTESIAN_POINT('',(0.0439,0.064,0.009));
#9719=CARTESIAN_POINT('',(0.0439,0.064,0.009));
#9720=CARTESIAN_POINT('',(0.018,0.064,0.009));
#9721=CARTESIAN_POINT('',(0.018,0.064,0.));
#9722=CARTESIAN_POINT('',(0.016,0.064,0.));
#9723=CARTESIAN_POINT('',(0.02,0.064,0.));
#9724=CARTESIAN_POINT('',(0.016,0.064,0.));
#9725=CARTESIAN_POINT('',(0.016,0.064,0.004));
#9726=CARTESIAN_POINT('',(0.016,0.064,0.));
#9727=CARTESIAN_POINT('',(0.016,0.064,0.009));
#9728=CARTESIAN_POINT('',(0.018,0.064,0.009));
#9729=CARTESIAN_POINT('',(0.02,0.064,0.));
#9730=CARTESIAN_POINT('',(0.00425,0.064,0.009));
#9731=CARTESIAN_POINT('',(0.00425,0.064,0.));
#9732=CARTESIAN_POINT('',(-0.008,0.064,0.));
#9733=CARTESIAN_POINT('',(0.008,0.064,0.));
#9734=CARTESIAN_POINT('',(-0.008,0.064,0.));
#9735=CARTESIAN_POINT('',(0.00425,0.064,0.009));
#9736=CARTESIAN_POINT('',(0.008,0.064,0.009));
#9737=CARTESIAN_POINT('',(0.008,0.064,0.));
#9738=CARTESIAN_POINT('',(0.008,0.064,0.004));
#9739=CARTESIAN_POINT('',(0.008,0.064,0.));
#9740=CARTESIAN_POINT('',(-0.018,0.064,0.009));
#9741=CARTESIAN_POINT('',(-0.016,0.064,0.));
#9742=CARTESIAN_POINT('',(-0.016,0.064,0.));
#9743=CARTESIAN_POINT('',(-0.018,0.064,0.));
#9744=CARTESIAN_POINT('',(-0.02,0.064,0.));
#9745=CARTESIAN_POINT('',(-0.02,0.064,0.));
#9746=CARTESIAN_POINT('',(-0.02,0.064,0.004));
#9747=CARTESIAN_POINT('',(-0.02,0.064,0.));
#9748=CARTESIAN_POINT('',(-0.02,0.064,0.009));
#9749=CARTESIAN_POINT('',(-0.018,0.064,0.009));
#9750=CARTESIAN_POINT('',(-0.0357,0.064,0.009));
#9751=CARTESIAN_POINT('',(-0.028,0.064,0.));
#9752=CARTESIAN_POINT('',(-0.028,0.064,0.));
#9753=CARTESIAN_POINT('',(-0.028,0.064,0.004));
#9754=CARTESIAN_POINT('',(-0.0357,0.064,0.));
#9755=CARTESIAN_POINT('',(-0.0439,0.064,0.));
#9756=CARTESIAN_POINT('',(-0.0439,0.064,0.009));
#9757=CARTESIAN_POINT('',(-0.0439,0.064,0.009));
#9758=CARTESIAN_POINT('',(-0.0357,0.064,0.009));
#9759=CARTESIAN_POINT('',(-0.028,0.064,0.009));
#9760=CARTESIAN_POINT('',(-0.028,0.064,0.));
#9761=CARTESIAN_POINT('',(-0.0357,-0.064,0.009));
#9762=CARTESIAN_POINT('',(-0.0357,-0.064,0.));
#9763=CARTESIAN_POINT('',(-0.028,-0.064,0.));
#9764=CARTESIAN_POINT('',(-0.0439,-0.064,0.));
#9765=CARTESIAN_POINT('',(-0.028,-0.064,0.));
#9766=CARTESIAN_POINT('',(-0.0357,-0.064,0.009));
#9767=CARTESIAN_POINT('',(-0.0439,-0.064,0.009));
#9768=CARTESIAN_POINT('',(-0.0439,-0.064,0.009));
#9769=CARTESIAN_POINT('',(-0.018,-0.064,0.009));
#9770=CARTESIAN_POINT('',(-0.018,-0.064,0.));
#9771=CARTESIAN_POINT('',(-0.016,-0.064,0.));
#9772=CARTESIAN_POINT('',(-0.02,-0.064,0.));
#9773=CARTESIAN_POINT('',(-0.016,-0.064,0.));
#9774=CARTESIAN_POINT('',(-0.016,-0.064,0.004));
#9775=CARTESIAN_POINT('',(-0.016,-0.064,0.));
#9776=CARTESIAN_POINT('',(-0.016,-0.064,0.009));
#9777=CARTESIAN_POINT('',(-0.018,-0.064,0.009));
#9778=CARTESIAN_POINT('',(-0.02,-0.064,0.));
#9779=CARTESIAN_POINT('',(-0.00425,-0.064,0.009));
#9780=CARTESIAN_POINT('',(-0.00425,-0.064,0.));
#9781=CARTESIAN_POINT('',(0.008,-0.064,0.));
#9782=CARTESIAN_POINT('',(-0.008,-0.064,0.));
#9783=CARTESIAN_POINT('',(0.008,-0.064,0.));
#9784=CARTESIAN_POINT('',(-0.00425,-0.064,0.009));
#9785=CARTESIAN_POINT('',(-0.008,-0.064,0.009));
#9786=CARTESIAN_POINT('',(-0.008,-0.064,0.));
#9787=CARTESIAN_POINT('',(-0.008,-0.064,0.004));
#9788=CARTESIAN_POINT('',(-0.008,-0.064,0.));
#9789=CARTESIAN_POINT('',(0.018,-0.064,0.009));
#9790=CARTESIAN_POINT('',(0.018,-0.064,0.));
#9791=CARTESIAN_POINT('',(0.016,-0.064,0.));
#9792=CARTESIAN_POINT('',(0.02,-0.064,0.));
#9793=CARTESIAN_POINT('',(0.02,-0.064,0.));
#9794=CARTESIAN_POINT('',(0.02,-0.064,0.004));
#9795=CARTESIAN_POINT('',(0.02,-0.064,0.));
#9796=CARTESIAN_POINT('',(0.02,-0.064,0.009));
#9797=CARTESIAN_POINT('',(0.018,-0.064,0.009));
#9798=CARTESIAN_POINT('',(0.016,-0.064,0.));
#9799=CARTESIAN_POINT('',(0.0357,-0.064,0.009));
#9800=CARTESIAN_POINT('',(0.028,-0.064,0.));
#9801=CARTESIAN_POINT('',(0.028,-0.064,0.));
#9802=CARTESIAN_POINT('',(0.028,-0.064,0.004));
#9803=CARTESIAN_POINT('',(0.0357,-0.064,0.));
#9804=CARTESIAN_POINT('',(0.0439,-0.064,0.));
#9805=CARTESIAN_POINT('',(0.0439,-0.064,0.009));
#9806=CARTESIAN_POINT('',(0.0439,-0.064,0.009));
#9807=CARTESIAN_POINT('',(0.0357,-0.064,0.009));
#9808=CARTESIAN_POINT('',(0.028,-0.064,0.009));
#9809=CARTESIAN_POINT('',(0.028,-0.064,0.));
#9810=CARTESIAN_POINT('',(-0.0955,-1.21430643318376E-17,0.014));
#9811=CARTESIAN_POINT('',(-0.0955,-0.01,0.005));
#9812=CARTESIAN_POINT('',(-0.0955,-0.01,0.));
#9813=CARTESIAN_POINT('',(-0.0955,-0.01,0.01));
#9814=CARTESIAN_POINT('',(-0.0955,-1.21430643318376E-17,0.));
#9815=CARTESIAN_POINT('',(-0.0955,-0.0104764040188148,0.));
#9816=CARTESIAN_POINT('',(-0.0955,-0.0104764040188148,0.014));
#9817=CARTESIAN_POINT('',(-0.0955,-0.0104764040188148,0.014));
#9818=CARTESIAN_POINT('',(-0.0955,-1.21430643318376E-17,0.014));
#9819=CARTESIAN_POINT('',(-0.0955,0.0104764040188148,0.014));
#9820=CARTESIAN_POINT('',(-0.0955,0.0104764040188148,0.014));
#9821=CARTESIAN_POINT('',(-0.0955,0.0104764040188148,0.));
#9822=CARTESIAN_POINT('',(-0.0955,-1.21430643318376E-17,0.));
#9823=CARTESIAN_POINT('',(-0.0955,0.01,0.));
#9824=CARTESIAN_POINT('',(-0.0955,0.01,0.005));
#9825=CARTESIAN_POINT('',(-0.0955,0.01,0.01));
#9826=CARTESIAN_POINT('',(-0.0955,1.7347234759768E-18,0.01));
#9827=CARTESIAN_POINT('',(-0.0798408409924954,-0.0195925567883945,0.014));
#9828=CARTESIAN_POINT('',(-0.0798408409924954,-0.0195925567883945,0.));
#9829=CARTESIAN_POINT('',(-0.0921816819849908,-0.0151851135767891,0.));
#9830=CARTESIAN_POINT('',(-0.0679960744472051,-0.0238228305545696,0.));
#9831=CARTESIAN_POINT('',(-0.0679960744472051,-0.0238228305545696,0.));
#9832=CARTESIAN_POINT('',(-0.0679960744472051,-0.0238228305545696,0.004));
#9833=CARTESIAN_POINT('',(-0.0679960744472051,-0.0238228305545696,0.));
#9834=CARTESIAN_POINT('',(-0.0679960744472051,-0.0238228305545696,0.009));
#9835=CARTESIAN_POINT('',(-0.0798408409924954,-0.0195925567883945,0.009));
#9836=CARTESIAN_POINT('',(-0.0921816819849908,-0.0151851135767891,0.009));
#9837=CARTESIAN_POINT('',(-0.0921816819849908,-0.0151851135767891,0.014));
#9838=CARTESIAN_POINT('',(-0.0798408409924954,0.0195925567883945,0.014));
#9839=CARTESIAN_POINT('',(-0.0679960744472052,0.0238228305545696,0.));
#9840=CARTESIAN_POINT('',(-0.0679960744472051,0.0238228305545696,0.));
#9841=CARTESIAN_POINT('',(-0.0798408409924954,0.0195925567883945,0.));
#9842=CARTESIAN_POINT('',(-0.0921816819849908,0.015185113576789,0.));
#9843=CARTESIAN_POINT('',(-0.0921816819849908,0.015185113576789,0.014));
#9844=CARTESIAN_POINT('',(-0.0921816819849908,0.015185113576789,0.009));
#9845=CARTESIAN_POINT('',(-0.0798408409924954,0.0195925567883945,0.009));
#9846=CARTESIAN_POINT('',(-0.014,0.,0.014));
#9847=CARTESIAN_POINT('',(-0.0798408409924954,-0.0145925567883945,0.014));
#9848=CARTESIAN_POINT('',(-0.0675,-0.014,0.014));
#9849=CARTESIAN_POINT('',(-0.0921816819849908,-0.0151851135767891,0.014));
#9850=CARTESIAN_POINT('',(-0.05225,-0.014,0.014));
#9851=CARTESIAN_POINT('',(-0.037,-0.014,0.014));
#9852=CARTESIAN_POINT('',(-0.037,-0.007,0.014));
#9853=CARTESIAN_POINT('',(-0.037,0.014,0.014));
#9854=CARTESIAN_POINT('',(-0.05225,0.014,0.014));
#9855=CARTESIAN_POINT('',(-0.0675,0.014,0.014));
#9856=CARTESIAN_POINT('',(-0.0798408409924954,0.0145925567883945,0.014));
#9857=CARTESIAN_POINT('',(-0.0921816819849908,0.015185113576789,0.014));
#9858=CARTESIAN_POINT('',(-0.0905,0.0104764040188148,0.014));
#9859=CARTESIAN_POINT('',(-0.0905,-0.0104764040188149,0.014));
#9860=CARTESIAN_POINT('',(-0.045,0.,0.014));
#9861=CARTESIAN_POINT('',(-0.045,0.01,0.014));
#9862=CARTESIAN_POINT('',(-0.045,-0.01,0.014));
#9863=CARTESIAN_POINT('',(-0.066,-0.01,0.014));
#9864=CARTESIAN_POINT('',(-0.087,-0.01,0.014));
#9865=CARTESIAN_POINT('',(-0.087,0.,0.014));
#9866=CARTESIAN_POINT('',(-0.087,0.01,0.014));
#9867=CARTESIAN_POINT('',(-0.066,0.01,0.014));
#9868=CARTESIAN_POINT('',(-0.0907897579523054,0.00502077997117346,0.014));
#9869=CARTESIAN_POINT('',(-0.0881897579523054,0.00502077997117346,0.014));
#9870=CARTESIAN_POINT('',(-0.04125,-0.005,0.014));
#9871=CARTESIAN_POINT('',(-0.03865,-0.005,0.014));
#9872=CARTESIAN_POINT('',(-0.04125,0.005,0.014));
#9873=CARTESIAN_POINT('',(-0.03865,0.005,0.014));
#9874=CARTESIAN_POINT('',(-0.09075,-0.005,0.014));
#9875=CARTESIAN_POINT('',(-0.0919741769871627,-0.00270622784389961,0.014));
#9876=CARTESIAN_POINT('',(-0.0895655809651428,-0.00731455212727383,0.014));
#9877=CARTESIAN_POINT('',(-0.0907897579523054,-0.00502077997117346,0.014));
#9878=CARTESIAN_POINT('',(0.,0.,0.009));
#9879=CARTESIAN_POINT('',(-0.064,-0.024,0.009));
#9880=CARTESIAN_POINT('',(-0.064,-0.028,0.009));
#9881=CARTESIAN_POINT('',(-0.064,-0.0357,0.009));
#9882=CARTESIAN_POINT('',(-0.064,-0.0439,0.009));
#9883=CARTESIAN_POINT('',(-0.064,-0.064,0.009));
#9884=CARTESIAN_POINT('',(-0.012,-0.064,0.009));
#9885=CARTESIAN_POINT('',(0.024,-0.064,0.009));
#9886=CARTESIAN_POINT('',(0.064,-0.064,0.009));
#9887=CARTESIAN_POINT('',(0.064,-0.0439,0.009));
#9888=CARTESIAN_POINT('',(0.064,-0.0357,0.009));
#9889=CARTESIAN_POINT('',(0.064,-0.012,0.009));
#9890=CARTESIAN_POINT('',(0.064,0.024,0.009));
#9891=CARTESIAN_POINT('',(0.064,0.028,0.009));
#9892=CARTESIAN_POINT('',(0.064,0.0357,0.009));
#9893=CARTESIAN_POINT('',(0.064,0.0439,0.009));
#9894=CARTESIAN_POINT('',(0.064,0.064,0.009));
#9895=CARTESIAN_POINT('',(0.012,0.064,0.009));
#9896=CARTESIAN_POINT('',(-0.024,0.064,0.009));
#9897=CARTESIAN_POINT('',(-0.064,0.064,0.009));
#9898=CARTESIAN_POINT('',(-0.064,0.0439,0.009));
#9899=CARTESIAN_POINT('',(-0.064,0.0357,0.009));
#9900=CARTESIAN_POINT('',(-0.0798408409924954,0.0145925567883945,0.009));
#9901=CARTESIAN_POINT('',(-0.0675,0.014,0.009));
#9902=CARTESIAN_POINT('',(-0.05225,0.014,0.009));
#9903=CARTESIAN_POINT('',(-0.0587,0.014,0.009));
#9904=CARTESIAN_POINT('',(-0.0587,0.019,0.009));
#9905=CARTESIAN_POINT('',(-0.0587,0.024,0.009));
#9906=CARTESIAN_POINT('',(-0.0522,0.024,0.009));
#9907=CARTESIAN_POINT('',(-0.0457,0.024,0.009));
#9908=CARTESIAN_POINT('',(-0.0457,0.022,0.009));
#9909=CARTESIAN_POINT('',(-0.0437,0.022,0.009));
#9910=CARTESIAN_POINT('',(-0.0437,0.019,0.009));
#9911=CARTESIAN_POINT('',(-0.0437,0.016,0.009));
#9912=CARTESIAN_POINT('',(-0.0457,0.016,0.009));
#9913=CARTESIAN_POINT('',(-0.0457,0.014,0.009));
#9914=CARTESIAN_POINT('',(-0.05225,0.014,0.009));
#9915=CARTESIAN_POINT('',(-0.037,0.014,0.009));
#9916=CARTESIAN_POINT('',(-0.037,-0.007,0.009));
#9917=CARTESIAN_POINT('',(-0.037,-0.014,0.009));
#9918=CARTESIAN_POINT('',(-0.05225,-0.014,0.009));
#9919=CARTESIAN_POINT('',(-0.0457,-0.014,0.009));
#9920=CARTESIAN_POINT('',(-0.0457,-0.016,0.009));
#9921=CARTESIAN_POINT('',(-0.0437,-0.016,0.009));
#9922=CARTESIAN_POINT('',(-0.0437,-0.019,0.009));
#9923=CARTESIAN_POINT('',(-0.0437,-0.022,0.009));
#9924=CARTESIAN_POINT('',(-0.0457,-0.022,0.009));
#9925=CARTESIAN_POINT('',(-0.0457,-0.024,0.009));
#9926=CARTESIAN_POINT('',(-0.0522,-0.024,0.009));
#9927=CARTESIAN_POINT('',(-0.0587,-0.024,0.009));
#9928=CARTESIAN_POINT('',(-0.0587,-0.019,0.009));
#9929=CARTESIAN_POINT('',(-0.0587,-0.014,0.009));
#9930=CARTESIAN_POINT('',(-0.05225,-0.014,0.009));
#9931=CARTESIAN_POINT('',(-0.0675,-0.014,0.009));
#9932=CARTESIAN_POINT('',(-0.0798408409924954,-0.0145925567883945,0.009));
#9933=CARTESIAN_POINT('',(0.0522,0.024,0.009));
#9934=CARTESIAN_POINT('',(0.0457,0.024,0.009));
#9935=CARTESIAN_POINT('',(0.0587,0.024,0.009));
#9936=CARTESIAN_POINT('',(0.0587,0.019,0.009));
#9937=CARTESIAN_POINT('',(0.0587,0.014,0.009));
#9938=CARTESIAN_POINT('',(0.0522,0.014,0.009));
#9939=CARTESIAN_POINT('',(0.0457,0.014,0.009));
#9940=CARTESIAN_POINT('',(0.0457,0.016,0.009));
#9941=CARTESIAN_POINT('',(0.0437,0.016,0.009));
#9942=CARTESIAN_POINT('',(0.0437,0.019,0.009));
#9943=CARTESIAN_POINT('',(0.0437,0.022,0.009));
#9944=CARTESIAN_POINT('',(0.0457,0.022,0.009));
#9945=CARTESIAN_POINT('',(0.0587,-0.019,0.009));
#9946=CARTESIAN_POINT('',(0.0587,-0.024,0.009));
#9947=CARTESIAN_POINT('',(0.0587,-0.014,0.009));
#9948=CARTESIAN_POINT('',(0.0522,-0.024,0.009));
#9949=CARTESIAN_POINT('',(0.0457,-0.024,0.009));
#9950=CARTESIAN_POINT('',(0.0457,-0.022,0.009));
#9951=CARTESIAN_POINT('',(0.0437,-0.022,0.009));
#9952=CARTESIAN_POINT('',(0.0437,-0.019,0.009));
#9953=CARTESIAN_POINT('',(0.0437,-0.016,0.009));
#9954=CARTESIAN_POINT('',(0.0457,-0.016,0.009));
#9955=CARTESIAN_POINT('',(0.0457,-0.014,0.009));
#9956=CARTESIAN_POINT('',(0.0522,-0.014,0.009));
#9957=CARTESIAN_POINT('',(0.0209,0.016,0.009));
#9958=CARTESIAN_POINT('',(0.0189,0.016,0.009));
#9959=CARTESIAN_POINT('',(0.0209,0.014,0.009));
#9960=CARTESIAN_POINT('',(0.0189,0.019,0.009));
#9961=CARTESIAN_POINT('',(0.0189,0.022,0.009));
#9962=CARTESIAN_POINT('',(0.0209,0.022,0.009));
#9963=CARTESIAN_POINT('',(0.0209,0.024,0.009));
#9964=CARTESIAN_POINT('',(0.0274,0.024,0.009));
#9965=CARTESIAN_POINT('',(0.0339,0.024,0.009));
#9966=CARTESIAN_POINT('',(0.0339,0.022,0.009));
#9967=CARTESIAN_POINT('',(0.0359,0.022,0.009));
#9968=CARTESIAN_POINT('',(0.0359,0.019,0.009));
#9969=CARTESIAN_POINT('',(0.0359,0.016,0.009));
#9970=CARTESIAN_POINT('',(0.0339,0.016,0.009));
#9971=CARTESIAN_POINT('',(0.0339,0.014,0.009));
#9972=CARTESIAN_POINT('',(0.0274,0.014,0.009));
#9973=CARTESIAN_POINT('',(-0.0274,0.024,0.009));
#9974=CARTESIAN_POINT('',(-0.0209,0.024,0.009));
#9975=CARTESIAN_POINT('',(-0.0339,0.024,0.009));
#9976=CARTESIAN_POINT('',(-0.0209,0.022,0.009));
#9977=CARTESIAN_POINT('',(-0.0189,0.022,0.009));
#9978=CARTESIAN_POINT('',(-0.0189,0.019,0.009));
#9979=CARTESIAN_POINT('',(-0.0189,0.016,0.009));
#9980=CARTESIAN_POINT('',(-0.0209,0.016,0.009));
#9981=CARTESIAN_POINT('',(-0.0209,0.014,0.009));
#9982=CARTESIAN_POINT('',(-0.0274,0.014,0.009));
#9983=CARTESIAN_POINT('',(-0.0339,0.014,0.009));
#9984=CARTESIAN_POINT('',(-0.0339,0.016,0.009));
#9985=CARTESIAN_POINT('',(-0.0359,0.016,0.009));
#9986=CARTESIAN_POINT('',(-0.0359,0.019,0.009));
#9987=CARTESIAN_POINT('',(-0.0359,0.022,0.009));
#9988=CARTESIAN_POINT('',(-0.0339,0.022,0.009));
#9989=CARTESIAN_POINT('',(-0.0274,-0.014,0.009));
#9990=CARTESIAN_POINT('',(-0.0209,-0.014,0.009));
#9991=CARTESIAN_POINT('',(-0.0339,-0.014,0.009));
#9992=CARTESIAN_POINT('',(-0.0209,-0.016,0.009));
#9993=CARTESIAN_POINT('',(-0.0189,-0.016,0.009));
#9994=CARTESIAN_POINT('',(-0.0189,-0.019,0.009));
#9995=CARTESIAN_POINT('',(-0.0189,-0.022,0.009));
#9996=CARTESIAN_POINT('',(-0.0209,-0.022,0.009));
#9997=CARTESIAN_POINT('',(-0.0209,-0.024,0.009));
#9998=CARTESIAN_POINT('',(-0.0274,-0.024,0.009));
#9999=CARTESIAN_POINT('',(-0.0339,-0.024,0.009));
#10000=CARTESIAN_POINT('',(-0.0339,-0.022,0.009));
#10001=CARTESIAN_POINT('',(-0.0359,-0.022,0.009));
#10002=CARTESIAN_POINT('',(-0.0359,-0.019,0.009));
#10003=CARTESIAN_POINT('',(-0.0359,-0.016,0.009));
#10004=CARTESIAN_POINT('',(-0.0339,-0.016,0.009));
#10005=CARTESIAN_POINT('',(0.037,7.45842453077269E-20,0.009));
#10006=CARTESIAN_POINT('',(0.039,7.45842453077269E-20,0.009));
#10007=CARTESIAN_POINT('',(0.046,4.00023709130867E-19,0.009));
#10008=CARTESIAN_POINT('',(0.0492,4.00023709130867E-19,0.009));
#10009=CARTESIAN_POINT('',(0.055,3.81133075803952E-19,0.009));
#10010=CARTESIAN_POINT('',(0.057,3.81133075803952E-19,0.009));
#10011=CARTESIAN_POINT('',(0.061,4.02342459703523E-19,0.009));
#10012=CARTESIAN_POINT('',(0.063,4.02342459703523E-19,0.009));
#10013=CARTESIAN_POINT('',(0.037,0.006,0.009));
#10014=CARTESIAN_POINT('',(0.039,0.006,0.009));
#10015=CARTESIAN_POINT('',(0.043,0.006,0.009));
#10016=CARTESIAN_POINT('',(0.045,0.006,0.009));
#10017=CARTESIAN_POINT('',(0.049,0.006,0.009));
#10018=CARTESIAN_POINT('',(0.051,0.006,0.009));
#10019=CARTESIAN_POINT('',(0.055,0.006,0.009));
#10020=CARTESIAN_POINT('',(0.057,0.006,0.009));
#10021=CARTESIAN_POINT('',(0.034,0.011,0.009));
#10022=CARTESIAN_POINT('',(0.03535,0.011,0.009));
#10023=CARTESIAN_POINT('',(0.048,0.011,0.009));
#10024=CARTESIAN_POINT('',(0.04935,0.011,0.009));
#10025=CARTESIAN_POINT('',(0.056,0.011,0.009));
#10026=CARTESIAN_POINT('',(0.05735,0.011,0.009));
#10027=CARTESIAN_POINT('',(0.039,0.018,0.009));
#10028=CARTESIAN_POINT('',(0.04035,0.018,0.009));
#10029=CARTESIAN_POINT('',(0.039,0.024,0.009));
#10030=CARTESIAN_POINT('',(0.04035,0.024,0.009));
#10031=CARTESIAN_POINT('',(0.009,0.03,0.009));
#10032=CARTESIAN_POINT('',(0.011,0.03,0.009));
#10033=CARTESIAN_POINT('',(0.015,0.03,0.009));
#10034=CARTESIAN_POINT('',(0.01635,0.03,0.009));
#10035=CARTESIAN_POINT('',(0.039,0.03,0.009));
#10036=CARTESIAN_POINT('',(0.04035,0.03,0.009));
#10037=CARTESIAN_POINT('',(0.009,0.036,0.009));
#10038=CARTESIAN_POINT('',(0.011,0.036,0.009));
#10039=CARTESIAN_POINT('',(0.015,0.036,0.009));
#10040=CARTESIAN_POINT('',(0.01635,0.036,0.009));
#10041=CARTESIAN_POINT('',(0.039,0.036,0.009));
#10042=CARTESIAN_POINT('',(0.04035,0.036,0.009));
#10043=CARTESIAN_POINT('',(0.021,0.03,0.009));
#10044=CARTESIAN_POINT('',(0.023,0.03,0.009));
#10045=CARTESIAN_POINT('',(0.027,0.03,0.009));
#10046=CARTESIAN_POINT('',(0.029,0.03,0.009));
#10047=CARTESIAN_POINT('',(0.033,0.03,0.009));
#10048=CARTESIAN_POINT('',(0.035,0.03,0.009));
#10049=CARTESIAN_POINT('',(0.045,0.03,0.009));
#10050=CARTESIAN_POINT('',(0.04635,0.03,0.009));
#10051=CARTESIAN_POINT('',(0.055,0.03,0.009));
#10052=CARTESIAN_POINT('',(0.057,0.03,0.009));
#10053=CARTESIAN_POINT('',(0.003,0.036,0.009));
#10054=CARTESIAN_POINT('',(0.005,0.036,0.009));
#10055=CARTESIAN_POINT('',(0.021,0.036,0.009));
#10056=CARTESIAN_POINT('',(0.02235,0.036,0.009));
#10057=CARTESIAN_POINT('',(0.027,0.036,0.009));
#10058=CARTESIAN_POINT('',(0.02835,0.036,0.009));
#10059=CARTESIAN_POINT('',(0.033,0.036,0.009));
#10060=CARTESIAN_POINT('',(0.03435,0.036,0.009));
#10061=CARTESIAN_POINT('',(0.061,0.036,0.009));
#10062=CARTESIAN_POINT('',(0.0627389167006774,0.036,0.009));
#10063=CARTESIAN_POINT('',(0.055,0.036,0.009));
#10064=CARTESIAN_POINT('',(0.057,0.036,0.009));
#10065=CARTESIAN_POINT('',(0.04915076,0.03359441,0.009));
#10066=CARTESIAN_POINT('',(0.05050076,0.03359441,0.009));
#10067=CARTESIAN_POINT('',(0.015,0.042,0.009));
#10068=CARTESIAN_POINT('',(0.01635,0.042,0.009));
#10069=CARTESIAN_POINT('',(0.021,0.042,0.009));
#10070=CARTESIAN_POINT('',(0.023,0.042,0.009));
#10071=CARTESIAN_POINT('',(0.049,0.042,0.009));
#10072=CARTESIAN_POINT('',(0.051,0.042,0.009));
#10073=CARTESIAN_POINT('',(0.055,0.042,0.009));
#10074=CARTESIAN_POINT('',(0.057,0.042,0.009));
#10075=CARTESIAN_POINT('',(0.021,0.048,0.009));
#10076=CARTESIAN_POINT('',(0.023,0.048,0.009));
#10077=CARTESIAN_POINT('',(0.015,0.048,0.009));
#10078=CARTESIAN_POINT('',(0.017,0.048,0.009));
#10079=CARTESIAN_POINT('',(0.021,0.054,0.009));
#10080=CARTESIAN_POINT('',(0.023,0.054,0.009));
#10081=CARTESIAN_POINT('',(0.015,0.054,0.009));
#10082=CARTESIAN_POINT('',(0.017,0.054,0.009));
#10083=CARTESIAN_POINT('',(0.039,0.048,0.009));
#10084=CARTESIAN_POINT('',(0.041,0.048,0.009));
#10085=CARTESIAN_POINT('',(0.045,0.048,0.009));
#10086=CARTESIAN_POINT('',(0.047,0.048,0.009));
#10087=CARTESIAN_POINT('',(0.039,0.054,0.009));
#10088=CARTESIAN_POINT('',(0.041,0.054,0.009));
#10089=CARTESIAN_POINT('',(0.039,0.06,0.009));
#10090=CARTESIAN_POINT('',(0.041,0.06,0.009));
#10091=CARTESIAN_POINT('',(0.028,0.046,0.009));
#10092=CARTESIAN_POINT('',(0.02935,0.046,0.009));
#10093=CARTESIAN_POINT('',(0.032,0.046,0.009));
#10094=CARTESIAN_POINT('',(0.03335,0.046,0.009));
#10095=CARTESIAN_POINT('',(0.008,0.046,0.009));
#10096=CARTESIAN_POINT('',(0.00935,0.046,0.009));
#10097=CARTESIAN_POINT('',(0.004,0.046,0.009));
#10098=CARTESIAN_POINT('',(0.00535,0.046,0.009));
#10099=CARTESIAN_POINT('',(0.028,0.058,0.009));
#10100=CARTESIAN_POINT('',(0.02935,0.058,0.009));
#10101=CARTESIAN_POINT('',(0.032,0.058,0.009));
#10102=CARTESIAN_POINT('',(0.03335,0.058,0.009));
#10103=CARTESIAN_POINT('',(0.008,0.058,0.009));
#10104=CARTESIAN_POINT('',(0.00935,0.058,0.009));
#10105=CARTESIAN_POINT('',(0.004,0.058,0.009));
#10106=CARTESIAN_POINT('',(0.00535,0.058,0.009));
#10107=CARTESIAN_POINT('',(0.03359441,0.04915076,0.009));
#10108=CARTESIAN_POINT('',(0.03494441,0.04915076,0.009));
#10109=CARTESIAN_POINT('',(0.043,-0.006,0.009));
#10110=CARTESIAN_POINT('',(0.045,-0.006,0.009));
#10111=CARTESIAN_POINT('',(0.055,-0.006,0.009));
#10112=CARTESIAN_POINT('',(0.057,-0.006,0.009));
#10113=CARTESIAN_POINT('',(0.056,-0.011,0.009));
#10114=CARTESIAN_POINT('',(0.05735,-0.011,0.009));
#10115=CARTESIAN_POINT('',(0.021,-0.036,0.009));
#10116=CARTESIAN_POINT('',(0.02235,-0.036,0.009));
#10117=CARTESIAN_POINT('',(0.027,-0.03,0.009));
#10118=CARTESIAN_POINT('',(0.029,-0.03,0.009));
#10119=CARTESIAN_POINT('',(0.039,-0.018,0.009));
#10120=CARTESIAN_POINT('',(0.04035,-0.018,0.009));
#10121=CARTESIAN_POINT('',(0.033,-0.036,0.009));
#10122=CARTESIAN_POINT('',(0.03435,-0.036,0.009));
#10123=CARTESIAN_POINT('',(0.034,-0.011,0.009));
#10124=CARTESIAN_POINT('',(0.03535,-0.011,0.009));
#10125=CARTESIAN_POINT('',(0.048,-0.011,0.009));
#10126=CARTESIAN_POINT('',(0.04935,-0.011,0.009));
#10127=CARTESIAN_POINT('',(0.055,-0.036,0.009));
#10128=CARTESIAN_POINT('',(0.057,-0.036,0.009));
#10129=CARTESIAN_POINT('',(0.009,-0.036,0.009));
#10130=CARTESIAN_POINT('',(0.011,-0.036,0.009));
#10131=CARTESIAN_POINT('',(0.021,-0.03,0.009));
#10132=CARTESIAN_POINT('',(0.023,-0.03,0.009));
#10133=CARTESIAN_POINT('',(0.055,-0.042,0.009));
#10134=CARTESIAN_POINT('',(0.057,-0.042,0.009));
#10135=CARTESIAN_POINT('',(0.045,-0.048,0.009));
#10136=CARTESIAN_POINT('',(0.047,-0.048,0.009));
#10137=CARTESIAN_POINT('',(0.021,-0.054,0.009));
#10138=CARTESIAN_POINT('',(0.023,-0.054,0.009));
#10139=CARTESIAN_POINT('',(0.032,-0.058,0.009));
#10140=CARTESIAN_POINT('',(0.03335,-0.058,0.009));
#10141=CARTESIAN_POINT('',(0.008,-0.058,0.009));
#10142=CARTESIAN_POINT('',(0.00935,-0.058,0.009));
#10143=CARTESIAN_POINT('',(0.021,-0.048,0.009));
#10144=CARTESIAN_POINT('',(0.023,-0.048,0.009));
#10145=CARTESIAN_POINT('',(0.032,-0.046,0.009));
#10146=CARTESIAN_POINT('',(0.03335,-0.046,0.009));
#10147=CARTESIAN_POINT('',(0.015,-0.054,0.009));
#10148=CARTESIAN_POINT('',(0.017,-0.054,0.009));
#10149=CARTESIAN_POINT('',(0.004,-0.046,0.009));
#10150=CARTESIAN_POINT('',(0.00535,-0.046,0.009));
#10151=CARTESIAN_POINT('',(0.015,-0.042,0.009));
#10152=CARTESIAN_POINT('',(0.01635,-0.042,0.009));
#10153=CARTESIAN_POINT('',(0.039,-0.06,0.009));
#10154=CARTESIAN_POINT('',(0.041,-0.06,0.009));
#10155=CARTESIAN_POINT('',(-0.015,0.03,0.009));
#10156=CARTESIAN_POINT('',(-0.01365,0.03,0.009));
#10157=CARTESIAN_POINT('',(-0.015,-0.03,0.009));
#10158=CARTESIAN_POINT('',(-0.01365,-0.03,0.009));
#10159=CARTESIAN_POINT('',(-0.015,-0.042,0.009));
#10160=CARTESIAN_POINT('',(-0.01365,-0.042,0.009));
#10161=CARTESIAN_POINT('',(-0.027,-0.036,0.009));
#10162=CARTESIAN_POINT('',(-0.02565,-0.036,0.009));
#10163=CARTESIAN_POINT('',(-0.021,0.036,0.009));
#10164=CARTESIAN_POINT('',(-0.01965,0.036,0.009));
#10165=CARTESIAN_POINT('',(-0.039,-0.024,0.009));
#10166=CARTESIAN_POINT('',(-0.03765,-0.024,0.009));
#10167=CARTESIAN_POINT('',(-0.033,0.036,0.009));
#10168=CARTESIAN_POINT('',(-0.03165,0.036,0.009));
#10169=CARTESIAN_POINT('',(-0.045,0.03,0.009));
#10170=CARTESIAN_POINT('',(-0.04365,0.03,0.009));
#10171=CARTESIAN_POINT('',(-0.039,0.03,0.009));
#10172=CARTESIAN_POINT('',(-0.03765,0.03,0.009));
#10173=CARTESIAN_POINT('',(-0.039,0.036,0.009));
#10174=CARTESIAN_POINT('',(-0.03765,0.036,0.009));
#10175=CARTESIAN_POINT('',(-0.039,-0.03,0.009));
#10176=CARTESIAN_POINT('',(-0.03765,-0.03,0.009));
#10177=CARTESIAN_POINT('',(-0.021,-0.042,0.009));
#10178=CARTESIAN_POINT('',(-0.019,-0.042,0.009));
#10179=CARTESIAN_POINT('',(-0.049,-0.042,0.009));
#10180=CARTESIAN_POINT('',(-0.047,-0.042,0.009));
#10181=CARTESIAN_POINT('',(-0.055,-0.036,0.009));
#10182=CARTESIAN_POINT('',(-0.053,-0.036,0.009));
#10183=CARTESIAN_POINT('',(-0.049,0.042,0.009));
#10184=CARTESIAN_POINT('',(-0.047,0.042,0.009));
#10185=CARTESIAN_POINT('',(-0.055,0.03,0.009));
#10186=CARTESIAN_POINT('',(-0.053,0.03,0.009));
#10187=CARTESIAN_POINT('',(-0.033,0.03,0.009));
#10188=CARTESIAN_POINT('',(-0.031,0.03,0.009));
#10189=CARTESIAN_POINT('',(-0.055,-0.03,0.009));
#10190=CARTESIAN_POINT('',(-0.053,-0.03,0.009));
#10191=CARTESIAN_POINT('',(-0.009,-0.036,0.009));
#10192=CARTESIAN_POINT('',(-0.007,-0.036,0.009));
#10193=CARTESIAN_POINT('',(-0.027,-0.03,0.009));
#10194=CARTESIAN_POINT('',(-0.025,-0.03,0.009));
#10195=CARTESIAN_POINT('',(-0.055,0.042,0.009));
#10196=CARTESIAN_POINT('',(-0.053,0.042,0.009));
#10197=CARTESIAN_POINT('',(-0.027,0.03,0.009));
#10198=CARTESIAN_POINT('',(-0.025,0.03,0.009));
#10199=CARTESIAN_POINT('',(-0.021,0.03,0.009));
#10200=CARTESIAN_POINT('',(-0.019,0.03,0.009));
#10201=CARTESIAN_POINT('',(-0.032,0.046,0.009));
#10202=CARTESIAN_POINT('',(-0.03065,0.046,0.009));
#10203=CARTESIAN_POINT('',(-0.004,0.058,0.009));
#10204=CARTESIAN_POINT('',(-0.00265,0.058,0.009));
#10205=CARTESIAN_POINT('',(-0.028,0.046,0.009));
#10206=CARTESIAN_POINT('',(-0.02665,0.046,0.009));
#10207=CARTESIAN_POINT('',(-0.03359441,0.04915076,0.009));
#10208=CARTESIAN_POINT('',(-0.03224441,0.04915076,0.009));
#10209=CARTESIAN_POINT('',(-0.004,0.046,0.009));
#10210=CARTESIAN_POINT('',(-0.00265,0.046,0.009));
#10211=CARTESIAN_POINT('',(-0.021,0.054,0.009));
#10212=CARTESIAN_POINT('',(-0.019,0.054,0.009));
#10213=CARTESIAN_POINT('',(-0.021,0.048,0.009));
#10214=CARTESIAN_POINT('',(-0.019,0.048,0.009));
#10215=CARTESIAN_POINT('',(-0.039,0.048,0.009));
#10216=CARTESIAN_POINT('',(-0.037,0.048,0.009));
#10217=CARTESIAN_POINT('',(-0.015,0.048,0.009));
#10218=CARTESIAN_POINT('',(-0.013,0.048,0.009));
#10219=CARTESIAN_POINT('',(-0.039,0.054,0.009));
#10220=CARTESIAN_POINT('',(-0.037,0.054,0.009));
#10221=CARTESIAN_POINT('',(-0.015,0.054,0.009));
#10222=CARTESIAN_POINT('',(-0.013,0.054,0.009));
#10223=CARTESIAN_POINT('',(-0.045,0.048,0.009));
#10224=CARTESIAN_POINT('',(-0.043,0.048,0.009));
#10225=CARTESIAN_POINT('',(-0.008,0.058,0.009));
#10226=CARTESIAN_POINT('',(-0.00665,0.058,0.009));
#10227=CARTESIAN_POINT('',(-0.008,0.046,0.009));
#10228=CARTESIAN_POINT('',(-0.00665,0.046,0.009));
#10229=CARTESIAN_POINT('',(-0.028,0.058,0.009));
#10230=CARTESIAN_POINT('',(-0.02665,0.058,0.009));
#10231=CARTESIAN_POINT('',(-0.032,0.058,0.009));
#10232=CARTESIAN_POINT('',(-0.03065,0.058,0.009));
#10233=CARTESIAN_POINT('',(-0.021,-0.054,0.009));
#10234=CARTESIAN_POINT('',(-0.019,-0.054,0.009));
#10235=CARTESIAN_POINT('',(-0.021,-0.048,0.009));
#10236=CARTESIAN_POINT('',(-0.019,-0.048,0.009));
#10237=CARTESIAN_POINT('',(-0.039,-0.048,0.009));
#10238=CARTESIAN_POINT('',(-0.037,-0.048,0.009));
#10239=CARTESIAN_POINT('',(-0.039,-0.06,0.009));
#10240=CARTESIAN_POINT('',(-0.037,-0.06,0.009));
#10241=CARTESIAN_POINT('',(-0.015,-0.048,0.009));
#10242=CARTESIAN_POINT('',(-0.013,-0.048,0.009));
#10243=CARTESIAN_POINT('',(-0.045,-0.048,0.009));
#10244=CARTESIAN_POINT('',(-0.043,-0.048,0.009));
#10245=CARTESIAN_POINT('',(-0.039,-0.054,0.009));
#10246=CARTESIAN_POINT('',(-0.037,-0.054,0.009));
#10247=CARTESIAN_POINT('',(-0.015,-0.054,0.009));
#10248=CARTESIAN_POINT('',(-0.013,-0.054,0.009));
#10249=CARTESIAN_POINT('',(-0.028,-0.058,0.009));
#10250=CARTESIAN_POINT('',(-0.02665,-0.058,0.009));
#10251=CARTESIAN_POINT('',(-0.032,-0.046,0.009));
#10252=CARTESIAN_POINT('',(-0.03065,-0.046,0.009));
#10253=CARTESIAN_POINT('',(-0.028,-0.046,0.009));
#10254=CARTESIAN_POINT('',(-0.02665,-0.046,0.009));
#10255=CARTESIAN_POINT('',(-0.004,-0.046,0.009));
#10256=CARTESIAN_POINT('',(-0.00265,-0.046,0.009));
#10257=CARTESIAN_POINT('',(-0.03359441,-0.04915076,0.009));
#10258=CARTESIAN_POINT('',(-0.03224441,-0.04915076,0.009));
#10259=CARTESIAN_POINT('',(-0.032,-0.058,0.009));
#10260=CARTESIAN_POINT('',(-0.03065,-0.058,0.009));
#10261=CARTESIAN_POINT('',(-0.004,-0.058,0.009));
#10262=CARTESIAN_POINT('',(-0.00265,-0.058,0.009));
#10263=CARTESIAN_POINT('',(-0.008,-0.046,0.009));
#10264=CARTESIAN_POINT('',(-0.00665,-0.046,0.009));
#10265=CARTESIAN_POINT('',(-0.008,-0.058,0.009));
#10266=CARTESIAN_POINT('',(-0.00665,-0.058,0.009));
#10267=CARTESIAN_POINT('',(-0.055,0.036,0.009));
#10268=CARTESIAN_POINT('',(-0.053,0.036,0.009));
#10269=CARTESIAN_POINT('',(-0.009,0.03,0.009));
#10270=CARTESIAN_POINT('',(-0.007,0.03,0.009));
#10271=CARTESIAN_POINT('',(-0.021,-0.03,0.009));
#10272=CARTESIAN_POINT('',(-0.019,-0.03,0.009));
#10273=CARTESIAN_POINT('',(-0.033,-0.03,0.009));
#10274=CARTESIAN_POINT('',(-0.031,-0.03,0.009));
#10275=CARTESIAN_POINT('',(-0.009,-0.03,0.009));
#10276=CARTESIAN_POINT('',(-0.007,-0.03,0.009));
#10277=CARTESIAN_POINT('',(-0.009,0.036,0.009));
#10278=CARTESIAN_POINT('',(-0.007,0.036,0.009));
#10279=CARTESIAN_POINT('',(-0.055,-0.042,0.009));
#10280=CARTESIAN_POINT('',(-0.053,-0.042,0.009));
#10281=CARTESIAN_POINT('',(-0.003,-0.036,0.009));
#10282=CARTESIAN_POINT('',(-0.001,-0.036,0.009));
#10283=CARTESIAN_POINT('',(-0.021,0.042,0.009));
#10284=CARTESIAN_POINT('',(-0.019,0.042,0.009));
#10285=CARTESIAN_POINT('',(-0.061,0.036,0.009));
#10286=CARTESIAN_POINT('',(-0.0592610832993226,0.036,0.009));
#10287=CARTESIAN_POINT('',(-0.003,0.036,0.009));
#10288=CARTESIAN_POINT('',(-0.001,0.036,0.009));
#10289=CARTESIAN_POINT('',(-0.04915076,-0.03359441,0.009));
#10290=CARTESIAN_POINT('',(-0.04780076,-0.03359441,0.009));
#10291=CARTESIAN_POINT('',(-0.039,0.024,0.009));
#10292=CARTESIAN_POINT('',(-0.03765,0.024,0.009));
#10293=CARTESIAN_POINT('',(-0.015,0.042,0.009));
#10294=CARTESIAN_POINT('',(-0.01365,0.042,0.009));
#10295=CARTESIAN_POINT('',(-0.039,-0.036,0.009));
#10296=CARTESIAN_POINT('',(-0.03765,-0.036,0.009));
#10297=CARTESIAN_POINT('',(-0.015,-0.036,0.009));
#10298=CARTESIAN_POINT('',(-0.01365,-0.036,0.009));
#10299=CARTESIAN_POINT('',(-0.039,0.018,0.009));
#10300=CARTESIAN_POINT('',(-0.03765,0.018,0.009));
#10301=CARTESIAN_POINT('',(-0.04915076,0.03359441,0.009));
#10302=CARTESIAN_POINT('',(-0.04780076,0.03359441,0.009));
#10303=CARTESIAN_POINT('',(-0.015,0.036,0.009));
#10304=CARTESIAN_POINT('',(-0.01365,0.036,0.009));
#10305=CARTESIAN_POINT('',(-0.039,-0.018,0.009));
#10306=CARTESIAN_POINT('',(-0.03765,-0.018,0.009));
#10307=CARTESIAN_POINT('',(-0.061,-0.036,0.009));
#10308=CARTESIAN_POINT('',(-0.0592610832993226,-0.036,0.009));
#10309=CARTESIAN_POINT('',(-0.033,-0.036,0.009));
#10310=CARTESIAN_POINT('',(-0.03165,-0.036,0.009));
#10311=CARTESIAN_POINT('',(-0.027,0.036,0.009));
#10312=CARTESIAN_POINT('',(-0.02565,0.036,0.009));
#10313=CARTESIAN_POINT('',(-0.021,-0.036,0.009));
#10314=CARTESIAN_POINT('',(-0.01965,-0.036,0.009));
#10315=CARTESIAN_POINT('',(-0.045,-0.03,0.009));
#10316=CARTESIAN_POINT('',(-0.04365,-0.03,0.009));
#10317=CARTESIAN_POINT('',(0.039,-0.054,0.009));
#10318=CARTESIAN_POINT('',(0.041,-0.054,0.009));
#10319=CARTESIAN_POINT('',(0.03359441,-0.04915076,0.009));
#10320=CARTESIAN_POINT('',(0.03494441,-0.04915076,0.009));
#10321=CARTESIAN_POINT('',(0.021,-0.042,0.009));
#10322=CARTESIAN_POINT('',(0.023,-0.042,0.009));
#10323=CARTESIAN_POINT('',(0.004,-0.058,0.009));
#10324=CARTESIAN_POINT('',(0.00535,-0.058,0.009));
#10325=CARTESIAN_POINT('',(0.028,-0.046,0.009));
#10326=CARTESIAN_POINT('',(0.02935,-0.046,0.009));
#10327=CARTESIAN_POINT('',(0.028,-0.058,0.009));
#10328=CARTESIAN_POINT('',(0.02935,-0.058,0.009));
#10329=CARTESIAN_POINT('',(0.008,-0.046,0.009));
#10330=CARTESIAN_POINT('',(0.00935,-0.046,0.009));
#10331=CARTESIAN_POINT('',(0.015,-0.048,0.009));
#10332=CARTESIAN_POINT('',(0.017,-0.048,0.009));
#10333=CARTESIAN_POINT('',(0.039,-0.048,0.009));
#10334=CARTESIAN_POINT('',(0.041,-0.048,0.009));
#10335=CARTESIAN_POINT('',(0.049,-0.042,0.009));
#10336=CARTESIAN_POINT('',(0.051,-0.042,0.009));
#10337=CARTESIAN_POINT('',(0.04915076,-0.03359441,0.009));
#10338=CARTESIAN_POINT('',(0.05050076,-0.03359441,0.009));
#10339=CARTESIAN_POINT('',(0.015,-0.036,0.009));
#10340=CARTESIAN_POINT('',(0.01635,-0.036,0.009));
#10341=CARTESIAN_POINT('',(0.033,-0.03,0.009));
#10342=CARTESIAN_POINT('',(0.035,-0.03,0.009));
#10343=CARTESIAN_POINT('',(0.027,-0.036,0.009));
#10344=CARTESIAN_POINT('',(0.02835,-0.036,0.009));
#10345=CARTESIAN_POINT('',(0.015,-0.03,0.009));
#10346=CARTESIAN_POINT('',(0.01635,-0.03,0.009));
#10347=CARTESIAN_POINT('',(0.039,-0.03,0.009));
#10348=CARTESIAN_POINT('',(0.04035,-0.03,0.009));
#10349=CARTESIAN_POINT('',(0.055,-0.03,0.009));
#10350=CARTESIAN_POINT('',(0.057,-0.03,0.009));
#10351=CARTESIAN_POINT('',(0.045,-0.03,0.009));
#10352=CARTESIAN_POINT('',(0.04635,-0.03,0.009));
#10353=CARTESIAN_POINT('',(0.003,-0.036,0.009));
#10354=CARTESIAN_POINT('',(0.005,-0.036,0.009));
#10355=CARTESIAN_POINT('',(0.061,-0.036,0.009));
#10356=CARTESIAN_POINT('',(0.0627389167006774,-0.036,0.009));
#10357=CARTESIAN_POINT('',(0.039,-0.024,0.009));
#10358=CARTESIAN_POINT('',(0.04035,-0.024,0.009));
#10359=CARTESIAN_POINT('',(0.039,-0.036,0.009));
#10360=CARTESIAN_POINT('',(0.04035,-0.036,0.009));
#10361=CARTESIAN_POINT('',(0.009,-0.03,0.009));
#10362=CARTESIAN_POINT('',(0.011,-0.03,0.009));
#10363=CARTESIAN_POINT('',(0.049,-0.006,0.009));
#10364=CARTESIAN_POINT('',(0.051,-0.006,0.009));
#10365=CARTESIAN_POINT('',(0.037,-0.006,0.009));
#10366=CARTESIAN_POINT('',(0.039,-0.006,0.009));
#10367=CARTESIAN_POINT('',(0.0209,-0.016,0.009));
#10368=CARTESIAN_POINT('',(0.0189,-0.016,0.009));
#10369=CARTESIAN_POINT('',(0.0209,-0.014,0.009));
#10370=CARTESIAN_POINT('',(0.0274,-0.014,0.009));
#10371=CARTESIAN_POINT('',(0.0339,-0.014,0.009));
#10372=CARTESIAN_POINT('',(0.0339,-0.016,0.009));
#10373=CARTESIAN_POINT('',(0.0359,-0.016,0.009));
#10374=CARTESIAN_POINT('',(0.0359,-0.019,0.009));
#10375=CARTESIAN_POINT('',(0.0359,-0.022,0.009));
#10376=CARTESIAN_POINT('',(0.0339,-0.022,0.009));
#10377=CARTESIAN_POINT('',(0.0339,-0.024,0.009));
#10378=CARTESIAN_POINT('',(0.0274,-0.024,0.009));
#10379=CARTESIAN_POINT('',(0.0209,-0.024,0.009));
#10380=CARTESIAN_POINT('',(0.0209,-0.022,0.009));
#10381=CARTESIAN_POINT('',(0.0189,-0.022,0.009));
#10382=CARTESIAN_POINT('',(0.0189,-0.019,0.009));
#10383=CARTESIAN_POINT('',(0.0151554445662277,-0.00875,0.009));
#10384=CARTESIAN_POINT('',(0.0178554445662276,-0.00875,0.009));
#10385=CARTESIAN_POINT('',(-0.0151554445662277,-0.00875,0.009));
#10386=CARTESIAN_POINT('',(-0.0124554445662277,-0.00875,0.009));
#10387=CARTESIAN_POINT('',(0.,7.04171909509728E-19,0.009));
#10388=CARTESIAN_POINT('',(0.0115,7.04171909509728E-19,0.009));
#10389=CARTESIAN_POINT('',(0.,0.0175,0.009));
#10390=CARTESIAN_POINT('',(0.0027,0.0175,0.009));
#10391=CARTESIAN_POINT('',(0.,0.,0.));
#10392=CARTESIAN_POINT('',(0.0587,0.019,0.));
#10393=CARTESIAN_POINT('',(0.0587,0.014,0.));
#10394=CARTESIAN_POINT('',(0.0587,0.024,0.));
#10395=CARTESIAN_POINT('',(0.0522,0.024,0.));
#10396=CARTESIAN_POINT('',(0.0457,0.024,0.));
#10397=CARTESIAN_POINT('',(0.0457,0.022,0.));
#10398=CARTESIAN_POINT('',(0.0437,0.022,0.));
#10399=CARTESIAN_POINT('',(0.0437,0.019,0.));
#10400=CARTESIAN_POINT('',(0.0437,0.016,0.));
#10401=CARTESIAN_POINT('',(0.0457,0.016,0.));
#10402=CARTESIAN_POINT('',(0.0457,0.014,0.));
#10403=CARTESIAN_POINT('',(0.0522,0.014,0.));
#10404=CARTESIAN_POINT('',(-0.0587,-0.019,0.));
#10405=CARTESIAN_POINT('',(-0.0587,-0.024,0.));
#10406=CARTESIAN_POINT('',(-0.0587,-0.014,0.));
#10407=CARTESIAN_POINT('',(-0.0522,-0.024,0.));
#10408=CARTESIAN_POINT('',(-0.0457,-0.024,0.));
#10409=CARTESIAN_POINT('',(-0.0457,-0.022,0.));
#10410=CARTESIAN_POINT('',(-0.0437,-0.022,0.));
#10411=CARTESIAN_POINT('',(-0.0437,-0.019,0.));
#10412=CARTESIAN_POINT('',(-0.0437,-0.016,0.));
#10413=CARTESIAN_POINT('',(-0.0457,-0.016,0.));
#10414=CARTESIAN_POINT('',(-0.0457,-0.014,0.));
#10415=CARTESIAN_POINT('',(-0.0522,-0.014,0.));
#10416=CARTESIAN_POINT('',(-0.0522,0.024,0.));
#10417=CARTESIAN_POINT('',(-0.0457,0.024,0.));
#10418=CARTESIAN_POINT('',(-0.0587,0.024,0.));
#10419=CARTESIAN_POINT('',(-0.0587,0.019,0.));
#10420=CARTESIAN_POINT('',(-0.0587,0.014,0.));
#10421=CARTESIAN_POINT('',(-0.0522,0.014,0.));
#10422=CARTESIAN_POINT('',(-0.0457,0.014,0.));
#10423=CARTESIAN_POINT('',(-0.0457,0.016,0.));
#10424=CARTESIAN_POINT('',(-0.0437,0.016,0.));
#10425=CARTESIAN_POINT('',(-0.0437,0.019,0.));
#10426=CARTESIAN_POINT('',(-0.0437,0.022,0.));
#10427=CARTESIAN_POINT('',(-0.0457,0.022,0.));
#10428=CARTESIAN_POINT('',(-0.064,0.024,0.));
#10429=CARTESIAN_POINT('',(-0.064,0.028,0.));
#10430=CARTESIAN_POINT('',(-0.064,0.0357,0.));
#10431=CARTESIAN_POINT('',(-0.064,0.0439,0.));
#10432=CARTESIAN_POINT('',(-0.064,0.064,0.));
#10433=CARTESIAN_POINT('',(-0.024,0.064,0.));
#10434=CARTESIAN_POINT('',(-0.012,0.064,0.));
#10435=CARTESIAN_POINT('',(0.012,0.064,0.));
#10436=CARTESIAN_POINT('',(0.024,0.064,0.));
#10437=CARTESIAN_POINT('',(0.064,0.064,0.));
#10438=CARTESIAN_POINT('',(0.064,0.0439,0.));
#10439=CARTESIAN_POINT('',(0.064,0.0357,0.));
#10440=CARTESIAN_POINT('',(0.064,0.028,0.));
#10441=CARTESIAN_POINT('',(0.064,0.024,0.));
#10442=CARTESIAN_POINT('',(0.064,0.012,0.));
#10443=CARTESIAN_POINT('',(0.064,-0.012,0.));
#10444=CARTESIAN_POINT('',(0.064,-0.024,0.));
#10445=CARTESIAN_POINT('',(0.064,-0.028,0.));
#10446=CARTESIAN_POINT('',(0.064,-0.0357,0.));
#10447=CARTESIAN_POINT('',(0.064,-0.0439,0.));
#10448=CARTESIAN_POINT('',(0.064,-0.064,0.));
#10449=CARTESIAN_POINT('',(0.024,-0.064,0.));
#10450=CARTESIAN_POINT('',(0.012,-0.064,0.));
#10451=CARTESIAN_POINT('',(-0.012,-0.064,0.));
#10452=CARTESIAN_POINT('',(-0.024,-0.064,0.));
#10453=CARTESIAN_POINT('',(-0.064,-0.064,0.));
#10454=CARTESIAN_POINT('',(-0.064,-0.0439,0.));
#10455=CARTESIAN_POINT('',(-0.064,-0.0357,0.));
#10456=CARTESIAN_POINT('',(-0.064,-0.028,0.));
#10457=CARTESIAN_POINT('',(-0.064,-0.024,0.));
#10458=CARTESIAN_POINT('',(-0.0905,-0.0104764040188149,0.));
#10459=CARTESIAN_POINT('',(-0.066,-0.01,0.));
#10460=CARTESIAN_POINT('',(-0.045,-0.01,0.));
#10461=CARTESIAN_POINT('',(-0.045,0.,0.));
#10462=CARTESIAN_POINT('',(-0.045,0.01,0.));
#10463=CARTESIAN_POINT('',(-0.066,0.01,0.));
#10464=CARTESIAN_POINT('',(-0.0905,0.0104764040188148,0.));
#10465=CARTESIAN_POINT('',(-0.04125,0.005,0.));
#10466=CARTESIAN_POINT('',(-0.03865,0.005,0.));
#10467=CARTESIAN_POINT('',(0.0209,0.016,0.));
#10468=CARTESIAN_POINT('',(0.0189,0.016,0.));
#10469=CARTESIAN_POINT('',(0.0209,0.014,0.));
#10470=CARTESIAN_POINT('',(0.0274,0.014,0.));
#10471=CARTESIAN_POINT('',(0.0339,0.014,0.));
#10472=CARTESIAN_POINT('',(0.0339,0.016,0.));
#10473=CARTESIAN_POINT('',(0.0359,0.016,0.));
#10474=CARTESIAN_POINT('',(0.0359,0.019,0.));
#10475=CARTESIAN_POINT('',(0.0359,0.022,0.));
#10476=CARTESIAN_POINT('',(0.0339,0.022,0.));
#10477=CARTESIAN_POINT('',(0.0339,0.024,0.));
#10478=CARTESIAN_POINT('',(0.0274,0.024,0.));
#10479=CARTESIAN_POINT('',(0.0209,0.024,0.));
#10480=CARTESIAN_POINT('',(0.0209,0.022,0.));
#10481=CARTESIAN_POINT('',(0.0189,0.022,0.));
#10482=CARTESIAN_POINT('',(0.0189,0.019,0.));
#10483=CARTESIAN_POINT('',(0.0587,-0.019,0.));
#10484=CARTESIAN_POINT('',(0.0587,-0.024,0.));
#10485=CARTESIAN_POINT('',(0.0587,-0.014,0.));
#10486=CARTESIAN_POINT('',(0.0522,-0.014,0.));
#10487=CARTESIAN_POINT('',(0.0457,-0.014,0.));
#10488=CARTESIAN_POINT('',(0.0457,-0.016,0.));
#10489=CARTESIAN_POINT('',(0.0437,-0.016,0.));
#10490=CARTESIAN_POINT('',(0.0437,-0.019,0.));
#10491=CARTESIAN_POINT('',(0.0437,-0.022,0.));
#10492=CARTESIAN_POINT('',(0.0457,-0.022,0.));
#10493=CARTESIAN_POINT('',(0.0457,-0.024,0.));
#10494=CARTESIAN_POINT('',(0.0522,-0.024,0.));
#10495=CARTESIAN_POINT('',(-0.0274,0.024,0.));
#10496=CARTESIAN_POINT('',(-0.0209,0.024,0.));
#10497=CARTESIAN_POINT('',(-0.0339,0.024,0.));
#10498=CARTESIAN_POINT('',(-0.0339,0.022,0.));
#10499=CARTESIAN_POINT('',(-0.0359,0.022,0.));
#10500=CARTESIAN_POINT('',(-0.0359,0.019,0.));
#10501=CARTESIAN_POINT('',(-0.0359,0.016,0.));
#10502=CARTESIAN_POINT('',(-0.0339,0.016,0.));
#10503=CARTESIAN_POINT('',(-0.0339,0.014,0.));
#10504=CARTESIAN_POINT('',(-0.0274,0.014,0.));
#10505=CARTESIAN_POINT('',(-0.0209,0.014,0.));
#10506=CARTESIAN_POINT('',(-0.0209,0.016,0.));
#10507=CARTESIAN_POINT('',(-0.0189,0.016,0.));
#10508=CARTESIAN_POINT('',(-0.0189,0.019,0.));
#10509=CARTESIAN_POINT('',(-0.0189,0.022,0.));
#10510=CARTESIAN_POINT('',(-0.0209,0.022,0.));
#10511=CARTESIAN_POINT('',(-0.0274,-0.014,0.));
#10512=CARTESIAN_POINT('',(-0.0209,-0.014,0.));
#10513=CARTESIAN_POINT('',(-0.0339,-0.014,0.));
#10514=CARTESIAN_POINT('',(-0.0339,-0.016,0.));
#10515=CARTESIAN_POINT('',(-0.0359,-0.016,0.));
#10516=CARTESIAN_POINT('',(-0.0359,-0.019,0.));
#10517=CARTESIAN_POINT('',(-0.0359,-0.022,0.));
#10518=CARTESIAN_POINT('',(-0.0339,-0.022,0.));
#10519=CARTESIAN_POINT('',(-0.0339,-0.024,0.));
#10520=CARTESIAN_POINT('',(-0.0274,-0.024,0.));
#10521=CARTESIAN_POINT('',(-0.0209,-0.024,0.));
#10522=CARTESIAN_POINT('',(-0.0209,-0.022,0.));
#10523=CARTESIAN_POINT('',(-0.0189,-0.022,0.));
#10524=CARTESIAN_POINT('',(-0.0189,-0.019,0.));
#10525=CARTESIAN_POINT('',(-0.0189,-0.016,0.));
#10526=CARTESIAN_POINT('',(-0.0209,-0.016,0.));
#10527=CARTESIAN_POINT('',(0.037,7.45842453077269E-20,0.));
#10528=CARTESIAN_POINT('',(0.039,7.45842453077269E-20,0.));
#10529=CARTESIAN_POINT('',(0.046,4.00023709130867E-19,0.));
#10530=CARTESIAN_POINT('',(0.0492,4.00023709130867E-19,0.));
#10531=CARTESIAN_POINT('',(0.055,3.81133075803952E-19,0.));
#10532=CARTESIAN_POINT('',(0.057,3.81133075803952E-19,0.));
#10533=CARTESIAN_POINT('',(0.061,4.02342459703523E-19,0.));
#10534=CARTESIAN_POINT('',(0.063,4.02342459703523E-19,0.));
#10535=CARTESIAN_POINT('',(0.037,0.006,0.));
#10536=CARTESIAN_POINT('',(0.039,0.006,0.));
#10537=CARTESIAN_POINT('',(0.043,0.006,0.));
#10538=CARTESIAN_POINT('',(0.045,0.006,0.));
#10539=CARTESIAN_POINT('',(0.049,0.006,0.));
#10540=CARTESIAN_POINT('',(0.051,0.006,0.));
#10541=CARTESIAN_POINT('',(0.055,0.006,0.));
#10542=CARTESIAN_POINT('',(0.057,0.006,0.));
#10543=CARTESIAN_POINT('',(0.034,0.011,0.));
#10544=CARTESIAN_POINT('',(0.03535,0.011,0.));
#10545=CARTESIAN_POINT('',(0.048,0.011,0.));
#10546=CARTESIAN_POINT('',(0.04935,0.011,0.));
#10547=CARTESIAN_POINT('',(0.056,0.011,0.));
#10548=CARTESIAN_POINT('',(0.05735,0.011,0.));
#10549=CARTESIAN_POINT('',(0.039,0.018,0.));
#10550=CARTESIAN_POINT('',(0.04035,0.018,0.));
#10551=CARTESIAN_POINT('',(0.039,0.024,0.));
#10552=CARTESIAN_POINT('',(0.04035,0.024,0.));
#10553=CARTESIAN_POINT('',(0.009,0.03,0.));
#10554=CARTESIAN_POINT('',(0.011,0.03,0.));
#10555=CARTESIAN_POINT('',(0.015,0.03,0.));
#10556=CARTESIAN_POINT('',(0.01635,0.03,0.));
#10557=CARTESIAN_POINT('',(0.039,0.03,0.));
#10558=CARTESIAN_POINT('',(0.04035,0.03,0.));
#10559=CARTESIAN_POINT('',(0.009,0.036,0.));
#10560=CARTESIAN_POINT('',(0.011,0.036,0.));
#10561=CARTESIAN_POINT('',(0.015,0.036,0.));
#10562=CARTESIAN_POINT('',(0.01635,0.036,0.));
#10563=CARTESIAN_POINT('',(0.039,0.036,0.));
#10564=CARTESIAN_POINT('',(0.04035,0.036,0.));
#10565=CARTESIAN_POINT('',(0.021,0.03,0.));
#10566=CARTESIAN_POINT('',(0.023,0.03,0.));
#10567=CARTESIAN_POINT('',(0.027,0.03,0.));
#10568=CARTESIAN_POINT('',(0.029,0.03,0.));
#10569=CARTESIAN_POINT('',(0.033,0.03,0.));
#10570=CARTESIAN_POINT('',(0.035,0.03,0.));
#10571=CARTESIAN_POINT('',(0.045,0.03,0.));
#10572=CARTESIAN_POINT('',(0.04635,0.03,0.));
#10573=CARTESIAN_POINT('',(0.055,0.03,0.));
#10574=CARTESIAN_POINT('',(0.057,0.03,0.));
#10575=CARTESIAN_POINT('',(0.003,0.036,0.));
#10576=CARTESIAN_POINT('',(0.005,0.036,0.));
#10577=CARTESIAN_POINT('',(0.021,0.036,0.));
#10578=CARTESIAN_POINT('',(0.02235,0.036,0.));
#10579=CARTESIAN_POINT('',(0.027,0.036,0.));
#10580=CARTESIAN_POINT('',(0.02835,0.036,0.));
#10581=CARTESIAN_POINT('',(0.033,0.036,0.));
#10582=CARTESIAN_POINT('',(0.03435,0.036,0.));
#10583=CARTESIAN_POINT('',(0.061,0.036,0.));
#10584=CARTESIAN_POINT('',(0.0627389167006774,0.036,0.));
#10585=CARTESIAN_POINT('',(0.055,0.036,0.));
#10586=CARTESIAN_POINT('',(0.057,0.036,0.));
#10587=CARTESIAN_POINT('',(0.04915076,0.03359441,0.));
#10588=CARTESIAN_POINT('',(0.05050076,0.03359441,0.));
#10589=CARTESIAN_POINT('',(0.015,0.042,0.));
#10590=CARTESIAN_POINT('',(0.01635,0.042,0.));
#10591=CARTESIAN_POINT('',(0.021,0.042,0.));
#10592=CARTESIAN_POINT('',(0.023,0.042,0.));
#10593=CARTESIAN_POINT('',(0.049,0.042,0.));
#10594=CARTESIAN_POINT('',(0.051,0.042,0.));
#10595=CARTESIAN_POINT('',(0.055,0.042,0.));
#10596=CARTESIAN_POINT('',(0.057,0.042,0.));
#10597=CARTESIAN_POINT('',(0.021,0.048,0.));
#10598=CARTESIAN_POINT('',(0.023,0.048,0.));
#10599=CARTESIAN_POINT('',(0.015,0.048,0.));
#10600=CARTESIAN_POINT('',(0.017,0.048,0.));
#10601=CARTESIAN_POINT('',(0.021,0.054,0.));
#10602=CARTESIAN_POINT('',(0.023,0.054,0.));
#10603=CARTESIAN_POINT('',(0.015,0.054,0.));
#10604=CARTESIAN_POINT('',(0.017,0.054,0.));
#10605=CARTESIAN_POINT('',(0.039,0.048,0.));
#10606=CARTESIAN_POINT('',(0.041,0.048,0.));
#10607=CARTESIAN_POINT('',(0.045,0.048,0.));
#10608=CARTESIAN_POINT('',(0.047,0.048,0.));
#10609=CARTESIAN_POINT('',(0.039,0.054,0.));
#10610=CARTESIAN_POINT('',(0.041,0.054,0.));
#10611=CARTESIAN_POINT('',(0.039,0.06,0.));
#10612=CARTESIAN_POINT('',(0.041,0.06,0.));
#10613=CARTESIAN_POINT('',(0.028,0.046,0.));
#10614=CARTESIAN_POINT('',(0.02935,0.046,0.));
#10615=CARTESIAN_POINT('',(0.032,0.046,0.));
#10616=CARTESIAN_POINT('',(0.03335,0.046,0.));
#10617=CARTESIAN_POINT('',(0.008,0.046,0.));
#10618=CARTESIAN_POINT('',(0.00935,0.046,0.));
#10619=CARTESIAN_POINT('',(0.004,0.046,0.));
#10620=CARTESIAN_POINT('',(0.00535,0.046,0.));
#10621=CARTESIAN_POINT('',(0.028,0.058,0.));
#10622=CARTESIAN_POINT('',(0.02935,0.058,0.));
#10623=CARTESIAN_POINT('',(0.032,0.058,0.));
#10624=CARTESIAN_POINT('',(0.03335,0.058,0.));
#10625=CARTESIAN_POINT('',(0.008,0.058,0.));
#10626=CARTESIAN_POINT('',(0.00935,0.058,0.));
#10627=CARTESIAN_POINT('',(0.004,0.058,0.));
#10628=CARTESIAN_POINT('',(0.00535,0.058,0.));
#10629=CARTESIAN_POINT('',(0.03359441,0.04915076,0.));
#10630=CARTESIAN_POINT('',(0.03494441,0.04915076,0.));
#10631=CARTESIAN_POINT('',(0.043,-0.006,0.));
#10632=CARTESIAN_POINT('',(0.045,-0.006,0.));
#10633=CARTESIAN_POINT('',(0.055,-0.006,0.));
#10634=CARTESIAN_POINT('',(0.057,-0.006,0.));
#10635=CARTESIAN_POINT('',(0.056,-0.011,0.));
#10636=CARTESIAN_POINT('',(0.05735,-0.011,0.));
#10637=CARTESIAN_POINT('',(0.021,-0.036,0.));
#10638=CARTESIAN_POINT('',(0.02235,-0.036,0.));
#10639=CARTESIAN_POINT('',(0.027,-0.03,0.));
#10640=CARTESIAN_POINT('',(0.029,-0.03,0.));
#10641=CARTESIAN_POINT('',(0.039,-0.018,0.));
#10642=CARTESIAN_POINT('',(0.04035,-0.018,0.));
#10643=CARTESIAN_POINT('',(0.033,-0.036,0.));
#10644=CARTESIAN_POINT('',(0.03435,-0.036,0.));
#10645=CARTESIAN_POINT('',(0.034,-0.011,0.));
#10646=CARTESIAN_POINT('',(0.03535,-0.011,0.));
#10647=CARTESIAN_POINT('',(0.048,-0.011,0.));
#10648=CARTESIAN_POINT('',(0.04935,-0.011,0.));
#10649=CARTESIAN_POINT('',(0.055,-0.036,0.));
#10650=CARTESIAN_POINT('',(0.057,-0.036,0.));
#10651=CARTESIAN_POINT('',(0.009,-0.036,0.));
#10652=CARTESIAN_POINT('',(0.011,-0.036,0.));
#10653=CARTESIAN_POINT('',(0.021,-0.03,0.));
#10654=CARTESIAN_POINT('',(0.023,-0.03,0.));
#10655=CARTESIAN_POINT('',(0.055,-0.042,0.));
#10656=CARTESIAN_POINT('',(0.057,-0.042,0.));
#10657=CARTESIAN_POINT('',(0.045,-0.048,0.));
#10658=CARTESIAN_POINT('',(0.047,-0.048,0.));
#10659=CARTESIAN_POINT('',(0.021,-0.054,0.));
#10660=CARTESIAN_POINT('',(0.023,-0.054,0.));
#10661=CARTESIAN_POINT('',(0.032,-0.058,0.));
#10662=CARTESIAN_POINT('',(0.03335,-0.058,0.));
#10663=CARTESIAN_POINT('',(0.008,-0.058,0.));
#10664=CARTESIAN_POINT('',(0.00935,-0.058,0.));
#10665=CARTESIAN_POINT('',(0.021,-0.048,0.));
#10666=CARTESIAN_POINT('',(0.023,-0.048,0.));
#10667=CARTESIAN_POINT('',(0.032,-0.046,0.));
#10668=CARTESIAN_POINT('',(0.03335,-0.046,0.));
#10669=CARTESIAN_POINT('',(0.015,-0.054,0.));
#10670=CARTESIAN_POINT('',(0.017,-0.054,0.));
#10671=CARTESIAN_POINT('',(0.004,-0.046,0.));
#10672=CARTESIAN_POINT('',(0.00535,-0.046,0.));
#10673=CARTESIAN_POINT('',(0.015,-0.042,0.));
#10674=CARTESIAN_POINT('',(0.01635,-0.042,0.));
#10675=CARTESIAN_POINT('',(0.039,-0.06,0.));
#10676=CARTESIAN_POINT('',(0.041,-0.06,0.));
#10677=CARTESIAN_POINT('',(-0.015,0.03,0.));
#10678=CARTESIAN_POINT('',(-0.01365,0.03,0.));
#10679=CARTESIAN_POINT('',(-0.015,-0.03,0.));
#10680=CARTESIAN_POINT('',(-0.01365,-0.03,0.));
#10681=CARTESIAN_POINT('',(-0.015,-0.042,0.));
#10682=CARTESIAN_POINT('',(-0.01365,-0.042,0.));
#10683=CARTESIAN_POINT('',(-0.027,-0.036,0.));
#10684=CARTESIAN_POINT('',(-0.02565,-0.036,0.));
#10685=CARTESIAN_POINT('',(-0.021,0.036,0.));
#10686=CARTESIAN_POINT('',(-0.01965,0.036,0.));
#10687=CARTESIAN_POINT('',(-0.039,-0.024,0.));
#10688=CARTESIAN_POINT('',(-0.03765,-0.024,0.));
#10689=CARTESIAN_POINT('',(-0.033,0.036,0.));
#10690=CARTESIAN_POINT('',(-0.03165,0.036,0.));
#10691=CARTESIAN_POINT('',(-0.045,0.03,0.));
#10692=CARTESIAN_POINT('',(-0.04365,0.03,0.));
#10693=CARTESIAN_POINT('',(-0.039,0.03,0.));
#10694=CARTESIAN_POINT('',(-0.03765,0.03,0.));
#10695=CARTESIAN_POINT('',(-0.039,0.036,0.));
#10696=CARTESIAN_POINT('',(-0.03765,0.036,0.));
#10697=CARTESIAN_POINT('',(-0.039,-0.03,0.));
#10698=CARTESIAN_POINT('',(-0.03765,-0.03,0.));
#10699=CARTESIAN_POINT('',(-0.021,-0.042,0.));
#10700=CARTESIAN_POINT('',(-0.019,-0.042,0.));
#10701=CARTESIAN_POINT('',(-0.049,-0.042,0.));
#10702=CARTESIAN_POINT('',(-0.047,-0.042,0.));
#10703=CARTESIAN_POINT('',(-0.055,-0.036,0.));
#10704=CARTESIAN_POINT('',(-0.053,-0.036,0.));
#10705=CARTESIAN_POINT('',(-0.049,0.042,0.));
#10706=CARTESIAN_POINT('',(-0.047,0.042,0.));
#10707=CARTESIAN_POINT('',(-0.055,0.03,0.));
#10708=CARTESIAN_POINT('',(-0.053,0.03,0.));
#10709=CARTESIAN_POINT('',(-0.033,0.03,0.));
#10710=CARTESIAN_POINT('',(-0.031,0.03,0.));
#10711=CARTESIAN_POINT('',(-0.055,-0.03,0.));
#10712=CARTESIAN_POINT('',(-0.053,-0.03,0.));
#10713=CARTESIAN_POINT('',(-0.009,-0.036,0.));
#10714=CARTESIAN_POINT('',(-0.007,-0.036,0.));
#10715=CARTESIAN_POINT('',(-0.027,-0.03,0.));
#10716=CARTESIAN_POINT('',(-0.025,-0.03,0.));
#10717=CARTESIAN_POINT('',(-0.055,0.042,0.));
#10718=CARTESIAN_POINT('',(-0.053,0.042,0.));
#10719=CARTESIAN_POINT('',(-0.027,0.03,0.));
#10720=CARTESIAN_POINT('',(-0.025,0.03,0.));
#10721=CARTESIAN_POINT('',(-0.021,0.03,0.));
#10722=CARTESIAN_POINT('',(-0.019,0.03,0.));
#10723=CARTESIAN_POINT('',(-0.032,0.046,0.));
#10724=CARTESIAN_POINT('',(-0.03065,0.046,0.));
#10725=CARTESIAN_POINT('',(-0.004,0.058,0.));
#10726=CARTESIAN_POINT('',(-0.00265,0.058,0.));
#10727=CARTESIAN_POINT('',(-0.028,0.046,0.));
#10728=CARTESIAN_POINT('',(-0.02665,0.046,0.));
#10729=CARTESIAN_POINT('',(-0.03359441,0.04915076,0.));
#10730=CARTESIAN_POINT('',(-0.03224441,0.04915076,0.));
#10731=CARTESIAN_POINT('',(-0.004,0.046,0.));
#10732=CARTESIAN_POINT('',(-0.00265,0.046,0.));
#10733=CARTESIAN_POINT('',(-0.021,0.054,0.));
#10734=CARTESIAN_POINT('',(-0.019,0.054,0.));
#10735=CARTESIAN_POINT('',(-0.021,0.048,0.));
#10736=CARTESIAN_POINT('',(-0.019,0.048,0.));
#10737=CARTESIAN_POINT('',(-0.039,0.048,0.));
#10738=CARTESIAN_POINT('',(-0.037,0.048,0.));
#10739=CARTESIAN_POINT('',(-0.015,0.048,0.));
#10740=CARTESIAN_POINT('',(-0.013,0.048,0.));
#10741=CARTESIAN_POINT('',(-0.039,0.054,0.));
#10742=CARTESIAN_POINT('',(-0.037,0.054,0.));
#10743=CARTESIAN_POINT('',(-0.015,0.054,0.));
#10744=CARTESIAN_POINT('',(-0.013,0.054,0.));
#10745=CARTESIAN_POINT('',(-0.045,0.048,0.));
#10746=CARTESIAN_POINT('',(-0.043,0.048,0.));
#10747=CARTESIAN_POINT('',(-0.008,0.058,0.));
#10748=CARTESIAN_POINT('',(-0.00665,0.058,0.));
#10749=CARTESIAN_POINT('',(-0.008,0.046,0.));
#10750=CARTESIAN_POINT('',(-0.00665,0.046,0.));
#10751=CARTESIAN_POINT('',(-0.028,0.058,0.));
#10752=CARTESIAN_POINT('',(-0.02665,0.058,0.));
#10753=CARTESIAN_POINT('',(-0.032,0.058,0.));
#10754=CARTESIAN_POINT('',(-0.03065,0.058,0.));
#10755=CARTESIAN_POINT('',(-0.021,-0.054,0.));
#10756=CARTESIAN_POINT('',(-0.019,-0.054,0.));
#10757=CARTESIAN_POINT('',(-0.021,-0.048,0.));
#10758=CARTESIAN_POINT('',(-0.019,-0.048,0.));
#10759=CARTESIAN_POINT('',(-0.039,-0.048,0.));
#10760=CARTESIAN_POINT('',(-0.037,-0.048,0.));
#10761=CARTESIAN_POINT('',(-0.039,-0.06,0.));
#10762=CARTESIAN_POINT('',(-0.037,-0.06,0.));
#10763=CARTESIAN_POINT('',(-0.015,-0.048,0.));
#10764=CARTESIAN_POINT('',(-0.013,-0.048,0.));
#10765=CARTESIAN_POINT('',(-0.045,-0.048,0.));
#10766=CARTESIAN_POINT('',(-0.043,-0.048,0.));
#10767=CARTESIAN_POINT('',(-0.039,-0.054,0.));
#10768=CARTESIAN_POINT('',(-0.037,-0.054,0.));
#10769=CARTESIAN_POINT('',(-0.015,-0.054,0.));
#10770=CARTESIAN_POINT('',(-0.013,-0.054,0.));
#10771=CARTESIAN_POINT('',(-0.028,-0.058,0.));
#10772=CARTESIAN_POINT('',(-0.02665,-0.058,0.));
#10773=CARTESIAN_POINT('',(-0.032,-0.046,0.));
#10774=CARTESIAN_POINT('',(-0.03065,-0.046,0.));
#10775=CARTESIAN_POINT('',(-0.028,-0.046,0.));
#10776=CARTESIAN_POINT('',(-0.02665,-0.046,0.));
#10777=CARTESIAN_POINT('',(-0.004,-0.046,0.));
#10778=CARTESIAN_POINT('',(-0.00265,-0.046,0.));
#10779=CARTESIAN_POINT('',(-0.03359441,-0.04915076,0.));
#10780=CARTESIAN_POINT('',(-0.03224441,-0.04915076,0.));
#10781=CARTESIAN_POINT('',(-0.032,-0.058,0.));
#10782=CARTESIAN_POINT('',(-0.03065,-0.058,0.));
#10783=CARTESIAN_POINT('',(-0.004,-0.058,0.));
#10784=CARTESIAN_POINT('',(-0.00265,-0.058,0.));
#10785=CARTESIAN_POINT('',(-0.008,-0.046,0.));
#10786=CARTESIAN_POINT('',(-0.00665,-0.046,0.));
#10787=CARTESIAN_POINT('',(-0.008,-0.058,0.));
#10788=CARTESIAN_POINT('',(-0.00665,-0.058,0.));
#10789=CARTESIAN_POINT('',(-0.055,0.036,0.));
#10790=CARTESIAN_POINT('',(-0.053,0.036,0.));
#10791=CARTESIAN_POINT('',(-0.009,0.03,0.));
#10792=CARTESIAN_POINT('',(-0.007,0.03,0.));
#10793=CARTESIAN_POINT('',(-0.021,-0.03,0.));
#10794=CARTESIAN_POINT('',(-0.019,-0.03,0.));
#10795=CARTESIAN_POINT('',(-0.033,-0.03,0.));
#10796=CARTESIAN_POINT('',(-0.031,-0.03,0.));
#10797=CARTESIAN_POINT('',(-0.009,-0.03,0.));
#10798=CARTESIAN_POINT('',(-0.007,-0.03,0.));
#10799=CARTESIAN_POINT('',(-0.009,0.036,0.));
#10800=CARTESIAN_POINT('',(-0.007,0.036,0.));
#10801=CARTESIAN_POINT('',(-0.055,-0.042,0.));
#10802=CARTESIAN_POINT('',(-0.053,-0.042,0.));
#10803=CARTESIAN_POINT('',(-0.003,-0.036,0.));
#10804=CARTESIAN_POINT('',(-0.001,-0.036,0.));
#10805=CARTESIAN_POINT('',(-0.021,0.042,0.));
#10806=CARTESIAN_POINT('',(-0.019,0.042,0.));
#10807=CARTESIAN_POINT('',(-0.061,0.036,0.));
#10808=CARTESIAN_POINT('',(-0.0592610832993226,0.036,0.));
#10809=CARTESIAN_POINT('',(-0.003,0.036,0.));
#10810=CARTESIAN_POINT('',(-0.001,0.036,0.));
#10811=CARTESIAN_POINT('',(-0.04915076,-0.03359441,0.));
#10812=CARTESIAN_POINT('',(-0.04780076,-0.03359441,0.));
#10813=CARTESIAN_POINT('',(-0.039,0.024,0.));
#10814=CARTESIAN_POINT('',(-0.03765,0.024,0.));
#10815=CARTESIAN_POINT('',(-0.015,0.042,0.));
#10816=CARTESIAN_POINT('',(-0.01365,0.042,0.));
#10817=CARTESIAN_POINT('',(-0.039,-0.036,0.));
#10818=CARTESIAN_POINT('',(-0.03765,-0.036,0.));
#10819=CARTESIAN_POINT('',(-0.015,-0.036,0.));
#10820=CARTESIAN_POINT('',(-0.01365,-0.036,0.));
#10821=CARTESIAN_POINT('',(-0.039,0.018,0.));
#10822=CARTESIAN_POINT('',(-0.03765,0.018,0.));
#10823=CARTESIAN_POINT('',(-0.04915076,0.03359441,0.));
#10824=CARTESIAN_POINT('',(-0.04780076,0.03359441,0.));
#10825=CARTESIAN_POINT('',(-0.015,0.036,0.));
#10826=CARTESIAN_POINT('',(-0.01365,0.036,0.));
#10827=CARTESIAN_POINT('',(-0.039,-0.018,0.));
#10828=CARTESIAN_POINT('',(-0.03765,-0.018,0.));
#10829=CARTESIAN_POINT('',(-0.061,-0.036,0.));
#10830=CARTESIAN_POINT('',(-0.0592610832993226,-0.036,0.));
#10831=CARTESIAN_POINT('',(-0.033,-0.036,0.));
#10832=CARTESIAN_POINT('',(-0.03165,-0.036,0.));
#10833=CARTESIAN_POINT('',(-0.027,0.036,0.));
#10834=CARTESIAN_POINT('',(-0.02565,0.036,0.));
#10835=CARTESIAN_POINT('',(-0.021,-0.036,0.));
#10836=CARTESIAN_POINT('',(-0.01965,-0.036,0.));
#10837=CARTESIAN_POINT('',(-0.045,-0.03,0.));
#10838=CARTESIAN_POINT('',(-0.04365,-0.03,0.));
#10839=CARTESIAN_POINT('',(0.039,-0.054,0.));
#10840=CARTESIAN_POINT('',(0.041,-0.054,0.));
#10841=CARTESIAN_POINT('',(0.03359441,-0.04915076,0.));
#10842=CARTESIAN_POINT('',(0.03494441,-0.04915076,0.));
#10843=CARTESIAN_POINT('',(0.021,-0.042,0.));
#10844=CARTESIAN_POINT('',(0.023,-0.042,0.));
#10845=CARTESIAN_POINT('',(0.004,-0.058,0.));
#10846=CARTESIAN_POINT('',(0.00535,-0.058,0.));
#10847=CARTESIAN_POINT('',(0.028,-0.046,0.));
#10848=CARTESIAN_POINT('',(0.02935,-0.046,0.));
#10849=CARTESIAN_POINT('',(0.028,-0.058,0.));
#10850=CARTESIAN_POINT('',(0.02935,-0.058,0.));
#10851=CARTESIAN_POINT('',(0.008,-0.046,0.));
#10852=CARTESIAN_POINT('',(0.00935,-0.046,0.));
#10853=CARTESIAN_POINT('',(0.015,-0.048,0.));
#10854=CARTESIAN_POINT('',(0.017,-0.048,0.));
#10855=CARTESIAN_POINT('',(0.039,-0.048,0.));
#10856=CARTESIAN_POINT('',(0.041,-0.048,0.));
#10857=CARTESIAN_POINT('',(0.049,-0.042,0.));
#10858=CARTESIAN_POINT('',(0.051,-0.042,0.));
#10859=CARTESIAN_POINT('',(0.04915076,-0.03359441,0.));
#10860=CARTESIAN_POINT('',(0.05050076,-0.03359441,0.));
#10861=CARTESIAN_POINT('',(0.015,-0.036,0.));
#10862=CARTESIAN_POINT('',(0.01635,-0.036,0.));
#10863=CARTESIAN_POINT('',(0.033,-0.03,0.));
#10864=CARTESIAN_POINT('',(0.035,-0.03,0.));
#10865=CARTESIAN_POINT('',(0.027,-0.036,0.));
#10866=CARTESIAN_POINT('',(0.02835,-0.036,0.));
#10867=CARTESIAN_POINT('',(0.015,-0.03,0.));
#10868=CARTESIAN_POINT('',(0.01635,-0.03,0.));
#10869=CARTESIAN_POINT('',(0.039,-0.03,0.));
#10870=CARTESIAN_POINT('',(0.04035,-0.03,0.));
#10871=CARTESIAN_POINT('',(0.055,-0.03,0.));
#10872=CARTESIAN_POINT('',(0.057,-0.03,0.));
#10873=CARTESIAN_POINT('',(0.045,-0.03,0.));
#10874=CARTESIAN_POINT('',(0.04635,-0.03,0.));
#10875=CARTESIAN_POINT('',(0.003,-0.036,0.));
#10876=CARTESIAN_POINT('',(0.005,-0.036,0.));
#10877=CARTESIAN_POINT('',(0.061,-0.036,0.));
#10878=CARTESIAN_POINT('',(0.0627389167006774,-0.036,0.));
#10879=CARTESIAN_POINT('',(0.039,-0.024,0.));
#10880=CARTESIAN_POINT('',(0.04035,-0.024,0.));
#10881=CARTESIAN_POINT('',(0.039,-0.036,0.));
#10882=CARTESIAN_POINT('',(0.04035,-0.036,0.));
#10883=CARTESIAN_POINT('',(0.009,-0.03,0.));
#10884=CARTESIAN_POINT('',(0.011,-0.03,0.));
#10885=CARTESIAN_POINT('',(0.049,-0.006,0.));
#10886=CARTESIAN_POINT('',(0.051,-0.006,0.));
#10887=CARTESIAN_POINT('',(0.037,-0.006,0.));
#10888=CARTESIAN_POINT('',(0.039,-0.006,0.));
#10889=CARTESIAN_POINT('',(0.0209,-0.016,0.));
#10890=CARTESIAN_POINT('',(0.0189,-0.016,0.));
#10891=CARTESIAN_POINT('',(0.0209,-0.014,0.));
#10892=CARTESIAN_POINT('',(0.0189,-0.019,0.));
#10893=CARTESIAN_POINT('',(0.0189,-0.022,0.));
#10894=CARTESIAN_POINT('',(0.0209,-0.022,0.));
#10895=CARTESIAN_POINT('',(0.0209,-0.024,0.));
#10896=CARTESIAN_POINT('',(0.0274,-0.024,0.));
#10897=CARTESIAN_POINT('',(0.0339,-0.024,0.));
#10898=CARTESIAN_POINT('',(0.0339,-0.022,0.));
#10899=CARTESIAN_POINT('',(0.0359,-0.022,0.));
#10900=CARTESIAN_POINT('',(0.0359,-0.019,0.));
#10901=CARTESIAN_POINT('',(0.0359,-0.016,0.));
#10902=CARTESIAN_POINT('',(0.0339,-0.016,0.));
#10903=CARTESIAN_POINT('',(0.0339,-0.014,0.));
#10904=CARTESIAN_POINT('',(0.0274,-0.014,0.));
#10905=CARTESIAN_POINT('',(0.0151554445662277,-0.00875,0.));
#10906=CARTESIAN_POINT('',(0.0178554445662276,-0.00875,0.));
#10907=CARTESIAN_POINT('',(-0.0151554445662277,-0.00875,0.));
#10908=CARTESIAN_POINT('',(-0.0124554445662277,-0.00875,0.));
#10909=CARTESIAN_POINT('',(0.,7.04171909509728E-19,0.));
#10910=CARTESIAN_POINT('',(0.0115,7.04171909509728E-19,0.));
#10911=CARTESIAN_POINT('',(0.,0.0175,0.));
#10912=CARTESIAN_POINT('',(0.0027,0.0175,0.));
#10913=CARTESIAN_POINT('',(-0.04125,-0.005,0.));
#10914=CARTESIAN_POINT('',(-0.03865,-0.005,0.));
#10915=CARTESIAN_POINT('',(0.0522,0.014,0.009));
#10916=CARTESIAN_POINT('',(0.0457,0.014,0.009));
#10917=CARTESIAN_POINT('',(0.0587,0.014,0.009));
#10918=CARTESIAN_POINT('',(0.0457,0.016,0.009));
#10919=CARTESIAN_POINT('',(0.0437,0.016,0.009));
#10920=CARTESIAN_POINT('',(0.0437,0.019,0.009));
#10921=CARTESIAN_POINT('',(0.0437,0.022,0.009));
#10922=CARTESIAN_POINT('',(0.0457,0.022,0.009));
#10923=CARTESIAN_POINT('',(0.0457,0.024,0.009));
#10924=CARTESIAN_POINT('',(0.0209,-0.016,0.009));
#10925=CARTESIAN_POINT('',(0.0209,-0.014,0.009));
#10926=CARTESIAN_POINT('',(0.0189,-0.016,0.009));
#10927=CARTESIAN_POINT('',(0.0274,-0.014,0.009));
#10928=CARTESIAN_POINT('',(0.0339,-0.014,0.009));
#10929=CARTESIAN_POINT('',(0.0339,-0.016,0.009));
#10930=CARTESIAN_POINT('',(0.0359,-0.016,0.009));
#10931=CARTESIAN_POINT('',(0.0359,-0.019,0.009));
#10932=CARTESIAN_POINT('',(0.0359,-0.022,0.009));
#10933=CARTESIAN_POINT('',(0.0339,-0.022,0.009));
#10934=CARTESIAN_POINT('',(0.0339,-0.024,0.009));
#10935=CARTESIAN_POINT('',(0.0274,-0.024,0.009));
#10936=CARTESIAN_POINT('',(0.0209,-0.024,0.009));
#10937=CARTESIAN_POINT('',(0.0209,-0.022,0.009));
#10938=CARTESIAN_POINT('',(0.0189,-0.022,0.009));
#10939=CARTESIAN_POINT('',(-0.0457,0.022,0.009));
#10940=CARTESIAN_POINT('',(-0.0437,0.022,0.009));
#10941=CARTESIAN_POINT('',(-0.0457,0.024,0.009));
#10942=CARTESIAN_POINT('',(-0.0437,0.019,0.009));
#10943=CARTESIAN_POINT('',(-0.0437,0.016,0.009));
#10944=CARTESIAN_POINT('',(-0.0457,0.016,0.009));
#10945=CARTESIAN_POINT('',(-0.0457,0.014,0.009));
#10946=CARTESIAN_POINT('',(-0.0522,0.014,0.009));
#10947=CARTESIAN_POINT('',(-0.0587,0.014,0.009));
#10948=CARTESIAN_POINT('',(-0.0675,0.014,0.014));
#10949=CARTESIAN_POINT('',(-0.037,0.014,0.014));
#10950=CARTESIAN_POINT('',(-0.0522,-0.014,0.009));
#10951=CARTESIAN_POINT('',(-0.0457,-0.014,0.009));
#10952=CARTESIAN_POINT('',(-0.037,-0.014,0.014));
#10953=CARTESIAN_POINT('',(-0.0675,-0.014,0.014));
#10954=CARTESIAN_POINT('',(-0.0587,-0.014,0.009));
#10955=CARTESIAN_POINT('',(-0.0457,-0.016,0.009));
#10956=CARTESIAN_POINT('',(-0.0437,-0.016,0.009));
#10957=CARTESIAN_POINT('',(-0.0437,-0.019,0.009));
#10958=CARTESIAN_POINT('',(-0.0437,-0.022,0.009));
#10959=CARTESIAN_POINT('',(-0.0457,-0.022,0.009));
#10960=CARTESIAN_POINT('',(-0.0457,-0.024,0.009));
#10961=CARTESIAN_POINT('',(0.064,0.0357,0.009));
#10962=CARTESIAN_POINT('',(0.064,0.028,0.));
#10963=CARTESIAN_POINT('',(0.064,0.028,0.004));
#10964=CARTESIAN_POINT('',(0.064,0.0439,0.009));
#10965=CARTESIAN_POINT('',(0.064,0.028,0.));
#10966=CARTESIAN_POINT('',(0.064,0.064,0.009));
#10967=CARTESIAN_POINT('',(-0.064,0.064,0.009));
#10968=CARTESIAN_POINT('',(-0.064,0.0439,0.009));
#10969=CARTESIAN_POINT('',(-0.064,0.0357,0.009));
#10970=CARTESIAN_POINT('',(-0.064,0.028,0.));
#10971=CARTESIAN_POINT('',(-0.064,-0.0357,0.009));
#10972=CARTESIAN_POINT('',(-0.064,-0.028,0.));
#10973=CARTESIAN_POINT('',(-0.064,-0.028,0.004));
#10974=CARTESIAN_POINT('',(-0.064,-0.0439,0.009));
#10975=CARTESIAN_POINT('',(-0.064,-0.028,0.));
#10976=CARTESIAN_POINT('',(-0.064,-0.064,0.009));
#10977=CARTESIAN_POINT('',(0.064,-0.064,0.009));
#10978=CARTESIAN_POINT('',(0.064,-0.0439,0.009));
#10979=CARTESIAN_POINT('',(-0.0274,-0.014,0.009));
#10980=CARTESIAN_POINT('',(-0.0209,-0.014,0.009));
#10981=CARTESIAN_POINT('',(-0.0339,-0.014,0.009));
#10982=CARTESIAN_POINT('',(-0.0209,-0.016,0.009));
#10983=CARTESIAN_POINT('',(-0.0189,-0.016,0.009));
#10984=CARTESIAN_POINT('',(-0.0189,-0.019,0.009));
#10985=CARTESIAN_POINT('',(-0.0189,-0.022,0.009));
#10986=CARTESIAN_POINT('',(-0.0209,-0.022,0.009));
#10987=CARTESIAN_POINT('',(-0.0209,-0.024,0.009));
#10988=CARTESIAN_POINT('',(-0.0274,-0.024,0.009));
#10989=CARTESIAN_POINT('',(-0.0339,-0.024,0.009));
#10990=CARTESIAN_POINT('',(-0.0339,-0.022,0.009));
#10991=CARTESIAN_POINT('',(-0.0359,-0.022,0.009));
#10992=CARTESIAN_POINT('',(-0.0359,-0.019,0.009));
#10993=CARTESIAN_POINT('',(-0.0359,-0.016,0.009));
#10994=CARTESIAN_POINT('',(-0.0274,0.024,0.009));
#10995=CARTESIAN_POINT('',(-0.0209,0.024,0.009));
#10996=CARTESIAN_POINT('',(-0.0339,0.024,0.009));
#10997=CARTESIAN_POINT('',(-0.0209,0.022,0.009));
#10998=CARTESIAN_POINT('',(-0.0189,0.022,0.009));
#10999=CARTESIAN_POINT('',(-0.0189,0.019,0.009));
#11000=CARTESIAN_POINT('',(-0.0189,0.016,0.009));
#11001=CARTESIAN_POINT('',(-0.0209,0.016,0.009));
#11002=CARTESIAN_POINT('',(-0.0209,0.014,0.009));
#11003=CARTESIAN_POINT('',(-0.0274,0.014,0.009));
#11004=CARTESIAN_POINT('',(-0.0339,0.014,0.009));
#11005=CARTESIAN_POINT('',(-0.0339,0.016,0.009));
#11006=CARTESIAN_POINT('',(-0.0359,0.016,0.009));
#11007=CARTESIAN_POINT('',(-0.0359,0.019,0.009));
#11008=CARTESIAN_POINT('',(-0.0359,0.022,0.009));
#11009=CARTESIAN_POINT('',(0.0522,-0.024,0.009));
#11010=CARTESIAN_POINT('',(0.0457,-0.024,0.009));
#11011=CARTESIAN_POINT('',(0.0587,-0.024,0.009));
#11012=CARTESIAN_POINT('',(0.0457,-0.022,0.009));
#11013=CARTESIAN_POINT('',(0.0437,-0.022,0.009));
#11014=CARTESIAN_POINT('',(0.0437,-0.019,0.009));
#11015=CARTESIAN_POINT('',(0.0437,-0.016,0.009));
#11016=CARTESIAN_POINT('',(0.0457,-0.016,0.009));
#11017=CARTESIAN_POINT('',(0.0457,-0.014,0.009));
#11018=CARTESIAN_POINT('',(0.0522,-0.014,0.009));
#11019=CARTESIAN_POINT('',(0.0587,-0.014,0.009));
#11020=CARTESIAN_POINT('',(0.0209,0.016,0.009));
#11021=CARTESIAN_POINT('',(0.0189,0.016,0.009));
#11022=CARTESIAN_POINT('',(0.0209,0.014,0.009));
#11023=CARTESIAN_POINT('',(0.0189,0.019,0.009));
#11024=CARTESIAN_POINT('',(0.0189,0.022,0.009));
#11025=CARTESIAN_POINT('',(0.0209,0.022,0.009));
#11026=CARTESIAN_POINT('',(0.0209,0.024,0.009));
#11027=CARTESIAN_POINT('',(0.0274,0.024,0.009));
#11028=CARTESIAN_POINT('',(0.0339,0.024,0.009));
#11029=CARTESIAN_POINT('',(0.0339,0.022,0.009));
#11030=CARTESIAN_POINT('',(0.0359,0.022,0.009));
#11031=CARTESIAN_POINT('',(0.0359,0.019,0.009));
#11032=CARTESIAN_POINT('',(0.0359,0.016,0.009));
#11033=CARTESIAN_POINT('',(0.0339,0.016,0.009));
#11034=CARTESIAN_POINT('',(0.0339,0.014,0.009));
#11035=CARTESIAN_POINT('',(0.0189,-0.019,0.009));
#11036=CARTESIAN_POINT('',(-0.0522,0.024,0.009));
#11037=CARTESIAN_POINT('',(-0.0587,0.024,0.009));
#11038=CARTESIAN_POINT('',(-0.0522,-0.024,0.009));
#11039=CARTESIAN_POINT('',(-0.0587,-0.024,0.009));
#11040=CARTESIAN_POINT('',(0.037,-0.006,0.009));
#11041=CARTESIAN_POINT('',(0.049,-0.006,0.009));
#11042=CARTESIAN_POINT('',(0.009,-0.03,0.009));
#11043=CARTESIAN_POINT('',(0.039,-0.036,0.009));
#11044=CARTESIAN_POINT('',(0.039,-0.024,0.009));
#11045=CARTESIAN_POINT('',(0.061,-0.036,0.009));
#11046=CARTESIAN_POINT('',(0.003,-0.036,0.009));
#11047=CARTESIAN_POINT('',(0.045,-0.03,0.009));
#11048=CARTESIAN_POINT('',(0.055,-0.03,0.009));
#11049=CARTESIAN_POINT('',(0.039,-0.03,0.009));
#11050=CARTESIAN_POINT('',(0.015,-0.03,0.009));
#11051=CARTESIAN_POINT('',(0.027,-0.036,0.009));
#11052=CARTESIAN_POINT('',(0.033,-0.03,0.009));
#11053=CARTESIAN_POINT('',(0.015,-0.036,0.009));
#11054=CARTESIAN_POINT('',(0.04915076,-0.03359441,0.009));
#11055=CARTESIAN_POINT('',(0.049,-0.042,0.009));
#11056=CARTESIAN_POINT('',(0.039,-0.048,0.009));
#11057=CARTESIAN_POINT('',(0.015,-0.048,0.009));
#11058=CARTESIAN_POINT('',(0.008,-0.046,0.009));
#11059=CARTESIAN_POINT('',(0.028,-0.058,0.009));
#11060=CARTESIAN_POINT('',(0.028,-0.046,0.009));
#11061=CARTESIAN_POINT('',(0.004,-0.058,0.009));
#11062=CARTESIAN_POINT('',(0.021,-0.042,0.009));
#11063=CARTESIAN_POINT('',(0.03359441,-0.04915076,0.009));
#11064=CARTESIAN_POINT('',(0.039,-0.054,0.009));
#11065=CARTESIAN_POINT('',(-0.045,-0.03,0.009));
#11066=CARTESIAN_POINT('',(-0.021,-0.036,0.009));
#11067=CARTESIAN_POINT('',(-0.027,0.036,0.009));
#11068=CARTESIAN_POINT('',(-0.033,-0.036,0.009));
#11069=CARTESIAN_POINT('',(-0.061,-0.036,0.009));
#11070=CARTESIAN_POINT('',(-0.039,-0.018,0.009));
#11071=CARTESIAN_POINT('',(-0.015,0.036,0.009));
#11072=CARTESIAN_POINT('',(-0.04915076,0.03359441,0.009));
#11073=CARTESIAN_POINT('',(-0.039,0.018,0.009));
#11074=CARTESIAN_POINT('',(-0.015,-0.036,0.009));
#11075=CARTESIAN_POINT('',(-0.039,-0.036,0.009));
#11076=CARTESIAN_POINT('',(-0.015,0.042,0.009));
#11077=CARTESIAN_POINT('',(-0.039,0.024,0.009));
#11078=CARTESIAN_POINT('',(-0.04915076,-0.03359441,0.009));
#11079=CARTESIAN_POINT('',(-0.003,0.036,0.009));
#11080=CARTESIAN_POINT('',(-0.061,0.036,0.009));
#11081=CARTESIAN_POINT('',(-0.021,0.042,0.009));
#11082=CARTESIAN_POINT('',(-0.003,-0.036,0.009));
#11083=CARTESIAN_POINT('',(-0.055,-0.042,0.009));
#11084=CARTESIAN_POINT('',(-0.009,0.036,0.009));
#11085=CARTESIAN_POINT('',(-0.009,-0.03,0.009));
#11086=CARTESIAN_POINT('',(-0.033,-0.03,0.009));
#11087=CARTESIAN_POINT('',(-0.021,-0.03,0.009));
#11088=CARTESIAN_POINT('',(-0.009,0.03,0.009));
#11089=CARTESIAN_POINT('',(-0.055,0.036,0.009));
#11090=CARTESIAN_POINT('',(-0.008,-0.058,0.009));
#11091=CARTESIAN_POINT('',(-0.008,-0.046,0.009));
#11092=CARTESIAN_POINT('',(-0.004,-0.058,0.009));
#11093=CARTESIAN_POINT('',(-0.032,-0.058,0.009));
#11094=CARTESIAN_POINT('',(-0.03359441,-0.04915076,0.009));
#11095=CARTESIAN_POINT('',(-0.004,-0.046,0.009));
#11096=CARTESIAN_POINT('',(-0.028,-0.046,0.009));
#11097=CARTESIAN_POINT('',(-0.032,-0.046,0.009));
#11098=CARTESIAN_POINT('',(-0.028,-0.058,0.009));
#11099=CARTESIAN_POINT('',(-0.015,-0.054,0.009));
#11100=CARTESIAN_POINT('',(-0.039,-0.054,0.009));
#11101=CARTESIAN_POINT('',(-0.045,-0.048,0.009));
#11102=CARTESIAN_POINT('',(-0.015,-0.048,0.009));
#11103=CARTESIAN_POINT('',(-0.039,-0.06,0.009));
#11104=CARTESIAN_POINT('',(-0.039,-0.048,0.009));
#11105=CARTESIAN_POINT('',(-0.021,-0.048,0.009));
#11106=CARTESIAN_POINT('',(-0.021,-0.054,0.009));
#11107=CARTESIAN_POINT('',(-0.032,0.058,0.009));
#11108=CARTESIAN_POINT('',(-0.028,0.058,0.009));
#11109=CARTESIAN_POINT('',(-0.008,0.046,0.009));
#11110=CARTESIAN_POINT('',(-0.008,0.058,0.009));
#11111=CARTESIAN_POINT('',(-0.045,0.048,0.009));
#11112=CARTESIAN_POINT('',(-0.015,0.054,0.009));
#11113=CARTESIAN_POINT('',(-0.039,0.054,0.009));
#11114=CARTESIAN_POINT('',(-0.015,0.048,0.009));
#11115=CARTESIAN_POINT('',(-0.039,0.048,0.009));
#11116=CARTESIAN_POINT('',(-0.021,0.048,0.009));
#11117=CARTESIAN_POINT('',(-0.021,0.054,0.009));
#11118=CARTESIAN_POINT('',(-0.004,0.046,0.009));
#11119=CARTESIAN_POINT('',(-0.03359441,0.04915076,0.009));
#11120=CARTESIAN_POINT('',(-0.028,0.046,0.009));
#11121=CARTESIAN_POINT('',(-0.004,0.058,0.009));
#11122=CARTESIAN_POINT('',(-0.032,0.046,0.009));
#11123=CARTESIAN_POINT('',(-0.021,0.03,0.009));
#11124=CARTESIAN_POINT('',(-0.027,0.03,0.009));
#11125=CARTESIAN_POINT('',(-0.055,0.042,0.009));
#11126=CARTESIAN_POINT('',(-0.027,-0.03,0.009));
#11127=CARTESIAN_POINT('',(-0.009,-0.036,0.009));
#11128=CARTESIAN_POINT('',(-0.055,-0.03,0.009));
#11129=CARTESIAN_POINT('',(-0.033,0.03,0.009));
#11130=CARTESIAN_POINT('',(-0.055,0.03,0.009));
#11131=CARTESIAN_POINT('',(-0.049,0.042,0.009));
#11132=CARTESIAN_POINT('',(-0.055,-0.036,0.009));
#11133=CARTESIAN_POINT('',(-0.049,-0.042,0.009));
#11134=CARTESIAN_POINT('',(-0.021,-0.042,0.009));
#11135=CARTESIAN_POINT('',(-0.039,-0.03,0.009));
#11136=CARTESIAN_POINT('',(-0.039,0.036,0.009));
#11137=CARTESIAN_POINT('',(-0.039,0.03,0.009));
#11138=CARTESIAN_POINT('',(-0.045,0.03,0.009));
#11139=CARTESIAN_POINT('',(-0.033,0.036,0.009));
#11140=CARTESIAN_POINT('',(-0.039,-0.024,0.009));
#11141=CARTESIAN_POINT('',(-0.021,0.036,0.009));
#11142=CARTESIAN_POINT('',(-0.027,-0.036,0.009));
#11143=CARTESIAN_POINT('',(-0.015,-0.042,0.009));
#11144=CARTESIAN_POINT('',(-0.015,-0.03,0.009));
#11145=CARTESIAN_POINT('',(-0.015,0.03,0.009));
#11146=CARTESIAN_POINT('',(0.039,-0.06,0.009));
#11147=CARTESIAN_POINT('',(0.015,-0.042,0.009));
#11148=CARTESIAN_POINT('',(0.004,-0.046,0.009));
#11149=CARTESIAN_POINT('',(0.015,-0.054,0.009));
#11150=CARTESIAN_POINT('',(0.032,-0.046,0.009));
#11151=CARTESIAN_POINT('',(0.021,-0.048,0.009));
#11152=CARTESIAN_POINT('',(0.008,-0.058,0.009));
#11153=CARTESIAN_POINT('',(0.032,-0.058,0.009));
#11154=CARTESIAN_POINT('',(0.021,-0.054,0.009));
#11155=CARTESIAN_POINT('',(0.045,-0.048,0.009));
#11156=CARTESIAN_POINT('',(0.055,-0.042,0.009));
#11157=CARTESIAN_POINT('',(0.021,-0.03,0.009));
#11158=CARTESIAN_POINT('',(0.009,-0.036,0.009));
#11159=CARTESIAN_POINT('',(0.055,-0.036,0.009));
#11160=CARTESIAN_POINT('',(0.048,-0.011,0.009));
#11161=CARTESIAN_POINT('',(0.034,-0.011,0.009));
#11162=CARTESIAN_POINT('',(0.033,-0.036,0.009));
#11163=CARTESIAN_POINT('',(0.039,-0.018,0.009));
#11164=CARTESIAN_POINT('',(0.027,-0.03,0.009));
#11165=CARTESIAN_POINT('',(0.021,-0.036,0.009));
#11166=CARTESIAN_POINT('',(0.056,-0.011,0.009));
#11167=CARTESIAN_POINT('',(0.055,-0.006,0.009));
#11168=CARTESIAN_POINT('',(0.043,-0.006,0.009));
#11169=CARTESIAN_POINT('',(0.03359441,0.04915076,0.009));
#11170=CARTESIAN_POINT('',(0.004,0.058,0.009));
#11171=CARTESIAN_POINT('',(0.008,0.058,0.009));
#11172=CARTESIAN_POINT('',(0.032,0.058,0.009));
#11173=CARTESIAN_POINT('',(0.028,0.058,0.009));
#11174=CARTESIAN_POINT('',(0.004,0.046,0.009));
#11175=CARTESIAN_POINT('',(0.008,0.046,0.009));
#11176=CARTESIAN_POINT('',(0.032,0.046,0.009));
#11177=CARTESIAN_POINT('',(0.028,0.046,0.009));
#11178=CARTESIAN_POINT('',(0.039,0.06,0.009));
#11179=CARTESIAN_POINT('',(0.039,0.054,0.009));
#11180=CARTESIAN_POINT('',(0.045,0.048,0.009));
#11181=CARTESIAN_POINT('',(0.039,0.048,0.009));
#11182=CARTESIAN_POINT('',(0.015,0.054,0.009));
#11183=CARTESIAN_POINT('',(0.021,0.054,0.009));
#11184=CARTESIAN_POINT('',(0.015,0.048,0.009));
#11185=CARTESIAN_POINT('',(0.021,0.048,0.009));
#11186=CARTESIAN_POINT('',(0.055,0.042,0.009));
#11187=CARTESIAN_POINT('',(0.049,0.042,0.009));
#11188=CARTESIAN_POINT('',(0.021,0.042,0.009));
#11189=CARTESIAN_POINT('',(0.015,0.042,0.009));
#11190=CARTESIAN_POINT('',(0.04915076,0.03359441,0.009));
#11191=CARTESIAN_POINT('',(0.055,0.036,0.009));
#11192=CARTESIAN_POINT('',(0.061,0.036,0.009));
#11193=CARTESIAN_POINT('',(0.033,0.036,0.009));
#11194=CARTESIAN_POINT('',(0.027,0.036,0.009));
#11195=CARTESIAN_POINT('',(0.021,0.036,0.009));
#11196=CARTESIAN_POINT('',(0.003,0.036,0.009));
#11197=CARTESIAN_POINT('',(0.055,0.03,0.009));
#11198=CARTESIAN_POINT('',(0.045,0.03,0.009));
#11199=CARTESIAN_POINT('',(0.033,0.03,0.009));
#11200=CARTESIAN_POINT('',(0.027,0.03,0.009));
#11201=CARTESIAN_POINT('',(0.021,0.03,0.009));
#11202=CARTESIAN_POINT('',(0.039,0.036,0.009));
#11203=CARTESIAN_POINT('',(0.015,0.036,0.009));
#11204=CARTESIAN_POINT('',(0.009,0.036,0.009));
#11205=CARTESIAN_POINT('',(0.039,0.03,0.009));
#11206=CARTESIAN_POINT('',(0.015,0.03,0.009));
#11207=CARTESIAN_POINT('',(0.009,0.03,0.009));
#11208=CARTESIAN_POINT('',(0.039,0.024,0.009));
#11209=CARTESIAN_POINT('',(0.039,0.018,0.009));
#11210=CARTESIAN_POINT('',(0.056,0.011,0.009));
#11211=CARTESIAN_POINT('',(0.048,0.011,0.009));
#11212=CARTESIAN_POINT('',(0.034,0.011,0.009));
#11213=CARTESIAN_POINT('',(0.055,0.006,0.009));
#11214=CARTESIAN_POINT('',(0.049,0.006,0.009));
#11215=CARTESIAN_POINT('',(0.043,0.006,0.009));
#11216=CARTESIAN_POINT('',(0.037,0.006,0.009));
#11217=CARTESIAN_POINT('',(0.061,4.02342459703523E-19,0.009));
#11218=CARTESIAN_POINT('',(0.055,3.81133075803952E-19,0.009));
#11219=CARTESIAN_POINT('',(0.046,4.00023709130867E-19,0.009));
#11220=CARTESIAN_POINT('',(0.037,7.45842453077269E-20,0.009));
#11221=CARTESIAN_POINT('',(0.064,-0.0357,0.009));
#11222=CARTESIAN_POINT('',(0.064,-0.028,0.));
#11223=CARTESIAN_POINT('',(-0.0339,-0.016,0.009));
#11224=CARTESIAN_POINT('',(-0.0339,0.022,0.009));
#11225=CARTESIAN_POINT('',(0.0274,0.014,0.009));
#11226=CARTESIAN_POINT('',(0.0522,0.024,0.009));
#11227=CARTESIAN_POINT('',(0.0587,0.024,0.009));
#11228=CARTESIAN_POINT('',(0.0151554445662277,-0.00875,-0.016));
#11229=CARTESIAN_POINT('',(-0.0151554445662277,-0.00875,-0.016));
#11230=CARTESIAN_POINT('',(0.,7.04171909509728E-19,-0.016));
#11231=CARTESIAN_POINT('',(0.,0.0175,-0.016));
#11232=CARTESIAN_POINT('',(-0.045,0.,0.));
#11233=CARTESIAN_POINT('',(-0.045,-0.01,-0.016));
#11234=CARTESIAN_POINT('',(-0.045,0.01,-0.016));
#11235=CARTESIAN_POINT('',(-0.066,0.01,0.));
#11236=CARTESIAN_POINT('',(-0.087,0.01,0.));
#11237=CARTESIAN_POINT('',(-0.087,0.01,0.01));
#11238=CARTESIAN_POINT('',(-0.0705,0.01,0.01));
#11239=CARTESIAN_POINT('',(-0.066,-0.01,0.));
#11240=CARTESIAN_POINT('',(-0.0705,-0.01,0.01));
#11241=CARTESIAN_POINT('',(-0.087,-0.01,0.01));
#11242=CARTESIAN_POINT('',(-0.087,-0.01,0.));
#11243=CARTESIAN_POINT('',(-0.087,0.,0.));
#11244=CARTESIAN_POINT('',(-0.087,1.7347234759768E-18,0.01));
#11245=CARTESIAN_POINT('',(-0.0907897579523054,0.00502077997117346,-0.016));
#11246=CARTESIAN_POINT('',(-0.0907897579523054,0.00502077997117346,0.01));
#11247=CARTESIAN_POINT('',(-0.0907897579523054,0.00242077997117346,0.01));
#11248=CARTESIAN_POINT('',(-0.04125,-0.005,-0.016));
#11249=CARTESIAN_POINT('',(-0.04125,0.005,-0.016));
#11250=CARTESIAN_POINT('',(-0.09075,-0.005,-0.016));
#11251=CARTESIAN_POINT('',(-0.09075,-0.005,0.01));
#11252=CARTESIAN_POINT('',(-0.0895655809651428,-0.00731455212727383,0.01));
#11253=CARTESIAN_POINT('',(-0.0919741769871627,-0.00270622784389961,0.01));
#11254=CARTESIAN_POINT('',(-0.0895655809651428,-0.00731455212727383,0.014));
#11255=CARTESIAN_POINT('',(-0.0919741769871627,-0.00270622784389961,0.014));
#11256=CARTESIAN_POINT('',(-0.037,-0.007,0.014));
#11257=CARTESIAN_POINT('',(-0.0905,0.0104764040188148,0.014));
#11258=CARTESIAN_POINT('',(-0.0921816819849908,0.015185113576789,0.014));
#11259=CARTESIAN_POINT('',(-0.0905,-0.0104764040188149,0.014));
#11260=CARTESIAN_POINT('',(-0.0921816819849908,-0.0151851135767891,0.014));
#11261=CARTESIAN_POINT('',(-0.0907897579523054,-0.00502077997117346,0.014));
#11262=CARTESIAN_POINT('',(-0.0907897579523054,-0.00502077997117346,0.01));
#11263=CARTESIAN_POINT('',(-0.0798408409924954,0.0145925567883945,0.009));
#11264=CARTESIAN_POINT('',(-0.0798408409924954,-0.0145925567883945,0.009));
#11265=CARTESIAN_POINT('',(-0.0705,1.7347234759768E-18,0.01));
#11266=CARTESIAN_POINT('',(0.024,-0.064,0.));
#11267=CARTESIAN_POINT('',(0.024,-0.064,0.004));
#11268=CARTESIAN_POINT('',(-0.012,-0.064,0.));
#11269=CARTESIAN_POINT('',(-0.012,-0.064,0.004));
#11270=CARTESIAN_POINT('',(-0.064,-0.024,0.));
#11271=CARTESIAN_POINT('',(-0.064,-0.024,0.004));
#11272=CARTESIAN_POINT('',(-0.024,0.064,0.));
#11273=CARTESIAN_POINT('',(-0.024,0.064,0.004));
#11274=CARTESIAN_POINT('',(0.012,0.064,0.));
#11275=CARTESIAN_POINT('',(0.012,0.064,0.004));
#11276=CARTESIAN_POINT('',(0.064,0.024,0.));
#11277=CARTESIAN_POINT('',(0.064,0.024,0.004));
#11278=CARTESIAN_POINT('',(0.064,-0.012,0.));
#11279=CARTESIAN_POINT('',(0.064,-0.012,0.004));
#11280=CARTESIAN_POINT('',(0.0587,-0.019,0.009));
#11281=CARTESIAN_POINT('',(-0.0587,-0.019,0.009));
#11282=CARTESIAN_POINT('',(-0.0587,0.019,0.009));
#11283=CARTESIAN_POINT('',(0.0587,0.019,0.009));
#11284=CARTESIAN_POINT('',(-0.01375,0.,0.005));
#11285=CARTESIAN_POINT('',(-0.064,0.024,0.005));
#11286=CARTESIAN_POINT('',(-0.064,0.024,0.005));
#11287=CARTESIAN_POINT('',(-0.01375,0.,0.005));
#11288=CARTESIAN_POINT('',(0.064,-0.024,0.005));
#11289=CARTESIAN_POINT('',(0.064,-0.024,0.005));
#11290=CARTESIAN_POINT('',(-0.01375,0.,0.005));
#11291=CARTESIAN_POINT('',(-0.024,-0.064,0.005));
#11292=CARTESIAN_POINT('',(-0.024,-0.064,0.005));
#11293=CARTESIAN_POINT('',(-0.01375,0.,0.005));
#11294=CARTESIAN_POINT('',(0.012,-0.064,0.005));
#11295=CARTESIAN_POINT('',(0.012,-0.064,0.005));
#11296=CARTESIAN_POINT('',(-0.01375,0.,0.005));
#11297=CARTESIAN_POINT('',(0.064,0.012,0.005));
#11298=CARTESIAN_POINT('',(0.064,0.012,0.005));
#11299=CARTESIAN_POINT('',(-0.01375,0.,0.005));
#11300=CARTESIAN_POINT('',(0.024,0.064,0.005));
#11301=CARTESIAN_POINT('',(0.024,0.064,0.005));
#11302=CARTESIAN_POINT('',(-0.01375,0.,0.005));
#11303=CARTESIAN_POINT('',(-0.012,0.064,0.005));
#11304=CARTESIAN_POINT('',(-0.012,0.064,0.005));
#11305=CARTESIAN_POINT('',(-0.064,-0.024,0.004));
#11306=CARTESIAN_POINT('',(-0.064,-0.024,0.004));
#11307=CARTESIAN_POINT('',(-0.0120908409924954,0.,0.004));
#11308=CARTESIAN_POINT('',(-0.012,-0.064,0.004));
#11309=CARTESIAN_POINT('',(-0.012,-0.064,0.004));
#11310=CARTESIAN_POINT('',(-0.0120908409924954,0.,0.004));
#11311=CARTESIAN_POINT('',(0.024,-0.064,0.004));
#11312=CARTESIAN_POINT('',(0.024,-0.064,0.004));
#11313=CARTESIAN_POINT('',(-0.0120908409924954,0.,0.004));
#11314=CARTESIAN_POINT('',(0.064,-0.012,0.004));
#11315=CARTESIAN_POINT('',(0.064,-0.012,0.004));
#11316=CARTESIAN_POINT('',(-0.0120908409924954,0.,0.004));
#11317=CARTESIAN_POINT('',(0.012,0.064,0.004));
#11318=CARTESIAN_POINT('',(0.012,0.064,0.004));
#11319=CARTESIAN_POINT('',(-0.0120908409924954,0.,0.004));
#11320=CARTESIAN_POINT('',(-0.024,0.064,0.004));
#11321=CARTESIAN_POINT('',(-0.024,0.064,0.004));
#11322=CARTESIAN_POINT('',(-0.0120908409924954,0.,0.004));
#11323=CARTESIAN_POINT('',(0.064,0.024,0.004));
#11324=CARTESIAN_POINT('',(0.064,0.024,0.004));
#11325=CARTESIAN_POINT('',(-0.0120908409924954,0.,0.004));
#11326=MECHANICAL_DESIGN_GEOMETRIC_PRESENTATION_REPRESENTATION('',(#6681),
#11327);
#11327=(
GEOMETRIC_REPRESENTATION_CONTEXT(3)
GLOBAL_UNCERTAINTY_ASSIGNED_CONTEXT((#11328))
GLOBAL_UNIT_ASSIGNED_CONTEXT((#11331,#11330,#11329))
REPRESENTATION_CONTEXT('Part 1','TOP_LEVEL_ASSEMBLY_PART')
);
#11328=UNCERTAINTY_MEASURE_WITH_UNIT(LENGTH_MEASURE(1.E-8),#11331,
'DISTANCE_ACCURACY_VALUE','Maximum Tolerance applied to model');
#11329=(
NAMED_UNIT(*)
SI_UNIT($,.STERADIAN.)
SOLID_ANGLE_UNIT()
);
#11330=(
NAMED_UNIT(*)
PLANE_ANGLE_UNIT()
SI_UNIT($,.RADIAN.)
);
#11331=(
LENGTH_UNIT()
NAMED_UNIT(*)
SI_UNIT($,.METRE.)
);
#11332=PRODUCT_DEFINITION_SHAPE('','',#11333);
#11333=PRODUCT_DEFINITION('','',#11335,#11334);
#11334=PRODUCT_DEFINITION_CONTEXT('',#11341,'design');
#11335=PRODUCT_DEFINITION_FORMATION_WITH_SPECIFIED_SOURCE('','',#11337,
 .NOT_KNOWN.);
#11336=PRODUCT_RELATED_PRODUCT_CATEGORY('','',(#11337));
#11337=PRODUCT('Part 1','Part 1','Part 1',(#11339));
#11338=PRODUCT_CATEGORY('','');
#11339=PRODUCT_CONTEXT('',#11341,'mechanical');
#11340=APPLICATION_PROTOCOL_DEFINITION('international standard',
'ap242_managed_model_based_3d_engineering',2011,#11341);
#11341=APPLICATION_CONTEXT('managed model based 3d engineering');
ENDSEC;
END-ISO-10303-21;
